{
    "Comment": "None",
    "Name": "D:\\Users\\jp.botero\\Documents\\Bienestar & Tecnolog\u00eda\\HRV-Bienestar-Tecnologia\\HRV_Reports\\AlexanderRodriguez_01_12_2021\\HRV_sound.json",
    "ar_abs": [
        2069.004755935533,
        4087.243181353819,
        7259.024997308465
    ],
    "ar_bands": {
        "hf": [
            0.15,
            0.4
        ],
        "lf": [
            0.04,
            0.15
        ],
        "ulf": null,
        "vlf": [
            0.0,
            0.04
        ]
    },
    "ar_interpolation": "cubic",
    "ar_log": [
        7.634822976406764,
        8.315625982981777,
        8.890000800908677
    ],
    "ar_nfft": 4096.0,
    "ar_norm": [
        36.022797249233555,
        63.97720275076645
    ],
    "ar_order": 16.0,
    "ar_peak": [
        0.0,
        0.0400390625,
        0.150390625
    ],
    "ar_ratio": 0.5630567717936371,
    "ar_rel": [
        15.42275558628104,
        30.467089274142694,
        54.110155139576264
    ],
    "ar_resampling_frequency": 4.0,
    "ar_total": 13415.272934597817,
    "dfa_alpha1": 1.5874082849661768,
    "dfa_alpha1_beats": [
        4,
        5,
        6,
        7,
        8,
        9,
        10,
        11,
        12,
        13,
        14,
        15,
        16
    ],
    "dfa_alpha2": 0.8246359895437763,
    "dfa_alpha2_beats": [
        17,
        18,
        19,
        20,
        21,
        22,
        23,
        24,
        25,
        26,
        27,
        28,
        29,
        30,
        31,
        32,
        33,
        34,
        35,
        36,
        37,
        38,
        39,
        40,
        41,
        42,
        43,
        44,
        45,
        46,
        47,
        48,
        49,
        50,
        51,
        52,
        53,
        54,
        55,
        56,
        57,
        58,
        59,
        60,
        61,
        62,
        63,
        64
    ],
    "ellipse_area": 358.45480183813277,
    "fft_abs": [
        5.598622991088568,
        34.74897545700475,
        52.79719907083461
    ],
    "fft_bands": {
        "hf": [
            0.15,
            0.4
        ],
        "lf": [
            0.04,
            0.15
        ],
        "ulf": null,
        "vlf": [
            0.0,
            0.04
        ]
    },
    "fft_interpolation": "cubic",
    "fft_log": [
        1.7225206730556368,
        3.5481500883244994,
        3.9664581414042663
    ],
    "fft_nfft": 4096.0,
    "fft_norm": [
        39.69216889763093,
        60.30783110236907
    ],
    "fft_peak": [
        0.0390625,
        0.0546875,
        0.3994140625
    ],
    "fft_ratio": 0.6581594491477527,
    "fft_rel": [
        6.010666339095185,
        37.30640506244422,
        56.68292859846059
    ],
    "fft_resampling_frequency": 4.0,
    "fft_total": 93.14479751892793,
    "fft_window": "hamming",
    "hr_max": 759.493670886076,
    "hr_mean": 599.5203437401491,
    "hr_min": 338.9830508474576,
    "hr_std": 76.61133572370086,
    "lomb_abs": [
        231.40832675643676,
        722.353332411239,
        1400.8436306935093
    ],
    "lomb_bands": {
        "hf": [
            0.15,
            0.4
        ],
        "lf": [
            0.04,
            0.15
        ],
        "ulf": null,
        "vlf": [
            0.0,
            0.04
        ]
    },
    "lomb_log": [
        5.4441837983664225,
        6.582514399256421,
        7.244829927469387
    ],
    "lomb_ma": "n/a",
    "lomb_nfft": 256.0,
    "lomb_norm": [
        34.02196522337441,
        65.9780347766256
    ],
    "lomb_peak": [
        0.036980392156862746,
        0.12219607843137255,
        0.3312156862745098
    ],
    "lomb_ratio": 0.5156559351693142,
    "lomb_rel": [
        9.827903120445267,
        30.678319441549583,
        59.49377743800515
    ],
    "lomb_total": 2354.605289861185,
    "nn20": 3.0,
    "nn50": 2.0,
    "nni_counter": 308.0,
    "nni_diff_max": 83.0,
    "nni_diff_mean": 4.752442996742671,
    "nni_diff_min": 0.0,
    "nni_max": 177.0,
    "nni_mean": 101.80194805194805,
    "nni_min": 79.0,
    "pnn20": 0.9771986970684038,
    "pnn50": 0.6514657980456027,
    "rmssd": 8.765679297720663,
    "sampen": 0.8676402227569716,
    "sd1": 6.198270845175146,
    "sd2": 18.408312580265303,
    "sd_ratio": 2.9699109703466235,
    "sdann": "n/a",
    "sdnn": 13.74108165986071,
    "sdnn_index": "n/a",
    "sdsd": 7.377581672372345,
    "tinn": 62.5,
    "tinn_m": 132.8125,
    "tinn_n": 70.3125,
    "tri_index": 4.219178082191781
}