{
    "Comment": "None",
    "Name": "C:\\Users\\Juan Pablo Botero T\\OneDrive - Universidad de los Andes\\Documentos\\JPB\\Personal\\Bienestar y Tecnolog\u00eda\\Codigo\\HRV-Bienestar-Tecnologia\\HRV_Reports\\AlexanderRodriguez_01_12_2021\\HRV_final.json",
    "ar_abs": [
        2533.1192856524804,
        5262.906866024074,
        9960.488549325584
    ],
    "ar_bands": {
        "hf": [
            0.15,
            0.4
        ],
        "lf": [
            0.04,
            0.15
        ],
        "ulf": null,
        "vlf": [
            0.0,
            0.04
        ]
    },
    "ar_interpolation": "cubic",
    "ar_log": [
        7.83720674153102,
        8.568438789210898,
        9.206381400512782
    ],
    "ar_nfft": 4096.0,
    "ar_norm": [
        34.571176287765056,
        65.42882371223494
    ],
    "ar_order": 16.0,
    "ar_peak": [
        0.0,
        0.0400390625,
        0.150390625
    ],
    "ar_ratio": 0.5283783862570095,
    "ar_rel": [
        14.265858634462294,
        29.639301150281742,
        56.09484021525596
    ],
    "ar_resampling_frequency": 4.0,
    "ar_total": 17756.51470100214,
    "dfa_alpha1": 1.2462660036111253,
    "dfa_alpha1_beats": [
        4,
        5,
        6,
        7,
        8,
        9,
        10,
        11,
        12,
        13,
        14,
        15,
        16
    ],
    "dfa_alpha2": 0.8249678141638761,
    "dfa_alpha2_beats": [
        17,
        18,
        19,
        20,
        21,
        22,
        23,
        24,
        25,
        26,
        27,
        28,
        29,
        30,
        31,
        32,
        33,
        34,
        35,
        36,
        37,
        38,
        39,
        40,
        41,
        42,
        43,
        44,
        45,
        46,
        47,
        48,
        49,
        50,
        51,
        52,
        53,
        54,
        55,
        56,
        57,
        58,
        59,
        60,
        61,
        62,
        63,
        64
    ],
    "ellipse_area": 17833.23971426433,
    "fft_abs": [
        2936.7425105530806,
        3965.5947502315958,
        1265.9529609278193
    ],
    "fft_bands": {
        "hf": [
            0.15,
            0.4
        ],
        "lf": [
            0.04,
            0.15
        ],
        "ulf": null,
        "vlf": [
            0.0,
            0.04
        ]
    },
    "fft_interpolation": "cubic",
    "fft_log": [
        7.985056256450664,
        8.285411122878475,
        7.1435804463486035
    ],
    "fft_nfft": 4096.0,
    "fft_norm": [
        75.80155948444444,
        24.198440515555554
    ],
    "fft_peak": [
        0.0146484375,
        0.0634765625,
        0.150390625
    ],
    "fft_ratio": 3.1324977093344795,
    "fft_rel": [
        35.95296482912415,
        48.54865146307451,
        15.498383707801338
    ],
    "fft_resampling_frequency": 4.0,
    "fft_total": 8168.290221712496,
    "fft_window": "hamming",
    "hr_max": 86.70520231213872,
    "hr_mean": 67.71140750164774,
    "hr_min": 51.679586563307495,
    "hr_std": 7.232983085471718,
    "lomb_abs": [
        358.06141650173623,
        707.5655051881807,
        2140.401359586683
    ],
    "lomb_bands": {
        "hf": [
            0.15,
            0.4
        ],
        "lf": [
            0.04,
            0.15
        ],
        "ulf": null,
        "vlf": [
            0.0,
            0.04
        ]
    },
    "lomb_log": [
        5.880704526161038,
        6.561830212069914,
        7.668748641639098
    ],
    "lomb_ma": "n/a",
    "lomb_nfft": 256.0,
    "lomb_norm": [
        24.844583479524253,
        75.15541652047574
    ],
    "lomb_peak": [
        0.00803921568627451,
        0.14792156862745098,
        0.36498039215686273
    ],
    "lomb_ratio": 0.33057608659191534,
    "lomb_rel": [
        11.168379848451016,
        22.06984602476548,
        66.76177412678351
    ],
    "lomb_total": 3206.0282812766,
    "nn20": 214.0,
    "nn50": 114.0,
    "nni_counter": 270.0,
    "nni_diff_max": 192.0,
    "nni_diff_mean": 51.56877323420074,
    "nni_diff_min": 0.0,
    "nni_max": 1161.0,
    "nni_mean": 896.0370370370371,
    "nni_min": 692.0,
    "pnn20": 79.5539033457249,
    "pnn50": 42.37918215613383,
    "rmssd": 64.55239075678264,
    "sampen": 1.672999393923845,
    "sd1": 45.64381981081901,
    "sd2": 124.36506250491833,
    "sd_ratio": 2.7246856862632676,
    "sdann": "n/a",
    "sdnn": 93.924861799476,
    "sdnn_index": "n/a",
    "sdsd": 38.901136541696296,
    "tinn": 203.125,
    "tinn_m": 992.1875,
    "tinn_n": 789.0625,
    "tri_index": 13.5
}