{
    "Comment": "None",
    "Name": "D:\\Users\\jp.botero\\Documents\\Bienestar & Tecnolog\u00eda\\HRV-Bienestar-Tecnologia\\HRV_Reports\\AlexanderRodriguez_01_12_2021\\HRV_baseline.json",
    "ar_abs": [
        2098.12674655583,
        4202.429426543782,
        7163.144907643336
    ],
    "ar_bands": {
        "hf": [
            0.15,
            0.4
        ],
        "lf": [
            0.04,
            0.15
        ],
        "ulf": null,
        "vlf": [
            0.0,
            0.04
        ]
    },
    "ar_interpolation": "cubic",
    "ar_log": [
        7.648800200170452,
        8.34341807193386,
        8.876704396431235
    ],
    "ar_nfft": 4096.0,
    "ar_norm": [
        36.97507317252829,
        63.02492682747171
    ],
    "ar_order": 16.0,
    "ar_peak": [
        0.0,
        0.0400390625,
        0.150390625
    ],
    "ar_ratio": 0.5866737977141349,
    "ar_rel": [
        15.583580874034467,
        31.213032741453922,
        53.20338638451161
    ],
    "ar_resampling_frequency": 4.0,
    "ar_total": 13463.701080742949,
    "dfa_alpha1": 1.435881838809922,
    "dfa_alpha1_beats": [
        4,
        5,
        6,
        7,
        8,
        9,
        10,
        11,
        12,
        13,
        14,
        15,
        16
    ],
    "dfa_alpha2": 0.5500142221449483,
    "dfa_alpha2_beats": [
        17,
        18,
        19,
        20,
        21,
        22,
        23,
        24,
        25,
        26,
        27,
        28,
        29,
        30,
        31,
        32,
        33,
        34,
        35,
        36,
        37,
        38,
        39,
        40,
        41,
        42,
        43,
        44,
        45,
        46,
        47,
        48,
        49,
        50,
        51,
        52,
        53,
        54,
        55,
        56,
        57,
        58,
        59,
        60,
        61,
        62,
        63,
        64
    ],
    "ellipse_area": 189.50506404537433,
    "fft_abs": [
        13.890607616947907,
        13.39405893869384,
        20.6085067953495
    ],
    "fft_bands": {
        "hf": [
            0.15,
            0.4
        ],
        "lf": [
            0.04,
            0.15
        ],
        "ulf": null,
        "vlf": [
            0.0,
            0.04
        ]
    },
    "fft_interpolation": "cubic",
    "fft_log": [
        2.631212900730127,
        2.594811245858484,
        3.0257039417852
    ],
    "fft_nfft": 4096.0,
    "fft_norm": [
        39.39131841831489,
        60.60868158168512
    ],
    "fft_peak": [
        0.0390625,
        0.0400390625,
        0.3818359375
    ],
    "fft_ratio": 0.6499286470243606,
    "fft_rel": [
        29.003314345342734,
        27.96653051267613,
        43.03015514198113
    ],
    "fft_resampling_frequency": 4.0,
    "fft_total": 47.89317335099125,
    "fft_window": "hamming",
    "hr_max": 645.1612903225806,
    "hr_mean": 505.8473958376359,
    "hr_min": 413.7931034482759,
    "hr_std": 42.13927095430485,
    "lomb_abs": [
        196.80540904181254,
        850.4431798157515,
        1892.0467648551682
    ],
    "lomb_bands": {
        "hf": [
            0.15,
            0.4
        ],
        "lf": [
            0.04,
            0.15
        ],
        "ulf": null,
        "vlf": [
            0.0,
            0.04
        ]
    },
    "lomb_log": [
        5.2822154692090075,
        6.745757601627387,
        7.5454144664602545
    ],
    "lomb_ma": "n/a",
    "lomb_nfft": 256.0,
    "lomb_norm": [
        31.009892359616252,
        68.99010764038375
    ],
    "lomb_peak": [
        0.006431372549019608,
        0.04984313725490196,
        0.36819607843137253
    ],
    "lomb_ratio": 0.44948317114183534,
    "lomb_rel": [
        6.69566631993006,
        28.93357344104686,
        64.37076023902308
    ],
    "lomb_total": 2939.2953537127323,
    "nn20": 4.0,
    "nn50": 0.0,
    "nni_counter": 263.0,
    "nni_diff_max": 44.0,
    "nni_diff_mean": 4.977099236641221,
    "nni_diff_min": 0.0,
    "nni_max": 145.0,
    "nni_mean": 119.39923954372624,
    "nni_min": 93.0,
    "pnn20": 1.5267175572519083,
    "pnn50": 0.0,
    "rmssd": 6.775010210972278,
    "sampen": 1.7452394535931621,
    "sd1": 4.790643499162125,
    "sd2": 12.591489092871377,
    "sd_ratio": 2.628350261311159,
    "sdann": "n/a",
    "sdnn": 9.535205928099023,
    "sdnn_index": "n/a",
    "sdsd": 4.605453453789168,
    "tinn": 46.875,
    "tinn_m": 140.625,
    "tinn_n": 93.75,
    "tri_index": 3.1686746987951806
}