{
    "Comment": "None",
    "Name": "D:\\Users\\jp.botero\\Documents\\Bienestar & Tecnolog\u00eda\\HRV-Bienestar-Tecnologia\\HRV_Reports\\AlexanderRodriguez_01_12_2021\\HRV_interactive.json",
    "ar_abs": [
        2013.9840709096738,
        4090.096867687729,
        7526.01475600766
    ],
    "ar_bands": {
        "hf": [
            0.15,
            0.4
        ],
        "lf": [
            0.04,
            0.15
        ],
        "ulf": null,
        "vlf": [
            0.0,
            0.04
        ]
    },
    "ar_interpolation": "cubic",
    "ar_log": [
        7.607870164066333,
        8.316323932787615,
        8.926120931822156
    ],
    "ar_nfft": 4096.0,
    "ar_norm": [
        35.210550657454526,
        64.78944934254547
    ],
    "ar_order": 16.0,
    "ar_peak": [
        0.0,
        0.0400390625,
        0.150390625
    ],
    "ar_ratio": 0.5434611810218415,
    "ar_rel": [
        14.776008298363086,
        30.007836770409714,
        55.2161549312272
    ],
    "ar_resampling_frequency": 4.0,
    "ar_total": 13630.095694605063,
    "dfa_alpha1": 1.490361856176257,
    "dfa_alpha1_beats": [
        4,
        5,
        6,
        7,
        8,
        9,
        10,
        11,
        12,
        13,
        14,
        15,
        16
    ],
    "dfa_alpha2": 0.7789054260285483,
    "dfa_alpha2_beats": [
        17,
        18,
        19,
        20,
        21,
        22,
        23,
        24,
        25,
        26,
        27,
        28,
        29,
        30,
        31,
        32,
        33,
        34,
        35,
        36,
        37,
        38,
        39,
        40,
        41,
        42,
        43,
        44,
        45,
        46,
        47,
        48,
        49,
        50,
        51,
        52,
        53,
        54,
        55,
        56,
        57,
        58,
        59,
        60,
        61,
        62,
        63,
        64
    ],
    "ellipse_area": 414.0012896516671,
    "fft_abs": [
        31.429803122343564,
        25.302202057204134,
        81.77439446043923
    ],
    "fft_bands": {
        "hf": [
            0.15,
            0.4
        ],
        "lf": [
            0.04,
            0.15
        ],
        "ulf": null,
        "vlf": [
            0.0,
            0.04
        ]
    },
    "fft_interpolation": "cubic",
    "fft_log": [
        3.447756586785516,
        3.2308914297800575,
        4.4039641684497886
    ],
    "fft_nfft": 4096.0,
    "fft_norm": [
        23.630002148074446,
        76.36999785192555
    ],
    "fft_peak": [
        0.0283203125,
        0.0400390625,
        0.2294921875
    ],
    "fft_ratio": 0.3094147284630132,
    "fft_rel": [
        22.691950122187535,
        18.267893846761552,
        59.04015603105093
    ],
    "fft_resampling_frequency": 4.0,
    "fft_total": 138.5063996399869,
    "fft_window": "hamming",
    "hr_max": 1463.4146341463415,
    "hr_mean": 649.5830711757378,
    "hr_min": 344.82758620689657,
    "hr_std": 117.42951652764546,
    "lomb_abs": [
        217.2076268313049,
        646.5382699656432,
        1495.007507774098
    ],
    "lomb_bands": {
        "hf": [
            0.15,
            0.4
        ],
        "lf": [
            0.04,
            0.15
        ],
        "ulf": null,
        "vlf": [
            0.0,
            0.04
        ]
    },
    "lomb_log": [
        5.3808537017678955,
        6.471632392075765,
        7.30988650773465
    ],
    "lomb_ma": "n/a",
    "lomb_nfft": 256.0,
    "lomb_norm": [
        30.19026147776403,
        69.80973852223596
    ],
    "lomb_peak": [
        0.02411764705882353,
        0.09325490196078431,
        0.15756862745098038
    ],
    "lomb_ratio": 0.4324648984059402,
    "lomb_rel": [
        9.208577141229625,
        27.410167960445197,
        63.38125489832517
    ],
    "lomb_total": 2358.7534045710463,
    "nn20": 8.0,
    "nn50": 2.0,
    "nni_counter": 329.0,
    "nni_diff_max": 54.0,
    "nni_diff_mean": 4.704268292682927,
    "nni_diff_min": 0.0,
    "nni_max": 174.0,
    "nni_mean": 95.25227963525836,
    "nni_min": 41.0,
    "pnn20": 2.4390243902439024,
    "pnn50": 0.6097560975609756,
    "rmssd": 8.00552400746799,
    "sampen": 0.5589958251133338,
    "sd1": 5.660612118693404,
    "sd2": 23.280292064841685,
    "sd_ratio": 4.112681027545003,
    "sdann": "n/a",
    "sdnn": 16.95295326368212,
    "sdnn_index": "n/a",
    "sdsd": 6.487417608767853,
    "tinn": 70.3125,
    "tinn_m": 125.0,
    "tinn_n": 54.6875,
    "tri_index": 5.140625
}