{
    "Comment": "None",
    "Name": "C:\\Users\\admin\\HRV-Bienestar-Tecnologia\\HRV_Reports\\Experiencia_Mindfullness\\DanielaQuitana-14-03-2022\\HRV_interactive.json",
    "ar_abs": [
        2377.928948851927,
        4886.449713952778,
        8724.553027653294
    ],
    "ar_bands": {
        "hf": [
            0.15,
            0.4
        ],
        "lf": [
            0.04,
            0.15
        ],
        "ulf": null,
        "vlf": [
            0.0,
            0.04
        ]
    },
    "ar_interpolation": "cubic",
    "ar_log": [
        7.7739851982727854,
        8.494221288915089,
        9.073896516836124
    ],
    "ar_nfft": 4096.0,
    "ar_norm": [
        35.900732713952756,
        64.09926728604724
    ],
    "ar_order": 16.0,
    "ar_peak": [
        0.0,
        0.0400390625,
        0.150390625
    ],
    "ar_ratio": 0.5600802354532909,
    "ar_rel": [
        14.872344162124643,
        30.561452188009238,
        54.56620364986612
    ],
    "ar_resampling_frequency": 4.0,
    "ar_total": 15988.931690458,
    "dfa_alpha1": 1.4044025354230882,
    "dfa_alpha1_beats": [
        4,
        5,
        6,
        7,
        8,
        9,
        10,
        11,
        12,
        13,
        14,
        15,
        16
    ],
    "dfa_alpha2": 0.9213524947536794,
    "dfa_alpha2_beats": [
        17,
        18,
        19,
        20,
        21,
        22,
        23,
        24,
        25,
        26,
        27,
        28,
        29,
        30,
        31,
        32,
        33,
        34,
        35,
        36,
        37,
        38,
        39,
        40,
        41,
        42,
        43,
        44,
        45,
        46,
        47,
        48,
        49,
        50,
        51,
        52,
        53,
        54,
        55,
        56,
        57,
        58,
        59,
        60,
        61,
        62,
        63,
        64
    ],
    "ellipse_area": 1794.0903704511845,
    "fft_abs": [
        402.60819672664064,
        507.65334850888655,
        166.925909611434
    ],
    "fft_bands": {
        "hf": [
            0.15,
            0.4
        ],
        "lf": [
            0.04,
            0.15
        ],
        "ulf": null,
        "vlf": [
            0.0,
            0.04
        ]
    },
    "fft_interpolation": "cubic",
    "fft_log": [
        5.997963872478421,
        6.229798829822959,
        5.117550058951395
    ],
    "fft_nfft": 4096.0,
    "fft_norm": [
        75.25481140992028,
        24.74518859007972
    ],
    "fft_peak": [
        0.029296875,
        0.0498046875,
        0.1796875
    ],
    "fft_ratio": 3.0411896492916495,
    "fft_rel": [
        37.375871294735816,
        47.12766995425232,
        15.496458751011877
    ],
    "fft_resampling_frequency": 4.0,
    "fft_total": 1077.1874548469611,
    "fft_window": "hamming",
    "hr_max": 108.499095840868,
    "hr_mean": 94.00291792605769,
    "hr_min": 82.98755186721992,
    "hr_std": 4.9894526304173095,
    "lomb_abs": [
        157.3519086989515,
        534.1880488946337,
        1364.4486518902463
    ],
    "lomb_bands": {
        "hf": [
            0.15,
            0.4
        ],
        "lf": [
            0.04,
            0.15
        ],
        "ulf": null,
        "vlf": [
            0.0,
            0.04
        ]
    },
    "lomb_log": [
        5.05848475371299,
        6.28074792845749,
        7.218505707993076
    ],
    "lomb_ma": "n/a",
    "lomb_nfft": 256.0,
    "lomb_norm": [
        28.135348309331903,
        71.8646516906681
    ],
    "lomb_peak": [
        0.035372549019607846,
        0.12058823529411765,
        0.37141176470588233
    ],
    "lomb_ratio": 0.39150469177025704,
    "lomb_rel": [
        7.6533453528449105,
        25.982052936992922,
        66.36460171016219
    ],
    "lomb_total": 2055.988609483831,
    "nn20": 93.0,
    "nn50": 3.0,
    "nni_counter": 376.0,
    "nni_diff_max": 62.0,
    "nni_diff_mean": 13.389333333333333,
    "nni_diff_min": 0.0,
    "nni_max": 723.0,
    "nni_mean": 640.0398936170212,
    "nni_min": 553.0,
    "pnn20": 24.8,
    "pnn50": 0.8,
    "rmssd": 17.767460895318347,
    "sampen": 2.033531840375758,
    "sd1": 12.563485149874262,
    "sd2": 45.45527732226968,
    "sd_ratio": 3.6180468062816633,
    "sdann": "n/a",
    "sdnn": 33.35091809214032,
    "sdnn_index": "n/a",
    "sdsd": 11.69500525652251,
    "tinn": 156.25,
    "tinn_m": 710.9375,
    "tinn_n": 554.6875,
    "tri_index": 10.162162162162161
}