{
    "Comment": "None",
    "Name": "C:\\Users\\Juan Pablo Botero T\\OneDrive - Universidad de los Andes\\Documentos\\JPB\\Personal\\Bienestar y Tecnolog\u00eda\\Codigo\\HRV-Bienestar-Tecnologia\\HRV_Reports\\PaulinaPardo_02_12_2021\\HRV_sound.json",
    "ar_abs": [
        2400.689315099886,
        4880.300738046498,
        8866.729989665062
    ],
    "ar_bands": {
        "hf": [
            0.15,
            0.4
        ],
        "lf": [
            0.04,
            0.15
        ],
        "ulf": null,
        "vlf": [
            0.0,
            0.04
        ]
    },
    "ar_interpolation": "cubic",
    "ar_log": [
        7.783511189722765,
        8.492962123597222,
        9.090061347767728
    ],
    "ar_nfft": 4096.0,
    "ar_norm": [
        35.50076256255601,
        64.49923743744398
    ],
    "ar_order": 16.0,
    "ar_peak": [
        0.0,
        0.0400390625,
        0.150390625
    ],
    "ar_ratio": 0.5504059268450612,
    "ar_rel": [
        14.867048157480362,
        30.222847096108058,
        54.910104746411584
    ],
    "ar_resampling_frequency": 4.0,
    "ar_total": 16147.720042811445,
    "dfa_alpha1": 1.3107466282885205,
    "dfa_alpha1_beats": [
        4,
        5,
        6,
        7,
        8,
        9,
        10,
        11,
        12,
        13,
        14,
        15,
        16
    ],
    "dfa_alpha2": 1.0905381204679194,
    "dfa_alpha2_beats": [
        17,
        18,
        19,
        20,
        21,
        22,
        23,
        24,
        25,
        26,
        27,
        28,
        29,
        30,
        31,
        32,
        33,
        34,
        35,
        36,
        37,
        38,
        39,
        40,
        41,
        42,
        43,
        44,
        45,
        46,
        47,
        48,
        49,
        50,
        51,
        52,
        53,
        54,
        55,
        56,
        57,
        58,
        59,
        60,
        61,
        62,
        63,
        64
    ],
    "ellipse_area": 2544.516243132498,
    "fft_abs": [
        904.3086856342197,
        363.99826513471413,
        286.21199329773003
    ],
    "fft_bands": {
        "hf": [
            0.15,
            0.4
        ],
        "lf": [
            0.04,
            0.15
        ],
        "ulf": null,
        "vlf": [
            0.0,
            0.04
        ]
    },
    "fft_interpolation": "cubic",
    "fft_log": [
        6.807170768515325,
        5.89714910151196,
        5.656732771547388
    ],
    "fft_nfft": 4096.0,
    "fft_norm": [
        55.9816244690229,
        44.01837553097712
    ],
    "fft_peak": [
        0.0205078125,
        0.0400390625,
        0.2314453125
    ],
    "fft_ratio": 1.2717785196236255,
    "fft_rel": [
        58.17289580714428,
        23.41549239551142,
        18.411611797344307
    ],
    "fft_resampling_frequency": 4.0,
    "fft_total": 1554.5189440666638,
    "fft_window": "hamming",
    "hr_max": 105.4481546572935,
    "hr_mean": 91.3723034737,
    "hr_min": 76.53061224489795,
    "hr_std": 5.759944722547872,
    "lomb_abs": [
        243.28647884179824,
        647.8056827290543,
        1444.46528531258
    ],
    "lomb_bands": {
        "hf": [
            0.15,
            0.4
        ],
        "lf": [
            0.04,
            0.15
        ],
        "ulf": null,
        "vlf": [
            0.0,
            0.04
        ]
    },
    "lomb_log": [
        5.494239674228736,
        6.473590779049871,
        7.275494487296692
    ],
    "lomb_ma": "n/a",
    "lomb_nfft": 256.0,
    "lomb_norm": [
        30.961844456284766,
        69.03815554371523
    ],
    "lomb_peak": [
        0.028941176470588234,
        0.13505882352941176,
        0.1607843137254902
    ],
    "lomb_ratio": 0.44847438655396293,
    "lomb_rel": [
        10.416634331407248,
        27.736662337014494,
        61.846703331578254
    ],
    "lomb_total": 2335.5574468834325,
    "nn20": 116.0,
    "nn50": 6.0,
    "nni_counter": 365.0,
    "nni_diff_max": 70.0,
    "nni_diff_mean": 15.601648351648352,
    "nni_diff_min": 0.0,
    "nni_max": 784.0,
    "nni_mean": 659.2904109589041,
    "nni_min": 569.0,
    "pnn20": 31.868131868131865,
    "pnn50": 1.6483516483516485,
    "rmssd": 19.93953772872292,
    "sampen": 1.0126903550807103,
    "sd1": 14.095559648532493,
    "sd2": 57.46098033281257,
    "sd_ratio": 4.07653060719692,
    "sdann": "n/a",
    "sdnn": 42.07121175277855,
    "sdnn_index": "n/a",
    "sdsd": 12.433762687767823,
    "tinn": 171.875,
    "tinn_m": 757.8125,
    "tinn_n": 585.9375,
    "tri_index": 11.40625
}