{
    "Comment": "None",
    "Name": "C:\\Users\\Juan Pablo Botero T\\OneDrive - Universidad de los Andes\\Documentos\\JPB\\Personal\\Bienestar y Tecnolog\u00eda\\Codigo\\HRV-Bienestar-Tecnologia\\HRV_Reports\\PaulinaPardo_02_12_2021\\HRV_video.json",
    "ar_abs": [
        2450.548843528656,
        5021.053034434945,
        9101.110588250165
    ],
    "ar_bands": {
        "hf": [
            0.15,
            0.4
        ],
        "lf": [
            0.04,
            0.15
        ],
        "ulf": null,
        "vlf": [
            0.0,
            0.04
        ]
    },
    "ar_interpolation": "cubic",
    "ar_log": [
        7.804067296217338,
        8.52139495850331,
        9.116151727723194
    ],
    "ar_nfft": 4096.0,
    "ar_norm": [
        35.554417641567234,
        64.44558235843276
    ],
    "ar_order": 16.0,
    "ar_peak": [
        0.0,
        0.0400390625,
        0.150390625
    ],
    "ar_ratio": 0.5516967391778858,
    "ar_rel": [
        14.786649128949216,
        30.29711065506747,
        54.91624021598332
    ],
    "ar_resampling_frequency": 4.0,
    "ar_total": 16572.712466213765,
    "dfa_alpha1": 1.4195203548212567,
    "dfa_alpha1_beats": [
        4,
        5,
        6,
        7,
        8,
        9,
        10,
        11,
        12,
        13,
        14,
        15,
        16
    ],
    "dfa_alpha2": 0.7977295206451398,
    "dfa_alpha2_beats": [
        17,
        18,
        19,
        20,
        21,
        22,
        23,
        24,
        25,
        26,
        27,
        28,
        29,
        30,
        31,
        32,
        33,
        34,
        35,
        36,
        37,
        38,
        39,
        40,
        41,
        42,
        43,
        44,
        45,
        46,
        47,
        48,
        49,
        50,
        51,
        52,
        53,
        54,
        55,
        56,
        57,
        58,
        59,
        60,
        61,
        62,
        63,
        64
    ],
    "ellipse_area": 4015.8647459800495,
    "fft_abs": [
        1692.1415466890242,
        680.6146213713496,
        261.26125783973794
    ],
    "fft_bands": {
        "hf": [
            0.15,
            0.4
        ],
        "lf": [
            0.04,
            0.15
        ],
        "ulf": null,
        "vlf": [
            0.0,
            0.04
        ]
    },
    "fft_interpolation": "cubic",
    "fft_log": [
        7.433750193102758,
        6.522996244897096,
        5.565520894560102
    ],
    "fft_nfft": 4096.0,
    "fft_norm": [
        72.26160435719305,
        27.73839564280695
    ],
    "fft_peak": [
        0.0361328125,
        0.0830078125,
        0.181640625
    ],
    "fft_ratio": 2.6051111710900896,
    "fft_rel": [
        64.24185087199169,
        25.839412248336437,
        9.918736879671865
    ],
    "fft_resampling_frequency": 4.0,
    "fft_total": 2634.017425900112,
    "fft_window": "hamming",
    "hr_max": 105.4481546572935,
    "hr_mean": 86.18277308773355,
    "hr_min": 70.33997655334115,
    "hr_std": 6.26455661347544,
    "lomb_abs": [
        300.0537945848328,
        739.5957180576671,
        1468.9724787092553
    ],
    "lomb_bands": {
        "hf": [
            0.15,
            0.4
        ],
        "lf": [
            0.04,
            0.15
        ],
        "ulf": null,
        "vlf": [
            0.0,
            0.04
        ]
    },
    "lomb_log": [
        5.703961773863913,
        6.606103709958172,
        7.292318441287186
    ],
    "lomb_ma": "n/a",
    "lomb_nfft": 256.0,
    "lomb_norm": [
        33.48756534393396,
        66.51243465606603
    ],
    "lomb_peak": [
        0.00803921568627451,
        0.13023529411764706,
        0.37623529411764706
    ],
    "lomb_ratio": 0.5034782671405315,
    "lomb_rel": [
        11.960901069162306,
        29.48215078267494,
        58.55694814816276
    ],
    "lomb_total": 2508.6219913517552,
    "nn20": 155.0,
    "nn50": 18.0,
    "nni_counter": 344.0,
    "nni_diff_max": 92.0,
    "nni_diff_mean": 20.38483965014577,
    "nni_diff_min": 0.0,
    "nni_max": 853.0,
    "nni_mean": 699.8691860465116,
    "nni_min": 569.0,
    "pnn20": 45.18950437317784,
    "pnn50": 5.247813411078718,
    "rmssd": 25.992149521243793,
    "sampen": 1.2792120645130847,
    "sd1": 18.377876568996523,
    "sd2": 69.55588396860175,
    "sd_ratio": 3.784761732807724,
    "sdann": "n/a",
    "sdnn": 50.98102068880707,
    "sdnn_index": "n/a",
    "sdsd": 16.149629399019492,
    "tinn": 203.125,
    "tinn_m": 812.5,
    "tinn_n": 609.375,
    "tri_index": 13.23076923076923
}