{
    "Comment": "None",
    "Name": "D:\\Users\\jp.botero\\Documents\\Bienestar & Tecnolog\u00eda\\HRV-Bienestar-Tecnologia\\HRV_Reports\\PaulinaPardo2_02_12_2021\\HRV_baseline.json",
    "ar_abs": [
        1958.1387264237435,
        3768.2942269332343,
        6032.339496564563
    ],
    "ar_bands": {
        "hf": [
            0.15,
            0.4
        ],
        "lf": [
            0.04,
            0.15
        ],
        "ulf": null,
        "vlf": [
            0.0,
            0.04
        ]
    },
    "ar_interpolation": "cubic",
    "ar_log": [
        7.579749671665286,
        8.234377718351872,
        8.70489019069095
    ],
    "ar_nfft": 4096.0,
    "ar_norm": [
        38.449495545358964,
        61.55050445464102
    ],
    "ar_order": 16.0,
    "ar_peak": [
        0.0,
        0.0400390625,
        0.150390625
    ],
    "ar_ratio": 0.6246820539658436,
    "ar_rel": [
        16.65257776492485,
        32.04666339944675,
        51.3007588356284
    ],
    "ar_resampling_frequency": 4.0,
    "ar_total": 11758.77244992154,
    "dfa_alpha1": 1.3767011420852102,
    "dfa_alpha1_beats": [
        4,
        5,
        6,
        7,
        8,
        9,
        10,
        11,
        12,
        13,
        14,
        15,
        16
    ],
    "dfa_alpha2": 1.1060178313920004,
    "dfa_alpha2_beats": [
        17,
        18,
        19,
        20,
        21,
        22,
        23,
        24,
        25,
        26,
        27,
        28,
        29,
        30,
        31,
        32,
        33,
        34,
        35,
        36,
        37,
        38,
        39,
        40,
        41,
        42,
        43,
        44,
        45,
        46,
        47,
        48,
        49,
        50,
        51,
        52,
        53,
        54,
        55,
        56,
        57,
        58,
        59,
        60,
        61,
        62,
        63,
        64
    ],
    "ellipse_area": 47.66133380156363,
    "fft_abs": [
        26.779783730722105,
        24.1446454686515,
        1.2099007818255405
    ],
    "fft_bands": {
        "hf": [
            0.15,
            0.4
        ],
        "lf": [
            0.04,
            0.15
        ],
        "ulf": null,
        "vlf": [
            0.0,
            0.04
        ]
    },
    "fft_interpolation": "cubic",
    "fft_log": [
        3.287647264454544,
        3.1840626357905544,
        0.1905383577553008
    ],
    "fft_nfft": 4096.0,
    "fft_norm": [
        95.22807164493122,
        4.771928355068773
    ],
    "fft_peak": [
        0.03125,
        0.0400390625,
        0.2333984375
    ],
    "fft_ratio": 19.95588880620543,
    "fft_rel": [
        51.36688961070281,
        46.31237320467842,
        2.3207371846187703
    ],
    "fft_resampling_frequency": 4.0,
    "fft_total": 52.134329981199144,
    "fft_window": "hamming",
    "hr_max": 937.5,
    "hr_mean": 768.0795575123539,
    "hr_min": 645.1612903225806,
    "hr_std": 81.85321043571219,
    "lomb_abs": [
        195.55789696866066,
        617.7512353259132,
        1350.0125827853944
    ],
    "lomb_bands": {
        "hf": [
            0.15,
            0.4
        ],
        "lf": [
            0.04,
            0.15
        ],
        "ulf": null,
        "vlf": [
            0.0,
            0.04
        ]
    },
    "lomb_log": [
        5.2758564837594975,
        6.426085844584912,
        7.207869191970812
    ],
    "lomb_ma": "n/a",
    "lomb_nfft": 256.0,
    "lomb_norm": [
        31.39356612008656,
        68.60643387991344
    ],
    "lomb_peak": [
        0.003215686274509804,
        0.14309803921568628,
        0.19776470588235295
    ],
    "lomb_ratio": 0.4575892426508697,
    "lomb_rel": [
        9.0397048023637,
        28.555680415895875,
        62.40461478174043
    ],
    "lomb_total": 2163.3217150799683,
    "nn20": 0.0,
    "nn50": 0.0,
    "nni_counter": 395.0,
    "nni_diff_max": 6.0,
    "nni_diff_mean": 1.4086294416243654,
    "nni_diff_min": 0.0,
    "nni_max": 93.0,
    "nni_mean": 78.99240506329114,
    "nni_min": 64.0,
    "pnn20": 0.0,
    "pnn50": 0.0,
    "rmssd": 1.8517381051736996,
    "sampen": 0.6739882692750887,
    "sd1": 1.3093753412118978,
    "sd2": 11.58649720996099,
    "sd_ratio": 8.84887384486488,
    "sdann": "n/a",
    "sdnn": 8.258971005458841,
    "sdnn_index": "n/a",
    "sdsd": 1.203483768234225,
    "tinn": 0.0,
    "tinn_m": 0.0,
    "tinn_n": 0.0,
    "tri_index": 3.376068376068376
}