{
    "Comment": "None",
    "Name": "D:\\Users\\jp.botero\\Documents\\Bienestar & Tecnolog\u00eda\\HRV-Bienestar-Tecnologia\\HRV_Reports\\PaulinaPardo2_02_12_2021\\HRV_olfative.json",
    "ar_abs": [
        1983.5380980746872,
        3928.9485787197095,
        6354.59078229061
    ],
    "ar_bands": {
        "hf": [
            0.15,
            0.4
        ],
        "lf": [
            0.04,
            0.15
        ],
        "ulf": null,
        "vlf": [
            0.0,
            0.04
        ]
    },
    "ar_interpolation": "cubic",
    "ar_log": [
        7.592637447269135,
        8.276127131847392,
        8.756932788519645
    ],
    "ar_nfft": 4096.0,
    "ar_norm": [
        38.20618991955416,
        61.79381008044583
    ],
    "ar_order": 16.0,
    "ar_peak": [
        0.0,
        0.0400390625,
        0.150390625
    ],
    "ar_ratio": 0.6182850656047216,
    "ar_rel": [
        16.169606042600453,
        32.02839952567453,
        51.80199443172502
    ],
    "ar_resampling_frequency": 4.0,
    "ar_total": 12267.077459085007,
    "dfa_alpha1": 1.2941224121273283,
    "dfa_alpha1_beats": [
        4,
        5,
        6,
        7,
        8,
        9,
        10,
        11,
        12,
        13,
        14,
        15,
        16
    ],
    "dfa_alpha2": 0.6849092166204089,
    "dfa_alpha2_beats": [
        17,
        18,
        19,
        20,
        21,
        22,
        23,
        24,
        25,
        26,
        27,
        28,
        29,
        30,
        31,
        32,
        33,
        34,
        35,
        36,
        37,
        38,
        39,
        40,
        41,
        42,
        43,
        44,
        45,
        46,
        47,
        48,
        49,
        50,
        51,
        52,
        53,
        54,
        55,
        56,
        57,
        58,
        59,
        60,
        61,
        62,
        63,
        64
    ],
    "ellipse_area": 74.13736659745958,
    "fft_abs": [
        3.5829040644927623,
        5.158381973434299,
        7.150519348419804
    ],
    "fft_bands": {
        "hf": [
            0.15,
            0.4
        ],
        "lf": [
            0.04,
            0.15
        ],
        "ulf": null,
        "vlf": [
            0.0,
            0.04
        ]
    },
    "fft_interpolation": "cubic",
    "fft_log": [
        1.2761736627739453,
        1.6406229592799284,
        1.9671849902106693
    ],
    "fft_nfft": 4096.0,
    "fft_norm": [
        41.90773683655859,
        58.09226316344141
    ],
    "fft_peak": [
        0.0390625,
        0.044921875,
        0.3525390625
    ],
    "fft_ratio": 0.7213996245705218,
    "fft_rel": [
        22.545607483784973,
        32.45938298405052,
        44.9950095321645
    ],
    "fft_resampling_frequency": 4.0,
    "fft_total": 15.891805386346865,
    "fft_window": "hamming",
    "hr_max": 845.0704225352113,
    "hr_mean": 711.032262279976,
    "hr_min": 566.0377358490566,
    "hr_std": 55.561863044852245,
    "lomb_abs": [
        288.479018235562,
        671.328371314508,
        1329.7994228147556
    ],
    "lomb_bands": {
        "hf": [
            0.15,
            0.4
        ],
        "lf": [
            0.04,
            0.15
        ],
        "ulf": null,
        "vlf": [
            0.0,
            0.04
        ]
    },
    "lomb_log": [
        5.664622356216971,
        6.509258393293869,
        7.192783399929123
    ],
    "lomb_ma": "n/a",
    "lomb_nfft": 256.0,
    "lomb_norm": [
        33.54750122825705,
        66.45249877174294
    ],
    "lomb_peak": [
        0.004823529411764706,
        0.14309803921568628,
        0.20098039215686275
    ],
    "lomb_ratio": 0.5048343079391047,
    "lomb_rel": [
        12.599500345546483,
        29.320683695080596,
        58.07981595937293
    ],
    "lomb_total": 2289.6068123648256,
    "nn20": 0.0,
    "nn50": 0.0,
    "nni_counter": 367.0,
    "nni_diff_max": 18.0,
    "nni_diff_mean": 2.557377049180328,
    "nni_diff_min": 0.0,
    "nni_max": 106.0,
    "nni_mean": 84.91553133514986,
    "nni_min": 71.0,
    "pnn20": 0.0,
    "pnn50": 0.0,
    "rmssd": 3.572817840641245,
    "sampen": 1.0948683681586446,
    "sd1": 2.5263607681656577,
    "sd2": 9.340968645874696,
    "sd_ratio": 3.6974009268901824,
    "sdann": "n/a",
    "sdnn": 6.8521428723931,
    "sdnn_index": "n/a",
    "sdsd": 2.4983803421730544,
    "tinn": 39.0625,
    "tinn_m": 101.5625,
    "tinn_n": 62.5,
    "tri_index": 2.224242424242424
}