{
    "Comment": "None",
    "Name": "C:\\Users\\Juan Pablo Botero T\\OneDrive - Universidad de los Andes\\Documentos\\JPB\\Personal\\Bienestar y Tecnolog\u00eda\\Codigo\\HRV-Bienestar-Tecnologia\\HRV_Reports\\PaulinaPardo_02_12_2021\\HRV_final.json",
    "ar_abs": [
        2452.829611323,
        5086.030035367648,
        9710.491751615016
    ],
    "ar_bands": {
        "hf": [
            0.15,
            0.4
        ],
        "lf": [
            0.04,
            0.15
        ],
        "ulf": null,
        "vlf": [
            0.0,
            0.04
        ]
    },
    "ar_interpolation": "cubic",
    "ar_log": [
        7.80499758050187,
        8.534252851463576,
        9.180962203835664
    ],
    "ar_nfft": 4096.0,
    "ar_norm": [
        34.37314599058081,
        65.62685400941919
    ],
    "ar_order": 16.0,
    "ar_peak": [
        0.0,
        0.0400390625,
        0.150390625
    ],
    "ar_ratio": 0.5237664750110886,
    "ar_rel": [
        14.219836761885038,
        29.48534074079579,
        56.29482249731916
    ],
    "ar_resampling_frequency": 4.0,
    "ar_total": 17249.351398305665,
    "dfa_alpha1": 1.098412972354792,
    "dfa_alpha1_beats": [
        4,
        5,
        6,
        7,
        8,
        9,
        10,
        11,
        12,
        13,
        14,
        15,
        16
    ],
    "dfa_alpha2": 1.1393571962374942,
    "dfa_alpha2_beats": [
        17,
        18,
        19,
        20,
        21,
        22,
        23,
        24,
        25,
        26,
        27,
        28,
        29,
        30,
        31,
        32,
        33,
        34,
        35,
        36,
        37,
        38,
        39,
        40,
        41,
        42,
        43,
        44,
        45,
        46,
        47,
        48,
        49,
        50,
        51,
        52,
        53,
        54,
        55,
        56,
        57,
        58,
        59,
        60,
        61,
        62,
        63,
        64
    ],
    "ellipse_area": 13676.19935966866,
    "fft_abs": [
        2532.375727821098,
        1958.3068769974789,
        1249.7085033712865
    ],
    "fft_bands": {
        "hf": [
            0.15,
            0.4
        ],
        "lf": [
            0.04,
            0.15
        ],
        "ulf": null,
        "vlf": [
            0.0,
            0.04
        ]
    },
    "fft_interpolation": "cubic",
    "fft_log": [
        7.836913163969599,
        7.579835540634686,
        7.130665605798657
    ],
    "fft_nfft": 4096.0,
    "fft_norm": [
        61.044186040416335,
        38.955813959583665
    ],
    "fft_peak": [
        0.015625,
        0.0869140625,
        0.3916015625
    ],
    "fft_ratio": 1.56701092431926,
    "fft_rel": [
        44.115038158430295,
        34.11452007518349,
        21.770441766386213
    ],
    "fft_resampling_frequency": 4.0,
    "fft_total": 5740.391108189863,
    "fft_window": "hamming",
    "hr_max": 102.73972602739725,
    "hr_mean": 78.96089986805642,
    "hr_min": 61.47540983606557,
    "hr_std": 8.064391367520745,
    "lomb_abs": [
        327.0943792323974,
        675.2347076790866,
        1502.40948731873
    ],
    "lomb_bands": {
        "hf": [
            0.15,
            0.4
        ],
        "lf": [
            0.04,
            0.15
        ],
        "ulf": null,
        "vlf": [
            0.0,
            0.04
        ]
    },
    "lomb_log": [
        5.790248750759882,
        6.515060345513779,
        7.314825423209573
    ],
    "lomb_ma": "n/a",
    "lomb_nfft": 256.0,
    "lomb_norm": [
        31.007577327377103,
        68.99242267262291
    ],
    "lomb_peak": [
        0.00803921568627451,
        0.04180392156862745,
        0.2363529411764706
    ],
    "lomb_ratio": 0.44943453391268307,
    "lomb_rel": [
        13.059022709901926,
        26.958290762404523,
        59.98268652769355
    ],
    "lomb_total": 2504.738574230214,
    "nn20": 229.0,
    "nn50": 109.0,
    "nni_counter": 314.0,
    "nni_diff_max": 238.0,
    "nni_diff_mean": 46.60702875399361,
    "nni_diff_min": 0.0,
    "nni_max": 976.0,
    "nni_mean": 767.5891719745223,
    "nni_min": 584.0,
    "pnn20": 73.1629392971246,
    "pnn50": 34.82428115015975,
    "rmssd": 62.57703240027893,
    "sampen": 1.5175168171379352,
    "sd1": 44.24651795188058,
    "sd2": 98.38671296885495,
    "sd_ratio": 2.223603517814746,
    "sdann": "n/a",
    "sdnn": 76.54183018038765,
    "sdnn_index": "n/a",
    "sdsd": 41.82413824792883,
    "tinn": 242.1875,
    "tinn_m": 890.625,
    "tinn_n": 648.4375,
    "tri_index": 15.7
}