{
    "Comment": "None",
    "Name": "C:\\Users\\Juan Pablo Botero T\\OneDrive - Universidad de los Andes\\Documentos\\JPB\\Personal\\Bienestar y Tecnolog\u00eda\\Codigo\\HRV-Bienestar-Tecnologia\\HRV_Reports\\PaulinaPardo_02_12_2021\\HRV_baseline.json",
    "ar_abs": [
        2333.4688388147633,
        4693.812299101912,
        8206.818633326062
    ],
    "ar_bands": {
        "hf": [
            0.15,
            0.4
        ],
        "lf": [
            0.04,
            0.15
        ],
        "ulf": null,
        "vlf": [
            0.0,
            0.04
        ]
    },
    "ar_interpolation": "cubic",
    "ar_log": [
        7.75511121146088,
        8.454000388202399,
        9.012720628363478
    ],
    "ar_nfft": 4096.0,
    "ar_norm": [
        36.38436231287882,
        63.61563768712117
    ],
    "ar_order": 16.0,
    "ar_peak": [
        0.0,
        0.0400390625,
        0.150390625
    ],
    "ar_ratio": 0.5719405422268485,
    "ar_rel": [
        15.317405516928737,
        30.81122199266658,
        53.87137249040468
    ],
    "ar_resampling_frequency": 4.0,
    "ar_total": 15234.099771242738,
    "dfa_alpha1": 1.375832238511261,
    "dfa_alpha1_beats": [
        4,
        5,
        6,
        7,
        8,
        9,
        10,
        11,
        12,
        13,
        14,
        15,
        16
    ],
    "dfa_alpha2": 1.0868955165096543,
    "dfa_alpha2_beats": [
        17,
        18,
        19,
        20,
        21,
        22,
        23,
        24,
        25,
        26,
        27,
        28,
        29,
        30,
        31,
        32,
        33,
        34,
        35,
        36,
        37,
        38,
        39,
        40,
        41,
        42,
        43,
        44,
        45,
        46,
        47,
        48,
        49,
        50,
        51,
        52,
        53,
        54,
        55,
        56,
        57,
        58,
        59,
        60,
        61,
        62,
        63,
        64
    ],
    "ellipse_area": 2816.8361567094976,
    "fft_abs": [
        3008.420318903407,
        184.36018790929856,
        62.82585173549965
    ],
    "fft_bands": {
        "hf": [
            0.15,
            0.4
        ],
        "lf": [
            0.04,
            0.15
        ],
        "ulf": null,
        "vlf": [
            0.0,
            0.04
        ]
    },
    "fft_interpolation": "cubic",
    "fft_log": [
        8.009170408985884,
        5.216891387103788,
        4.1403666406079465
    ],
    "fft_nfft": 4096.0,
    "fft_norm": [
        74.58357606854366,
        25.41642393145634
    ],
    "fft_peak": [
        0.00390625,
        0.0712890625,
        0.166015625
    ],
    "fft_ratio": 2.93446380457308,
    "fft_rel": [
        92.40737323799098,
        5.662852556643597,
        1.9297742053654179
    ],
    "fft_resampling_frequency": 4.0,
    "fft_total": 3255.606358548205,
    "fft_window": "hamming",
    "hr_max": 121.95121951219512,
    "hr_mean": 99.93622457070944,
    "hr_min": 83.91608391608392,
    "hr_std": 10.64942094635009,
    "lomb_abs": [
        216.84928140778584,
        570.7582263340612,
        1118.0581925765046
    ],
    "lomb_bands": {
        "hf": [
            0.15,
            0.4
        ],
        "lf": [
            0.04,
            0.15
        ],
        "ulf": null,
        "vlf": [
            0.0,
            0.04
        ]
    },
    "lomb_log": [
        5.379202556500399,
        6.3469656985063185,
        7.019348702965561
    ],
    "lomb_ma": "n/a",
    "lomb_nfft": 256.0,
    "lomb_norm": [
        33.79634517659712,
        66.20365482340287
    ],
    "lomb_peak": [
        0.036980392156862746,
        0.09325490196078431,
        0.2572549019607843
    ],
    "lomb_ratio": 0.5104906257327982,
    "lomb_rel": [
        11.379187932676755,
        29.950595544575997,
        58.67021652274724
    ],
    "lomb_total": 1905.6657003183516,
    "nn20": 67.0,
    "nn50": 0.0,
    "nni_counter": 395.0,
    "nni_diff_max": 46.0,
    "nni_diff_mean": 10.903553299492385,
    "nni_diff_min": 0.0,
    "nni_max": 715.0,
    "nni_mean": 607.1113924050633,
    "nni_min": 492.0,
    "pnn20": 17.00507614213198,
    "pnn50": 0.0,
    "rmssd": 14.23961015835507,
    "sampen": 0.6799535210235017,
    "sd1": 10.06891466808677,
    "sd2": 89.04900140651979,
    "sd_ratio": 8.843952336666323,
    "sdann": "n/a",
    "sdnn": 63.475945696511204,
    "sdnn_index": "n/a",
    "sdsd": 9.170193865743508,
    "tinn": 242.1875,
    "tinn_m": 703.125,
    "tinn_n": 460.9375,
    "tri_index": 12.741935483870968
}