{
    "Comment": "None",
    "Name": "D:\\Users\\jp.botero\\Documents\\Bienestar & Tecnolog\u00eda\\HRV-Bienestar-Tecnologia\\HRV_Reports\\PaulinaPardo2_02_12_2021\\HRV_video.json",
    "ar_abs": [
        1993.1330990574597,
        3940.001035656472,
        6500.208554195056
    ],
    "ar_bands": {
        "hf": [
            0.15,
            0.4
        ],
        "lf": [
            0.04,
            0.15
        ],
        "ulf": null,
        "vlf": [
            0.0,
            0.04
        ]
    },
    "ar_interpolation": "cubic",
    "ar_log": [
        7.597463101253067,
        8.278936265148918,
        8.779589540629786
    ],
    "ar_nfft": 4096.0,
    "ar_norm": [
        37.73871589212514,
        62.26128410787485
    ],
    "ar_order": 16.0,
    "ar_peak": [
        0.0,
        0.0400390625,
        0.150390625
    ],
    "ar_ratio": 0.6061345575002672,
    "ar_rel": [
        16.030549056091008,
        31.688992527899213,
        52.28045841600979
    ],
    "ar_resampling_frequency": 4.0,
    "ar_total": 12433.342688908988,
    "dfa_alpha1": 1.422563124774311,
    "dfa_alpha1_beats": [
        4,
        5,
        6,
        7,
        8,
        9,
        10,
        11,
        12,
        13,
        14,
        15,
        16
    ],
    "dfa_alpha2": 0.7667509240478103,
    "dfa_alpha2_beats": [
        17,
        18,
        19,
        20,
        21,
        22,
        23,
        24,
        25,
        26,
        27,
        28,
        29,
        30,
        31,
        32,
        33,
        34,
        35,
        36,
        37,
        38,
        39,
        40,
        41,
        42,
        43,
        44,
        45,
        46,
        47,
        48,
        49,
        50,
        51,
        52,
        53,
        54,
        55,
        56,
        57,
        58,
        59,
        60,
        61,
        62,
        63,
        64
    ],
    "ellipse_area": 67.64725844559383,
    "fft_abs": [
        1.9454796112229955,
        13.148696713360454,
        15.514754352760566
    ],
    "fft_bands": {
        "hf": [
            0.15,
            0.4
        ],
        "lf": [
            0.04,
            0.15
        ],
        "ulf": null,
        "vlf": [
            0.0,
            0.04
        ]
    },
    "fft_interpolation": "cubic",
    "fft_log": [
        0.6655085334199361,
        2.5763226444619716,
        2.7417914648881547
    ],
    "fft_nfft": 4096.0,
    "fft_norm": [
        45.87269231129553,
        54.12730768870446
    ],
    "fft_peak": [
        0.0390625,
        0.078125,
        0.2763671875
    ],
    "fft_ratio": 0.8474962873660249,
    "fft_rel": [
        6.35592151758177,
        42.957059989987826,
        50.687018492430404
    ],
    "fft_resampling_frequency": 4.0,
    "fft_total": 30.608930677344016,
    "fft_window": "hamming",
    "hr_max": 810.8108108108108,
    "hr_mean": 662.4561107355273,
    "hr_min": 540.5405405405405,
    "hr_std": 48.12917440587107,
    "lomb_abs": [
        124.16050411243172,
        570.7806207385306,
        1334.5637604740114
    ],
    "lomb_bands": {
        "hf": [
            0.15,
            0.4
        ],
        "lf": [
            0.04,
            0.15
        ],
        "ulf": null,
        "vlf": [
            0.0,
            0.04
        ]
    },
    "lomb_log": [
        4.821575116610556,
        6.347004933972601,
        7.196359746252498
    ],
    "lomb_ma": "n/a",
    "lomb_nfft": 256.0,
    "lomb_norm": [
        29.95682178857827,
        70.04317821142173
    ],
    "lomb_peak": [
        0.02572549019607843,
        0.04341176470588235,
        0.15274509803921568
    ],
    "lomb_ratio": 0.4276907837927506,
    "lomb_rel": [
        6.117773108614645,
        28.12413140100102,
        65.75809549038433
    ],
    "lomb_total": 2029.5048853249737,
    "nn20": 0.0,
    "nn50": 0.0,
    "nni_counter": 344.0,
    "nni_diff_max": 12.0,
    "nni_diff_mean": 2.641399416909621,
    "nni_diff_min": 0.0,
    "nni_max": 111.0,
    "nni_mean": 91.04941860465117,
    "nni_min": 74.0,
    "pnn20": 0.0,
    "pnn50": 0.0,
    "rmssd": 3.367656139174562,
    "sampen": 1.2900150771994794,
    "sd1": 2.3811175841617587,
    "sd2": 9.04314481556474,
    "sd_ratio": 3.797857306886531,
    "sdann": "n/a",
    "sdnn": 6.626688658481388,
    "sdnn_index": "n/a",
    "sdsd": 2.0920988428059117,
    "tinn": 31.25,
    "tinn_m": 101.5625,
    "tinn_n": 70.3125,
    "tri_index": 2.0116959064327484
}