{
    "Comment": "None",
    "Name": "C:\\Users\\Juan Pablo Botero T\\OneDrive - Universidad de los Andes\\Documentos\\JPB\\Personal\\Bienestar y Tecnolog\u00eda\\Codigo\\HRV-Bienestar-Tecnologia\\HRV_Reports\\SaraRestrepo-02-12\\HRV_final.json",
    "ar_abs": [
        2581.294910527505,
        5360.848616509371,
        10782.692368223305
    ],
    "ar_bands": {
        "hf": [
            0.15,
            0.4
        ],
        "lf": [
            0.04,
            0.15
        ],
        "ulf": null,
        "vlf": [
            0.0,
            0.04
        ]
    },
    "ar_interpolation": "cubic",
    "ar_log": [
        7.856046455309563,
        8.586877565508559,
        9.285697569144055
    ],
    "ar_nfft": 4096.0,
    "ar_norm": [
        33.20739001176539,
        66.7926099882346
    ],
    "ar_order": 16.0,
    "ar_peak": [
        0.0,
        0.0400390625,
        0.2802734375
    ],
    "ar_ratio": 0.49717161850113073,
    "ar_rel": [
        13.785407386031665,
        28.62961601637514,
        57.58497659759318
    ],
    "ar_resampling_frequency": 4.0,
    "ar_total": 18724.83589526018,
    "dfa_alpha1": 0.7792291301542293,
    "dfa_alpha1_beats": [
        4,
        5,
        6,
        7,
        8,
        9,
        10,
        11,
        12,
        13,
        14,
        15,
        16
    ],
    "dfa_alpha2": 0.5946893420705324,
    "dfa_alpha2_beats": [
        17,
        18,
        19,
        20,
        21,
        22,
        23,
        24,
        25,
        26,
        27,
        28,
        29,
        30,
        31,
        32,
        33,
        34,
        35,
        36,
        37,
        38,
        39,
        40,
        41,
        42,
        43,
        44,
        45,
        46,
        47,
        48,
        49,
        50,
        51,
        52,
        53,
        54,
        55,
        56,
        57,
        58,
        59,
        60,
        61,
        62,
        63,
        64
    ],
    "ellipse_area": 24373.197832442445,
    "fft_abs": [
        937.435458270755,
        2003.2114782280341,
        3466.8002855775753
    ],
    "fft_bands": {
        "hf": [
            0.15,
            0.4
        ],
        "lf": [
            0.04,
            0.15
        ],
        "ulf": null,
        "vlf": [
            0.0,
            0.04
        ]
    },
    "fft_interpolation": "cubic",
    "fft_log": [
        6.843147910963479,
        7.602506910835467,
        8.150987339635165
    ],
    "fft_nfft": 4096.0,
    "fft_norm": [
        36.62170329290764,
        63.37829670709237
    ],
    "fft_peak": [
        0.013671875,
        0.103515625,
        0.2958984375
    ],
    "fft_ratio": 0.5778271931503246,
    "fft_rel": [
        14.630404680367768,
        31.263799900311685,
        54.10579541932054
    ],
    "fft_resampling_frequency": 4.0,
    "fft_total": 6407.447222076365,
    "fft_window": "hamming",
    "hr_max": 75.09386733416771,
    "hr_mean": 60.31398778250107,
    "hr_min": 49.382716049382715,
    "hr_std": 5.499250679927566,
    "lomb_abs": [
        466.8278647790524,
        1027.4502728895602,
        2164.209435711666
    ],
    "lomb_bands": {
        "hf": [
            0.15,
            0.4
        ],
        "lf": [
            0.04,
            0.15
        ],
        "ulf": null,
        "vlf": [
            0.0,
            0.04
        ]
    },
    "lomb_log": [
        6.145960591816464,
        6.934835548984715,
        7.679810417035477
    ],
    "lomb_ma": "n/a",
    "lomb_nfft": 256.0,
    "lomb_norm": [
        32.19172363897934,
        67.80827636102066
    ],
    "lomb_peak": [
        0.00803921568627451,
        0.12380392156862745,
        0.36498039215686273
    ],
    "lomb_ratio": 0.4747462310881661,
    "lomb_rel": [
        12.760132579806042,
        28.084017022920815,
        59.15585039727315
    ],
    "lomb_total": 3658.4875733802787,
    "nn20": 213.0,
    "nn50": 163.0,
    "nni_counter": 240.0,
    "nni_diff_max": 230.0,
    "nni_diff_mean": 84.77405857740585,
    "nni_diff_min": 0.0,
    "nni_max": 1215.0,
    "nni_mean": 1003.0958333333333,
    "nni_min": 799.0,
    "pnn20": 89.1213389121339,
    "pnn50": 68.20083682008368,
    "rmssd": 102.7647718158311,
    "sampen": 1.573861037866993,
    "sd1": 72.65969042191942,
    "sd2": 106.77488140851375,
    "sd_ratio": 1.469520180838848,
    "sdann": "n/a",
    "sdnn": 91.96094304283613,
    "sdnn_index": "n/a",
    "sdsd": 58.20767655498136,
    "tinn": 132.8125,
    "tinn_m": 1054.6875,
    "tinn_n": 921.875,
    "tri_index": 12.631578947368421
}