{
    "Comment": "None",
    "Name": "C:\\Users\\Juan Pablo Botero T\\OneDrive - Universidad de los Andes\\Documentos\\JPB\\Personal\\Bienestar y Tecnolog\u00eda\\Codigo\\HRV-Bienestar-Tecnologia\\HRV_Reports\\SaraRestrepo-02-12\\HRV_video.json",
    "ar_abs": [
        2477.992408935835,
        5106.518975852022,
        9351.450438912745
    ],
    "ar_bands": {
        "hf": [
            0.15,
            0.4
        ],
        "lf": [
            0.04,
            0.15
        ],
        "ulf": null,
        "vlf": [
            0.0,
            0.04
        ]
    },
    "ar_interpolation": "cubic",
    "ar_log": [
        7.815203998800955,
        8.538273233030445,
        9.143286737408204
    ],
    "ar_nfft": 4096.0,
    "ar_norm": [
        35.31975223738641,
        64.68024776261359
    ],
    "ar_order": 16.0,
    "ar_peak": [
        0.0,
        0.0400390625,
        0.150390625
    ],
    "ar_ratio": 0.5460670522941611,
    "ar_rel": [
        14.631542245614135,
        30.15192776772698,
        55.216529986658905
    ],
    "ar_resampling_frequency": 4.0,
    "ar_total": 16935.9618237006,
    "dfa_alpha1": 1.312049233876944,
    "dfa_alpha1_beats": [
        4,
        5,
        6,
        7,
        8,
        9,
        10,
        11,
        12,
        13,
        14,
        15,
        16
    ],
    "dfa_alpha2": 0.907168098990405,
    "dfa_alpha2_beats": [
        17,
        18,
        19,
        20,
        21,
        22,
        23,
        24,
        25,
        26,
        27,
        28,
        29,
        30,
        31,
        32,
        33,
        34,
        35,
        36,
        37,
        38,
        39,
        40,
        41,
        42,
        43,
        44,
        45,
        46,
        47,
        48,
        49,
        50,
        51,
        52,
        53,
        54,
        55,
        56,
        57,
        58,
        59,
        60,
        61,
        62,
        63,
        64
    ],
    "ellipse_area": 5911.508005263349,
    "fft_abs": [
        1237.8148803923546,
        984.0812316880869,
        408.3559811842407
    ],
    "fft_bands": {
        "hf": [
            0.15,
            0.4
        ],
        "lf": [
            0.04,
            0.15
        ],
        "ulf": null,
        "vlf": [
            0.0,
            0.04
        ]
    },
    "fft_interpolation": "cubic",
    "fft_log": [
        7.121102910878142,
        6.891708446173524,
        6.0121392968973115
    ],
    "fft_nfft": 4096.0,
    "fft_norm": [
        70.67329302828085,
        29.32670697171915
    ],
    "fft_peak": [
        0.0234375,
        0.08203125,
        0.2138671875
    ],
    "fft_ratio": 2.409861192272074,
    "fft_rel": [
        47.06069367122801,
        37.41395108887225,
        15.525355239899733
    ],
    "fft_resampling_frequency": 4.0,
    "fft_total": 2630.252093264682,
    "fft_window": "hamming",
    "hr_max": 84.86562942008487,
    "hr_mean": 72.37016362878074,
    "hr_min": 60.0,
    "hr_std": 5.0704596602679,
    "lomb_abs": [
        221.96779742803983,
        749.2965798018082,
        1625.5909886078584
    ],
    "lomb_bands": {
        "hf": [
            0.15,
            0.4
        ],
        "lf": [
            0.04,
            0.15
        ],
        "ulf": null,
        "vlf": [
            0.0,
            0.04
        ]
    },
    "lomb_log": [
        5.402532314720098,
        6.619134872835369,
        7.393626713943514
    ],
    "lomb_ma": "n/a",
    "lomb_nfft": 256.0,
    "lomb_norm": [
        31.550823279755157,
        68.44917672024485
    ],
    "lomb_peak": [
        0.00803921568627451,
        0.10129411764705883,
        0.36498039215686273
    ],
    "lomb_ratio": 0.46093795121459125,
    "lomb_rel": [
        8.547561036632334,
        28.85399740235808,
        62.59844156100959
    ],
    "lomb_total": 2596.8553658377064,
    "nn20": 159.0,
    "nn50": 42.0,
    "nni_counter": 289.0,
    "nni_diff_max": 100.0,
    "nni_diff_mean": 26.645833333333332,
    "nni_diff_min": 0.0,
    "nni_max": 1000.0,
    "nni_mean": 833.1349480968859,
    "nni_min": 707.0,
    "pnn20": 55.208333333333336,
    "pnn50": 14.583333333333334,
    "rmssd": 33.689142662485985,
    "sampen": 1.5296542385659238,
    "sd1": 23.82055593454662,
    "sd2": 78.99443847995812,
    "sd_ratio": 3.3162298435442303,
    "sdann": "n/a",
    "sdnn": 58.44351906091034,
    "sdnn_index": "n/a",
    "sdsd": 20.65038955686246,
    "tinn": 226.5625,
    "tinn_m": 953.125,
    "tinn_n": 726.5625,
    "tri_index": 13.136363636363637
}