{
    "Comment": "None",
    "Name": "C:\\Users\\admin\\HRV-Bienestar-Tecnologia\\HRV_Reports\\Grupo_Control\\Susana-test\\Momento_3.json",
    "ar_abs": [
        2787.865252708014,
        6145.600900542017,
        11712.97683287645
    ],
    "ar_bands": {
        "hf": [
            0.15,
            0.4
        ],
        "lf": [
            0.04,
            0.15
        ],
        "ulf": null,
        "vlf": [
            0.0,
            0.04
        ]
    },
    "ar_interpolation": "cubic",
    "ar_log": [
        7.933031439546004,
        8.723491804126063,
        9.368452637169554
    ],
    "ar_nfft": 4096.0,
    "ar_norm": [
        34.41259988493851,
        65.58740011506148
    ],
    "ar_order": 16.0,
    "ar_peak": [
        0.0,
        0.0400390625,
        0.150390625
    ],
    "ar_ratio": 0.5246830919439966,
    "ar_rel": [
        13.502884029860926,
        29.76590643081521,
        56.73120953932387
    ],
    "ar_resampling_frequency": 4.0,
    "ar_total": 20646.44298612648,
    "dfa_alpha1": "nan",
    "dfa_alpha1_beats": [
        4,
        5,
        6,
        7,
        8,
        9,
        10,
        11,
        12,
        13,
        14,
        15,
        16
    ],
    "dfa_alpha2": "nan",
    "dfa_alpha2_beats": [
        17,
        18,
        19,
        20,
        21,
        22,
        23,
        24,
        25,
        26,
        27,
        28,
        29,
        30,
        31,
        32,
        33,
        34,
        35,
        36,
        37,
        38,
        39,
        40,
        41,
        42,
        43,
        44,
        45,
        46,
        47,
        48,
        49,
        50,
        51,
        52,
        53,
        54,
        55,
        56,
        57,
        58,
        59,
        60,
        61,
        62,
        63,
        64
    ],
    "ellipse_area": 13475.699365940007,
    "fft_abs": [
        2601.720771543849,
        3928.271151335409,
        626.6736520979763
    ],
    "fft_bands": {
        "hf": [
            0.15,
            0.4
        ],
        "lf": [
            0.04,
            0.15
        ],
        "ulf": null,
        "vlf": [
            0.0,
            0.04
        ]
    },
    "fft_interpolation": "cubic",
    "fft_log": [
        7.86392834030241,
        8.275954697472574,
        6.440425914058614
    ],
    "fft_nfft": 4096.0,
    "fft_norm": [
        86.2419045862947,
        13.758095413705295
    ],
    "fft_peak": [
        0.025390625,
        0.07421875,
        0.2021484375
    ],
    "fft_ratio": 6.268447920515492,
    "fft_rel": [
        36.35381232065081,
        54.88968445123839,
        8.756503228110805
    ],
    "fft_resampling_frequency": 4.0,
    "fft_total": 7156.665574977234,
    "fft_window": "hamming",
    "hr_max": 89.68609865470852,
    "hr_mean": 75.66314274414327,
    "hr_min": 59.11330049261084,
    "hr_std": 8.970862390014776,
    "lomb_abs": [
        2104.0601591372574,
        6431.012598815201,
        12160.297084265509
    ],
    "lomb_bands": {
        "hf": [
            0.15,
            0.4
        ],
        "lf": [
            0.04,
            0.15
        ],
        "ulf": null,
        "vlf": [
            0.0,
            0.04
        ]
    },
    "lomb_log": [
        7.65162416619468,
        8.768887285208548,
        9.405931586493553
    ],
    "lomb_ma": "n/a",
    "lomb_nfft": 256.0,
    "lomb_norm": [
        34.59149843901442,
        65.40850156098557
    ],
    "lomb_peak": [
        0.012862745098039216,
        0.14631372549019608,
        0.36498039215686273
    ],
    "lomb_ratio": 0.5288532471082831,
    "lomb_rel": [
        10.16681593602176,
        31.07464446320799,
        58.758539600770256
    ],
    "lomb_total": 20695.369842217966,
    "nn20": 23.0,
    "nn50": 8.0,
    "nni_counter": 38.0,
    "nni_diff_max": 131.0,
    "nni_diff_mean": 34.729729729729726,
    "nni_diff_min": 0.0,
    "nni_max": 1015.0,
    "nni_mean": 804.3684210526316,
    "nni_min": 669.0,
    "pnn20": 62.16216216216216,
    "pnn50": 21.62162162162162,
    "rmssd": 46.65833258915282,
    "sampen": 1.6739764335716716,
    "sd1": 32.95240829687438,
    "sd2": 130.17101186580675,
    "sd_ratio": 3.9502730936407398,
    "sdann": "n/a",
    "sdnn": 99.24700854709755,
    "sdnn_index": "n/a",
    "sdsd": 31.588191050039786,
    "tinn": 23.4375,
    "tinn_m": 718.75,
    "tinn_n": 695.3125,
    "tri_index": 9.5
}