{
    "Comment": "None",
    "Name": "C:\\Users\\admin\\HRV-Bienestar-Tecnologia\\HRV_Reports\\Grupo_Control\\Susana-test\\Momento_5.json",
    "ar_abs": [
        2824.761402441393,
        6230.775026822686,
        11663.407187365947
    ],
    "ar_bands": {
        "hf": [
            0.15,
            0.4
        ],
        "lf": [
            0.04,
            0.15
        ],
        "ulf": null,
        "vlf": [
            0.0,
            0.04
        ]
    },
    "ar_interpolation": "cubic",
    "ar_log": [
        7.946179180700871,
        8.737256006423408,
        9.364211628828416
    ],
    "ar_nfft": 4096.0,
    "ar_norm": [
        34.820116126246816,
        65.17988387375318
    ],
    "ar_order": 16.0,
    "ar_peak": [
        0.0,
        0.0400390625,
        0.150390625
    ],
    "ar_ratio": 0.5342156821526385,
    "ar_rel": [
        13.633713449435245,
        30.072841270833738,
        56.293445279731024
    ],
    "ar_resampling_frequency": 4.0,
    "ar_total": 20718.943616630026,
    "dfa_alpha1": "nan",
    "dfa_alpha1_beats": [
        4,
        5,
        6,
        7,
        8,
        9,
        10,
        11,
        12,
        13,
        14,
        15,
        16
    ],
    "dfa_alpha2": "nan",
    "dfa_alpha2_beats": [
        17,
        18,
        19,
        20,
        21,
        22,
        23,
        24,
        25,
        26,
        27,
        28,
        29,
        30,
        31,
        32,
        33,
        34,
        35,
        36,
        37,
        38,
        39,
        40,
        41,
        42,
        43,
        44,
        45,
        46,
        47,
        48,
        49,
        50,
        51,
        52,
        53,
        54,
        55,
        56,
        57,
        58,
        59,
        60,
        61,
        62,
        63,
        64
    ],
    "ellipse_area": 10769.89700901243,
    "fft_abs": [
        1347.369233509709,
        2815.150618964808,
        431.18997894524193
    ],
    "fft_bands": {
        "hf": [
            0.15,
            0.4
        ],
        "lf": [
            0.04,
            0.15
        ],
        "ulf": null,
        "vlf": [
            0.0,
            0.04
        ]
    },
    "fft_interpolation": "cubic",
    "fft_log": [
        7.205909254296519,
        7.942771044991359,
        6.066548779401828
    ],
    "fft_nfft": 4096.0,
    "fft_norm": [
        86.71766051834376,
        13.282339481656246
    ],
    "fft_peak": [
        0.0341796875,
        0.0400390625,
        0.150390625
    ],
    "fft_ratio": 6.528794165975532,
    "fft_rel": [
        29.330743189177078,
        61.28272621204594,
        9.386530598776977
    ],
    "fft_resampling_frequency": 4.0,
    "fft_total": 4593.709831419759,
    "fft_window": "hamming",
    "hr_max": 77.31958762886597,
    "hr_mean": 64.50824924305842,
    "hr_min": 56.98005698005698,
    "hr_std": 5.451428595373054,
    "lomb_abs": [
        3465.4190684818245,
        7159.204801339342,
        16187.995834646086
    ],
    "lomb_bands": {
        "hf": [
            0.15,
            0.4
        ],
        "lf": [
            0.04,
            0.15
        ],
        "ulf": null,
        "vlf": [
            0.0,
            0.04
        ]
    },
    "lomb_log": [
        8.150588847595753,
        8.876154192521478,
        9.69202524868451
    ],
    "lomb_ma": "n/a",
    "lomb_nfft": 256.0,
    "lomb_norm": [
        30.66408222964744,
        69.33591777035255
    ],
    "lomb_peak": [
        0.00803921568627451,
        0.09968627450980393,
        0.36498039215686273
    ],
    "lomb_ratio": 0.44225393152233056,
    "lomb_rel": [
        12.924582180623146,
        26.7008777219428,
        60.37454009743406
    ],
    "lomb_total": 26812.61970446725,
    "nn20": 22.0,
    "nn50": 9.0,
    "nni_counter": 32.0,
    "nni_diff_max": 123.0,
    "nni_diff_mean": 39.935483870967744,
    "nni_diff_min": 0.0,
    "nni_max": 1053.0,
    "nni_mean": 936.25,
    "nni_min": 776.0,
    "pnn20": 70.96774193548387,
    "pnn50": 29.03225806451613,
    "rmssd": 49.62374561671316,
    "sampen": Infinity,
    "sd1": 34.89417627601015,
    "sd2": 98.24460861415339,
    "sd_ratio": 2.8155015850509373,
    "sdann": "n/a",
    "sdnn": 75.28355001742284,
    "sdnn_index": "n/a",
    "sdsd": 29.943207893021935,
    "tinn": 23.4375,
    "tinn_m": 898.4375,
    "tinn_n": 875.0,
    "tri_index": 8.0
}