{
    "Comment": "None",
    "Name": "C:\\Users\\admin\\HRV-Bienestar-Tecnologia\\HRV_Reports\\Grupo_Control\\Susana-test\\Momento_4.json",
    "ar_abs": [
        2798.0511850393177,
        6256.598811031605,
        11713.123885284043
    ],
    "ar_bands": {
        "hf": [
            0.15,
            0.4
        ],
        "lf": [
            0.04,
            0.15
        ],
        "ulf": null,
        "vlf": [
            0.0,
            0.04
        ]
    },
    "ar_interpolation": "cubic",
    "ar_log": [
        7.93667844849603,
        8.74139199552038,
        9.36846519174783
    ],
    "ar_nfft": 4096.0,
    "ar_norm": [
        34.81744775234846,
        65.18255224765153
    ],
    "ar_order": 16.0,
    "ar_peak": [
        0.0,
        0.0400390625,
        0.150390625
    ],
    "ar_ratio": 0.5341528760651268,
    "ar_rel": [
        13.473043384545761,
        30.126477911283008,
        56.40047870417123
    ],
    "ar_resampling_frequency": 4.0,
    "ar_total": 20767.773881354966,
    "dfa_alpha1": "nan",
    "dfa_alpha1_beats": [
        4,
        5,
        6,
        7,
        8,
        9,
        10,
        11,
        12,
        13,
        14,
        15,
        16
    ],
    "dfa_alpha2": "nan",
    "dfa_alpha2_beats": [
        17,
        18,
        19,
        20,
        21,
        22,
        23,
        24,
        25,
        26,
        27,
        28,
        29,
        30,
        31,
        32,
        33,
        34,
        35,
        36,
        37,
        38,
        39,
        40,
        41,
        42,
        43,
        44,
        45,
        46,
        47,
        48,
        49,
        50,
        51,
        52,
        53,
        54,
        55,
        56,
        57,
        58,
        59,
        60,
        61,
        62,
        63,
        64
    ],
    "ellipse_area": 11445.661012152128,
    "fft_abs": [
        1511.2161187942866,
        2504.506335480274,
        2068.5952625893333
    ],
    "fft_bands": {
        "hf": [
            0.15,
            0.4
        ],
        "lf": [
            0.04,
            0.15
        ],
        "ulf": null,
        "vlf": [
            0.0,
            0.04
        ]
    },
    "fft_interpolation": "cubic",
    "fft_log": [
        7.320669982352151,
        7.825846922433231,
        7.634625038787998
    ],
    "fft_nfft": 4096.0,
    "fft_norm": [
        54.76603311278878,
        45.23396688721122
    ],
    "fft_peak": [
        0.0390625,
        0.0400390625,
        0.1806640625
    ],
    "fft_ratio": 1.2107280630360218,
    "fft_rel": [
        24.837889622457602,
        41.163306257635725,
        33.99880411990667
    ],
    "fft_resampling_frequency": 4.0,
    "fft_total": 6084.317716863894,
    "fft_window": "hamming",
    "hr_max": 71.59904534606206,
    "hr_mean": 63.41149472128657,
    "hr_min": 54.94505494505494,
    "hr_std": 4.897334141904242,
    "lomb_abs": [
        3430.5146607454026,
        6653.589066504186,
        18729.03812314744
    ],
    "lomb_bands": {
        "hf": [
            0.15,
            0.4
        ],
        "lf": [
            0.04,
            0.15
        ],
        "ulf": null,
        "vlf": [
            0.0,
            0.04
        ]
    },
    "lomb_log": [
        8.14046557576863,
        8.802911697307994,
        9.837830439242088
    ],
    "lomb_ma": "n/a",
    "lomb_nfft": 256.0,
    "lomb_norm": [
        26.213161532848822,
        73.78683846715117
    ],
    "lomb_peak": [
        0.00803921568627451,
        0.061098039215686274,
        0.36498039215686273
    ],
    "lomb_ratio": 0.3552552471064137,
    "lomb_rel": [
        11.906076326411215,
        23.09220251318238,
        65.00172116040642
    ],
    "lomb_total": 28813.141850397027,
    "nn20": 19.0,
    "nn50": 11.0,
    "nni_counter": 32.0,
    "nni_diff_max": 146.0,
    "nni_diff_mean": 40.41935483870968,
    "nni_diff_min": 0.0,
    "nni_max": 1092.0,
    "nni_mean": 951.6875,
    "nni_min": 838.0,
    "pnn20": 61.29032258064516,
    "pnn50": 35.483870967741936,
    "rmssd": 54.08446202245211,
    "sampen": Infinity,
    "sd1": 38.21109013034058,
    "sd2": 95.34580253138466,
    "sd_ratio": 2.4952390053817823,
    "sdann": "n/a",
    "sdnn": 73.51516740584678,
    "sdnn_index": "n/a",
    "sdsd": 36.53014663128558,
    "tinn": 15.625,
    "tinn_m": 976.5625,
    "tinn_n": 960.9375,
    "tri_index": 8.0
}