{
    "Comment": "None",
    "Name": "C:\\Users\\admin\\HRV-Bienestar-Tecnologia\\HRV_Reports\\Grupo_Control\\Susana-test\\Momento_2.json",
    "ar_abs": [
        2780.756497499842,
        6110.463167619947,
        11454.873474314943
    ],
    "ar_bands": {
        "hf": [
            0.15,
            0.4
        ],
        "lf": [
            0.04,
            0.15
        ],
        "ulf": null,
        "vlf": [
            0.0,
            0.04
        ]
    },
    "ar_interpolation": "cubic",
    "ar_log": [
        7.93047829106919,
        8.71775785414038,
        9.346170549371767
    ],
    "ar_nfft": 4096.0,
    "ar_norm": [
        34.78705414066494,
        65.21294585933506
    ],
    "ar_order": 16.0,
    "ar_peak": [
        0.0,
        0.0400390625,
        0.150390625
    ],
    "ar_ratio": 0.5334378578097199,
    "ar_rel": [
        13.667274982193947,
        30.032611793055576,
        56.30011322475048
    ],
    "ar_resampling_frequency": 4.0,
    "ar_total": 20346.09313943473,
    "dfa_alpha1": "nan",
    "dfa_alpha1_beats": [
        4,
        5,
        6,
        7,
        8,
        9,
        10,
        11,
        12,
        13,
        14,
        15,
        16
    ],
    "dfa_alpha2": "nan",
    "dfa_alpha2_beats": [
        17,
        18,
        19,
        20,
        21,
        22,
        23,
        24,
        25,
        26,
        27,
        28,
        29,
        30,
        31,
        32,
        33,
        34,
        35,
        36,
        37,
        38,
        39,
        40,
        41,
        42,
        43,
        44,
        45,
        46,
        47,
        48,
        49,
        50,
        51,
        52,
        53,
        54,
        55,
        56,
        57,
        58,
        59,
        60,
        61,
        62,
        63,
        64
    ],
    "ellipse_area": 8066.216814711245,
    "fft_abs": [
        471.7163563769609,
        3843.348553856646,
        290.78820679249355
    ],
    "fft_bands": {
        "hf": [
            0.15,
            0.4
        ],
        "lf": [
            0.04,
            0.15
        ],
        "ulf": null,
        "vlf": [
            0.0,
            0.04
        ]
    },
    "fft_interpolation": "cubic",
    "fft_log": [
        6.156377865069494,
        8.25409928482739,
        5.672595190478326
    ],
    "fft_nfft": 4096.0,
    "fft_norm": [
        92.96616866765594,
        7.033831332344075
    ],
    "fft_peak": [
        0.0390625,
        0.0751953125,
        0.3984375
    ],
    "fft_ratio": 13.217002836016865,
    "fft_rel": [
        10.241671724901595,
        83.44487885749629,
        6.313449417602122
    ],
    "fft_resampling_frequency": 4.0,
    "fft_total": 4605.8531170261,
    "fft_window": "hamming",
    "hr_max": 89.68609865470852,
    "hr_mean": 73.354962251376,
    "hr_min": 65.00541711809318,
    "hr_std": 5.9439133993027955,
    "lomb_abs": [
        2138.5238736507845,
        6469.851082756383,
        14651.022045826057
    ],
    "lomb_bands": {
        "hf": [
            0.15,
            0.4
        ],
        "lf": [
            0.04,
            0.15
        ],
        "ulf": null,
        "vlf": [
            0.0,
            0.04
        ]
    },
    "lomb_log": [
        7.66787109134128,
        8.77490837065454,
        9.592265376232012
    ],
    "lomb_ma": "n/a",
    "lomb_nfft": 256.0,
    "lomb_norm": [
        30.63249820861273,
        69.36750179138727
    ],
    "lomb_peak": [
        0.004823529411764706,
        0.07717647058823529,
        0.344078431372549
    ],
    "lomb_ratio": 0.4415972525684367,
    "lomb_rel": [
        9.194236090666738,
        27.816074002843617,
        62.989689906489644
    ],
    "lomb_total": 23259.397002233225,
    "nn20": 24.0,
    "nn50": 9.0,
    "nni_counter": 37.0,
    "nni_diff_max": 100.0,
    "nni_diff_mean": 33.583333333333336,
    "nni_diff_min": 0.0,
    "nni_max": 923.0,
    "nni_mean": 823.027027027027,
    "nni_min": 669.0,
    "pnn20": 66.66666666666666,
    "pnn50": 25.0,
    "rmssd": 42.221966373493835,
    "sampen": 2.3978952727983707,
    "sd1": 29.824661216293247,
    "sd2": 86.0883728939679,
    "sd_ratio": 2.8864828428273217,
    "sdann": "n/a",
    "sdnn": 64.76173702567421,
    "sdnn_index": "n/a",
    "sdsd": 25.953117071255345,
    "tinn": 31.25,
    "tinn_m": 757.8125,
    "tinn_n": 726.5625,
    "tri_index": 9.25
}