{
    "Comment": "None",
    "Name": "C:\\Users\\admin\\HRV-Bienestar-Tecnologia\\HRV_Reports\\Grupo_Control\\Susana-test\\Momento_1.json",
    "ar_abs": [
        2765.7822509694797,
        6120.470298537555,
        11332.721282585808
    ],
    "ar_bands": {
        "hf": [
            0.15,
            0.4
        ],
        "lf": [
            0.04,
            0.15
        ],
        "ulf": null,
        "vlf": [
            0.0,
            0.04
        ]
    },
    "ar_interpolation": "cubic",
    "ar_log": [
        7.925078785687485,
        8.719394218720124,
        9.335449508994172
    ],
    "ar_nfft": 4096.0,
    "ar_norm": [
        35.067914484805165,
        64.93208551519484
    ],
    "ar_order": 16.0,
    "ar_peak": [
        0.0,
        0.0400390625,
        0.150390625
    ],
    "ar_ratio": 0.5400706631638819,
    "ar_rel": [
        13.679142541741923,
        30.2709244760125,
        56.049932982245565
    ],
    "ar_resampling_frequency": 4.0,
    "ar_total": 20218.973832092845,
    "dfa_alpha1": "nan",
    "dfa_alpha1_beats": [
        4,
        5,
        6,
        7,
        8,
        9,
        10,
        11,
        12,
        13,
        14,
        15,
        16
    ],
    "dfa_alpha2": "nan",
    "dfa_alpha2_beats": [
        17,
        18,
        19,
        20,
        21,
        22,
        23,
        24,
        25,
        26,
        27,
        28,
        29,
        30,
        31,
        32,
        33,
        34,
        35,
        36,
        37,
        38,
        39,
        40,
        41,
        42,
        43,
        44,
        45,
        46,
        47,
        48,
        49,
        50,
        51,
        52,
        53,
        54,
        55,
        56,
        57,
        58,
        59,
        60,
        61,
        62,
        63,
        64
    ],
    "ellipse_area": 11669.2516566405,
    "fft_abs": [
        2421.076238141097,
        2797.593970116894,
        489.23240344714185
    ],
    "fft_bands": {
        "hf": [
            0.15,
            0.4
        ],
        "lf": [
            0.04,
            0.15
        ],
        "ulf": null,
        "vlf": [
            0.0,
            0.04
        ]
    },
    "fft_interpolation": "cubic",
    "fft_log": [
        7.791967446793795,
        7.936515030369696,
        6.19283763924643
    ],
    "fft_nfft": 4096.0,
    "fft_norm": [
        85.11535603516995,
        14.884643964830056
    ],
    "fft_peak": [
        0.03125,
        0.0400390625,
        0.15625
    ],
    "fft_ratio": 5.7183333532386404,
    "fft_rel": [
        42.41621490135839,
        49.012643705235945,
        8.571141393405668
    ],
    "fft_resampling_frequency": 4.0,
    "fft_total": 5707.902611705133,
    "fft_window": "hamming",
    "hr_max": 85.71428571428571,
    "hr_mean": 69.94915915158377,
    "hr_min": 58.651026392961874,
    "hr_std": 7.313207718968876,
    "lomb_abs": [
        1973.8877641334109,
        6137.036382916375,
        16287.403016401382
    ],
    "lomb_bands": {
        "hf": [
            0.15,
            0.4
        ],
        "lf": [
            0.04,
            0.15
        ],
        "ulf": null,
        "vlf": [
            0.0,
            0.04
        ]
    },
    "lomb_log": [
        7.587760361301729,
        8.722097230824575,
        9.698147266935027
    ],
    "lomb_ma": "n/a",
    "lomb_nfft": 256.0,
    "lomb_norm": [
        27.36762455298253,
        72.63237544701747
    ],
    "lomb_peak": [
        0.038588235294117645,
        0.12541176470588236,
        0.3971372549019608
    ],
    "lomb_ratio": 0.3767964958401528,
    "lomb_rel": [
        8.090258610394837,
        25.15351295112433,
        66.75622843848082
    ],
    "lomb_total": 24398.32716345117,
    "nn20": 23.0,
    "nn50": 13.0,
    "nni_counter": 35.0,
    "nni_diff_max": 93.0,
    "nni_diff_mean": 36.5,
    "nni_diff_min": 0.0,
    "nni_max": 1023.0,
    "nni_mean": 866.6571428571428,
    "nni_min": 700.0,
    "pnn20": 67.64705882352942,
    "pnn50": 38.23529411764706,
    "rmssd": 44.872695746181904,
    "sampen": 2.1972245773362196,
    "sd1": 31.474882884534384,
    "sd2": 118.0127716535647,
    "sd_ratio": 3.749426871149754,
    "sdann": "n/a",
    "sdnn": 87.98761371958685,
    "sdnn_index": "n/a",
    "sdsd": 26.494424799465744,
    "tinn": 46.875,
    "tinn_m": 867.1875,
    "tinn_n": 820.3125,
    "tri_index": 11.666666666666666
}