{
    "Comment": "None",
    "Name": "C:\\Users\\Juan Pablo Botero T\\OneDrive - Universidad de los Andes\\Documentos\\JPB\\Personal\\Bienestar y Tecnolog\u00eda\\Codigo\\HRV-Bienestar-Tecnologia\\HRV_Reports\\MariaFernandaSantoyo-6-12-2021\\HRV_interactive.json",
    "ar_abs": [
        2543.8065908207245,
        5283.625529686803,
        9527.558789580355
    ],
    "ar_bands": {
        "hf": [
            0.15,
            0.4
        ],
        "lf": [
            0.04,
            0.15
        ],
        "ulf": null,
        "vlf": [
            0.0,
            0.04
        ]
    },
    "ar_interpolation": "cubic",
    "ar_log": [
        7.841416895949134,
        8.57236779441153,
        9.16194380324384
    ],
    "ar_nfft": 4096.0,
    "ar_norm": [
        35.673214347981535,
        64.32678565201846
    ],
    "ar_order": 16.0,
    "ar_peak": [
        0.0,
        0.0400390625,
        0.150390625
    ],
    "ar_ratio": 0.554562364439582,
    "ar_rel": [
        14.657493075044444,
        30.44441542528038,
        54.898091499675175
    ],
    "ar_resampling_frequency": 4.0,
    "ar_total": 17354.990910087883,
    "dfa_alpha1": 1.5198921058997545,
    "dfa_alpha1_beats": [
        4,
        5,
        6,
        7,
        8,
        9,
        10,
        11,
        12,
        13,
        14,
        15,
        16
    ],
    "dfa_alpha2": 0.928326349076801,
    "dfa_alpha2_beats": [
        17,
        18,
        19,
        20,
        21,
        22,
        23,
        24,
        25,
        26,
        27,
        28,
        29,
        30,
        31,
        32,
        33,
        34,
        35,
        36,
        37,
        38,
        39,
        40,
        41,
        42,
        43,
        44,
        45,
        46,
        47,
        48,
        49,
        50,
        51,
        52,
        53,
        54,
        55,
        56,
        57,
        58,
        59,
        60,
        61,
        62,
        63,
        64
    ],
    "ellipse_area": 7835.945473996417,
    "fft_abs": [
        2212.6615785971444,
        2449.86461669304,
        450.9763690295837
    ],
    "fft_bands": {
        "hf": [
            0.15,
            0.4
        ],
        "lf": [
            0.04,
            0.15
        ],
        "ulf": null,
        "vlf": [
            0.0,
            0.04
        ]
    },
    "fft_interpolation": "cubic",
    "fft_log": [
        7.701951404089948,
        7.803788043519329,
        6.111414941299725
    ],
    "fft_nfft": 4096.0,
    "fft_norm": [
        84.45359910283942,
        15.546400897160577
    ],
    "fft_peak": [
        0.009765625,
        0.0693359375,
        0.19140625
    ],
    "fft_ratio": 5.432356959112265,
    "fft_rel": [
        43.27095861917275,
        47.909717182647725,
        8.819324198179523
    ],
    "fft_resampling_frequency": 4.0,
    "fft_total": 5113.502564319768,
    "fft_window": "hamming",
    "hr_max": 77.31958762886597,
    "hr_mean": 64.90370916708162,
    "hr_min": 54.94505494505494,
    "hr_std": 5.365517933788042,
    "lomb_abs": [
        378.18415858142606,
        747.8707460157311,
        2354.3234973868944
    ],
    "lomb_bands": {
        "hf": [
            0.15,
            0.4
        ],
        "lf": [
            0.04,
            0.15
        ],
        "ulf": null,
        "vlf": [
            0.0,
            0.04
        ]
    },
    "lomb_log": [
        5.935381268994445,
        6.617230163598723,
        7.764008702926717
    ],
    "lomb_ma": "n/a",
    "lomb_nfft": 256.0,
    "lomb_norm": [
        24.10779878165956,
        75.89220121834043
    ],
    "lomb_peak": [
        0.027333333333333334,
        0.13023529411764706,
        0.36498039215686273
    ],
    "lomb_ratio": 0.31765844704256074,
    "lomb_rel": [
        10.866179331702423,
        21.488202133118463,
        67.64561853517912
    ],
    "lomb_total": 3480.3784019840514,
    "nn20": 141.0,
    "nn50": 32.0,
    "nni_counter": 259.0,
    "nni_diff_max": 115.0,
    "nni_diff_mean": 25.856589147286822,
    "nni_diff_min": 0.0,
    "nni_max": 1092.0,
    "nni_mean": 930.7876447876448,
    "nni_min": 776.0,
    "pnn20": 54.65116279069767,
    "pnn50": 12.4031007751938,
    "rmssd": 33.055450241944584,
    "sampen": 1.1101731110691857,
    "sd1": 23.373696867335276,
    "sd2": 106.71221271188445,
    "sd_ratio": 4.5654828723741465,
    "sdann": "n/a",
    "sdnn": 77.25266409854709,
    "sdnn_index": "n/a",
    "sdsd": 20.633704982792704,
    "tinn": 234.375,
    "tinn_m": 1015.625,
    "tinn_n": 781.25,
    "tri_index": 12.95
}