{
    "Comment": "None",
    "Name": "C:\\Users\\Juan Pablo Botero T\\OneDrive - Universidad de los Andes\\Documentos\\JPB\\Personal\\Bienestar y Tecnolog\u00eda\\Codigo\\HRV-Bienestar-Tecnologia\\HRV_Reports\\MariaFernandaSantoyo-6-12-2021\\HRV_final.json",
    "ar_abs": [
        2556.894521702271,
        5311.968026544939,
        9775.997828534222
    ],
    "ar_bands": {
        "hf": [
            0.15,
            0.4
        ],
        "lf": [
            0.04,
            0.15
        ],
        "ulf": null,
        "vlf": [
            0.0,
            0.04
        ]
    },
    "ar_interpolation": "cubic",
    "ar_log": [
        7.846548723639517,
        8.577717672038935,
        9.18768545928924
    ],
    "ar_nfft": 4096.0,
    "ar_norm": [
        35.20665461180597,
        64.79334538819403
    ],
    "ar_order": 16.0,
    "ar_peak": [
        0.0,
        0.0400390625,
        0.150390625
    ],
    "ar_ratio": 0.5433683721819521,
    "ar_rel": [
        14.490874209845517,
        30.104902578514398,
        55.404223211640094
    ],
    "ar_resampling_frequency": 4.0,
    "ar_total": 17644.86037678143,
    "dfa_alpha1": 1.364726707161939,
    "dfa_alpha1_beats": [
        4,
        5,
        6,
        7,
        8,
        9,
        10,
        11,
        12,
        13,
        14,
        15,
        16
    ],
    "dfa_alpha2": 1.003416875262891,
    "dfa_alpha2_beats": [
        17,
        18,
        19,
        20,
        21,
        22,
        23,
        24,
        25,
        26,
        27,
        28,
        29,
        30,
        31,
        32,
        33,
        34,
        35,
        36,
        37,
        38,
        39,
        40,
        41,
        42,
        43,
        44,
        45,
        46,
        47,
        48,
        49,
        50,
        51,
        52,
        53,
        54,
        55,
        56,
        57,
        58,
        59,
        60,
        61,
        62,
        63,
        64
    ],
    "ellipse_area": 9379.090685397381,
    "fft_abs": [
        3091.8851353412374,
        1838.4540180848549,
        449.41153035952493
    ],
    "fft_bands": {
        "hf": [
            0.15,
            0.4
        ],
        "lf": [
            0.04,
            0.15
        ],
        "ulf": null,
        "vlf": [
            0.0,
            0.04
        ]
    },
    "fft_interpolation": "cubic",
    "fft_log": [
        8.036536260033197,
        7.516680289868239,
        6.107939016652895
    ],
    "fft_nfft": 4096.0,
    "fft_norm": [
        80.35673334627991,
        19.643266653720083
    ],
    "fft_peak": [
        0.0107421875,
        0.0732421875,
        0.2158203125
    ],
    "fft_ratio": 4.090802958736082,
    "fft_rel": [
        57.472647285683195,
        34.1735914198755,
        8.353761294441316
    ],
    "fft_resampling_frequency": 4.0,
    "fft_total": 5379.750683785616,
    "fft_window": "hamming",
    "hr_max": 76.53061224489795,
    "hr_mean": 62.431286854924096,
    "hr_min": 48.78048780487805,
    "hr_std": 4.95308841734986,
    "lomb_abs": [
        415.90653966534103,
        906.3911558883497,
        2067.759852440488
    ],
    "lomb_bands": {
        "hf": [
            0.15,
            0.4
        ],
        "lf": [
            0.04,
            0.15
        ],
        "ulf": null,
        "vlf": [
            0.0,
            0.04
        ]
    },
    "lomb_log": [
        6.030460570754459,
        6.809470952261459,
        7.6342211033728935
    ],
    "lomb_ma": "n/a",
    "lomb_nfft": 256.0,
    "lomb_norm": [
        30.47562660235086,
        69.52437339764913
    ],
    "lomb_peak": [
        0.02572549019607843,
        0.09325490196078431,
        0.1656078431372549
    ],
    "lomb_ratio": 0.43834449867017933,
    "lomb_rel": [
        12.268421222271689,
        26.736748360647773,
        60.994830417080536
    ],
    "lomb_total": 3390.0575479941785,
    "nn20": 160.0,
    "nn50": 42.0,
    "nni_counter": 248.0,
    "nni_diff_max": 254.0,
    "nni_diff_mean": 30.720647773279353,
    "nni_diff_min": 0.0,
    "nni_max": 1230.0,
    "nni_mean": 967.133064516129,
    "nni_min": 784.0,
    "pnn20": 64.77732793522267,
    "pnn50": 17.00404858299595,
    "rmssd": 39.99493895107736,
    "sampen": 1.298131573525219,
    "sd1": 28.27946612005732,
    "sd2": 105.56978960995464,
    "sd_ratio": 3.7330899091860457,
    "sdann": "n/a",
    "sdnn": 77.39683243868821,
    "sdnn_index": "n/a",
    "sdsd": 25.66131224080615,
    "tinn": 85.9375,
    "tinn_m": 1039.0625,
    "tinn_n": 953.125,
    "tri_index": 9.92
}