{
    "Comment": "None",
    "Name": "C:\\Users\\admin\\HRV-Bienestar-Tecnologia\\HRV_Reports\\Experiencia_Mindfullness\\23-03-2022_KarenMartinez\\HRV_olfative.json",
    "ar_abs": [
        2511.126314454513,
        5183.507272254388,
        9383.022426204978
    ],
    "ar_bands": {
        "hf": [
            0.15,
            0.4
        ],
        "lf": [
            0.04,
            0.15
        ],
        "ulf": null,
        "vlf": [
            0.0,
            0.04
        ]
    },
    "ar_interpolation": "cubic",
    "ar_log": [
        7.828486662334618,
        8.553237185724349,
        9.146657210376182
    ],
    "ar_nfft": 4096.0,
    "ar_norm": [
        35.58505271713841,
        64.41494728286159
    ],
    "ar_order": 16.0,
    "ar_peak": [
        0.0,
        0.0400390625,
        0.150390625
    ],
    "ar_ratio": 0.5524347099264997,
    "ar_rel": [
        14.704162635408718,
        30.352568691714453,
        54.94326867287683
    ],
    "ar_resampling_frequency": 4.0,
    "ar_total": 17077.656012913878,
    "dfa_alpha1": 1.2799466405947781,
    "dfa_alpha1_beats": [
        4,
        5,
        6,
        7,
        8,
        9,
        10,
        11,
        12,
        13,
        14,
        15,
        16
    ],
    "dfa_alpha2": 1.0635627485902504,
    "dfa_alpha2_beats": [
        17,
        18,
        19,
        20,
        21,
        22,
        23,
        24,
        25,
        26,
        27,
        28,
        29,
        30,
        31,
        32,
        33,
        34,
        35,
        36,
        37,
        38,
        39,
        40,
        41,
        42,
        43,
        44,
        45,
        46,
        47,
        48,
        49,
        50,
        51,
        52,
        53,
        54,
        55,
        56,
        57,
        58,
        59,
        60,
        61,
        62,
        63,
        64
    ],
    "ellipse_area": 4375.176599415263,
    "fft_abs": [
        1045.2289802210555,
        557.5092582589099,
        315.99117729306056
    ],
    "fft_bands": {
        "hf": [
            0.15,
            0.4
        ],
        "lf": [
            0.04,
            0.15
        ],
        "ulf": null,
        "vlf": [
            0.0,
            0.04
        ]
    },
    "fft_interpolation": "cubic",
    "fft_log": [
        6.951991260224429,
        6.323479109938822,
        5.755714293238474
    ],
    "fft_nfft": 4096.0,
    "fft_norm": [
        63.824725846486416,
        36.175274153513584
    ],
    "fft_peak": [
        0.0234375,
        0.0732421875,
        0.171875
    ],
    "fft_ratio": 1.7643190643321587,
    "fft_rel": [
        54.47505894414765,
        29.056168820672312,
        16.468772235180058
    ],
    "fft_resampling_frequency": 4.0,
    "fft_total": 1918.7294157730257,
    "fft_window": "hamming",
    "hr_max": 82.1917808219178,
    "hr_mean": 69.82014048397669,
    "hr_min": 60.0,
    "hr_std": 4.060635045838825,
    "lomb_abs": [
        290.1780516911065,
        774.2760245874584,
        1843.0402933491796
    ],
    "lomb_bands": {
        "hf": [
            0.15,
            0.4
        ],
        "lf": [
            0.04,
            0.15
        ],
        "ulf": null,
        "vlf": [
            0.0,
            0.04
        ]
    },
    "lomb_log": [
        5.670494705925867,
        6.651928430929632,
        7.519171820344115
    ],
    "lomb_ma": "n/a",
    "lomb_nfft": 256.0,
    "lomb_norm": [
        29.582821888256102,
        70.4171781117439
    ],
    "lomb_peak": [
        0.00803921568627451,
        0.13666666666666666,
        0.3971372549019608
    ],
    "lomb_ratio": 0.42010802877263265,
    "lomb_rel": [
        9.980347845979107,
        26.6303533611517,
        63.389298792869184
    ],
    "lomb_total": 2907.4943696277446,
    "nn20": 146.0,
    "nn50": 26.0,
    "nni_counter": 279.0,
    "nni_diff_max": 115.0,
    "nni_diff_mean": 23.679856115107913,
    "nni_diff_min": 0.0,
    "nni_max": 1000.0,
    "nni_mean": 862.1720430107526,
    "nni_min": 730.0,
    "pnn20": 52.51798561151079,
    "pnn50": 9.352517985611511,
    "rmssd": 29.99262499276838,
    "sampen": 1.3490599779998473,
    "sd1": 21.20708415734237,
    "sd2": 65.66965807563346,
    "sd_ratio": 3.0965906292637198,
    "sdann": "n/a",
    "sdnn": 48.85302218641488,
    "sdnn_index": "n/a",
    "sdsd": 18.44031323827751,
    "tinn": 164.0625,
    "tinn_m": 953.125,
    "tinn_n": 789.0625,
    "tri_index": 11.16
}