{
    "Comment": "None",
    "Name": "D:\\Users\\jp.botero\\Documents\\Bienestar & Tecnolog\u00eda\\HRV-Bienestar-Tecnologia\\HRV_Reports\\MariaAlejandraCastro_30112021\\HRV_baseline.json",
    "ar_abs": [
        1983.5386865950384,
        3860.5671960936675,
        6329.8609743464785
    ],
    "ar_bands": {
        "hf": [
            0.15,
            0.4
        ],
        "lf": [
            0.04,
            0.15
        ],
        "ulf": null,
        "vlf": [
            0.0,
            0.04
        ]
    },
    "ar_interpolation": "cubic",
    "ar_log": [
        7.592637743971409,
        8.258569393657137,
        8.753033551918593
    ],
    "ar_nfft": 4096.0,
    "ar_norm": [
        37.88424913579389,
        62.11575086420612
    ],
    "ar_order": 16.0,
    "ar_peak": [
        0.0,
        0.0400390625,
        0.150390625
    ],
    "ar_ratio": 0.6098976283586147,
    "ar_rel": [
        16.293281474220343,
        31.7116617897041,
        51.99505673607556
    ],
    "ar_resampling_frequency": 4.0,
    "ar_total": 12173.966857035184,
    "dfa_alpha1": 1.222068546430618,
    "dfa_alpha1_beats": [
        4,
        5,
        6,
        7,
        8,
        9,
        10,
        11,
        12,
        13,
        14,
        15,
        16
    ],
    "dfa_alpha2": 0.9865689588376999,
    "dfa_alpha2_beats": [
        17,
        18,
        19,
        20,
        21,
        22,
        23,
        24,
        25,
        26,
        27,
        28,
        29,
        30,
        31,
        32,
        33,
        34,
        35,
        36,
        37,
        38,
        39,
        40,
        41,
        42,
        43,
        44,
        45,
        46,
        47,
        48,
        49,
        50,
        51,
        52,
        53,
        54,
        55,
        56,
        57,
        58,
        59,
        60,
        61,
        62,
        63,
        64
    ],
    "ellipse_area": 16.758643430557736,
    "fft_abs": [
        1.102730890238562,
        2.1870007844154005,
        1.7307525506850634
    ],
    "fft_bands": {
        "hf": [
            0.15,
            0.4
        ],
        "lf": [
            0.04,
            0.15
        ],
        "ulf": null,
        "vlf": [
            0.0,
            0.04
        ]
    },
    "fft_interpolation": "cubic",
    "fft_log": [
        0.09778973066533032,
        0.782531100366446,
        0.5485563143204345
    ],
    "fft_nfft": 4096.0,
    "fft_norm": [
        55.82283000875344,
        44.17716999124656
    ],
    "fft_peak": [
        0.0283203125,
        0.14453125,
        0.150390625
    ],
    "fft_ratio": 1.263612631135367,
    "fft_rel": [
        21.96463211004504,
        43.561550763914916,
        34.47381712604003
    ],
    "fft_resampling_frequency": 4.0,
    "fft_total": 5.020484225339026,
    "fft_window": "hamming",
    "hr_max": 759.493670886076,
    "hr_mean": 689.325764828877,
    "hr_min": 631.578947368421,
    "hr_std": 25.721771195594943,
    "lomb_abs": [
        207.45159282614117,
        687.6582749377393,
        1227.608555483914
    ],
    "lomb_bands": {
        "hf": [
            0.15,
            0.4
        ],
        "lf": [
            0.04,
            0.15
        ],
        "ulf": null,
        "vlf": [
            0.0,
            0.04
        ]
    },
    "lomb_log": [
        5.3348980248701094,
        6.533292021135865,
        7.112823291997863
    ],
    "lomb_ma": "n/a",
    "lomb_nfft": 256.0,
    "lomb_norm": [
        35.904045536378284,
        64.09595446362172
    ],
    "lomb_peak": [
        0.003215686274509804,
        0.14309803921568628,
        0.3296078431372549
    ],
    "lomb_ratio": 0.5601608687605387,
    "lomb_rel": [
        9.772920918486061,
        32.395171559570805,
        57.83190752194314
    ],
    "lomb_total": 2122.7184232477944,
    "nn20": 0.0,
    "nn50": 0.0,
    "nni_counter": 360.0,
    "nni_diff_max": 6.0,
    "nni_diff_mean": 1.33983286908078,
    "nni_diff_min": 0.0,
    "nni_max": 95.0,
    "nni_mean": 87.16111111111111,
    "nni_min": 79.0,
    "pnn20": 0.0,
    "pnn50": 0.0,
    "rmssd": 1.722374470362351,
    "sampen": 1.8292425624827955,
    "sd1": 1.217888333201281,
    "sd2": 4.380074705990256,
    "sd_ratio": 3.5964501724694315,
    "sdann": "n/a",
    "sdnn": 3.215844979025592,
    "sdnn_index": "n/a",
    "sdsd": 1.0838329330380374,
    "tinn": 23.4375,
    "tinn_m": 93.75,
    "tinn_n": 70.3125,
    "tri_index": 1.4814814814814814
}