{
    "Comment": "None",
    "Name": "C:\\Users\\admin\\HRV-Bienestar-Tecnologia\\HRV_Reports\\Grupo_Control\\01-03-2022_MateoCampo\\Momento_5.json",
    "ar_abs": [
        2545.5838508644993,
        5424.6039601723,
        10178.625463943034
    ],
    "ar_bands": {
        "hf": [
            0.15,
            0.4
        ],
        "lf": [
            0.04,
            0.15
        ],
        "ulf": null,
        "vlf": [
            0.0,
            0.04
        ]
    },
    "ar_interpolation": "cubic",
    "ar_log": [
        7.842115313622678,
        8.598700173010615,
        9.228045257799755
    ],
    "ar_nfft": 4096.0,
    "ar_norm": [
        34.76590526694677,
        65.23409473305324
    ],
    "ar_order": 16.0,
    "ar_peak": [
        0.0,
        0.0400390625,
        0.150390625
    ],
    "ar_ratio": 0.5329407177215161,
    "ar_rel": [
        14.026172468113224,
        29.88957943410395,
        56.08424809778283
    ],
    "ar_resampling_frequency": 4.0,
    "ar_total": 18148.81327497983,
    "dfa_alpha1": 1.520402826683961,
    "dfa_alpha1_beats": [
        4,
        5,
        6,
        7,
        8,
        9,
        10,
        11,
        12,
        13,
        14,
        15,
        16
    ],
    "dfa_alpha2": 0.5443239572885402,
    "dfa_alpha2_beats": [
        17,
        18,
        19,
        20,
        21,
        22,
        23,
        24,
        25,
        26,
        27,
        28,
        29,
        30,
        31,
        32,
        33,
        34,
        35,
        36,
        37,
        38,
        39,
        40,
        41,
        42,
        43,
        44,
        45,
        46,
        47,
        48,
        49,
        50,
        51,
        52,
        53,
        54,
        55,
        56,
        57,
        58,
        59,
        60,
        61,
        62,
        63,
        64
    ],
    "ellipse_area": 19900.22161448374,
    "fft_abs": [
        2251.396899709185,
        7239.0553197122435,
        3945.6698001161203
    ],
    "fft_bands": {
        "hf": [
            0.15,
            0.4
        ],
        "lf": [
            0.04,
            0.15
        ],
        "ulf": null,
        "vlf": [
            0.0,
            0.04
        ]
    },
    "fft_interpolation": "cubic",
    "fft_log": [
        7.719306146869558,
        8.887245996163685,
        8.28037400343503
    ],
    "fft_nfft": 4096.0,
    "fft_norm": [
        64.72269315656933,
        35.27730684343067
    ],
    "fft_peak": [
        0.0087890625,
        0.1005859375,
        0.185546875
    ],
    "fft_ratio": 1.8346835103888317,
    "fft_rel": [
        16.756299893938255,
        53.87756459182111,
        29.36613551424062
    ],
    "fft_resampling_frequency": 4.0,
    "fft_total": 13436.12201953755,
    "fft_window": "hamming",
    "hr_max": 89.68609865470852,
    "hr_mean": 74.1374011440453,
    "hr_min": 38.07106598984772,
    "hr_std": 7.78542950044116,
    "lomb_abs": [
        312.4318449169117,
        698.3077835015613,
        1681.880860094718
    ],
    "lomb_bands": {
        "hf": [
            0.15,
            0.4
        ],
        "lf": [
            0.04,
            0.15
        ],
        "ulf": null,
        "vlf": [
            0.0,
            0.04
        ]
    },
    "lomb_log": [
        5.744386349124125,
        6.54865995614754,
        7.427668005738032
    ],
    "lomb_ma": "n/a",
    "lomb_nfft": 256.0,
    "lomb_norm": [
        29.338337756560033,
        70.66166224343996
    ],
    "lomb_peak": [
        0.00803921568627451,
        0.10129411764705883,
        0.2797647058823529
    ],
    "lomb_ratio": 0.4151945598942335,
    "lomb_rel": [
        11.603263298699403,
        25.934133179204633,
        62.46260352209596
    ],
    "lomb_total": 2692.620488513191,
    "nn20": 162.0,
    "nn50": 52.0,
    "nni_counter": 294.0,
    "nni_diff_max": 746.0,
    "nni_diff_mean": 35.27303754266212,
    "nni_diff_min": 0.0,
    "nni_max": 1576.0,
    "nni_mean": 818.7823129251701,
    "nni_min": 669.0,
    "pnn20": 55.2901023890785,
    "pnn50": 17.747440273037544,
    "rmssd": 74.44325781971318,
    "sampen": 0.9601021187360353,
    "sd1": 52.637898408324254,
    "sd2": 120.3398590878543,
    "sd_ratio": 2.2861828212507724,
    "sdann": "n/a",
    "sdnn": 93.21021176290009,
    "sdnn_index": "n/a",
    "sdsd": 65.66832801878567,
    "tinn": 304.6875,
    "tinn_m": 937.5,
    "tinn_n": 632.8125,
    "tri_index": 17.294117647058822
}