{
    "Comment": "None",
    "Name": "C:\\Users\\admin\\HRV-Bienestar-Tecnologia\\HRV_Reports\\Grupo_Control\\01-03-2022_MateoCampo\\Momento_4.json",
    "ar_abs": [
        2506.561250584135,
        5356.946153826573,
        10072.945885330097
    ],
    "ar_bands": {
        "hf": [
            0.15,
            0.4
        ],
        "lf": [
            0.04,
            0.15
        ],
        "ulf": null,
        "vlf": [
            0.0,
            0.04
        ]
    },
    "ar_interpolation": "cubic",
    "ar_log": [
        7.826667073103225,
        8.586149344276695,
        9.217608483678681
    ],
    "ar_nfft": 4096.0,
    "ar_norm": [
        34.71797560366702,
        65.28202439633297
    ],
    "ar_order": 16.0,
    "ar_peak": [
        0.0,
        0.0400390625,
        0.150390625
    ],
    "ar_ratio": 0.5318152420165635,
    "ar_rel": [
        13.97467609729636,
        29.866250965516183,
        56.159072937187446
    ],
    "ar_resampling_frequency": 4.0,
    "ar_total": 17936.453289740806,
    "dfa_alpha1": 1.4475890608292983,
    "dfa_alpha1_beats": [
        4,
        5,
        6,
        7,
        8,
        9,
        10,
        11,
        12,
        13,
        14,
        15,
        16
    ],
    "dfa_alpha2": 0.730095861928651,
    "dfa_alpha2_beats": [
        17,
        18,
        19,
        20,
        21,
        22,
        23,
        24,
        25,
        26,
        27,
        28,
        29,
        30,
        31,
        32,
        33,
        34,
        35,
        36,
        37,
        38,
        39,
        40,
        41,
        42,
        43,
        44,
        45,
        46,
        47,
        48,
        49,
        50,
        51,
        52,
        53,
        54,
        55,
        56,
        57,
        58,
        59,
        60,
        61,
        62,
        63,
        64
    ],
    "ellipse_area": 14045.307011429839,
    "fft_abs": [
        2520.0400511628845,
        4515.469008169343,
        589.3679322561613
    ],
    "fft_bands": {
        "hf": [
            0.15,
            0.4
        ],
        "lf": [
            0.04,
            0.15
        ],
        "ulf": null,
        "vlf": [
            0.0,
            0.04
        ]
    },
    "fft_interpolation": "cubic",
    "fft_log": [
        7.832030073697776,
        8.415264338234534,
        6.379050661385657
    ],
    "fft_nfft": 4096.0,
    "fft_norm": [
        88.45471580906099,
        11.545284190939029
    ],
    "fft_peak": [
        0.0087890625,
        0.091796875,
        0.1689453125
    ],
    "fft_ratio": 7.6615451249335225,
    "fft_rel": [
        33.05023876375897,
        59.22022103636188,
        7.729540199879162
    ],
    "fft_resampling_frequency": 4.0,
    "fft_total": 7624.876991588389,
    "fft_window": "hamming",
    "hr_max": 89.68609865470852,
    "hr_mean": 72.96980219239121,
    "hr_min": 50.67567567567568,
    "hr_std": 7.713005630331304,
    "lomb_abs": [
        264.13066775708654,
        776.5263849132753,
        1718.387158510853
    ],
    "lomb_bands": {
        "hf": [
            0.15,
            0.4
        ],
        "lf": [
            0.04,
            0.15
        ],
        "ulf": null,
        "vlf": [
            0.0,
            0.04
        ]
    },
    "lomb_log": [
        5.576443934322501,
        6.654830621294492,
        7.449141431352994
    ],
    "lomb_ma": "n/a",
    "lomb_nfft": 256.0,
    "lomb_norm": [
        31.124380520518425,
        68.87561947948159
    ],
    "lomb_peak": [
        0.00803921568627451,
        0.0852156862745098,
        0.36498039215686273
    ],
    "lomb_ratio": 0.4518925674387661,
    "lomb_rel": [
        9.573266955515937,
        28.144760485038596,
        62.28197255944548
    ],
    "lomb_total": 2759.0442111812145,
    "nn20": 147.0,
    "nn50": 55.0,
    "nni_counter": 289.0,
    "nni_diff_max": 446.0,
    "nni_diff_mean": 32.111111111111114,
    "nni_diff_min": 0.0,
    "nni_max": 1184.0,
    "nni_mean": 831.643598615917,
    "nni_min": 669.0,
    "pnn20": 51.041666666666664,
    "pnn50": 19.09722222222222,
    "rmssd": 52.26979954471267,
    "sampen": 0.8527531823513523,
    "sd1": 36.95539435420761,
    "sd2": 120.9771984401948,
    "sd_ratio": 3.2736005271831377,
    "sdann": "n/a",
    "sdnn": 89.85038278719239,
    "sdnn_index": "n/a",
    "sdsd": 41.31507408315181,
    "tinn": 367.1875,
    "tinn_m": 1015.625,
    "tinn_n": 648.4375,
    "tri_index": 20.642857142857142
}