{
    "Comment": "None",
    "Name": "C:\\Users\\admin\\HRV-Bienestar-Tecnologia\\HRV_Reports\\Grupo_Control\\01-03-2022_MateoCampo\\Momento_2.json",
    "ar_abs": [
        2539.6871892110244,
        5389.90698180692,
        9637.871370907387
    ],
    "ar_bands": {
        "hf": [
            0.15,
            0.4
        ],
        "lf": [
            0.04,
            0.15
        ],
        "ulf": null,
        "vlf": [
            0.0,
            0.04
        ]
    },
    "ar_interpolation": "cubic",
    "ar_log": [
        7.8397961985745965,
        8.592283406204393,
        9.173455551075463
    ],
    "ar_nfft": 4096.0,
    "ar_norm": [
        35.86629277662589,
        64.13370722337412
    ],
    "ar_order": 16.0,
    "ar_peak": [
        0.0,
        0.0400390625,
        0.150390625
    ],
    "ar_ratio": 0.559242469045265,
    "ar_rel": [
        14.456764882503839,
        30.681187157838625,
        54.86204795965753
    ],
    "ar_resampling_frequency": 4.0,
    "ar_total": 17567.465541925332,
    "dfa_alpha1": 1.5916683903817965,
    "dfa_alpha1_beats": [
        4,
        5,
        6,
        7,
        8,
        9,
        10,
        11,
        12,
        13,
        14,
        15,
        16
    ],
    "dfa_alpha2": 0.45538678652734205,
    "dfa_alpha2_beats": [
        17,
        18,
        19,
        20,
        21,
        22,
        23,
        24,
        25,
        26,
        27,
        28,
        29,
        30,
        31,
        32,
        33,
        34,
        35,
        36,
        37,
        38,
        39,
        40,
        41,
        42,
        43,
        44,
        45,
        46,
        47,
        48,
        49,
        50,
        51,
        52,
        53,
        54,
        55,
        56,
        57,
        58,
        59,
        60,
        61,
        62,
        63,
        64
    ],
    "ellipse_area": 12405.57399763863,
    "fft_abs": [
        1707.9710471087194,
        5548.11571808623,
        810.5847667622597
    ],
    "fft_bands": {
        "hf": [
            0.15,
            0.4
        ],
        "lf": [
            0.04,
            0.15
        ],
        "ulf": null,
        "vlf": [
            0.0,
            0.04
        ]
    },
    "fft_interpolation": "cubic",
    "fft_log": [
        7.44306142286334,
        8.621213638839093,
        6.697755921471685
    ],
    "fft_nfft": 4096.0,
    "fft_norm": [
        87.25235181789547,
        12.747648182104516
    ],
    "fft_peak": [
        0.0322265625,
        0.1044921875,
        0.1845703125
    ],
    "fft_ratio": 6.844584237928892,
    "fft_rel": [
        21.173182028577234,
        68.77825254327786,
        10.048565428144913
    ],
    "fft_resampling_frequency": 4.0,
    "fft_total": 8066.671531957209,
    "fft_window": "hamming",
    "hr_max": 91.88361408882082,
    "hr_mean": 74.75796832412676,
    "hr_min": 59.58291956305859,
    "hr_std": 8.044349545385195,
    "lomb_abs": [
        361.9978907612636,
        731.7601777107278,
        1772.823028160199
    ],
    "lomb_bands": {
        "hf": [
            0.15,
            0.4
        ],
        "lf": [
            0.04,
            0.15
        ],
        "ulf": null,
        "vlf": [
            0.0,
            0.04
        ]
    },
    "lomb_log": [
        5.8916383851824525,
        6.5954528342019225,
        7.480328486179903
    ],
    "lomb_ma": "n/a",
    "lomb_nfft": 256.0,
    "lomb_norm": [
        29.21684438334603,
        70.78315561665397
    ],
    "lomb_peak": [
        0.00803921568627451,
        0.05466666666666667,
        0.2379607843137255
    ],
    "lomb_ratio": 0.41276549666107065,
    "lomb_rel": [
        12.628210350879577,
        25.527279816727948,
        61.84450983239247
    ],
    "lomb_total": 2866.5810966321906,
    "nn20": 157.0,
    "nn50": 55.0,
    "nni_counter": 295.0,
    "nni_diff_max": 254.0,
    "nni_diff_mean": 31.663265306122447,
    "nni_diff_min": 0.0,
    "nni_max": 1007.0,
    "nni_mean": 811.7491525423728,
    "nni_min": 653.0,
    "pnn20": 53.40136054421769,
    "pnn50": 18.70748299319728,
    "rmssd": 48.088743078649436,
    "sampen": 0.9043875575117842,
    "sd1": 34.00385719151803,
    "sd2": 116.12849756991521,
    "sd_ratio": 3.4151566075534063,
    "sdann": "n/a",
    "sdnn": 85.845008200552,
    "sdnn_index": "n/a",
    "sdsd": 36.25514736976106,
    "tinn": 343.75,
    "tinn_m": 953.125,
    "tinn_n": 609.375,
    "tri_index": 18.4375
}