{
    "Comment": "None",
    "Name": "D:\\Users\\jp.botero\\Documents\\Bienestar & Tecnolog\u00eda\\HRV-Bienestar-Tecnologia\\HRV_Reports\\DianaAlejandraHerrera_30112021\\HRV_olfative.json",
    "ar_abs": [
        2079.010437667665,
        4139.944528043864,
        7061.068106870716
    ],
    "ar_bands": {
        "hf": [
            0.15,
            0.4
        ],
        "lf": [
            0.04,
            0.15
        ],
        "ulf": null,
        "vlf": [
            0.0,
            0.04
        ]
    },
    "ar_interpolation": "cubic",
    "ar_log": [
        7.639647308368578,
        8.328437667706371,
        8.862351608969151
    ],
    "ar_nfft": 4096.0,
    "ar_norm": [
        36.960448693176886,
        63.03955130682312
    ],
    "ar_order": 16.0,
    "ar_peak": [
        0.0,
        0.0400390625,
        0.150390625
    ],
    "ar_ratio": 0.5863057069249231,
    "ar_rel": [
        15.655171879632961,
        31.174226922776487,
        53.17060119759055
    ],
    "ar_resampling_frequency": 4.0,
    "ar_total": 13280.023072582246,
    "dfa_alpha1": 0.508997311752721,
    "dfa_alpha1_beats": [
        4,
        5,
        6,
        7,
        8,
        9,
        10,
        11,
        12,
        13,
        14,
        15,
        16
    ],
    "dfa_alpha2": 0.8308399266297694,
    "dfa_alpha2_beats": [
        17,
        18,
        19,
        20,
        21,
        22,
        23,
        24,
        25,
        26,
        27,
        28,
        29,
        30,
        31,
        32,
        33,
        34,
        35,
        36,
        37,
        38,
        39,
        40,
        41,
        42,
        43,
        44,
        45,
        46,
        47,
        48,
        49,
        50,
        51,
        52,
        53,
        54,
        55,
        56,
        57,
        58,
        59,
        60,
        61,
        62,
        63,
        64
    ],
    "ellipse_area": 364.03124504331277,
    "fft_abs": [
        1.4013856692631002,
        21.002142887461332,
        26.009427386314755
    ],
    "fft_bands": {
        "hf": [
            0.15,
            0.4
        ],
        "lf": [
            0.04,
            0.15
        ],
        "ulf": null,
        "vlf": [
            0.0,
            0.04
        ]
    },
    "fft_interpolation": "cubic",
    "fft_log": [
        0.3374615108873823,
        3.044624474777529,
        3.258459064082305
    ],
    "fft_nfft": 4096.0,
    "fft_norm": [
        44.674412628962344,
        55.325587371037656
    ],
    "fft_peak": [
        0.02734375,
        0.08984375,
        0.1669921875
    ],
    "fft_ratio": 0.807481940125753,
    "fft_rel": [
        2.894650082742141,
        43.38124470683352,
        53.724105210424334
    ],
    "fft_resampling_frequency": 4.0,
    "fft_total": 48.41295594303919,
    "fft_window": "hamming",
    "hr_max": 666.6666666666666,
    "hr_mean": 535.9973688521735,
    "hr_min": 416.6666666666667,
    "hr_std": 58.56361341202265,
    "lomb_abs": [
        259.9491493745271,
        972.2655708737137,
        1850.507451978197
    ],
    "lomb_bands": {
        "hf": [
            0.15,
            0.4
        ],
        "lf": [
            0.04,
            0.15
        ],
        "ulf": null,
        "vlf": [
            0.0,
            0.04
        ]
    },
    "lomb_log": [
        5.5604860325586545,
        6.8796289882058534,
        7.523215178826044
    ],
    "lomb_ma": "n/a",
    "lomb_nfft": 256.0,
    "lomb_norm": [
        34.44363266202013,
        65.55636733797986
    ],
    "lomb_peak": [
        0.028941176470588234,
        0.10450980392156863,
        0.3070980392156863
    ],
    "lomb_ratio": 0.5254048395397487,
    "lomb_rel": [
        8.432454657008021,
        31.539188955568882,
        60.0283563874231
    ],
    "lomb_total": 3082.7221722264376,
    "nn20": 9.0,
    "nn50": 0.0,
    "nni_counter": 276.0,
    "nni_diff_max": 34.0,
    "nni_diff_mean": 8.156363636363636,
    "nni_diff_min": 0.0,
    "nni_max": 144.0,
    "nni_mean": 113.29710144927536,
    "nni_min": 90.0,
    "pnn20": 3.272727272727273,
    "pnn50": 0.0,
    "rmssd": 10.116593030534268,
    "sampen": 1.3744599034728877,
    "sd1": 7.153377980291942,
    "sd2": 16.198604980237807,
    "sd_ratio": 2.264469321328483,
    "sdann": "n/a",
    "sdnn": 12.532958394302081,
    "sdnn_index": "n/a",
    "sdsd": 5.995824691891778,
    "tinn": 62.5,
    "tinn_m": 140.625,
    "tinn_n": 78.125,
    "tri_index": 4.246153846153846
}