{
    "Comment": "None",
    "Name": "D:\\Users\\jp.botero\\Documents\\Bienestar & Tecnolog\u00eda\\HRV-Bienestar-Tecnologia\\HRV_Reports\\DianaAlejandraHerrera_30112021\\HRV_final.json",
    "ar_abs": [
        2077.3758447607356,
        4167.799597573361,
        7153.114122364522
    ],
    "ar_bands": {
        "hf": [
            0.15,
            0.4
        ],
        "lf": [
            0.04,
            0.15
        ],
        "ulf": null,
        "vlf": [
            0.0,
            0.04
        ]
    },
    "ar_interpolation": "cubic",
    "ar_log": [
        7.638860763095772,
        8.335143501080855,
        8.87530308245679
    ],
    "ar_nfft": 4096.0,
    "ar_norm": [
        36.81504603496113,
        63.184953965038886
    ],
    "ar_order": 16.0,
    "ar_peak": [
        0.0,
        0.0400390625,
        0.150390625
    ],
    "ar_ratio": 0.5826552640258534,
    "ar_rel": [
        15.50478391088172,
        31.106952700548774,
        53.38826338856951
    ],
    "ar_resampling_frequency": 4.0,
    "ar_total": 13398.289564698618,
    "dfa_alpha1": 0.8943223393568578,
    "dfa_alpha1_beats": [
        4,
        5,
        6,
        7,
        8,
        9,
        10,
        11,
        12,
        13,
        14,
        15,
        16
    ],
    "dfa_alpha2": 1.0339130925440474,
    "dfa_alpha2_beats": [
        17,
        18,
        19,
        20,
        21,
        22,
        23,
        24,
        25,
        26,
        27,
        28,
        29,
        30,
        31,
        32,
        33,
        34,
        35,
        36,
        37,
        38,
        39,
        40,
        41,
        42,
        43,
        44,
        45,
        46,
        47,
        48,
        49,
        50,
        51,
        52,
        53,
        54,
        55,
        56,
        57,
        58,
        59,
        60,
        61,
        62,
        63,
        64
    ],
    "ellipse_area": 295.80250548118,
    "fft_abs": [
        15.64651080755392,
        13.779323897627588,
        15.912790963118228
    ],
    "fft_bands": {
        "hf": [
            0.15,
            0.4
        ],
        "lf": [
            0.04,
            0.15
        ],
        "ulf": null,
        "vlf": [
            0.0,
            0.04
        ]
    },
    "fft_interpolation": "cubic",
    "fft_log": [
        2.750247940534762,
        2.6231692003490026,
        2.767123248908386
    ],
    "fft_nfft": 4096.0,
    "fft_norm": [
        46.40735078067616,
        53.592649219323825
    ],
    "fft_peak": [
        0.033203125,
        0.0400390625,
        0.1748046875
    ],
    "fft_ratio": 0.8659275377628305,
    "fft_rel": [
        34.51033324658931,
        30.392019375351158,
        35.097647378059534
    ],
    "fft_resampling_frequency": 4.0,
    "fft_total": 45.338625668299734,
    "fft_window": "hamming",
    "hr_max": 689.6551724137931,
    "hr_mean": 544.8076871351791,
    "hr_min": 444.44444444444446,
    "hr_std": 54.68901254701787,
    "lomb_abs": [
        381.6867238554068,
        741.821311308626,
        1848.3587789272729
    ],
    "lomb_bands": {
        "hf": [
            0.15,
            0.4
        ],
        "lf": [
            0.04,
            0.15
        ],
        "ulf": null,
        "vlf": [
            0.0,
            0.04
        ]
    },
    "lomb_log": [
        5.944600177525663,
        6.609108393826728,
        7.522053377799201
    ],
    "lomb_ma": "n/a",
    "lomb_nfft": 256.0,
    "lomb_norm": [
        28.639758065666587,
        71.3602419343334
    ],
    "lomb_peak": [
        0.027333333333333334,
        0.14631372549019608,
        0.2476078431372549
    ],
    "lomb_ratio": 0.40134054046539325,
    "lomb_rel": [
        12.84333207819454,
        24.961458830901524,
        62.19520909090392
    ],
    "lomb_total": 2971.866814091306,
    "nn20": 7.0,
    "nn50": 0.0,
    "nni_counter": 281.0,
    "nni_diff_max": 26.0,
    "nni_diff_mean": 7.628571428571429,
    "nni_diff_min": 0.0,
    "nni_max": 135.0,
    "nni_mean": 111.22419928825623,
    "nni_min": 87.0,
    "pnn20": 2.5,
    "pnn50": 0.0,
    "rmssd": 9.50263121456368,
    "sampen": 1.594116457739667,
    "sd1": 6.719374970932936,
    "sd2": 14.012741104627107,
    "sd_ratio": 2.085423296845948,
    "sdann": "n/a",
    "sdnn": 10.991697425921052,
    "sdnn_index": "n/a",
    "sdsd": 5.676263672349426,
    "tinn": 54.6875,
    "tinn_m": 132.8125,
    "tinn_n": 78.125,
    "tri_index": 4.072463768115942
}