{
    "Comment": "None",
    "Name": "D:\\Users\\jp.botero\\Documents\\Bienestar & Tecnolog\u00eda\\HRV-Bienestar-Tecnologia\\HRV_Reports\\DianaAlejandraHerrera_30112021\\HRV_video.json",
    "ar_abs": [
        2062.10431018946,
        4174.038011746923,
        6842.911756952511
    ],
    "ar_bands": {
        "hf": [
            0.15,
            0.4
        ],
        "lf": [
            0.04,
            0.15
        ],
        "ulf": null,
        "vlf": [
            0.0,
            0.04
        ]
    },
    "ar_interpolation": "cubic",
    "ar_log": [
        7.6314822501982364,
        8.336639194386988,
        8.830968615494882
    ],
    "ar_nfft": 4096.0,
    "ar_norm": [
        37.887419833808266,
        62.11258016619174
    ],
    "ar_order": 16.0,
    "ar_peak": [
        0.0,
        0.0400390625,
        0.150390625
    ],
    "ar_ratio": 0.6099798097653433,
    "ar_rel": [
        15.766463673530756,
        31.913913548872795,
        52.31962277759644
    ],
    "ar_resampling_frequency": 4.0,
    "ar_total": 13079.054078888894,
    "dfa_alpha1": 0.9246043970928921,
    "dfa_alpha1_beats": [
        4,
        5,
        6,
        7,
        8,
        9,
        10,
        11,
        12,
        13,
        14,
        15,
        16
    ],
    "dfa_alpha2": 1.0446818841283985,
    "dfa_alpha2_beats": [
        17,
        18,
        19,
        20,
        21,
        22,
        23,
        24,
        25,
        26,
        27,
        28,
        29,
        30,
        31,
        32,
        33,
        34,
        35,
        36,
        37,
        38,
        39,
        40,
        41,
        42,
        43,
        44,
        45,
        46,
        47,
        48,
        49,
        50,
        51,
        52,
        53,
        54,
        55,
        56,
        57,
        58,
        59,
        60,
        61,
        62,
        63,
        64
    ],
    "ellipse_area": 305.4311662205493,
    "fft_abs": [
        6.183159538721378,
        31.405036986041768,
        46.40169292525982
    ],
    "fft_bands": {
        "hf": [
            0.15,
            0.4
        ],
        "lf": [
            0.04,
            0.15
        ],
        "ulf": null,
        "vlf": [
            0.0,
            0.04
        ]
    },
    "fft_interpolation": "cubic",
    "fft_log": [
        1.8218293930449971,
        3.446968293617536,
        3.8373359440248174
    ],
    "fft_nfft": 4096.0,
    "fft_norm": [
        40.36287994861499,
        59.63712005138502
    ],
    "fft_peak": [
        0.037109375,
        0.1484375,
        0.150390625
    ],
    "fft_ratio": 0.6768080000147089,
    "fft_rel": [
        7.361790305011154,
        37.39144936573455,
        55.246760329254286
    ],
    "fft_resampling_frequency": 4.0,
    "fft_total": 83.98988945002297,
    "fft_window": "hamming",
    "hr_max": 769.2307692307693,
    "hr_mean": 568.8815419479096,
    "hr_min": 425.531914893617,
    "hr_std": 67.3918012820064,
    "lomb_abs": [
        331.37416716898304,
        586.6258273008982,
        1557.0757542483216
    ],
    "lomb_bands": {
        "hf": [
            0.15,
            0.4
        ],
        "lf": [
            0.04,
            0.15
        ],
        "ulf": null,
        "vlf": [
            0.0,
            0.04
        ]
    },
    "lomb_log": [
        5.803248151347587,
        6.374387184385734,
        7.350564824631371
    ],
    "lomb_ma": "n/a",
    "lomb_nfft": 256.0,
    "lomb_norm": [
        27.365088142396804,
        72.6349118576032
    ],
    "lomb_peak": [
        0.035372549019607846,
        0.06431372549019608,
        0.15274509803921568
    ],
    "lomb_ratio": 0.3767484181166843,
    "lomb_rel": [
        13.38844547851094,
        23.701328236305542,
        62.910226285183526
    ],
    "lomb_total": 2475.0757487182027,
    "nn20": 9.0,
    "nn50": 0.0,
    "nni_counter": 292.0,
    "nni_diff_max": 33.0,
    "nni_diff_mean": 6.213058419243986,
    "nni_diff_min": 0.0,
    "nni_max": 141.0,
    "nni_mean": 106.91780821917808,
    "nni_min": 78.0,
    "pnn20": 3.0927835051546393,
    "pnn50": 0.0,
    "rmssd": 8.3879311105988,
    "sampen": 1.3108792941609444,
    "sd1": 5.930772716981208,
    "sd2": 16.392764382670837,
    "sd_ratio": 2.764018310082001,
    "sdann": "n/a",
    "sdnn": 12.381122338810485,
    "sdnn_index": "n/a",
    "sdsd": 5.644891000446355,
    "tinn": 70.3125,
    "tinn_m": 132.8125,
    "tinn_n": 62.5,
    "tri_index": 4.492307692307692
}