{
    "Comment": "None",
    "Name": "D:\\Users\\jp.botero\\Documents\\Bienestar & Tecnolog\u00eda\\HRV-Bienestar-Tecnologia\\HRV_Reports\\DianaAlejandraHerrera_30112021\\HRV_sound.json",
    "ar_abs": [
        2041.141608529409,
        4172.602553145055,
        7147.57476629056
    ],
    "ar_bands": {
        "hf": [
            0.15,
            0.4
        ],
        "lf": [
            0.04,
            0.15
        ],
        "ulf": null,
        "vlf": [
            0.0,
            0.04
        ]
    },
    "ar_interpolation": "cubic",
    "ar_log": [
        7.621264542338066,
        8.336295233579078,
        8.874528384623122
    ],
    "ar_nfft": 4096.0,
    "ar_norm": [
        36.85986919993835,
        63.14013080006165
    ],
    "ar_order": 16.0,
    "ar_peak": [
        0.0,
        0.0400390625,
        0.150390625
    ],
    "ar_ratio": 0.5837787906499294,
    "ar_rel": [
        15.276497923100488,
        31.228972047152215,
        53.4945300297473
    ],
    "ar_resampling_frequency": 4.0,
    "ar_total": 13361.318927965023,
    "dfa_alpha1": 0.8557594238341288,
    "dfa_alpha1_beats": [
        4,
        5,
        6,
        7,
        8,
        9,
        10,
        11,
        12,
        13,
        14,
        15,
        16
    ],
    "dfa_alpha2": 0.724708220350454,
    "dfa_alpha2_beats": [
        17,
        18,
        19,
        20,
        21,
        22,
        23,
        24,
        25,
        26,
        27,
        28,
        29,
        30,
        31,
        32,
        33,
        34,
        35,
        36,
        37,
        38,
        39,
        40,
        41,
        42,
        43,
        44,
        45,
        46,
        47,
        48,
        49,
        50,
        51,
        52,
        53,
        54,
        55,
        56,
        57,
        58,
        59,
        60,
        61,
        62,
        63,
        64
    ],
    "ellipse_area": 333.501675945645,
    "fft_abs": [
        5.699212855713419,
        18.851247657760474,
        18.06773862212035
    ],
    "fft_bands": {
        "hf": [
            0.15,
            0.4
        ],
        "lf": [
            0.04,
            0.15
        ],
        "ulf": null,
        "vlf": [
            0.0,
            0.04
        ]
    },
    "fft_interpolation": "cubic",
    "fft_log": [
        1.7403280698155708,
        2.9365791004442503,
        2.894127951345033
    ],
    "fft_nfft": 4096.0,
    "fft_norm": [
        51.06111937865843,
        48.93888062134156
    ],
    "fft_peak": [
        0.0390625,
        0.0439453125,
        0.255859375
    ],
    "fft_ratio": 1.0433650858044223,
    "fft_rel": [
        13.372720976737615,
        44.232858356551546,
        42.39442066671085
    ],
    "fft_resampling_frequency": 4.0,
    "fft_total": 42.61819913559424,
    "fft_window": "hamming",
    "hr_max": 674.1573033707865,
    "hr_mean": 548.386165052822,
    "hr_min": 377.35849056603774,
    "hr_std": 58.18275604255178,
    "lomb_abs": [
        203.71647694777755,
        619.1364923395641,
        1464.9711048965607
    ],
    "lomb_bands": {
        "hf": [
            0.15,
            0.4
        ],
        "lf": [
            0.04,
            0.15
        ],
        "ulf": null,
        "vlf": [
            0.0,
            0.04
        ]
    },
    "lomb_log": [
        5.316729208266718,
        6.428325752964374,
        7.289590797636559
    ],
    "lomb_ma": "n/a",
    "lomb_nfft": 256.0,
    "lomb_norm": [
        29.70751093468699,
        70.292489065313
    ],
    "lomb_peak": [
        0.036980392156862746,
        0.06592156862745098,
        0.22831372549019607
    ],
    "lomb_ratio": 0.4226271018384901,
    "lomb_rel": [
        8.904376837648496,
        27.062242211976827,
        64.03338095037466
    ],
    "lomb_total": 2287.8240741839027,
    "nn20": 9.0,
    "nn50": 0.0,
    "nni_counter": 283.0,
    "nni_diff_max": 35.0,
    "nni_diff_mean": 7.3936170212765955,
    "nni_diff_min": 0.0,
    "nni_max": 159.0,
    "nni_mean": 110.68197879858657,
    "nni_min": 89.0,
    "pnn20": 3.1914893617021276,
    "pnn50": 0.0,
    "rmssd": 9.547752325447341,
    "sampen": 1.5021030624725564,
    "sd1": 6.751175643306304,
    "sd2": 15.72420658579884,
    "sd_ratio": 2.329106427765536,
    "sdann": "n/a",
    "sdnn": 12.119876718568872,
    "sdnn_index": "n/a",
    "sdsd": 6.051766163967271,
    "tinn": 62.5,
    "tinn_m": 140.625,
    "tinn_n": 78.125,
    "tri_index": 3.9305555555555554
}