{
    "Comment": "None",
    "Name": "C:\\Users\\admin\\HRV-Bienestar-Tecnologia\\HRV_Reports\\Experiencia_Mindfullness\\28-03-2022_NicolasJaramillo\\HRV_sound.json",
    "ar_abs": [
        2500.5158337692146,
        5475.108891231231,
        9629.908263478826
    ],
    "ar_bands": {
        "hf": [
            0.15,
            0.4
        ],
        "lf": [
            0.04,
            0.15
        ],
        "ulf": null,
        "vlf": [
            0.0,
            0.04
        ]
    },
    "ar_interpolation": "cubic",
    "ar_log": [
        7.824252323080147,
        8.607967443296278,
        9.172628978628296
    ],
    "ar_nfft": 4096.0,
    "ar_norm": [
        36.24695579722647,
        63.753044202773516
    ],
    "ar_order": 16.0,
    "ar_peak": [
        0.0,
        0.0400390625,
        0.150390625
    ],
    "ar_ratio": 0.568552549144776,
    "ar_rel": [
        14.203011265864571,
        31.098796581813442,
        54.69819215232198
    ],
    "ar_resampling_frequency": 4.0,
    "ar_total": 17605.532988479274,
    "dfa_alpha1": 1.4517946734425426,
    "dfa_alpha1_beats": [
        4,
        5,
        6,
        7,
        8,
        9,
        10,
        11,
        12,
        13,
        14,
        15,
        16
    ],
    "dfa_alpha2": 0.6416295788804717,
    "dfa_alpha2_beats": [
        17,
        18,
        19,
        20,
        21,
        22,
        23,
        24,
        25,
        26,
        27,
        28,
        29,
        30,
        31,
        32,
        33,
        34,
        35,
        36,
        37,
        38,
        39,
        40,
        41,
        42,
        43,
        44,
        45,
        46,
        47,
        48,
        49,
        50,
        51,
        52,
        53,
        54,
        55,
        56,
        57,
        58,
        59,
        60,
        61,
        62,
        63,
        64
    ],
    "ellipse_area": 19723.02173117405,
    "fft_abs": [
        2635.6615803591617,
        6836.602238322731,
        1234.778649286648
    ],
    "fft_bands": {
        "hf": [
            0.15,
            0.4
        ],
        "lf": [
            0.04,
            0.15
        ],
        "ulf": null,
        "vlf": [
            0.0,
            0.04
        ]
    },
    "fft_interpolation": "cubic",
    "fft_log": [
        7.876889503601725,
        8.830046138412818,
        7.118647001651377
    ],
    "fft_nfft": 4096.0,
    "fft_norm": [
        84.70176706463953,
        15.298232935360467
    ],
    "fft_peak": [
        0.0126953125,
        0.0927734375,
        0.150390625
    ],
    "fft_ratio": 5.536702665107101,
    "fft_rel": [
        24.616149494541308,
        63.851453459489704,
        11.532397045968978
    ],
    "fft_resampling_frequency": 4.0,
    "fft_total": 10707.042467968542,
    "fft_window": "hamming",
    "hr_max": 101.35135135135135,
    "hr_mean": 78.7367813867179,
    "hr_min": 52.35602094240838,
    "hr_std": 9.957845986016057,
    "lomb_abs": [
        270.4771596121521,
        676.2844524533645,
        1754.808743526062
    ],
    "lomb_bands": {
        "hf": [
            0.15,
            0.4
        ],
        "lf": [
            0.04,
            0.15
        ],
        "ulf": null,
        "vlf": [
            0.0,
            0.04
        ]
    },
    "lomb_log": [
        5.600187657058452,
        6.516613775189573,
        7.4701151519136
    ],
    "lomb_ma": "n/a",
    "lomb_nfft": 256.0,
    "lomb_norm": [
        27.8181212292401,
        72.1818787707599
    ],
    "lomb_peak": [
        0.00803921568627451,
        0.10290196078431373,
        0.36498039215686273
    ],
    "lomb_ratio": 0.38538926532498236,
    "lomb_rel": [
        10.011849554550064,
        25.033012782866226,
        64.9551376625837
    ],
    "lomb_total": 2701.570355591579,
    "nn20": 203.0,
    "nn50": 93.0,
    "nni_counter": 312.0,
    "nni_diff_max": 393.0,
    "nni_diff_mean": 42.4983922829582,
    "nni_diff_min": 0.0,
    "nni_max": 1146.0,
    "nni_mean": 774.7083333333334,
    "nni_min": 592.0,
    "pnn20": 65.27331189710611,
    "pnn50": 29.903536977491964,
    "rmssd": 65.18188748871606,
    "sampen": 0.9424018758778409,
    "sd1": 46.08981299105293,
    "sd2": 136.21302398578072,
    "sd_ratio": 2.955382440198287,
    "sdann": "n/a",
    "sdnn": 101.75142237853844,
    "sdnn_index": "n/a",
    "sdsd": 49.501963115068655,
    "tinn": 335.9375,
    "tinn_m": 968.75,
    "tinn_n": 632.8125,
    "tri_index": 20.8
}