{
    "Comment": "None",
    "Name": "C:\\Users\\admin\\HRV-Bienestar-Tecnologia\\HRV_Reports\\Experiencia_Mindfullness\\28-03-2022_NicolasJaramillo\\HRV_baseline.json",
    "ar_abs": [
        2492.5042070697677,
        5250.199850823979,
        9601.569193807072
    ],
    "ar_bands": {
        "hf": [
            0.15,
            0.4
        ],
        "lf": [
            0.04,
            0.15
        ],
        "ulf": null,
        "vlf": [
            0.0,
            0.04
        ]
    },
    "ar_interpolation": "cubic",
    "ar_log": [
        7.821043189726151,
        8.566021421684761,
        9.169681821786412
    ],
    "ar_nfft": 4096.0,
    "ar_norm": [
        35.350669910410026,
        64.64933008958998
    ],
    "ar_order": 16.0,
    "ar_peak": [
        0.0,
        0.0400390625,
        0.150390625
    ],
    "ar_ratio": 0.5468064380778834,
    "ar_rel": [
        14.370761869917766,
        30.27050931816433,
        55.35872881191791
    ],
    "ar_resampling_frequency": 4.0,
    "ar_total": 17344.27325170082,
    "dfa_alpha1": 1.269553228741371,
    "dfa_alpha1_beats": [
        4,
        5,
        6,
        7,
        8,
        9,
        10,
        11,
        12,
        13,
        14,
        15,
        16
    ],
    "dfa_alpha2": 1.0384789999642758,
    "dfa_alpha2_beats": [
        17,
        18,
        19,
        20,
        21,
        22,
        23,
        24,
        25,
        26,
        27,
        28,
        29,
        30,
        31,
        32,
        33,
        34,
        35,
        36,
        37,
        38,
        39,
        40,
        41,
        42,
        43,
        44,
        45,
        46,
        47,
        48,
        49,
        50,
        51,
        52,
        53,
        54,
        55,
        56,
        57,
        58,
        59,
        60,
        61,
        62,
        63,
        64
    ],
    "ellipse_area": 14299.372062590224,
    "fft_abs": [
        3436.9500928811553,
        2276.7085861537926,
        1108.8788905265997
    ],
    "fft_bands": {
        "hf": [
            0.15,
            0.4
        ],
        "lf": [
            0.04,
            0.15
        ],
        "ulf": null,
        "vlf": [
            0.0,
            0.04
        ]
    },
    "fft_interpolation": "cubic",
    "fft_log": [
        8.142339756197757,
        7.730486076386275,
        7.011104775369462
    ],
    "fft_nfft": 4096.0,
    "fft_norm": [
        67.24707607868788,
        32.752923921312124
    ],
    "fft_peak": [
        0.0234375,
        0.099609375,
        0.166015625
    ],
    "fft_ratio": 2.05316252803099,
    "fft_rel": [
        50.37641871281087,
        33.3704074611656,
        16.253173826023534
    ],
    "fft_resampling_frequency": 4.0,
    "fft_total": 6822.537569561548,
    "fft_window": "hamming",
    "hr_max": 97.5609756097561,
    "hr_mean": 75.51706257123391,
    "hr_min": 54.200542005420054,
    "hr_std": 8.422477492893801,
    "lomb_abs": [
        304.5688468495816,
        766.442490551046,
        1728.2007660631202
    ],
    "lomb_bands": {
        "hf": [
            0.15,
            0.4
        ],
        "lf": [
            0.04,
            0.15
        ],
        "ulf": null,
        "vlf": [
            0.0,
            0.04
        ]
    },
    "lomb_log": [
        5.718897159621827,
        6.641759666861785,
        7.454836126679461
    ],
    "lomb_ma": "n/a",
    "lomb_nfft": 256.0,
    "lomb_norm": [
        30.72353085031059,
        69.27646914968942
    ],
    "lomb_peak": [
        0.028941176470588234,
        0.13184313725490196,
        0.27172549019607845
    ],
    "lomb_ratio": 0.44349158130338007,
    "lomb_rel": [
        10.880520503348347,
        27.380650776789988,
        61.73882871986167
    ],
    "lomb_total": 2799.2121034637476,
    "nn20": 199.0,
    "nn50": 85.0,
    "nni_counter": 299.0,
    "nni_diff_max": 216.0,
    "nni_diff_mean": 39.65436241610738,
    "nni_diff_min": 0.0,
    "nni_max": 1107.0,
    "nni_mean": 804.4046822742475,
    "nni_min": 615.0,
    "pnn20": 66.77852348993288,
    "pnn50": 28.523489932885905,
    "rmssd": 53.17966887080112,
    "sampen": 1.2344138298271716,
    "sd1": 37.603632534792695,
    "sd2": 121.04233519278706,
    "sd_ratio": 3.21890006452948,
    "sdann": "n/a",
    "sdnn": 89.8686221088746,
    "sdnn_index": "n/a",
    "sdsd": 35.49417362577456,
    "tinn": 382.8125,
    "tinn_m": 1007.8125,
    "tinn_n": 625.0,
    "tri_index": 23.0
}