{
    "Comment": "None",
    "Name": "C:\\Users\\admin\\HRV-Bienestar-Tecnologia\\HRV_Reports\\Experiencia_Mindfullness\\28-03-2022_NicolasJaramillo\\HRV_interactive.json",
    "ar_abs": [
        2484.9128597735053,
        5224.648886439478,
        9468.097945072022
    ],
    "ar_bands": {
        "hf": [
            0.15,
            0.4
        ],
        "lf": [
            0.04,
            0.15
        ],
        "ulf": null,
        "vlf": [
            0.0,
            0.04
        ]
    },
    "ar_interpolation": "cubic",
    "ar_log": [
        7.81799287142635,
        8.561142875807509,
        9.15568331543377
    ],
    "ar_nfft": 4096.0,
    "ar_norm": [
        35.55937461083985,
        64.44062538916015
    ],
    "ar_order": 16.0,
    "ar_peak": [
        0.0,
        0.0400390625,
        0.150390625
    ],
    "ar_ratio": 0.551816100419495,
    "ar_rel": [
        14.465956972207408,
        30.41537078004971,
        55.11867224774287
    ],
    "ar_resampling_frequency": 4.0,
    "ar_total": 17177.659691285007,
    "dfa_alpha1": 1.3700387616687475,
    "dfa_alpha1_beats": [
        4,
        5,
        6,
        7,
        8,
        9,
        10,
        11,
        12,
        13,
        14,
        15,
        16
    ],
    "dfa_alpha2": 0.7283193083020779,
    "dfa_alpha2_beats": [
        17,
        18,
        19,
        20,
        21,
        22,
        23,
        24,
        25,
        26,
        27,
        28,
        29,
        30,
        31,
        32,
        33,
        34,
        35,
        36,
        37,
        38,
        39,
        40,
        41,
        42,
        43,
        44,
        45,
        46,
        47,
        48,
        49,
        50,
        51,
        52,
        53,
        54,
        55,
        56,
        57,
        58,
        59,
        60,
        61,
        62,
        63,
        64
    ],
    "ellipse_area": 11783.72116347442,
    "fft_abs": [
        3356.0517161642156,
        4987.281007444373,
        791.3686343751817
    ],
    "fft_bands": {
        "hf": [
            0.15,
            0.4
        ],
        "lf": [
            0.04,
            0.15
        ],
        "ulf": null,
        "vlf": [
            0.0,
            0.04
        ]
    },
    "fft_interpolation": "cubic",
    "fft_log": [
        8.118520477529215,
        8.514646151952292,
        6.673763895079207
    ],
    "fft_nfft": 4096.0,
    "fft_norm": [
        86.30530169802786,
        13.69469830197214
    ],
    "fft_peak": [
        0.0048828125,
        0.0859375,
        0.154296875
    ],
    "fft_ratio": 6.3020958764457955,
    "fft_rel": [
        36.73958879050831,
        54.597088749764836,
        8.663322459726851
    ],
    "fft_resampling_frequency": 4.0,
    "fft_total": 9134.701357983771,
    "fft_window": "hamming",
    "hr_max": 98.84678747940691,
    "hr_mean": 77.84265960632379,
    "hr_min": 57.361376673040155,
    "hr_std": 7.881238485378148,
    "lomb_abs": [
        197.4302088070898,
        641.3205283964652,
        1500.7940949843248
    ],
    "lomb_bands": {
        "hf": [
            0.15,
            0.4
        ],
        "lf": [
            0.04,
            0.15
        ],
        "ulf": null,
        "vlf": [
            0.0,
            0.04
        ]
    },
    "lomb_log": [
        5.28538514876152,
        6.463529376240439,
        7.313749643665545
    ],
    "lomb_ma": "n/a",
    "lomb_nfft": 256.0,
    "lomb_norm": [
        29.93866534482183,
        70.06133465517817
    ],
    "lomb_peak": [
        0.036980392156862746,
        0.11415686274509804,
        0.28298039215686277
    ],
    "lomb_ratio": 0.42732079673005613,
    "lomb_rel": [
        8.438829899338083,
        27.412192302240236,
        64.14897779842168
    ],
    "lomb_total": 2339.54483218788,
    "nn20": 183.0,
    "nn50": 73.0,
    "nni_counter": 311.0,
    "nni_diff_max": 200.0,
    "nni_diff_mean": 34.18387096774194,
    "nni_diff_min": 0.0,
    "nni_max": 1046.0,
    "nni_mean": 779.0868167202573,
    "nni_min": 607.0,
    "pnn20": 59.03225806451613,
    "pnn50": 23.548387096774192,
    "rmssd": 47.18334178431498,
    "sampen": 1.0718312659904676,
    "sd1": 33.36358600282262,
    "sd2": 112.424214293084,
    "sd_ratio": 3.3696681850557884,
    "sdann": "n/a",
    "sdnn": 82.9354715338601,
    "sdnn_index": "n/a",
    "sdsd": 32.575355474957846,
    "tinn": 328.125,
    "tinn_m": 960.9375,
    "tinn_n": 632.8125,
    "tri_index": 20.733333333333334
}