{
    "Comment": "None",
    "Name": "C:\\Users\\admin\\HRV-Bienestar-Tecnologia\\HRV_Reports\\Experiencia_Mindfullness\\28-03-2022_NicolasJaramillo\\HRV_video.json",
    "ar_abs": [
        2440.8559202148067,
        5156.997493443685,
        9217.33798687717
    ],
    "ar_bands": {
        "hf": [
            0.15,
            0.4
        ],
        "lf": [
            0.04,
            0.15
        ],
        "ulf": null,
        "vlf": [
            0.0,
            0.04
        ]
    },
    "ar_interpolation": "cubic",
    "ar_log": [
        7.8001040437491636,
        8.548109808001525,
        9.1288415532657
    ],
    "ar_nfft": 4096.0,
    "ar_norm": [
        35.87642364757563,
        64.12357635242437
    ],
    "ar_order": 16.0,
    "ar_peak": [
        0.0,
        0.0400390625,
        0.150390625
    ],
    "ar_ratio": 0.559488813449801,
    "ar_rel": [
        14.515778393917369,
        30.668681495230587,
        54.815540110852055
    ],
    "ar_resampling_frequency": 4.0,
    "ar_total": 16815.19140053566,
    "dfa_alpha1": 1.391831786035759,
    "dfa_alpha1_beats": [
        4,
        5,
        6,
        7,
        8,
        9,
        10,
        11,
        12,
        13,
        14,
        15,
        16
    ],
    "dfa_alpha2": 0.8777396505980191,
    "dfa_alpha2_beats": [
        17,
        18,
        19,
        20,
        21,
        22,
        23,
        24,
        25,
        26,
        27,
        28,
        29,
        30,
        31,
        32,
        33,
        34,
        35,
        36,
        37,
        38,
        39,
        40,
        41,
        42,
        43,
        44,
        45,
        46,
        47,
        48,
        49,
        50,
        51,
        52,
        53,
        54,
        55,
        56,
        57,
        58,
        59,
        60,
        61,
        62,
        63,
        64
    ],
    "ellipse_area": 8093.228193893119,
    "fft_abs": [
        1941.367543609471,
        1398.2170220507553,
        908.6745543679033
    ],
    "fft_bands": {
        "hf": [
            0.15,
            0.4
        ],
        "lf": [
            0.04,
            0.15
        ],
        "ulf": null,
        "vlf": [
            0.0,
            0.04
        ]
    },
    "fft_interpolation": "cubic",
    "fft_log": [
        7.571147923104728,
        7.242953148264082,
        6.8119870040729635
    ],
    "fft_nfft": 4096.0,
    "fft_norm": [
        60.610435112924634,
        39.389564887075366
    ],
    "fft_peak": [
        0.033203125,
        0.0927734375,
        0.181640625
    ],
    "fft_ratio": 1.5387434536707039,
    "fft_rel": [
        45.69795506251079,
        32.912705711828075,
        21.389339225661136
    ],
    "fft_resampling_frequency": 4.0,
    "fft_total": 4248.2591200281295,
    "fft_window": "hamming",
    "hr_max": 95.23809523809524,
    "hr_mean": 77.83665139978042,
    "hr_min": 59.58291956305859,
    "hr_std": 6.791715289739491,
    "lomb_abs": [
        277.9938216444133,
        742.4279485340487,
        1555.2358396402149
    ],
    "lomb_bands": {
        "hf": [
            0.15,
            0.4
        ],
        "lf": [
            0.04,
            0.15
        ],
        "ulf": null,
        "vlf": [
            0.0,
            0.04
        ]
    },
    "lomb_log": [
        5.627598889143002,
        6.609925826956883,
        7.349382478476788
    ],
    "lomb_ma": "n/a",
    "lomb_nfft": 256.0,
    "lomb_norm": [
        32.31229705386906,
        67.68770294613095
    ],
    "lomb_peak": [
        0.003215686274509804,
        0.06592156862745098,
        0.29423529411764704
    ],
    "lomb_ratio": 0.47737322508321345,
    "lomb_rel": [
        10.793120195194877,
        28.824791995016554,
        60.382087809788565
    ],
    "lomb_total": 2575.657609818677,
    "nn20": 174.0,
    "nn50": 54.0,
    "nni_counter": 311.0,
    "nni_diff_max": 215.0,
    "nni_diff_mean": 29.04193548387097,
    "nni_diff_min": 0.0,
    "nni_max": 1007.0,
    "nni_mean": 776.7781350482315,
    "nni_min": 630.0,
    "pnn20": 56.12903225806451,
    "pnn50": 17.419354838709676,
    "rmssd": 39.19492231761495,
    "sampen": 1.4217063993431465,
    "sd1": 27.714438830093844,
    "sd2": 92.953516434193,
    "sd_ratio": 3.353974330999588,
    "sdann": "n/a",
    "sdnn": 68.64536474538441,
    "sdnn_index": "n/a",
    "sdsd": 26.363801236909193,
    "tinn": 257.8125,
    "tinn_m": 937.5,
    "tinn_n": 679.6875,
    "tri_index": 16.36842105263158
}