{
    "Comment": "None",
    "Name": "C:\\Users\\facartesvirtual1\\Documents\\HRV-Bienestar-Tecnologia\\HRV_Reports\\Experiencia_Mindfullness\\MawinMartinez-01-04-2022\\HRV_baseline.json",
    "ar_abs": [
        2353.055129086058,
        4753.149529238488,
        8365.841140766519
    ],
    "ar_bands": {
        "hf": [
            0.15,
            0.4
        ],
        "lf": [
            0.04,
            0.15
        ],
        "ulf": null,
        "vlf": [
            0.0,
            0.04
        ]
    },
    "ar_interpolation": "cubic",
    "ar_log": [
        7.763469817728744,
        8.466562736089381,
        9.031912163149435
    ],
    "ar_nfft": 4096.0,
    "ar_norm": [
        36.2310611296187,
        63.7689388703813
    ],
    "ar_order": 16.0,
    "ar_peak": [
        0.0,
        0.0400390625,
        0.150390625
    ],
    "ar_ratio": 0.5681615810365461,
    "ar_rel": [
        15.20842918668385,
        30.720885854136505,
        54.07068495917965
    ],
    "ar_resampling_frequency": 4.0,
    "ar_total": 15472.045799091065,
    "dfa_alpha1": 1.535980428815338,
    "dfa_alpha1_beats": [
        4,
        5,
        6,
        7,
        8,
        9,
        10,
        11,
        12,
        13,
        14,
        15,
        16
    ],
    "dfa_alpha2": 0.9635767554362797,
    "dfa_alpha2_beats": [
        17,
        18,
        19,
        20,
        21,
        22,
        23,
        24,
        25,
        26,
        27,
        28,
        29,
        30,
        31,
        32,
        33,
        34,
        35,
        36,
        37,
        38,
        39,
        40,
        41,
        42,
        43,
        44,
        45,
        46,
        47,
        48,
        49,
        50,
        51,
        52,
        53,
        54,
        55,
        56,
        57,
        58,
        59,
        60,
        61,
        62,
        63,
        64
    ],
    "ellipse_area": 1680.5447302164318,
    "fft_abs": [
        707.9352813717447,
        349.1422306957972,
        46.95802771682545
    ],
    "fft_bands": {
        "hf": [
            0.15,
            0.4
        ],
        "lf": [
            0.04,
            0.15
        ],
        "ulf": null,
        "vlf": [
            0.0,
            0.04
        ]
    },
    "fft_interpolation": "cubic",
    "fft_log": [
        6.56235267902364,
        5.855479376991756,
        3.8492541754220366
    ],
    "fft_nfft": 4096.0,
    "fft_norm": [
        88.14491363751935,
        11.855086362480652
    ],
    "fft_peak": [
        0.00390625,
        0.04296875,
        0.3427734375
    ],
    "fft_ratio": 7.435197934658927,
    "fft_rel": [
        64.12250836689675,
        31.624184015307087,
        4.25330761779616
    ],
    "fft_resampling_frequency": 4.0,
    "fft_total": 1104.0355397843673,
    "fft_window": "hamming",
    "hr_max": 127.9317697228145,
    "hr_mean": 105.01880039566326,
    "hr_min": 82.1917808219178,
    "hr_std": 7.801610930395675,
    "lomb_abs": [
        170.4832583278777,
        589.0186691062919,
        1106.7764422303098
    ],
    "lomb_bands": {
        "hf": [
            0.15,
            0.4
        ],
        "lf": [
            0.04,
            0.15
        ],
        "ulf": null,
        "vlf": [
            0.0,
            0.04
        ]
    },
    "lomb_log": [
        5.138637100277108,
        6.378457879424809,
        7.009206963109372
    ],
    "lomb_ma": "n/a",
    "lomb_nfft": 256.0,
    "lomb_norm": [
        34.734070476358184,
        65.26592952364182
    ],
    "lomb_peak": [
        0.02250980392156863,
        0.06431372549019608,
        0.22992156862745097
    ],
    "lomb_ratio": 0.5321929945665781,
    "lomb_rel": [
        9.13493191042702,
        31.561136788623124,
        59.303931300949856
    ],
    "lomb_total": 1866.2783696644794,
    "nn20": 30.0,
    "nn50": 4.0,
    "nni_counter": 419.0,
    "nni_diff_max": 85.0,
    "nni_diff_mean": 8.57177033492823,
    "nni_diff_min": 0.0,
    "nni_max": 730.0,
    "nni_mean": 574.4486873508354,
    "nni_min": 469.0,
    "pnn20": 7.177033492822966,
    "pnn50": 0.9569377990430622,
    "rmssd": 12.794567477558553,
    "sampen": 0.5133998731734568,
    "sd1": 9.04637242900262,
    "sd2": 59.13243192232128,
    "sd_ratio": 6.536590482693708,
    "sdann": "n/a",
    "sdnn": 42.34127825144879,
    "sdnn_index": "n/a",
    "sdsd": 9.510104041112637,
    "tinn": 78.125,
    "tinn_m": 625.0,
    "tinn_n": 546.875,
    "tri_index": 7.350877192982456
}