{
    "Comment": "None",
    "Name": "C:\\Users\\facartesvirtual1\\Documents\\HRV-Bienestar-Tecnologia\\HRV_Reports\\Experiencia_Mindfullness\\MawinMartinez-01-04-2022\\HRV_olfative.json",
    "ar_abs": [
        2413.4080916185694,
        4847.509657429183,
        8481.538746064802
    ],
    "ar_bands": {
        "hf": [
            0.15,
            0.4
        ],
        "lf": [
            0.04,
            0.15
        ],
        "ulf": null,
        "vlf": [
            0.0,
            0.04
        ]
    },
    "ar_interpolation": "cubic",
    "ar_log": [
        7.788795173421884,
        8.486220379364267,
        9.045647168228685
    ],
    "ar_nfft": 4096.0,
    "ar_norm": [
        36.368010008565136,
        63.63198999143487
    ],
    "ar_order": 16.0,
    "ar_peak": [
        0.0,
        0.0400390625,
        0.150390625
    ],
    "ar_ratio": 0.5715365811042593,
    "ar_rel": [
        15.330568595618116,
        30.79258728734079,
        53.87684411704109
    ],
    "ar_resampling_frequency": 4.0,
    "ar_total": 15742.456495112554,
    "dfa_alpha1": 1.6684046959995216,
    "dfa_alpha1_beats": [
        4,
        5,
        6,
        7,
        8,
        9,
        10,
        11,
        12,
        13,
        14,
        15,
        16
    ],
    "dfa_alpha2": 0.8587120749951207,
    "dfa_alpha2_beats": [
        17,
        18,
        19,
        20,
        21,
        22,
        23,
        24,
        25,
        26,
        27,
        28,
        29,
        30,
        31,
        32,
        33,
        34,
        35,
        36,
        37,
        38,
        39,
        40,
        41,
        42,
        43,
        44,
        45,
        46,
        47,
        48,
        49,
        50,
        51,
        52,
        53,
        54,
        55,
        56,
        57,
        58,
        59,
        60,
        61,
        62,
        63,
        64
    ],
    "ellipse_area": 2367.422912598589,
    "fft_abs": [
        966.3169835307806,
        1327.759212743217,
        258.42776356120396
    ],
    "fft_bands": {
        "hf": [
            0.15,
            0.4
        ],
        "lf": [
            0.04,
            0.15
        ],
        "ulf": null,
        "vlf": [
            0.0,
            0.04
        ]
    },
    "fft_interpolation": "cubic",
    "fft_log": [
        6.873491920687279,
        7.19124799789129,
        5.554616210259047
    ],
    "fft_nfft": 4096.0,
    "fft_norm": [
        83.70761029930392,
        16.292389700696074
    ],
    "fft_peak": [
        0.025390625,
        0.064453125,
        0.1826171875
    ],
    "fft_ratio": 5.137835016046026,
    "fft_rel": [
        37.85760957617356,
        52.01791000664859,
        10.124480417177843
    ],
    "fft_resampling_frequency": 4.0,
    "fft_total": 2552.5039598352014,
    "fft_window": "hamming",
    "hr_max": 116.50485436893204,
    "hr_mean": 105.65706386237471,
    "hr_min": 68.4931506849315,
    "hr_std": 6.871536024972142,
    "lomb_abs": [
        213.5975337010646,
        465.2836403811536,
        1195.3419617127704
    ],
    "lomb_bands": {
        "hf": [
            0.15,
            0.4
        ],
        "lf": [
            0.04,
            0.15
        ],
        "ulf": null,
        "vlf": [
            0.0,
            0.04
        ]
    },
    "lomb_log": [
        5.36409356067605,
        6.142647198939901,
        7.086187583858622
    ],
    "lomb_ma": "n/a",
    "lomb_nfft": 256.0,
    "lomb_norm": [
        28.01857563766727,
        71.98142436233273
    ],
    "lomb_peak": [
        0.00803921568627451,
        0.13666666666666666,
        0.15756862745098038
    ],
    "lomb_ratio": 0.38924730770302945,
    "lomb_rel": [
        11.39659038572603,
        24.825413340327504,
        63.77799627394647
    ],
    "lomb_total": 1874.2231357949886,
    "nn20": 55.0,
    "nn50": 10.0,
    "nni_counter": 421.0,
    "nni_diff_max": 176.0,
    "nni_diff_mean": 10.845238095238095,
    "nni_diff_min": 0.0,
    "nni_max": 876.0,
    "nni_mean": 570.541567695962,
    "nni_min": 515.0,
    "pnn20": 13.095238095238097,
    "pnn50": 2.380952380952381,
    "rmssd": 18.66528481279772,
    "sampen": 0.5607602334130691,
    "sd1": 13.198186138516865,
    "sd2": 57.09679420711954,
    "sd_ratio": 4.326109179540314,
    "sdann": "n/a",
    "sdnn": 41.46181612742134,
    "sdnn_index": "n/a",
    "sdsd": 15.209353710046468,
    "tinn": 101.5625,
    "tinn_m": 609.375,
    "tinn_n": 507.8125,
    "tri_index": 7.258620689655173
}