{
    "Comment": "None",
    "Name": "C:\\Users\\facartesvirtual1\\Documents\\HRV-Bienestar-Tecnologia\\HRV_Reports\\Experiencia_Mindfullness\\MawinMartinez-01-04-2022\\HRV_video.json",
    "ar_abs": [
        2359.7583141702903,
        4753.29150238159,
        8330.541778528124
    ],
    "ar_bands": {
        "hf": [
            0.15,
            0.4
        ],
        "lf": [
            0.04,
            0.15
        ],
        "ulf": null,
        "vlf": [
            0.0,
            0.04
        ]
    },
    "ar_interpolation": "cubic",
    "ar_log": [
        7.766314483525593,
        8.466592604920976,
        9.027683772485066
    ],
    "ar_nfft": 4096.0,
    "ar_norm": [
        36.32950222101191,
        63.670497778988086
    ],
    "ar_order": 16.0,
    "ar_peak": [
        0.0,
        0.0400390625,
        0.150390625
    ],
    "ar_ratio": 0.5705861189764566,
    "ar_rel": [
        15.279854427917265,
        30.778407167254322,
        53.94173840482842
    ],
    "ar_resampling_frequency": 4.0,
    "ar_total": 15443.591595080004,
    "dfa_alpha1": 1.625567557924987,
    "dfa_alpha1_beats": [
        4,
        5,
        6,
        7,
        8,
        9,
        10,
        11,
        12,
        13,
        14,
        15,
        16
    ],
    "dfa_alpha2": 0.8316329368080864,
    "dfa_alpha2_beats": [
        17,
        18,
        19,
        20,
        21,
        22,
        23,
        24,
        25,
        26,
        27,
        28,
        29,
        30,
        31,
        32,
        33,
        34,
        35,
        36,
        37,
        38,
        39,
        40,
        41,
        42,
        43,
        44,
        45,
        46,
        47,
        48,
        49,
        50,
        51,
        52,
        53,
        54,
        55,
        56,
        57,
        58,
        59,
        60,
        61,
        62,
        63,
        64
    ],
    "ellipse_area": 1006.8524814040305,
    "fft_abs": [
        217.8727306174345,
        520.8895229973806,
        83.64277409516707
    ],
    "fft_bands": {
        "hf": [
            0.15,
            0.4
        ],
        "lf": [
            0.04,
            0.15
        ],
        "ulf": null,
        "vlf": [
            0.0,
            0.04
        ]
    },
    "fft_interpolation": "cubic",
    "fft_log": [
        5.383911087801702,
        6.255537971278341,
        4.426555041097541
    ],
    "fft_nfft": 4096.0,
    "fft_norm": [
        86.16405202874344,
        13.83594797125657
    ],
    "fft_peak": [
        0.0390625,
        0.0419921875,
        0.1953125
    ],
    "fft_ratio": 6.227549583718051,
    "fft_rel": [
        26.49214477981845,
        63.33734661713063,
        10.170508603050923
    ],
    "fft_resampling_frequency": 4.0,
    "fft_total": 822.4050277099822,
    "fft_window": "hamming",
    "hr_max": 114.72275334608031,
    "hr_mean": 104.85489321389088,
    "hr_min": 83.91608391608392,
    "hr_std": 4.904655655396713,
    "lomb_abs": [
        280.86553226190193,
        694.0514950648122,
        1122.1607972003596
    ],
    "lomb_bands": {
        "hf": [
            0.15,
            0.4
        ],
        "lf": [
            0.04,
            0.15
        ],
        "ulf": null,
        "vlf": [
            0.0,
            0.04
        ]
    },
    "lomb_log": [
        5.637876021924555,
        6.542546158135666,
        7.023011388827111
    ],
    "lomb_ma": "n/a",
    "lomb_nfft": 256.0,
    "lomb_norm": [
        38.214227379729614,
        61.78577262027038
    ],
    "lomb_peak": [
        0.00803921568627451,
        0.07396078431372549,
        0.36498039215686273
    ],
    "lomb_ratio": 0.6184955817351465,
    "lomb_rel": [
        13.393185936017504,
        33.09612485274992,
        53.51068921123257
    ],
    "lomb_total": 2097.077824527074,
    "nn20": 34.0,
    "nn50": 2.0,
    "nni_counter": 420.0,
    "nni_diff_max": 62.0,
    "nni_diff_mean": 8.214797136038186,
    "nni_diff_min": 0.0,
    "nni_max": 715.0,
    "nni_mean": 573.5380952380953,
    "nni_min": 523.0,
    "pnn20": 8.1145584725537,
    "pnn50": 0.47732696897374705,
    "rmssd": 11.555407664843159,
    "sampen": 1.3509272172825992,
    "sd1": 8.170398909760829,
    "sd2": 39.225881416476135,
    "sd_ratio": 4.800975062504554,
    "sdann": "n/a",
    "sdnn": 28.366018464407862,
    "sdnn_index": "n/a",
    "sdsd": 8.136495292235223,
    "tinn": 93.75,
    "tinn_m": 617.1875,
    "tinn_n": 523.4375,
    "tri_index": 6.0
}