{
    "Comment": "None",
    "Name": "C:\\Users\\Juan Pablo Botero T\\OneDrive - Universidad de los Andes\\Documentos\\JPB\\Personal\\Bienestar y Tecnolog\u00eda\\Codigo\\HRV-Bienestar-Tecnologia\\HRV_Reports\\Experiencia_Mindfullness\\LauraNovoa-14-03-2022\\HRV_sound.json",
    "ar_abs": [
        2377.1890200207076,
        5031.608029531306,
        9123.699471107506
    ],
    "ar_bands": {
        "hf": [
            0.15,
            0.4
        ],
        "lf": [
            0.04,
            0.15
        ],
        "ulf": null,
        "vlf": [
            0.0,
            0.04
        ]
    },
    "ar_interpolation": "cubic",
    "ar_log": [
        7.773673984611196,
        8.523494899784119,
        9.118630644578976
    ],
    "ar_nfft": 4096.0,
    "ar_norm": [
        35.545734554365815,
        64.45426544563419
    ],
    "ar_order": 16.0,
    "ar_peak": [
        0.0,
        0.0400390625,
        0.150390625
    ],
    "ar_ratio": 0.5514876992019697,
    "ar_rel": [
        14.37888716353334,
        30.43465349134447,
        55.18645934512219
    ],
    "ar_resampling_frequency": 4.0,
    "ar_total": 16532.49652065952,
    "dfa_alpha1": 1.2677455205424843,
    "dfa_alpha1_beats": [
        4,
        5,
        6,
        7,
        8,
        9,
        10,
        11,
        12,
        13,
        14,
        15,
        16
    ],
    "dfa_alpha2": 0.9971106086244662,
    "dfa_alpha2_beats": [
        17,
        18,
        19,
        20,
        21,
        22,
        23,
        24,
        25,
        26,
        27,
        28,
        29,
        30,
        31,
        32,
        33,
        34,
        35,
        36,
        37,
        38,
        39,
        40,
        41,
        42,
        43,
        44,
        45,
        46,
        47,
        48,
        49,
        50,
        51,
        52,
        53,
        54,
        55,
        56,
        57,
        58,
        59,
        60,
        61,
        62,
        63,
        64
    ],
    "ellipse_area": 9201.468152967444,
    "fft_abs": [
        3466.0555663542086,
        1002.8721330102045,
        384.4642438674806
    ],
    "fft_bands": {
        "hf": [
            0.15,
            0.4
        ],
        "lf": [
            0.04,
            0.15
        ],
        "ulf": null,
        "vlf": [
            0.0,
            0.04
        ]
    },
    "fft_interpolation": "cubic",
    "fft_log": [
        8.150772501986111,
        6.910623295298905,
        5.9518507907788
    ],
    "fft_nfft": 4096.0,
    "fft_norm": [
        72.28759727812017,
        27.71240272187983
    ],
    "fft_peak": [
        0.00390625,
        0.080078125,
        0.2001953125
    ],
    "fft_ratio": 2.6084925945828146,
    "fft_rel": [
        71.41511765163865,
        20.663324634407903,
        7.921557713953434
    ],
    "fft_resampling_frequency": 4.0,
    "fft_total": 4853.391943231894,
    "fft_window": "hamming",
    "hr_max": 132.4503311258278,
    "hr_mean": 99.00214507650166,
    "hr_min": 61.919504643962846,
    "hr_std": 11.337718731073762,
    "lomb_abs": [
        231.50158981853366,
        569.513514187299,
        1318.7495433425652
    ],
    "lomb_bands": {
        "hf": [
            0.15,
            0.4
        ],
        "lf": [
            0.04,
            0.15
        ],
        "ulf": null,
        "vlf": [
            0.0,
            0.04
        ]
    },
    "lomb_log": [
        5.444586740969376,
        6.3447825125219275,
        7.1844392509437975
    ],
    "lomb_ma": "n/a",
    "lomb_nfft": 256.0,
    "lomb_norm": [
        30.160708377799306,
        69.8392916222007
    ],
    "lomb_peak": [
        0.001607843137254902,
        0.13505882352941176,
        0.3376470588235294
    ],
    "lomb_ratio": 0.43185873850146184,
    "lomb_rel": [
        10.921098722356643,
        26.866827640497753,
        62.21207363714561
    ],
    "lomb_total": 2119.764647348398,
    "nn20": 145.0,
    "nn50": 41.0,
    "nni_counter": 390.0,
    "nni_diff_max": 208.0,
    "nni_diff_mean": 22.637532133676093,
    "nni_diff_min": 0.0,
    "nni_max": 969.0,
    "nni_mean": 615.1128205128205,
    "nni_min": 453.0,
    "pnn20": 37.275064267352185,
    "pnn50": 10.539845758354756,
    "rmssd": 37.29518187728329,
    "sampen": 0.6015728411403068,
    "sd1": 26.370945281576716,
    "sd2": 111.06610890209704,
    "sd_ratio": 4.211684780965744,
    "sdann": "n/a",
    "sdnn": 80.77387644169104,
    "sdnn_index": "n/a",
    "sdsd": 29.677210703350347,
    "tinn": 226.5625,
    "tinn_m": 703.125,
    "tinn_n": 476.5625,
    "tri_index": 16.25
}