{
    "Comment": "None",
    "Name": "C:\\Users\\Juan Pablo Botero T\\OneDrive - Universidad de los Andes\\Documentos\\JPB\\Personal\\Bienestar y Tecnolog\u00eda\\Codigo\\HRV-Bienestar-Tecnologia\\HRV_Reports\\Experiencia_Mindfullness\\LauraNovoa-14-03-2022\\HRV_final.json",
    "ar_abs": [
        2388.1507120786378,
        4761.542277388295,
        9254.330243383942
    ],
    "ar_bands": {
        "hf": [
            0.15,
            0.4
        ],
        "lf": [
            0.04,
            0.15
        ],
        "ulf": null,
        "vlf": [
            0.0,
            0.04
        ]
    },
    "ar_interpolation": "cubic",
    "ar_log": [
        7.778274584781734,
        8.46832690260094,
        9.132846855385624
    ],
    "ar_nfft": 4096.0,
    "ar_norm": [
        33.97249989489735,
        66.02750010510265
    ],
    "ar_order": 16.0,
    "ar_peak": [
        0.0,
        0.0400390625,
        0.27734375
    ],
    "ar_ratio": 0.5145204625469674,
    "ar_rel": [
        14.558323151457758,
        29.02667357756955,
        56.415003270972704
    ],
    "ar_resampling_frequency": 4.0,
    "ar_total": 16404.023232850872,
    "dfa_alpha1": 0.8767933097766276,
    "dfa_alpha1_beats": [
        4,
        5,
        6,
        7,
        8,
        9,
        10,
        11,
        12,
        13,
        14,
        15,
        16
    ],
    "dfa_alpha2": 1.11253486403802,
    "dfa_alpha2_beats": [
        17,
        18,
        19,
        20,
        21,
        22,
        23,
        24,
        25,
        26,
        27,
        28,
        29,
        30,
        31,
        32,
        33,
        34,
        35,
        36,
        37,
        38,
        39,
        40,
        41,
        42,
        43,
        44,
        45,
        46,
        47,
        48,
        49,
        50,
        51,
        52,
        53,
        54,
        55,
        56,
        57,
        58,
        59,
        60,
        61,
        62,
        63,
        64
    ],
    "ellipse_area": 3544.9703736481342,
    "fft_abs": [
        717.2831181106578,
        319.3601335734615,
        533.06828869452
    ],
    "fft_bands": {
        "hf": [
            0.15,
            0.4
        ],
        "lf": [
            0.04,
            0.15
        ],
        "ulf": null,
        "vlf": [
            0.0,
            0.04
        ]
    },
    "fft_interpolation": "cubic",
    "fft_log": [
        6.575470627529425,
        5.766319411376586,
        6.278649537337088
    ],
    "fft_nfft": 4096.0,
    "fft_norm": [
        37.46474486664441,
        62.5352551333556
    ],
    "fft_peak": [
        0.0087890625,
        0.091796875,
        0.294921875
    ],
    "fft_ratio": 0.5990979774009291,
    "fft_rel": [
        45.69521849458008,
        20.34514784139427,
        33.95963366402565
    ],
    "fft_resampling_frequency": 4.0,
    "fft_total": 1569.7115403786393,
    "fft_window": "hamming",
    "hr_max": 106.95187165775401,
    "hr_mean": 91.17464974295582,
    "hr_min": 75.75757575757575,
    "hr_std": 5.382799327533685,
    "lomb_abs": [
        335.02057078600217,
        523.4541221680631,
        1345.9816944527824
    ],
    "lomb_bands": {
        "hf": [
            0.15,
            0.4
        ],
        "lf": [
            0.04,
            0.15
        ],
        "ulf": null,
        "vlf": [
            0.0,
            0.04
        ]
    },
    "lomb_log": [
        5.814191935271186,
        6.260449389733044,
        7.2048789101514075
    ],
    "lomb_ma": "n/a",
    "lomb_nfft": 256.0,
    "lomb_norm": [
        28.00064690716412,
        71.99935309283588
    ],
    "lomb_peak": [
        0.00803921568627451,
        0.04984313725490196,
        0.31513725490196076
    ],
    "lomb_ratio": 0.38890136792007174,
    "lomb_rel": [
        15.197423396527002,
        23.74527004291585,
        61.05730656055716
    ],
    "lomb_total": 2204.4563874068476,
    "nn20": 189.0,
    "nn50": 40.0,
    "nni_counter": 363.0,
    "nni_diff_max": 100.0,
    "nni_diff_mean": 24.359116022099446,
    "nni_diff_min": 0.0,
    "nni_max": 792.0,
    "nni_mean": 660.404958677686,
    "nni_min": 561.0,
    "pnn20": 52.20994475138122,
    "pnn50": 11.049723756906078,
    "rmssd": 30.889752274502147,
    "sampen": 1.6042699422756577,
    "sd1": 21.842098611535736,
    "sd2": 51.661662014697264,
    "sd_ratio": 2.365233439034679,
    "sdann": "n/a",
    "sdnn": 39.6869473189648,
    "sdnn_index": "n/a",
    "sdsd": 19.021296922464053,
    "tinn": 140.625,
    "tinn_m": 734.375,
    "tinn_n": 593.75,
    "tri_index": 9.552631578947368
}