{
    "Comment": "None",
    "Name": "C:\\Users\\facartesvirtual1\\Documents\\HRV-Bienestar-Tecnologia\\HRV_Reports\\Experiencia_Mindfullness\\AndresMauricioVargas-30-03-2022\\HRV_video.json",
    "ar_abs": [
        2584.130838174463,
        5516.698119872707,
        11847.340994396796
    ],
    "ar_bands": {
        "hf": [
            0.15,
            0.4
        ],
        "lf": [
            0.04,
            0.15
        ],
        "ulf": null,
        "vlf": [
            0.0,
            0.04
        ]
    },
    "ar_interpolation": "cubic",
    "ar_log": [
        7.857144497589082,
        8.615534793608346,
        9.379858732725877
    ],
    "ar_nfft": 4096.0,
    "ar_norm": [
        31.770822926442086,
        68.2291770735579
    ],
    "ar_order": 16.0,
    "ar_peak": [
        0.0,
        0.0400390625,
        0.2978515625
    ],
    "ar_ratio": 0.46564863140867063,
    "ar_rel": [
        12.954225096011204,
        27.655159009695645,
        59.39061589429314
    ],
    "ar_resampling_frequency": 4.0,
    "ar_total": 19948.16995244397,
    "dfa_alpha1": 0.8080568823921791,
    "dfa_alpha1_beats": [
        4,
        5,
        6,
        7,
        8,
        9,
        10,
        11,
        12,
        13,
        14,
        15,
        16
    ],
    "dfa_alpha2": 0.46642858135576243,
    "dfa_alpha2_beats": [
        17,
        18,
        19,
        20,
        21,
        22,
        23,
        24,
        25,
        26,
        27,
        28,
        29,
        30,
        31,
        32,
        33,
        34,
        35,
        36,
        37,
        38,
        39,
        40,
        41,
        42,
        43,
        44,
        45,
        46,
        47,
        48,
        49,
        50,
        51,
        52,
        53,
        54,
        55,
        56,
        57,
        58,
        59,
        60,
        61,
        62,
        63,
        64
    ],
    "ellipse_area": 101288.67723991934,
    "fft_abs": [
        2185.919408352369,
        3892.4627678118713,
        15290.605855803933
    ],
    "fft_bands": {
        "hf": [
            0.15,
            0.4
        ],
        "lf": [
            0.04,
            0.15
        ],
        "ulf": null,
        "vlf": [
            0.0,
            0.04
        ]
    },
    "fft_interpolation": "cubic",
    "fft_log": [
        7.689791800880464,
        8.266797338553062,
        9.634993922454889
    ],
    "fft_nfft": 4096.0,
    "fft_norm": [
        20.291137169889268,
        79.70886283011073
    ],
    "fft_peak": [
        0.0087890625,
        0.0537109375,
        0.3056640625
    ],
    "fft_ratio": 0.2545656336000832,
    "fft_rel": [
        10.229400686088722,
        18.21547544501741,
        71.55512386889387
    ],
    "fft_resampling_frequency": 4.0,
    "fft_total": 21368.988031968172,
    "fft_window": "hamming",
    "hr_max": 101.35135135135135,
    "hr_mean": 57.879220510931596,
    "hr_min": 43.10344827586207,
    "hr_std": 12.121192600427849,
    "lomb_abs": [
        284.77233363692324,
        1137.1913757257978,
        3077.3836463544512
    ],
    "lomb_bands": {
        "hf": [
            0.15,
            0.4
        ],
        "lf": [
            0.04,
            0.15
        ],
        "ulf": null,
        "vlf": [
            0.0,
            0.04
        ]
    },
    "lomb_log": [
        5.6516900316903405,
        7.036316795968451,
        8.031835049498042
    ],
    "lomb_ma": "n/a",
    "lomb_nfft": 256.0,
    "lomb_norm": [
        26.982349816245474,
        73.01765018375453
    ],
    "lomb_peak": [
        0.03376470588235294,
        0.04662745098039216,
        0.36498039215686273
    ],
    "lomb_ratio": 0.3695318837067794,
    "lomb_rel": [
        6.3291920165948605,
        25.274585085785965,
        68.39622289761917
    ],
    "lomb_total": 4499.347355717173,
    "nn20": 207.0,
    "nn50": 189.0,
    "nni_counter": 224.0,
    "nni_diff_max": 592.0,
    "nni_diff_mean": 177.35874439461884,
    "nni_diff_min": 0.0,
    "nni_max": 1392.0,
    "nni_mean": 1074.1294642857142,
    "nni_min": 592.0,
    "pnn20": 92.82511210762333,
    "pnn50": 84.75336322869956,
    "rmssd": 221.13965921770742,
    "sampen": 1.5705980791178364,
    "sd1": 156.3678664892939,
    "sd2": 206.1880618301645,
    "sd_ratio": 1.3186089089747965,
    "sdann": "n/a",
    "sdnn": 184.44709822266398,
    "sdnn_index": "n/a",
    "sdsd": 132.38282768200347,
    "tinn": 320.3125,
    "tinn_m": 1335.9375,
    "tinn_n": 1015.625,
    "tri_index": 28.0
}