{
    "Comment": "None",
    "Name": "C:\\Users\\facartesvirtual1\\Documents\\HRV-Bienestar-Tecnologia\\HRV_Reports\\Experiencia_Mindfullness\\AndresMauricioVargas-30-03-2022\\HRV_olfative.json",
    "ar_abs": [
        2636.34870009483,
        5861.506515170789,
        11864.547202273057
    ],
    "ar_bands": {
        "hf": [
            0.15,
            0.4
        ],
        "lf": [
            0.04,
            0.15
        ],
        "ulf": null,
        "vlf": [
            0.0,
            0.04
        ]
    },
    "ar_interpolation": "cubic",
    "ar_log": [
        7.877150170672921,
        8.676161934030635,
        9.38131000566994
    ],
    "ar_nfft": 4096.0,
    "ar_norm": [
        33.06718240057346,
        66.93281759942654
    ],
    "ar_order": 16.0,
    "ar_peak": [
        0.0,
        0.0400390625,
        0.189453125
    ],
    "ar_ratio": 0.4940354162060072,
    "ar_rel": [
        12.947139762958779,
        28.785928079498703,
        58.26693215754252
    ],
    "ar_resampling_frequency": 4.0,
    "ar_total": 20362.402417538677,
    "dfa_alpha1": 0.7406404520798736,
    "dfa_alpha1_beats": [
        4,
        5,
        6,
        7,
        8,
        9,
        10,
        11,
        12,
        13,
        14,
        15,
        16
    ],
    "dfa_alpha2": 0.6684834831579077,
    "dfa_alpha2_beats": [
        17,
        18,
        19,
        20,
        21,
        22,
        23,
        24,
        25,
        26,
        27,
        28,
        29,
        30,
        31,
        32,
        33,
        34,
        35,
        36,
        37,
        38,
        39,
        40,
        41,
        42,
        43,
        44,
        45,
        46,
        47,
        48,
        49,
        50,
        51,
        52,
        53,
        54,
        55,
        56,
        57,
        58,
        59,
        60,
        61,
        62,
        63,
        64
    ],
    "ellipse_area": 124633.34819275327,
    "fft_abs": [
        3210.052358118749,
        14810.058735020817,
        25152.210288889284
    ],
    "fft_bands": {
        "hf": [
            0.15,
            0.4
        ],
        "lf": [
            0.04,
            0.15
        ],
        "ulf": null,
        "vlf": [
            0.0,
            0.04
        ]
    },
    "fft_interpolation": "cubic",
    "fft_log": [
        8.07404252693146,
        9.603061873156804,
        10.132701055916362
    ],
    "fft_nfft": 4096.0,
    "fft_norm": [
        37.06010468564663,
        62.93989531435337
    ],
    "fft_peak": [
        0.017578125,
        0.056640625,
        0.1591796875
    ],
    "fft_ratio": 0.5888173868188037,
    "fft_rel": [
        7.435440706820512,
        34.30452257585976,
        58.26003671731973
    ],
    "fft_resampling_frequency": 4.0,
    "fft_total": 43172.32138202885,
    "fft_window": "hamming",
    "hr_max": 91.88361408882082,
    "hr_mean": 66.36127309179163,
    "hr_min": 43.10344827586207,
    "hr_std": 14.178944088712175,
    "lomb_abs": [
        304.2463130047808,
        924.2172154998376,
        2610.5340511998816
    ],
    "lomb_bands": {
        "hf": [
            0.15,
            0.4
        ],
        "lf": [
            0.04,
            0.15
        ],
        "ulf": null,
        "vlf": [
            0.0,
            0.04
        ]
    },
    "lomb_log": [
        5.717837613486176,
        6.82894712572409,
        7.8673100967034335
    ],
    "lomb_ma": "n/a",
    "lomb_nfft": 256.0,
    "lomb_norm": [
        26.14659832522668,
        73.85340167477332
    ],
    "lomb_peak": [
        0.035372549019607846,
        0.05627450980392157,
        0.36498039215686273
    ],
    "lomb_ratio": 0.35403377139441605,
    "lomb_rel": [
        7.925149904059061,
        24.07444121314027,
        68.00040888280067
    ],
    "lomb_total": 3838.9975797045,
    "nn20": 201.0,
    "nn50": 156.0,
    "nni_counter": 254.0,
    "nni_diff_max": 631.0,
    "nni_diff_mean": 144.54545454545453,
    "nni_diff_min": 0.0,
    "nni_max": 1392.0,
    "nni_mean": 948.8937007874016,
    "nni_min": 653.0,
    "pnn20": 79.44664031620553,
    "pnn50": 61.6600790513834,
    "rmssd": 216.31487808797024,
    "sampen": 1.2555785498955316,
    "sd1": 152.95299576329114,
    "sd2": 259.37397747564336,
    "sd_ratio": 1.6957757262698436,
    "sdann": "n/a",
    "sdnn": 213.39051149230065,
    "sdnn_index": "n/a",
    "sdsd": 161.24983975964386,
    "tinn": 289.0625,
    "tinn_m": 960.9375,
    "tinn_n": 671.875,
    "tri_index": 28.22222222222222
}