{
    "Comment": "None",
    "Name": "C:\\Users\\facartesvirtual1\\Documents\\HRV-Bienestar-Tecnologia\\HRV_Reports\\Experiencia_Mindfullness\\AndresMauricioVargas-30-03-2022\\HRV_baseline.json",
    "ar_abs": [
        2628.205080707473,
        5729.45649756551,
        12097.11448579446
    ],
    "ar_bands": {
        "hf": [
            0.15,
            0.4
        ],
        "lf": [
            0.04,
            0.15
        ],
        "ulf": null,
        "vlf": [
            0.0,
            0.04
        ]
    },
    "ar_interpolation": "cubic",
    "ar_log": [
        7.874056413358675,
        8.653375953127235,
        9.400722230897413
    ],
    "ar_nfft": 4096.0,
    "ar_norm": [
        32.139980834865064,
        67.86001916513494
    ],
    "ar_order": 16.0,
    "ar_peak": [
        0.0,
        0.0400390625,
        0.150390625
    ],
    "ar_ratio": 0.4736217470946119,
    "ar_rel": [
        12.84885775564366,
        28.010360414702117,
        59.14078182965423
    ],
    "ar_resampling_frequency": 4.0,
    "ar_total": 20454.776064067442,
    "dfa_alpha1": 0.6925590056842498,
    "dfa_alpha1_beats": [
        4,
        5,
        6,
        7,
        8,
        9,
        10,
        11,
        12,
        13,
        14,
        15,
        16
    ],
    "dfa_alpha2": 1.410822721255207,
    "dfa_alpha2_beats": [
        17,
        18,
        19,
        20,
        21,
        22,
        23,
        24,
        25,
        26,
        27,
        28,
        29,
        30,
        31,
        32,
        33,
        34,
        35,
        36,
        37,
        38,
        39,
        40,
        41,
        42,
        43,
        44,
        45,
        46,
        47,
        48,
        49,
        50,
        51,
        52,
        53,
        54,
        55,
        56,
        57,
        58,
        59,
        60,
        61,
        62,
        63,
        64
    ],
    "ellipse_area": 155202.79512134957,
    "fft_abs": [
        31463.270594947386,
        5421.15206573807,
        14982.282913247414
    ],
    "fft_bands": {
        "hf": [
            0.15,
            0.4
        ],
        "lf": [
            0.04,
            0.15
        ],
        "ulf": null,
        "vlf": [
            0.0,
            0.04
        ]
    },
    "fft_interpolation": "cubic",
    "fft_log": [
        10.356576131633023,
        8.598063630100643,
        9.61462364287295
    ],
    "fft_nfft": 4096.0,
    "fft_norm": [
        26.569800973814385,
        73.43019902618562
    ],
    "fft_peak": [
        0.01171875,
        0.111328125,
        0.3701171875
    ],
    "fft_ratio": 0.361837518162513,
    "fft_rel": [
        60.66178726176928,
        10.4520848312036,
        28.88612790702712
    ],
    "fft_resampling_frequency": 4.0,
    "fft_total": 51866.70557393287,
    "fft_window": "hamming",
    "hr_max": 89.68609865470852,
    "hr_mean": 57.73991443050504,
    "hr_min": 40.84411164057182,
    "hr_std": 13.578268997443857,
    "lomb_abs": [
        483.96518084118713,
        1116.5387630595044,
        2591.9842139473317
    ],
    "lomb_bands": {
        "hf": [
            0.15,
            0.4
        ],
        "lf": [
            0.04,
            0.15
        ],
        "ulf": null,
        "vlf": [
            0.0,
            0.04
        ]
    },
    "lomb_log": [
        6.182012963718026,
        7.017988789047006,
        7.860178967155522
    ],
    "lomb_ma": "n/a",
    "lomb_nfft": 256.0,
    "lomb_norm": [
        30.107370777588315,
        69.89262922241168
    ],
    "lomb_peak": [
        0.012862745098039216,
        0.13345098039215686,
        0.36498039215686273
    ],
    "lomb_ratio": 0.4307660351677559,
    "lomb_rel": [
        11.543626663208114,
        26.6318882969157,
        61.82448503987617
    ],
    "lomb_total": 4192.488157848024,
    "nn20": 204.0,
    "nn50": 177.0,
    "nni_counter": 220.0,
    "nni_diff_max": 623.0,
    "nni_diff_mean": 216.64383561643837,
    "nni_diff_min": 0.0,
    "nni_max": 1469.0,
    "nni_mean": 1091.4318181818182,
    "nni_min": 669.0,
    "pnn20": 93.15068493150685,
    "pnn50": 80.82191780821918,
    "rmssd": 275.86351764105524,
    "sampen": 1.46687484777923,
    "sd1": 195.0640494359006,
    "sd2": 253.26339832146772,
    "sd_ratio": 1.2983602004258186,
    "sdann": "n/a",
    "sdnn": 226.4206693986344,
    "sdnn_index": "n/a",
    "sdsd": 171.17218943682616,
    "tinn": 265.625,
    "tinn_m": 1382.8125,
    "tinn_n": 1117.1875,
    "tri_index": 27.5
}