{
    "Comment": "None",
    "Name": "C:\\Users\\facartesvirtual1\\Documents\\HRV-Bienestar-Tecnologia\\HRV_Reports\\Experiencia_Mindfullness\\AndresMauricioVargas-30-03-2022\\HRV_interactive.json",
    "ar_abs": [
        2557.4572097339164,
        5710.925593157754,
        11265.626258936703
    ],
    "ar_bands": {
        "hf": [
            0.15,
            0.4
        ],
        "lf": [
            0.04,
            0.15
        ],
        "ulf": null,
        "vlf": [
            0.0,
            0.04
        ]
    },
    "ar_interpolation": "cubic",
    "ar_log": [
        7.846768766398976,
        8.650136389891099,
        9.329511444657683
    ],
    "ar_nfft": 4096.0,
    "ar_norm": [
        33.64007981663943,
        66.35992018336057
    ],
    "ar_order": 16.0,
    "ar_peak": [
        0.0,
        0.0400390625,
        0.15625
    ],
    "ar_ratio": 0.5069336991920389,
    "ar_rel": [
        13.09233143917944,
        29.235809070640485,
        57.671859490180076
    ],
    "ar_resampling_frequency": 4.0,
    "ar_total": 19534.009061828372,
    "dfa_alpha1": 0.8729761465819477,
    "dfa_alpha1_beats": [
        4,
        5,
        6,
        7,
        8,
        9,
        10,
        11,
        12,
        13,
        14,
        15,
        16
    ],
    "dfa_alpha2": 0.9058439015123411,
    "dfa_alpha2_beats": [
        17,
        18,
        19,
        20,
        21,
        22,
        23,
        24,
        25,
        26,
        27,
        28,
        29,
        30,
        31,
        32,
        33,
        34,
        35,
        36,
        37,
        38,
        39,
        40,
        41,
        42,
        43,
        44,
        45,
        46,
        47,
        48,
        49,
        50,
        51,
        52,
        53,
        54,
        55,
        56,
        57,
        58,
        59,
        60,
        61,
        62,
        63,
        64
    ],
    "ellipse_area": 70417.4622966559,
    "fft_abs": [
        13678.613689810669,
        12379.794608905719,
        8084.711648807288
    ],
    "fft_bands": {
        "hf": [
            0.15,
            0.4
        ],
        "lf": [
            0.04,
            0.15
        ],
        "ulf": null,
        "vlf": [
            0.0,
            0.04
        ]
    },
    "fft_interpolation": "cubic",
    "fft_log": [
        9.52358884757732,
        9.423820955544073,
        8.997730106416297
    ],
    "fft_nfft": 4096.0,
    "fft_norm": [
        60.493981398841775,
        39.50601860115822
    ],
    "fft_peak": [
        0.0107421875,
        0.1416015625,
        0.16796875
    ],
    "fft_ratio": 1.5312598824389823,
    "fft_rel": [
        40.062576913984536,
        36.2585335725993,
        23.67888951341617
    ],
    "fft_resampling_frequency": 4.0,
    "fft_total": 34143.11994752367,
    "fft_window": "hamming",
    "hr_max": 92.87925696594428,
    "hr_mean": 73.07157910866565,
    "hr_min": 46.43962848297214,
    "hr_std": 12.153957070385143,
    "lomb_abs": [
        321.4097206854341,
        771.965691137297,
        1796.7450427576846
    ],
    "lomb_bands": {
        "hf": [
            0.15,
            0.4
        ],
        "lf": [
            0.04,
            0.15
        ],
        "ulf": null,
        "vlf": [
            0.0,
            0.04
        ]
    },
    "lomb_log": [
        5.772716697666937,
        6.648940107505223,
        7.4937319973397
    ],
    "lomb_ma": "n/a",
    "lomb_nfft": 256.0,
    "lomb_norm": [
        30.052651742796733,
        69.94734825720326
    ],
    "lomb_peak": [
        0.03376470588235294,
        0.13988235294117646,
        0.344078431372549
    ],
    "lomb_ratio": 0.4296467627663337,
    "lomb_rel": [
        11.120980102266913,
        26.710502322276735,
        62.16851757545635
    ],
    "lomb_total": 2890.1204545804158,
    "nn20": 225.0,
    "nn50": 149.0,
    "nni_counter": 284.0,
    "nni_diff_max": 569.0,
    "nni_diff_mean": 99.96113074204948,
    "nni_diff_min": 0.0,
    "nni_max": 1292.0,
    "nni_mean": 848.056338028169,
    "nni_min": 646.0,
    "pnn20": 79.50530035335689,
    "pnn50": 52.65017667844523,
    "rmssd": 153.85424013812738,
    "sampen": 1.0111637532015725,
    "sd1": 108.79123990955026,
    "sd2": 206.03289775569738,
    "sd_ratio": 1.893837205339276,
    "sdann": "n/a",
    "sdnn": 164.85669007830523,
    "sdnn_index": "n/a",
    "sdsd": 117.16401446366419,
    "tinn": 234.375,
    "tinn_m": 898.4375,
    "tinn_n": 664.0625,
    "tri_index": 18.933333333333334
}