{
    "Comment": "None",
    "Name": "D:\\Users\\jp.botero\\Documents\\Bienestar & Tecnolog\u00eda\\HRV-Bienestar-Tecnologia\\HRV_Reports\\MariaAngelaPaez-02-12\\HRV_baseline.json",
    "ar_abs": [
        1967.4926940235023,
        3781.5819810556495,
        6154.551576307957
    ],
    "ar_bands": {
        "hf": [
            0.15,
            0.4
        ],
        "lf": [
            0.04,
            0.15
        ],
        "ulf": null,
        "vlf": [
            0.0,
            0.04
        ]
    },
    "ar_interpolation": "cubic",
    "ar_log": [
        7.584515266954805,
        8.237897714568069,
        8.724947180774876
    ],
    "ar_nfft": 4096.0,
    "ar_norm": [
        38.05888839178437,
        61.94111160821562
    ],
    "ar_order": 16.0,
    "ar_peak": [
        0.0,
        0.0400390625,
        0.150390625
    ],
    "ar_ratio": 0.6144366383430613,
    "ar_rel": [
        16.528515365594863,
        31.768319175973698,
        51.70316545843144
    ],
    "ar_resampling_frequency": 4.0,
    "ar_total": 11903.626251387108,
    "dfa_alpha1": 1.5842603927228782,
    "dfa_alpha1_beats": [
        4,
        5,
        6,
        7,
        8,
        9,
        10,
        11,
        12,
        13,
        14,
        15,
        16
    ],
    "dfa_alpha2": 0.9218950851586836,
    "dfa_alpha2_beats": [
        17,
        18,
        19,
        20,
        21,
        22,
        23,
        24,
        25,
        26,
        27,
        28,
        29,
        30,
        31,
        32,
        33,
        34,
        35,
        36,
        37,
        38,
        39,
        40,
        41,
        42,
        43,
        44,
        45,
        46,
        47,
        48,
        49,
        50,
        51,
        52,
        53,
        54,
        55,
        56,
        57,
        58,
        59,
        60,
        61,
        62,
        63,
        64
    ],
    "ellipse_area": 24.694421347444585,
    "fft_abs": [
        0.9658768181518322,
        7.1658374794253215,
        2.166355797378843
    ],
    "fft_bands": {
        "hf": [
            0.15,
            0.4
        ],
        "lf": [
            0.04,
            0.15
        ],
        "ulf": null,
        "vlf": [
            0.0,
            0.04
        ]
    },
    "fft_interpolation": "cubic",
    "fft_log": [
        -0.03471897034182665,
        1.969324939226379,
        0.7730463998066682
    ],
    "fft_nfft": 4096.0,
    "fft_norm": [
        76.78620948878677,
        23.213790511213215
    ],
    "fft_peak": [
        0.0263671875,
        0.1279296875,
        0.150390625
    ],
    "fft_ratio": 3.3077842005895532,
    "fft_rel": [
        9.379202212120497,
        69.584275629811,
        21.03652215806849
    ],
    "fft_resampling_frequency": 4.0,
    "fft_total": 10.298070094955998,
    "fft_window": "hamming",
    "hr_max": 845.0704225352113,
    "hr_mean": 760.0897919922161,
    "hr_min": 618.5567010309278,
    "hr_std": 40.90664694366374,
    "lomb_abs": [
        238.3468097493978,
        623.0785334700498,
        1278.2460149761916
    ],
    "lomb_bands": {
        "hf": [
            0.15,
            0.4
        ],
        "lf": [
            0.04,
            0.15
        ],
        "ulf": null,
        "vlf": [
            0.0,
            0.04
        ]
    },
    "lomb_log": [
        5.473726796830391,
        6.4346725677772145,
        7.153244116393107
    ],
    "lomb_ma": "n/a",
    "lomb_nfft": 256.0,
    "lomb_norm": [
        32.770761518817416,
        67.22923848118259
    ],
    "lomb_peak": [
        0.003215686274509804,
        0.059490196078431375,
        0.3263921568627451
    ],
    "lomb_ratio": 0.4874480547327622,
    "lomb_rel": [
        11.139412080105284,
        29.120291351447776,
        59.74029656844695
    ],
    "lomb_total": 2139.671358195639,
    "nn20": 0.0,
    "nn50": 0.0,
    "nni_counter": 396.0,
    "nni_diff_max": 9.0,
    "nni_diff_mean": 1.369620253164557,
    "nni_diff_min": 0.0,
    "nni_max": 97.0,
    "nni_mean": 79.17171717171718,
    "nni_min": 71.0,
    "pnn20": 0.0,
    "pnn50": 0.0,
    "rmssd": 1.8466528050173592,
    "sampen": 1.6883989542368958,
    "sd1": 1.3056322348836156,
    "sd2": 6.020438404065861,
    "sd_ratio": 4.6111288027462995,
    "sdann": "n/a",
    "sdnn": 4.365666748365058,
    "sdnn_index": "n/a",
    "sdsd": 1.2402261982957068,
    "tinn": 31.25,
    "tinn_m": 93.75,
    "tinn_n": 62.5,
    "tri_index": 2.020408163265306
}