{
    "Comment": "None",
    "Name": "C:\\Users\\Juan Pablo Botero T\\OneDrive - Universidad de los Andes\\Documentos\\JPB\\Personal\\Bienestar y Tecnolog\u00eda\\Codigo\\HRV-Bienestar-Tecnologia\\HRV_Reports\\MariaAngelaPaez-02-12\\HRV_olfative.json",
    "ar_abs": [
        2338.0985315875655,
        4762.414495809843,
        8425.672352582005
    ],
    "ar_bands": {
        "hf": [
            0.15,
            0.4
        ],
        "lf": [
            0.04,
            0.15
        ],
        "ulf": null,
        "vlf": [
            0.0,
            0.04
        ]
    },
    "ar_interpolation": "cubic",
    "ar_log": [
        7.7570932846801695,
        8.468510065638059,
        9.039038556497127
    ],
    "ar_nfft": 4096.0,
    "ar_norm": [
        36.11148872886419,
        63.888511271135805
    ],
    "ar_order": 16.0,
    "ar_peak": [
        0.0,
        0.0400390625,
        0.150390625
    ],
    "ar_ratio": 0.5652266426370621,
    "ar_rel": [
        15.059066179916151,
        30.673435742631572,
        54.26749807745228
    ],
    "ar_resampling_frequency": 4.0,
    "ar_total": 15526.185379979413,
    "dfa_alpha1": 1.4927397933841877,
    "dfa_alpha1_beats": [
        4,
        5,
        6,
        7,
        8,
        9,
        10,
        11,
        12,
        13,
        14,
        15,
        16
    ],
    "dfa_alpha2": 1.1531609808883039,
    "dfa_alpha2_beats": [
        17,
        18,
        19,
        20,
        21,
        22,
        23,
        24,
        25,
        26,
        27,
        28,
        29,
        30,
        31,
        32,
        33,
        34,
        35,
        36,
        37,
        38,
        39,
        40,
        41,
        42,
        43,
        44,
        45,
        46,
        47,
        48,
        49,
        50,
        51,
        52,
        53,
        54,
        55,
        56,
        57,
        58,
        59,
        60,
        61,
        62,
        63,
        64
    ],
    "ellipse_area": 2088.259874555056,
    "fft_abs": [
        830.6314711257286,
        426.84811874893455,
        113.93906596704825
    ],
    "fft_bands": {
        "hf": [
            0.15,
            0.4
        ],
        "lf": [
            0.04,
            0.15
        ],
        "ulf": null,
        "vlf": [
            0.0,
            0.04
        ]
    },
    "fft_interpolation": "cubic",
    "fft_log": [
        6.722186220107716,
        6.056428256158175,
        4.735663796432624
    ],
    "fft_nfft": 4096.0,
    "fft_norm": [
        78.93088645824916,
        21.069113541750838
    ],
    "fft_peak": [
        0.00390625,
        0.0478515625,
        0.1953125
    ],
    "fft_ratio": 3.7462841662435706,
    "fft_rel": [
        60.567316011603076,
        31.12456702632177,
        8.30811696207515
    ],
    "fft_resampling_frequency": 4.0,
    "fft_total": 1371.4186558417114,
    "fft_window": "hamming",
    "hr_max": 113.20754716981132,
    "hr_mean": 99.99310852817287,
    "hr_min": 80.42895442359249,
    "hr_std": 6.651372427580786,
    "lomb_abs": [
        174.4913071420002,
        533.8342991645172,
        1133.5468127140687
    ],
    "lomb_bands": {
        "hf": [
            0.15,
            0.4
        ],
        "lf": [
            0.04,
            0.15
        ],
        "ulf": null,
        "vlf": [
            0.0,
            0.04
        ]
    },
    "lomb_log": [
        5.161874924596477,
        6.280085489616776,
        7.033106768357315
    ],
    "lomb_ma": "n/a",
    "lomb_nfft": 256.0,
    "lomb_norm": [
        32.01633360012474,
        67.98366639987526
    ],
    "lomb_peak": [
        0.035372549019607846,
        0.05305882352941176,
        0.27815686274509804
    ],
    "lomb_ratio": 0.47094155545843713,
    "lomb_rel": [
        9.47358271615717,
        28.983239753836106,
        61.54317753000672
    ],
    "lomb_total": 1841.8724190205862,
    "nn20": 65.0,
    "nn50": 5.0,
    "nni_counter": 399.0,
    "nni_diff_max": 70.0,
    "nni_diff_mean": 11.577889447236181,
    "nni_diff_min": 0.0,
    "nni_max": 746.0,
    "nni_mean": 602.8145363408521,
    "nni_min": 530.0,
    "pnn20": 16.331658291457288,
    "pnn50": 1.256281407035176,
    "rmssd": 16.16218055839032,
    "sampen": 0.6816645534124572,
    "sd1": 11.427984769327557,
    "sd2": 58.165440049926644,
    "sd_ratio": 5.089737274242903,
    "sdann": "n/a",
    "sdnn": 41.95302097666388,
    "sdnn_index": "n/a",
    "sdsd": 11.291097385511627,
    "tinn": 156.25,
    "tinn_m": 664.0625,
    "tinn_n": 507.8125,
    "tri_index": 11.083333333333334
}