{
    "Comment": "None",
    "Name": "D:\\Users\\jp.botero\\Documents\\Bienestar & Tecnolog\u00eda\\HRV-Bienestar-Tecnologia\\HRV_Reports\\MariaAngelaPaez-02-12\\HRV_sound.json",
    "ar_abs": [
        1940.3784736392895,
        3705.8379139496255,
        6036.752077273772
    ],
    "ar_bands": {
        "hf": [
            0.15,
            0.4
        ],
        "lf": [
            0.04,
            0.15
        ],
        "ulf": null,
        "vlf": [
            0.0,
            0.04
        ]
    },
    "ar_interpolation": "cubic",
    "ar_log": [
        7.57063832253468,
        8.217664669771645,
        8.705621410746549
    ],
    "ar_nfft": 4096.0,
    "ar_norm": [
        38.03750252538622,
        61.96249747461377
    ],
    "ar_order": 16.0,
    "ar_peak": [
        0.0,
        0.0400390625,
        0.150390625
    ],
    "ar_ratio": 0.6138794282940307,
    "ar_rel": [
        16.608608329938647,
        31.72000271245431,
        51.67138895760704
    ],
    "ar_resampling_frequency": 4.0,
    "ar_total": 11682.968464862686,
    "dfa_alpha1": 1.3867574344216356,
    "dfa_alpha1_beats": [
        4,
        5,
        6,
        7,
        8,
        9,
        10,
        11,
        12,
        13,
        14,
        15,
        16
    ],
    "dfa_alpha2": 0.9396831105832608,
    "dfa_alpha2_beats": [
        17,
        18,
        19,
        20,
        21,
        22,
        23,
        24,
        25,
        26,
        27,
        28,
        29,
        30,
        31,
        32,
        33,
        34,
        35,
        36,
        37,
        38,
        39,
        40,
        41,
        42,
        43,
        44,
        45,
        46,
        47,
        48,
        49,
        50,
        51,
        52,
        53,
        54,
        55,
        56,
        57,
        58,
        59,
        60,
        61,
        62,
        63,
        64
    ],
    "ellipse_area": 9.426407135691322,
    "fft_abs": [
        0.01977080185506837,
        0.3893950358219757,
        0.7010084660355165
    ],
    "fft_bands": {
        "hf": [
            0.15,
            0.4
        ],
        "lf": [
            0.04,
            0.15
        ],
        "ulf": null,
        "vlf": [
            0.0,
            0.04
        ]
    },
    "fft_interpolation": "cubic",
    "fft_log": [
        -3.923549083438078,
        -0.9431609343996281,
        -0.3552353149369986
    ],
    "fft_nfft": 4096.0,
    "fft_norm": [
        35.71109549434176,
        64.28890450565822
    ],
    "fft_peak": [
        0.0390625,
        0.0625,
        0.2001953125
    ],
    "fft_ratio": 0.5554783639406818,
    "fft_rel": [
        1.7808736690222748,
        35.07512599776363,
        63.14400033321409
    ],
    "fft_resampling_frequency": 4.0,
    "fft_total": 1.1101743037125607,
    "fft_window": "hamming",
    "hr_max": 895.5223880597015,
    "hr_mean": 804.7330171369076,
    "hr_min": 731.7073170731708,
    "hr_std": 25.333239855285083,
    "lomb_abs": [
        188.31991067324034,
        496.2900400826074,
        1402.2038379865398
    ],
    "lomb_bands": {
        "hf": [
            0.15,
            0.4
        ],
        "lf": [
            0.04,
            0.15
        ],
        "ulf": null,
        "vlf": [
            0.0,
            0.04
        ]
    },
    "lomb_log": [
        5.238142169176895,
        6.207160514051519,
        7.245800447886893
    ],
    "lomb_ma": "n/a",
    "lomb_nfft": 256.0,
    "lomb_norm": [
        26.14125048363898,
        73.85874951636102
    ],
    "lomb_peak": [
        0.014470588235294117,
        0.04180392156862745,
        0.3408627450980392
    ],
    "lomb_ratio": 0.35393573076739177,
    "lomb_rel": [
        9.024279583025507,
        23.78219095349639,
        67.1935294634781
    ],
    "lomb_total": 2086.8137887423877,
    "nn20": 0.0,
    "nn50": 0.0,
    "nni_counter": 419.0,
    "nni_diff_max": 5.0,
    "nni_diff_mean": 1.0334928229665072,
    "nni_diff_min": 0.0,
    "nni_max": 82.0,
    "nni_mean": 74.63245823389022,
    "nni_min": 67.0,
    "pnn20": 0.0,
    "pnn50": 0.0,
    "rmssd": 1.3377121081198773,
    "sampen": 1.4147631401706673,
    "sd1": 0.9458508457921623,
    "sd2": 3.1722957121965716,
    "sd_ratio": 3.3539069360769385,
    "sdann": "n/a",
    "sdnn": 2.34541116054465,
    "sdnn_index": "n/a",
    "sdsd": 0.8503506125222418,
    "tinn": 15.625,
    "tinn_m": 78.125,
    "tinn_n": 62.5,
    "tri_index": 1.099737532808399
}