{
    "Comment": "None",
    "Name": "D:\\Users\\jp.botero\\Documents\\Bienestar & Tecnolog\u00eda\\HRV-Bienestar-Tecnologia\\HRV_Reports\\MariaAngelaPaez-02-12\\HRV_olfative.json",
    "ar_abs": [
        1958.7560252497526,
        3707.977679613864,
        6028.250227363982
    ],
    "ar_bands": {
        "hf": [
            0.15,
            0.4
        ],
        "lf": [
            0.04,
            0.15
        ],
        "ulf": null,
        "vlf": [
            0.0,
            0.04
        ]
    },
    "ar_interpolation": "cubic",
    "ar_log": [
        7.5800648697342945,
        8.218241907146016,
        8.704212069728229
    ],
    "ar_nfft": 4096.0,
    "ar_norm": [
        38.08433527892664,
        61.91566472107337
    ],
    "ar_order": 16.0,
    "ar_peak": [
        0.0,
        0.0400390625,
        0.150390625
    ],
    "ar_ratio": 0.6151001600401845,
    "ar_rel": [
        16.7486850482287,
        31.705709910347764,
        51.545605041423535
    ],
    "ar_resampling_frequency": 4.0,
    "ar_total": 11694.983932227598,
    "dfa_alpha1": 1.4940221455512726,
    "dfa_alpha1_beats": [
        4,
        5,
        6,
        7,
        8,
        9,
        10,
        11,
        12,
        13,
        14,
        15,
        16
    ],
    "dfa_alpha2": 1.152412795329406,
    "dfa_alpha2_beats": [
        17,
        18,
        19,
        20,
        21,
        22,
        23,
        24,
        25,
        26,
        27,
        28,
        29,
        30,
        31,
        32,
        33,
        34,
        35,
        36,
        37,
        38,
        39,
        40,
        41,
        42,
        43,
        44,
        45,
        46,
        47,
        48,
        49,
        50,
        51,
        52,
        53,
        54,
        55,
        56,
        57,
        58,
        59,
        60,
        61,
        62,
        63,
        64
    ],
    "ellipse_area": 35.18282030403931,
    "fft_abs": [
        4.608112291604415,
        5.487765858877492,
        5.720835451728346
    ],
    "fft_bands": {
        "hf": [
            0.15,
            0.4
        ],
        "lf": [
            0.04,
            0.15
        ],
        "ulf": null,
        "vlf": [
            0.0,
            0.04
        ]
    },
    "fft_interpolation": "cubic",
    "fft_log": [
        1.5278182919344383,
        1.7025212253147337,
        1.7441148527207424
    ],
    "fft_nfft": 4096.0,
    "fft_norm": [
        48.960309201870174,
        51.03969079812981
    ],
    "fft_peak": [
        0.0322265625,
        0.0400390625,
        0.158203125
    ],
    "fft_ratio": 0.9592595181564888,
    "fft_rel": [
        29.134448580775146,
        34.69599309246279,
        36.169558326762065
    ],
    "fft_resampling_frequency": 4.0,
    "fft_total": 15.816713602210253,
    "fft_window": "hamming",
    "hr_max": 869.5652173913044,
    "hr_mean": 768.5265743103184,
    "hr_min": 618.5567010309278,
    "hr_std": 51.036274243976784,
    "lomb_abs": [
        165.50437629084917,
        735.2572372665097,
        1421.8155085222143
    ],
    "lomb_bands": {
        "hf": [
            0.15,
            0.4
        ],
        "lf": [
            0.04,
            0.15
        ],
        "ulf": null,
        "vlf": [
            0.0,
            0.04
        ]
    },
    "lomb_log": [
        5.108997637312521,
        6.600220420658709,
        7.259689861103791
    ],
    "lomb_ma": "n/a",
    "lomb_nfft": 256.0,
    "lomb_norm": [
        34.08588044617226,
        65.91411955382773
    ],
    "lomb_peak": [
        0.006431372549019608,
        0.059490196078431375,
        0.28298039215686277
    ],
    "lomb_ratio": 0.5171256276636838,
    "lomb_rel": [
        7.125893677220974,
        31.65695684663337,
        61.21714947614565
    ],
    "lomb_total": 2322.577122079573,
    "nn20": 0.0,
    "nn50": 0.0,
    "nni_counter": 399.0,
    "nni_diff_max": 9.0,
    "nni_diff_mean": 1.5,
    "nni_diff_min": 0.0,
    "nni_max": 97.0,
    "nni_mean": 78.43107769423558,
    "nni_min": 69.0,
    "pnn20": 0.0,
    "pnn50": 0.0,
    "rmssd": 2.0962996832058733,
    "sampen": 0.6798397434767683,
    "sd1": 1.4822555491861393,
    "sd2": 7.555404014343247,
    "sd_ratio": 5.097234426608614,
    "sdann": "n/a",
    "sdnn": 5.449137739311481,
    "sdnn_index": "n/a",
    "sdsd": 1.4662448824857386,
    "tinn": 23.4375,
    "tinn_m": 85.9375,
    "tinn_n": 62.5,
    "tri_index": 1.7972972972972974
}