{
    "Comment": "None",
    "Name": "D:\\Users\\jp.botero\\Documents\\Bienestar & Tecnolog\u00eda\\HRV-Bienestar-Tecnologia\\HRV_Reports\\MariaAngelaPaez-02-12\\HRV_final.json",
    "ar_abs": [
        1965.1056246537214,
        3878.9725929487763,
        6384.417890175959
    ],
    "ar_bands": {
        "hf": [
            0.15,
            0.4
        ],
        "lf": [
            0.04,
            0.15
        ],
        "ulf": null,
        "vlf": [
            0.0,
            0.04
        ]
    },
    "ar_interpolation": "cubic",
    "ar_log": [
        7.583301275863159,
        8.263325601921007,
        8.76161559597476
    ],
    "ar_nfft": 4096.0,
    "ar_norm": [
        37.79426106145584,
        62.20573893854416
    ],
    "ar_order": 16.0,
    "ar_peak": [
        0.0,
        0.0400390625,
        0.150390625
    ],
    "ar_ratio": 0.6075687180373259,
    "ar_rel": [
        16.069887967693198,
        31.72076565066239,
        52.20934638164441
    ],
    "ar_resampling_frequency": 4.0,
    "ar_total": 12228.496107778457,
    "dfa_alpha1": 1.498266469446017,
    "dfa_alpha1_beats": [
        4,
        5,
        6,
        7,
        8,
        9,
        10,
        11,
        12,
        13,
        14,
        15,
        16
    ],
    "dfa_alpha2": 0.9362496463187924,
    "dfa_alpha2_beats": [
        17,
        18,
        19,
        20,
        21,
        22,
        23,
        24,
        25,
        26,
        27,
        28,
        29,
        30,
        31,
        32,
        33,
        34,
        35,
        36,
        37,
        38,
        39,
        40,
        41,
        42,
        43,
        44,
        45,
        46,
        47,
        48,
        49,
        50,
        51,
        52,
        53,
        54,
        55,
        56,
        57,
        58,
        59,
        60,
        61,
        62,
        63,
        64
    ],
    "ellipse_area": 51.722642284748744,
    "fft_abs": [
        0.5998762819565352,
        3.031069126621357,
        11.659188008731169
    ],
    "fft_bands": {
        "hf": [
            0.15,
            0.4
        ],
        "lf": [
            0.04,
            0.15
        ],
        "ulf": null,
        "vlf": [
            0.0,
            0.04
        ]
    },
    "fft_interpolation": "cubic",
    "fft_log": [
        -0.511031841766569,
        1.1089154043551446,
        2.456094539452081
    ],
    "fft_nfft": 4096.0,
    "fft_norm": [
        20.633193134019432,
        79.36680686598056
    ],
    "fft_peak": [
        0.03125,
        0.12890625,
        0.2880859375
    ],
    "fft_ratio": 0.2599725747926436,
    "fft_rel": [
        3.9232900432212747,
        19.82369312219383,
        76.2530168345849
    ],
    "fft_resampling_frequency": 4.0,
    "fft_total": 15.290133417309061,
    "fft_window": "hamming",
    "hr_max": 833.3333333333334,
    "hr_mean": 713.0272678068864,
    "hr_min": 566.0377358490566,
    "hr_std": 48.49447634994503,
    "lomb_abs": [
        288.5307147737468,
        794.5437832996037,
        1288.0082163541347
    ],
    "lomb_bands": {
        "hf": [
            0.15,
            0.4
        ],
        "lf": [
            0.04,
            0.15
        ],
        "ulf": null,
        "vlf": [
            0.0,
            0.04
        ]
    },
    "lomb_log": [
        5.664801543968462,
        6.67776809245033,
        7.160852285800889
    ],
    "lomb_ma": "n/a",
    "lomb_nfft": 256.0,
    "lomb_norm": [
        38.152410284675284,
        61.847589715324716
    ],
    "lomb_peak": [
        0.004823529411764706,
        0.11254901960784314,
        0.28619607843137257
    ],
    "lomb_ratio": 0.6168778841711564,
    "lomb_rel": [
        12.168732580188143,
        33.509745504236946,
        54.3215219155749
    ],
    "lomb_total": 2371.0827144274854,
    "nn20": 0.0,
    "nn50": 0.0,
    "nni_counter": 372.0,
    "nni_diff_max": 15.0,
    "nni_diff_mean": 2.1536388140161726,
    "nni_diff_min": 0.0,
    "nni_max": 106.0,
    "nni_mean": 84.54032258064517,
    "nni_min": 72.0,
    "pnn20": 0.0,
    "pnn50": 0.0,
    "rmssd": 2.929080883963064,
    "sampen": 0.9473085858527794,
    "sd1": 2.0711650631111334,
    "sd2": 7.9490662873835305,
    "sd_ratio": 3.8379685081415476,
    "sdann": "n/a",
    "sdnn": 5.809276706487182,
    "sdnn_index": "n/a",
    "sdsd": 1.9879655413302384,
    "tinn": 39.0625,
    "tinn_m": 101.5625,
    "tinn_n": 62.5,
    "tri_index": 2.1502890173410405
}