{
    "Comment": "None",
    "Name": "C:\\Users\\Juan Pablo Botero T\\OneDrive - Universidad de los Andes\\Documentos\\JPB\\Personal\\Bienestar y Tecnolog\u00eda\\Codigo\\HRV-Bienestar-Tecnologia\\HRV_Reports\\MariaAngelaPaez-02-12\\HRV_interactive.json",
    "ar_abs": [
        2366.572729489625,
        4878.692695485598,
        8957.109483959955
    ],
    "ar_bands": {
        "hf": [
            0.15,
            0.4
        ],
        "lf": [
            0.04,
            0.15
        ],
        "ulf": null,
        "vlf": [
            0.0,
            0.04
        ]
    },
    "ar_interpolation": "cubic",
    "ar_log": [
        7.769198081808611,
        8.49263257268884,
        9.100202851685069
    ],
    "ar_nfft": 4096.0,
    "ar_norm": [
        35.26136491553324,
        64.73863508446676
    ],
    "ar_order": 16.0,
    "ar_peak": [
        0.0,
        0.0400390625,
        0.150390625
    ],
    "ar_ratio": 0.5446726652411887,
    "ar_rel": [
        14.606332360477126,
        30.110972761129783,
        55.28269487839309
    ],
    "ar_resampling_frequency": 4.0,
    "ar_total": 16202.374908935179,
    "dfa_alpha1": 1.442853787743111,
    "dfa_alpha1_beats": [
        4,
        5,
        6,
        7,
        8,
        9,
        10,
        11,
        12,
        13,
        14,
        15,
        16
    ],
    "dfa_alpha2": 1.0183938203117369,
    "dfa_alpha2_beats": [
        17,
        18,
        19,
        20,
        21,
        22,
        23,
        24,
        25,
        26,
        27,
        28,
        29,
        30,
        31,
        32,
        33,
        34,
        35,
        36,
        37,
        38,
        39,
        40,
        41,
        42,
        43,
        44,
        45,
        46,
        47,
        48,
        49,
        50,
        51,
        52,
        53,
        54,
        55,
        56,
        57,
        58,
        59,
        60,
        61,
        62,
        63,
        64
    ],
    "ellipse_area": 9541.708838749737,
    "fft_abs": [
        1443.8954986213917,
        687.7580273165235,
        110.4056070663118
    ],
    "fft_bands": {
        "hf": [
            0.15,
            0.4
        ],
        "lf": [
            0.04,
            0.15
        ],
        "ulf": null,
        "vlf": [
            0.0,
            0.04
        ]
    },
    "fft_interpolation": "cubic",
    "fft_log": [
        7.275099947458214,
        6.53343707158902,
        4.704160921197424
    ],
    "fft_nfft": 4096.0,
    "fft_norm": [
        86.16754731607377,
        13.832452683926252
    ],
    "fft_peak": [
        0.0205078125,
        0.09765625,
        0.150390625
    ],
    "fft_ratio": 6.229375894862317,
    "fft_rel": [
        64.40042001419725,
        30.675284928590095,
        4.924295057212643
    ],
    "fft_resampling_frequency": 4.0,
    "fft_total": 2242.059133004227,
    "fft_window": "hamming",
    "hr_max": 260.8695652173913,
    "hr_mean": 97.38918388307714,
    "hr_min": 69.04487917146145,
    "hr_std": 16.534800709666825,
    "lomb_abs": [
        191.37158770786965,
        556.2342057760969,
        1136.4724768128933
    ],
    "lomb_bands": {
        "hf": [
            0.15,
            0.4
        ],
        "lf": [
            0.04,
            0.15
        ],
        "ulf": null,
        "vlf": [
            0.0,
            0.04
        ]
    },
    "lomb_log": [
        5.254217023422384,
        6.321189438966942,
        7.035684425500795
    ],
    "lomb_ma": "n/a",
    "lomb_nfft": 256.0,
    "lomb_norm": [
        32.86063743337613,
        67.13936256662387
    ],
    "lomb_peak": [
        0.017686274509803923,
        0.14470588235294118,
        0.3103137254901961
    ],
    "lomb_ratio": 0.4894392227922597,
    "lomb_rel": [
        10.157305602686915,
        29.522882066277177,
        60.319812331035905
    ],
    "lomb_total": 1884.07827029686,
    "nn20": 98.0,
    "nn50": 18.0,
    "nni_counter": 386.0,
    "nni_diff_max": 361.0,
    "nni_diff_mean": 18.825974025974027,
    "nni_diff_min": 0.0,
    "nni_max": 869.0,
    "nni_mean": 627.1580310880829,
    "nni_min": 230.0,
    "pnn20": 25.454545454545453,
    "pnn50": 4.675324675324675,
    "rmssd": 44.294469180700204,
    "sampen": 0.8793329431007293,
    "sd1": 31.320009451991904,
    "sd2": 96.97379750529213,
    "sd_ratio": 3.0962250395848696,
    "sdann": "n/a",
    "sdnn": 72.13953578756787,
    "sdnn_index": "n/a",
    "sdsd": 40.14684439977494,
    "tinn": 234.375,
    "tinn_m": 750.0,
    "tinn_n": 515.625,
    "tri_index": 15.44
}