{
    "Comment": "None",
    "Name": "C:\\Users\\Juan Pablo Botero T\\OneDrive - Universidad de los Andes\\Documentos\\JPB\\Personal\\Bienestar y Tecnolog\u00eda\\Codigo\\HRV-Bienestar-Tecnologia\\HRV_Reports\\LinaMoross-02-12\\HRV_baseline.json",
    "ar_abs": [
        2486.5686242158713,
        5051.48108203795,
        9416.222490405102
    ],
    "ar_bands": {
        "hf": [
            0.15,
            0.4
        ],
        "lf": [
            0.04,
            0.15
        ],
        "ulf": null,
        "vlf": [
            0.0,
            0.04
        ]
    },
    "ar_interpolation": "cubic",
    "ar_log": [
        7.818658976493389,
        8.527436762842058,
        9.150189277633457
    ],
    "ar_nfft": 4096.0,
    "ar_norm": [
        34.915569404253034,
        65.08443059574697
    ],
    "ar_order": 16.0,
    "ar_peak": [
        0.0,
        0.0400390625,
        0.150390625
    ],
    "ar_ratio": 0.536465773529171,
    "ar_rel": [
        14.666324778635348,
        29.79473859711545,
        55.5389366242492
    ],
    "ar_resampling_frequency": 4.0,
    "ar_total": 16954.272196658923,
    "dfa_alpha1": 0.9459263433636633,
    "dfa_alpha1_beats": [
        4,
        5,
        6,
        7,
        8,
        9,
        10,
        11,
        12,
        13,
        14,
        15,
        16
    ],
    "dfa_alpha2": 1.1495533954185782,
    "dfa_alpha2_beats": [
        17,
        18,
        19,
        20,
        21,
        22,
        23,
        24,
        25,
        26,
        27,
        28,
        29,
        30,
        31,
        32,
        33,
        34,
        35,
        36,
        37,
        38,
        39,
        40,
        41,
        42,
        43,
        44,
        45,
        46,
        47,
        48,
        49,
        50,
        51,
        52,
        53,
        54,
        55,
        56,
        57,
        58,
        59,
        60,
        61,
        62,
        63,
        64
    ],
    "ellipse_area": 4227.571065261564,
    "fft_abs": [
        1288.563827613138,
        722.2641762965357,
        416.6363051485989
    ],
    "fft_bands": {
        "hf": [
            0.15,
            0.4
        ],
        "lf": [
            0.04,
            0.15
        ],
        "ulf": null,
        "vlf": [
            0.0,
            0.04
        ]
    },
    "fft_interpolation": "cubic",
    "fft_log": [
        7.1612835652358395,
        6.582390967117077,
        6.032213671329899
    ],
    "fft_nfft": 4096.0,
    "fft_norm": [
        63.417672401021804,
        36.58232759897819
    ],
    "fft_peak": [
        0.021484375,
        0.07421875,
        0.328125
    ],
    "fft_ratio": 1.7335603435685483,
    "fft_rel": [
        53.08270950904455,
        29.75385358298989,
        17.16343690796557
    ],
    "fft_resampling_frequency": 4.0,
    "fft_total": 2427.4643090582726,
    "fft_window": "hamming",
    "hr_max": 89.68609865470852,
    "hr_mean": 74.04689318297848,
    "hr_min": 67.26457399103138,
    "hr_std": 4.116682012458636,
    "lomb_abs": [
        239.55003328974595,
        643.1507108662311,
        1690.5227845520426
    ],
    "lomb_bands": {
        "hf": [
            0.15,
            0.4
        ],
        "lf": [
            0.04,
            0.15
        ],
        "ulf": null,
        "vlf": [
            0.0,
            0.04
        ]
    },
    "lomb_log": [
        5.478762302296961,
        6.466379083812508,
        7.432793100052998
    ],
    "lomb_ma": "n/a",
    "lomb_nfft": 256.0,
    "lomb_norm": [
        27.55958415472155,
        72.44041584527845
    ],
    "lomb_peak": [
        0.03376470588235294,
        0.13505882352941176,
        0.36498039215686273
    ],
    "lomb_ratio": 0.3804448640049854,
    "lomb_rel": [
        9.309336348638968,
        24.99396976947231,
        65.69669388188872
    ],
    "lomb_total": 2573.2235287080193,
    "nn20": 192.0,
    "nn50": 41.0,
    "nni_counter": 296.0,
    "nni_diff_max": 77.0,
    "nni_diff_mean": 28.708474576271186,
    "nni_diff_min": 0.0,
    "nni_max": 892.0,
    "nni_mean": 812.6621621621622,
    "nni_min": 669.0,
    "pnn20": 65.08474576271186,
    "pnn50": 13.898305084745763,
    "rmssd": 34.335582176363786,
    "sampen": 1.3931017393479157,
    "sd1": 24.278661617553645,
    "sd2": 55.42635281198371,
    "sd_ratio": 2.282924556760166,
    "sdann": "n/a",
    "sdnn": 42.81628932125495,
    "sdnn_index": "n/a",
    "sdsd": 18.86696432665475,
    "tinn": 148.4375,
    "tinn_m": 890.625,
    "tinn_n": 742.1875,
    "tri_index": 10.571428571428571
}