{
    "Comment": "None",
    "Name": "D:\\Users\\jp.botero\\Documents\\Bienestar & Tecnolog\u00eda\\HRV-Bienestar-Tecnologia\\HRV_Reports\\LinaMoross-02-12\\HRV_baseline.json",
    "ar_abs": [
        2044.2285119684382,
        4106.564464056781,
        6808.64094096018
    ],
    "ar_bands": {
        "hf": [
            0.15,
            0.4
        ],
        "lf": [
            0.04,
            0.15
        ],
        "ulf": null,
        "vlf": [
            0.0,
            0.04
        ]
    },
    "ar_interpolation": "cubic",
    "ar_log": [
        7.62277574153689,
        8.320342061110553,
        8.825947811086245
    ],
    "ar_nfft": 4096.0,
    "ar_norm": [
        37.62242039136779,
        62.3775796086322
    ],
    "ar_order": 16.0,
    "ar_peak": [
        0.0,
        0.0400390625,
        0.150390625
    ],
    "ar_ratio": 0.603140112640109,
    "ar_rel": [
        15.774057146810646,
        31.687838298820097,
        52.538104554369255
    ],
    "ar_resampling_frequency": 4.0,
    "ar_total": 12959.4339169854,
    "dfa_alpha1": 0.9446913229267773,
    "dfa_alpha1_beats": [
        4,
        5,
        6,
        7,
        8,
        9,
        10,
        11,
        12,
        13,
        14,
        15,
        16
    ],
    "dfa_alpha2": 1.1495344152792393,
    "dfa_alpha2_beats": [
        17,
        18,
        19,
        20,
        21,
        22,
        23,
        24,
        25,
        26,
        27,
        28,
        29,
        30,
        31,
        32,
        33,
        34,
        35,
        36,
        37,
        38,
        39,
        40,
        41,
        42,
        43,
        44,
        45,
        46,
        47,
        48,
        49,
        50,
        51,
        52,
        53,
        54,
        55,
        56,
        57,
        58,
        59,
        60,
        61,
        62,
        63,
        64
    ],
    "ellipse_area": 71.58007650751253,
    "fft_abs": [
        0.7418860156932556,
        9.292430401052933,
        11.998252996977538
    ],
    "fft_bands": {
        "hf": [
            0.15,
            0.4
        ],
        "lf": [
            0.04,
            0.15
        ],
        "ulf": null,
        "vlf": [
            0.0,
            0.04
        ]
    },
    "fft_interpolation": "cubic",
    "fft_log": [
        -0.29855966527923444,
        2.229200133363313,
        2.4847610556044764
    ],
    "fft_nfft": 4096.0,
    "fft_norm": [
        43.64552432315322,
        56.35447567684678
    ],
    "fft_peak": [
        0.0390625,
        0.064453125,
        0.16796875
    ],
    "fft_ratio": 0.7744819519469855,
    "fft_rel": [
        3.3672242295587504,
        42.17588165302604,
        54.4568941174152
    ],
    "fft_resampling_frequency": 4.0,
    "fft_total": 22.032569413723728,
    "fft_window": "hamming",
    "hr_max": 689.6551724137931,
    "hr_mean": 569.2509996523904,
    "hr_min": 517.2413793103449,
    "hr_std": 31.656265740842763,
    "lomb_abs": [
        220.7747154650552,
        614.9360075085463,
        1914.6773232332694
    ],
    "lomb_bands": {
        "hf": [
            0.15,
            0.4
        ],
        "lf": [
            0.04,
            0.15
        ],
        "ulf": null,
        "vlf": [
            0.0,
            0.04
        ]
    },
    "lomb_log": [
        5.39714279455347,
        6.421518209561015,
        7.5573043877999995
    ],
    "lomb_ma": "n/a",
    "lomb_nfft": 256.0,
    "lomb_norm": [
        24.30948635648653,
        75.69051364351346
    ],
    "lomb_peak": [
        0.009647058823529411,
        0.14792156862745098,
        0.29101960784313724
    ],
    "lomb_ratio": 0.32116952556272965,
    "lomb_rel": [
        8.027038794381438,
        22.358154455936496,
        69.61480674968206
    ],
    "lomb_total": 2750.388046206871,
    "nn20": 0.0,
    "nn50": 0.0,
    "nni_counter": 296.0,
    "nni_diff_max": 10.0,
    "nni_diff_mean": 3.7355932203389832,
    "nni_diff_min": 0.0,
    "nni_max": 116.0,
    "nni_mean": 105.70945945945945,
    "nni_min": 87.0,
    "pnn20": 0.0,
    "pnn50": 0.0,
    "rmssd": 4.467585705266134,
    "sampen": 1.3931017393479157,
    "sd1": 3.1590274104276745,
    "sd2": 7.212550904409126,
    "sd_ratio": 2.283155530908381,
    "sdann": "n/a",
    "sdnn": 5.57142026548187,
    "sdnn_index": "n/a",
    "sdsd": 2.454605743857251,
    "tinn": 23.4375,
    "tinn_m": 109.375,
    "tinn_n": 85.9375,
    "tri_index": 1.8385093167701863
}