{
    "Comment": "None",
    "Name": "D:\\Users\\jp.botero\\Documents\\Bienestar & Tecnolog\u00eda\\HRV-Bienestar-Tecnologia\\HRV_Reports\\LinaMoross-02-12\\HRV_olfative.json",
    "ar_abs": [
        2025.2504628373567,
        3983.3411746495203,
        6729.644755899611
    ],
    "ar_bands": {
        "hf": [
            0.15,
            0.4
        ],
        "lf": [
            0.04,
            0.15
        ],
        "ulf": null,
        "vlf": [
            0.0,
            0.04
        ]
    },
    "ar_interpolation": "cubic",
    "ar_log": [
        7.613448657244018,
        8.28987623722087,
        8.814277636089512
    ],
    "ar_nfft": 4096.0,
    "ar_norm": [
        37.18236167276793,
        62.81763832723208
    ],
    "ar_order": 16.0,
    "ar_peak": [
        0.0,
        0.0400390625,
        0.150390625
    ],
    "ar_ratio": 0.5919095760823756,
    "ar_rel": [
        15.898986329762558,
        31.27074307333168,
        52.83027059690576
    ],
    "ar_resampling_frequency": 4.0,
    "ar_total": 12738.236393386487,
    "dfa_alpha1": 1.1492227670099764,
    "dfa_alpha1_beats": [
        4,
        5,
        6,
        7,
        8,
        9,
        10,
        11,
        12,
        13,
        14,
        15,
        16
    ],
    "dfa_alpha2": 1.159935612826946,
    "dfa_alpha2_beats": [
        17,
        18,
        19,
        20,
        21,
        22,
        23,
        24,
        25,
        26,
        27,
        28,
        29,
        30,
        31,
        32,
        33,
        34,
        35,
        36,
        37,
        38,
        39,
        40,
        41,
        42,
        43,
        44,
        45,
        46,
        47,
        48,
        49,
        50,
        51,
        52,
        53,
        54,
        55,
        56,
        57,
        58,
        59,
        60,
        61,
        62,
        63,
        64
    ],
    "ellipse_area": 136.0747875717768,
    "fft_abs": [
        20.294446759432663,
        44.94664107296364,
        13.54310792446535
    ],
    "fft_bands": {
        "hf": [
            0.15,
            0.4
        ],
        "lf": [
            0.04,
            0.15
        ],
        "ulf": null,
        "vlf": [
            0.0,
            0.04
        ]
    },
    "fft_interpolation": "cubic",
    "fft_log": [
        3.010347289975112,
        3.8054760322737593,
        2.605877777663512
    ],
    "fft_nfft": 4096.0,
    "fft_norm": [
        76.84533075178582,
        23.154669248214176
    ],
    "fft_peak": [
        0.037109375,
        0.0400390625,
        0.3115234375
    ],
    "fft_ratio": 3.318783348965893,
    "fft_rel": [
        25.75954043126109,
        57.05032670724324,
        17.190132861495666
    ],
    "fft_resampling_frequency": 4.0,
    "fft_total": 78.78419575686165,
    "fft_window": "hamming",
    "hr_max": 800.0,
    "hr_mean": 632.833703090235,
    "hr_min": 504.20168067226894,
    "hr_std": 69.94706024462793,
    "lomb_abs": [
        267.0994964296057,
        651.335830060533,
        1640.1573489175541
    ],
    "lomb_bands": {
        "hf": [
            0.15,
            0.4
        ],
        "lf": [
            0.04,
            0.15
        ],
        "ulf": null,
        "vlf": [
            0.0,
            0.04
        ]
    },
    "lomb_log": [
        5.587621234788813,
        6.479025377182952,
        7.402547460677792
    ],
    "lomb_ma": "n/a",
    "lomb_nfft": 256.0,
    "lomb_norm": [
        28.424078938389084,
        71.57592106161091
    ],
    "lomb_peak": [
        0.020901960784313726,
        0.10129411764705883,
        0.1656078431372549
    ],
    "lomb_ratio": 0.3971178926768164,
    "lomb_rel": [
        10.439312947186695,
        25.45680038565527,
        64.10388666715804
    ],
    "lomb_total": 2558.5926754076927,
    "nn20": 0.0,
    "nn50": 0.0,
    "nni_counter": 325.0,
    "nni_diff_max": 17.0,
    "nni_diff_mean": 3.404320987654321,
    "nni_diff_min": 0.0,
    "nni_max": 119.0,
    "nni_mean": 95.93538461538462,
    "nni_min": 75.0,
    "pnn20": 0.0,
    "pnn50": 0.0,
    "rmssd": 4.326561660541675,
    "sampen": 0.9692061597224342,
    "sd1": 3.05906006162032,
    "sd2": 14.159234951899986,
    "sd_ratio": 4.628622735965549,
    "sdann": "n/a",
    "sdnn": 10.258637293827372,
    "sdnn_index": "n/a",
    "sdsd": 2.6742864275630494,
    "tinn": 54.6875,
    "tinn_m": 117.1875,
    "tinn_n": 62.5,
    "tri_index": 3.6931818181818183
}