{
    "Comment": "None",
    "Name": "D:\\Users\\jp.botero\\Documents\\Bienestar & Tecnolog\u00eda\\HRV-Bienestar-Tecnologia\\HRV_Reports\\LinaMoross-02-12\\HRV_final.json",
    "ar_abs": [
        2044.1464667842472,
        4042.968197050761,
        6931.964640730363
    ],
    "ar_bands": {
        "hf": [
            0.15,
            0.4
        ],
        "lf": [
            0.04,
            0.15
        ],
        "ulf": null,
        "vlf": [
            0.0,
            0.04
        ]
    },
    "ar_interpolation": "cubic",
    "ar_log": [
        7.622735605695815,
        8.304734403433914,
        8.843898549946891
    ],
    "ar_nfft": 4096.0,
    "ar_norm": [
        36.83820445017097,
        63.16179554982903
    ],
    "ar_order": 16.0,
    "ar_peak": [
        0.0,
        0.0400390625,
        0.150390625
    ],
    "ar_ratio": 0.5832355481583628,
    "ar_rel": [
        15.701159958887652,
        31.054179043467556,
        53.244660997644786
    ],
    "ar_resampling_frequency": 4.0,
    "ar_total": 13019.07930456537,
    "dfa_alpha1": 1.1424522544339062,
    "dfa_alpha1_beats": [
        4,
        5,
        6,
        7,
        8,
        9,
        10,
        11,
        12,
        13,
        14,
        15,
        16
    ],
    "dfa_alpha2": 0.9877822654290677,
    "dfa_alpha2_beats": [
        17,
        18,
        19,
        20,
        21,
        22,
        23,
        24,
        25,
        26,
        27,
        28,
        29,
        30,
        31,
        32,
        33,
        34,
        35,
        36,
        37,
        38,
        39,
        40,
        41,
        42,
        43,
        44,
        45,
        46,
        47,
        48,
        49,
        50,
        51,
        52,
        53,
        54,
        55,
        56,
        57,
        58,
        59,
        60,
        61,
        62,
        63,
        64
    ],
    "ellipse_area": 71.88914821367858,
    "fft_abs": [
        0.4035429895477714,
        10.393641929640122,
        10.84359082959348
    ],
    "fft_bands": {
        "hf": [
            0.15,
            0.4
        ],
        "lf": [
            0.04,
            0.15
        ],
        "ulf": null,
        "vlf": [
            0.0,
            0.04
        ]
    },
    "fft_interpolation": "cubic",
    "fft_log": [
        -0.9074722553171254,
        2.3411942662757124,
        2.383574198500472
    ],
    "fft_nfft": 4096.0,
    "fft_norm": [
        48.94066024266337,
        51.05933975733663
    ],
    "fft_peak": [
        0.0009765625,
        0.087890625,
        0.267578125
    ],
    "fft_ratio": 0.958505544240438,
    "fft_rel": [
        1.8647343987680087,
        48.02804691613425,
        50.10721868509774
    ],
    "fft_resampling_frequency": 4.0,
    "fft_total": 21.640775748781373,
    "fft_window": "hamming",
    "hr_max": 681.8181818181819,
    "hr_mean": 570.5434897571452,
    "hr_min": 504.20168067226894,
    "hr_std": 32.677600509868405,
    "lomb_abs": [
        203.42561287521727,
        759.2979931455427,
        1561.2359061835225
    ],
    "lomb_bands": {
        "hf": [
            0.15,
            0.4
        ],
        "lf": [
            0.04,
            0.15
        ],
        "ulf": null,
        "vlf": [
            0.0,
            0.04
        ]
    },
    "lomb_log": [
        5.315300399360374,
        6.632394313183354,
        7.353233034134685
    ],
    "lomb_ma": "n/a",
    "lomb_nfft": 256.0,
    "lomb_norm": [
        32.720831760530544,
        67.27916823946946
    ],
    "lomb_peak": [
        0.019294117647058823,
        0.13827450980392156,
        0.3376470588235294
    ],
    "lomb_ratio": 0.4863441778005633,
    "lomb_rel": [
        8.059781145124509,
        30.083604331767393,
        61.8566145231081
    ],
    "lomb_total": 2523.9595122042824,
    "nn20": 0.0,
    "nn50": 0.0,
    "nni_counter": 296.0,
    "nni_diff_max": 11.0,
    "nni_diff_mean": 3.5322033898305083,
    "nni_diff_min": 0.0,
    "nni_max": 119.0,
    "nni_mean": 105.49324324324324,
    "nni_min": 88.0,
    "pnn20": 0.0,
    "pnn50": 0.0,
    "rmssd": 4.234643242332288,
    "sampen": 1.327265495793289,
    "sd1": 2.994341115005687,
    "sd2": 7.642090766169181,
    "sd_ratio": 2.5521777488449797,
    "sdann": "n/a",
    "sdnn": 5.804144190550399,
    "sdnn_index": "n/a",
    "sdsd": 2.3397221096379384,
    "tinn": 31.25,
    "tinn_m": 117.1875,
    "tinn_n": 85.9375,
    "tri_index": 1.8616352201257862
}