{
    "Comment": "None",
    "Name": "C:\\Users\\Juan Pablo Botero T\\OneDrive - Universidad de los Andes\\Documentos\\JPB\\Personal\\Bienestar y Tecnolog\u00eda\\Codigo\\HRV-Bienestar-Tecnologia\\HRV_Reports\\LinaMoross-02-12\\HRV_sound.json",
    "ar_abs": [
        2434.267984405722,
        4965.627822901913,
        9004.198123093736
    ],
    "ar_bands": {
        "hf": [
            0.15,
            0.4
        ],
        "lf": [
            0.04,
            0.15
        ],
        "ulf": null,
        "vlf": [
            0.0,
            0.04
        ]
    },
    "ar_interpolation": "cubic",
    "ar_log": [
        7.797401367900064,
        8.510295018213661,
        9.105446205682112
    ],
    "ar_nfft": 4096.0,
    "ar_norm": [
        35.54538075204347,
        64.45461924795651
    ],
    "ar_order": 16.0,
    "ar_peak": [
        0.0,
        0.0400390625,
        0.150390625
    ],
    "ar_ratio": 0.5514791828231986,
    "ar_rel": [
        14.839393109633098,
        30.27066196993189,
        54.88994492043502
    ],
    "ar_resampling_frequency": 4.0,
    "ar_total": 16404.09393040137,
    "dfa_alpha1": 1.4446748015509439,
    "dfa_alpha1_beats": [
        4,
        5,
        6,
        7,
        8,
        9,
        10,
        11,
        12,
        13,
        14,
        15,
        16
    ],
    "dfa_alpha2": 1.1858126344718152,
    "dfa_alpha2_beats": [
        17,
        18,
        19,
        20,
        21,
        22,
        23,
        24,
        25,
        26,
        27,
        28,
        29,
        30,
        31,
        32,
        33,
        34,
        35,
        36,
        37,
        38,
        39,
        40,
        41,
        42,
        43,
        44,
        45,
        46,
        47,
        48,
        49,
        50,
        51,
        52,
        53,
        54,
        55,
        56,
        57,
        58,
        59,
        60,
        61,
        62,
        63,
        64
    ],
    "ellipse_area": 3639.4753170883037,
    "fft_abs": [
        1628.5393189698605,
        515.7229313027818,
        176.2008845954834
    ],
    "fft_bands": {
        "hf": [
            0.15,
            0.4
        ],
        "lf": [
            0.04,
            0.15
        ],
        "ulf": null,
        "vlf": [
            0.0,
            0.04
        ]
    },
    "fft_interpolation": "cubic",
    "fft_log": [
        7.3954387687108865,
        6.245569666430117,
        5.171624733895172
    ],
    "fft_nfft": 4096.0,
    "fft_norm": [
        74.53464087419263,
        25.465359125807357
    ],
    "fft_peak": [
        0.00390625,
        0.0419921875,
        0.29296875
    ],
    "fft_ratio": 2.926903190564354,
    "fft_rel": [
        70.18165014125131,
        22.22499998182867,
        7.593349876920026
    ],
    "fft_resampling_frequency": 4.0,
    "fft_total": 2320.4631348681255,
    "fft_window": "hamming",
    "hr_max": 105.4481546572935,
    "hr_mean": 83.18623302432111,
    "hr_min": 70.92198581560284,
    "hr_std": 6.769368579229737,
    "lomb_abs": [
        384.32031885237564,
        679.9552559097298,
        1462.1096332272148
    ],
    "lomb_bands": {
        "hf": [
            0.15,
            0.4
        ],
        "lf": [
            0.04,
            0.15
        ],
        "ulf": null,
        "vlf": [
            0.0,
            0.04
        ]
    },
    "lomb_log": [
        5.951476368544625,
        6.522026995872478,
        7.287635626025732
    ],
    "lomb_ma": "n/a",
    "lomb_nfft": 256.0,
    "lomb_norm": [
        31.742981240110296,
        68.2570187598897
    ],
    "lomb_peak": [
        0.00803921568627451,
        0.11415686274509804,
        0.36498039215686273
    ],
    "lomb_ratio": 0.46505080088208633,
    "lomb_rel": [
        15.212261282919934,
        26.91415599487646,
        57.8735827222036
    ],
    "lomb_total": 2526.3852079893204,
    "nn20": 112.0,
    "nn50": 9.0,
    "nni_counter": 333.0,
    "nni_diff_max": 85.0,
    "nni_diff_mean": 16.337349397590362,
    "nni_diff_min": 0.0,
    "nni_max": 846.0,
    "nni_mean": 725.7747747747748,
    "nni_min": 569.0,
    "pnn20": 33.734939759036145,
    "pnn50": 2.710843373493976,
    "rmssd": 21.15946340449741,
    "sampen": 1.230973406144442,
    "sd1": 14.960484070094612,
    "sd2": 77.43606213029223,
    "sd_ratio": 5.1760398772847,
    "sdann": "n/a",
    "sdnn": 55.83576681435757,
    "sdnn_index": "n/a",
    "sdsd": 13.46700307436829,
    "tinn": 179.6875,
    "tinn_m": 820.3125,
    "tinn_n": 640.625,
    "tri_index": 11.482758620689655
}