{
    "Comment": "None",
    "Name": "D:\\Users\\jp.botero\\Documents\\Bienestar & Tecnolog\u00eda\\HRV-Bienestar-Tecnologia\\HRV_Reports\\LinaMoross-02-12\\HRV_video.json",
    "ar_abs": [
        2016.2544659559715,
        3995.921940547123,
        6695.075956926682
    ],
    "ar_bands": {
        "hf": [
            0.15,
            0.4
        ],
        "lf": [
            0.04,
            0.15
        ],
        "ulf": null,
        "vlf": [
            0.0,
            0.04
        ]
    },
    "ar_interpolation": "cubic",
    "ar_log": [
        7.608996844418228,
        8.293029605180028,
        8.809127603382302
    ],
    "ar_nfft": 4096.0,
    "ar_norm": [
        37.37651039564162,
        62.6234896043584
    ],
    "ar_order": 16.0,
    "ar_peak": [
        0.0,
        0.0400390625,
        0.150390625
    ],
    "ar_ratio": 0.5968449000810765,
    "ar_rel": [
        15.86695855477423,
        31.44599498194428,
        52.6870464632815
    ],
    "ar_resampling_frequency": 4.0,
    "ar_total": 12707.252363429776,
    "dfa_alpha1": 1.410147771879362,
    "dfa_alpha1_beats": [
        4,
        5,
        6,
        7,
        8,
        9,
        10,
        11,
        12,
        13,
        14,
        15,
        16
    ],
    "dfa_alpha2": 0.8160301128525761,
    "dfa_alpha2_beats": [
        17,
        18,
        19,
        20,
        21,
        22,
        23,
        24,
        25,
        26,
        27,
        28,
        29,
        30,
        31,
        32,
        33,
        34,
        35,
        36,
        37,
        38,
        39,
        40,
        41,
        42,
        43,
        44,
        45,
        46,
        47,
        48,
        49,
        50,
        51,
        52,
        53,
        54,
        55,
        56,
        57,
        58,
        59,
        60,
        61,
        62,
        63,
        64
    ],
    "ellipse_area": 56.598313625943064,
    "fft_abs": [
        1.5077838313193617,
        1.362060857710508,
        8.406829690984258
    ],
    "fft_bands": {
        "hf": [
            0.15,
            0.4
        ],
        "lf": [
            0.04,
            0.15
        ],
        "ulf": null,
        "vlf": [
            0.0,
            0.04
        ]
    },
    "fft_interpolation": "cubic",
    "fft_log": [
        0.4106409113790099,
        0.30899888933591674,
        2.129044433946805
    ],
    "fft_nfft": 4096.0,
    "fft_norm": [
        13.942840805934656,
        86.05715919406533
    ],
    "fft_peak": [
        0.0244140625,
        0.1494140625,
        0.181640625
    ],
    "fft_ratio": 0.162018371702144,
    "fft_rel": [
        13.37081998210072,
        12.078568661382253,
        74.55061135651702
    ],
    "fft_resampling_frequency": 4.0,
    "fft_total": 11.276674380014128,
    "fft_window": "hamming",
    "hr_max": 759.493670886076,
    "hr_mean": 622.3657614841694,
    "hr_min": 530.9734513274336,
    "hr_std": 38.824518707422385,
    "lomb_abs": [
        252.9457674038996,
        632.00640500124,
        1549.1759553680647
    ],
    "lomb_bands": {
        "hf": [
            0.15,
            0.4
        ],
        "lf": [
            0.04,
            0.15
        ],
        "ulf": null,
        "vlf": [
            0.0,
            0.04
        ]
    },
    "lomb_log": [
        5.5331751076621885,
        6.448899528591137,
        7.345478426843714
    ],
    "lomb_ma": "n/a",
    "lomb_nfft": 256.0,
    "lomb_norm": [
        28.975404188315206,
        71.02459581168479
    ],
    "lomb_peak": [
        0.035372549019607846,
        0.11576470588235294,
        0.246
    ],
    "lomb_ratio": 0.4079629578623838,
    "lomb_rel": [
        10.391637338963752,
        25.964385267566577,
        63.643977393469676
    ],
    "lomb_total": 2434.128127773204,
    "nn20": 0.0,
    "nn50": 0.0,
    "nni_counter": 322.0,
    "nni_diff_max": 11.0,
    "nni_diff_mean": 2.5919003115264796,
    "nni_diff_min": 0.0,
    "nni_max": 113.0,
    "nni_mean": 96.77329192546584,
    "nni_min": 79.0,
    "pnn20": 0.0,
    "pnn50": 0.0,
    "rmssd": 3.161292373445548,
    "sampen": 1.4030917441863924,
    "sd1": 2.2353322006934087,
    "sd2": 8.059563926507145,
    "sd_ratio": 3.6055329601600326,
    "sdann": "n/a",
    "sdnn": 5.921198600603181,
    "sdnn_index": "n/a",
    "sdsd": 1.8127490697918323,
    "tinn": 31.25,
    "tinn_m": 109.375,
    "tinn_n": 78.125,
    "tri_index": 2.1184210526315788
}