{
    "Comment": "None",
    "Name": "C:\\Users\\admin\\HRV-Bienestar-Tecnologia\\HRV_Reports\\Experiencia_Mindfullness\\25-03-2022_LuisFernandaRomero\\HRV_video.json",
    "ar_abs": [
        2516.931028820591,
        5217.8122604650325,
        9285.15060521075
    ],
    "ar_bands": {
        "hf": [
            0.15,
            0.4
        ],
        "lf": [
            0.04,
            0.15
        ],
        "ulf": null,
        "vlf": [
            0.0,
            0.04
        ]
    },
    "ar_interpolation": "cubic",
    "ar_log": [
        7.83079559262264,
        8.559833485836112,
        9.136171693925668
    ],
    "ar_nfft": 4096.0,
    "ar_norm": [
        35.97756064599771,
        64.02243935400229
    ],
    "ar_order": 16.0,
    "ar_peak": [
        0.0,
        0.0400390625,
        0.150390625
    ],
    "ar_ratio": 0.5619523562210007,
    "ar_rel": [
        14.788171092150442,
        30.657137422885384,
        54.55469148496418
    ],
    "ar_resampling_frequency": 4.0,
    "ar_total": 17019.893894496374,
    "dfa_alpha1": 1.5161745756964888,
    "dfa_alpha1_beats": [
        4,
        5,
        6,
        7,
        8,
        9,
        10,
        11,
        12,
        13,
        14,
        15,
        16
    ],
    "dfa_alpha2": 0.6689377874577762,
    "dfa_alpha2_beats": [
        17,
        18,
        19,
        20,
        21,
        22,
        23,
        24,
        25,
        26,
        27,
        28,
        29,
        30,
        31,
        32,
        33,
        34,
        35,
        36,
        37,
        38,
        39,
        40,
        41,
        42,
        43,
        44,
        45,
        46,
        47,
        48,
        49,
        50,
        51,
        52,
        53,
        54,
        55,
        56,
        57,
        58,
        59,
        60,
        61,
        62,
        63,
        64
    ],
    "ellipse_area": 2759.2565795462747,
    "fft_abs": [
        698.3270825089991,
        1442.2565185123883,
        75.93062117587255
    ],
    "fft_bands": {
        "hf": [
            0.15,
            0.4
        ],
        "lf": [
            0.04,
            0.15
        ],
        "ulf": null,
        "vlf": [
            0.0,
            0.04
        ]
    },
    "fft_interpolation": "cubic",
    "fft_log": [
        6.548687592586968,
        7.273964192809495,
        4.329820044093464
    ],
    "fft_nfft": 4096.0,
    "fft_norm": [
        94.99859936954387,
        5.0014006304561285
    ],
    "fft_peak": [
        0.0234375,
        0.099609375,
        0.1953125
    ],
    "fft_ratio": 18.994399047148516,
    "fft_rel": [
        31.505644110721658,
        65.0686787420051,
        3.425677147273231
    ],
    "fft_resampling_frequency": 4.0,
    "fft_total": 2216.51422219726,
    "fft_window": "hamming",
    "hr_max": 77.31958762886597,
    "hr_mean": 67.94163408745389,
    "hr_min": 60.97560975609756,
    "hr_std": 3.188990574377212,
    "lomb_abs": [
        318.0354333753754,
        714.3586735744396,
        1719.969840305165
    ],
    "lomb_bands": {
        "hf": [
            0.15,
            0.4
        ],
        "lf": [
            0.04,
            0.15
        ],
        "ulf": null,
        "vlf": [
            0.0,
            0.04
        ]
    },
    "lomb_log": [
        5.762162802281521,
        6.571385180148898,
        7.450062034947464
    ],
    "lomb_ma": "n/a",
    "lomb_nfft": 256.0,
    "lomb_norm": [
        29.345204211405374,
        70.65479578859463
    ],
    "lomb_peak": [
        0.03376470588235294,
        0.11576470588235294,
        0.29101960784313724
    ],
    "lomb_ratio": 0.41533209294396395,
    "lomb_rel": [
        11.554991980350644,
        25.954368218159964,
        62.49063980148939
    ],
    "lomb_total": 2752.3639472549803,
    "nn20": 103.0,
    "nn50": 6.0,
    "nni_counter": 273.0,
    "nni_diff_max": 69.0,
    "nni_diff_mean": 17.772058823529413,
    "nni_diff_min": 0.0,
    "nni_max": 984.0,
    "nni_mean": 885.0512820512821,
    "nni_min": 776.0,
    "pnn20": 37.86764705882353,
    "pnn50": 2.2058823529411766,
    "rmssd": 21.93171219946131,
    "sampen": 0.8632690883808034,
    "sd1": 15.507224813293789,
    "sd2": 56.63802894211711,
    "sd_ratio": 3.652363954481614,
    "sdann": "n/a",
    "sdnn": 41.567949423879256,
    "sdnn_index": "n/a",
    "sdsd": 12.874911621100145,
    "tinn": 171.875,
    "tinn_m": 976.5625,
    "tinn_n": 804.6875,
    "tri_index": 11.375
}