{
    "Comment": "None",
    "Name": "C:\\Users\\admin\\HRV-Bienestar-Tecnologia\\HRV_Reports\\Experiencia_Mindfullness\\25-03-2022_LuisFernandaRomero\\HRV_olfative.json",
    "ar_abs": [
        2558.1673848699884,
        5481.875836117668,
        11750.468672978976
    ],
    "ar_bands": {
        "hf": [
            0.15,
            0.4
        ],
        "lf": [
            0.04,
            0.15
        ],
        "ulf": null,
        "vlf": [
            0.0,
            0.04
        ]
    },
    "ar_interpolation": "cubic",
    "ar_log": [
        7.847046415834543,
        8.609202627229665,
        9.371648405838878
    ],
    "ar_nfft": 4096.0,
    "ar_norm": [
        31.811549689155097,
        68.18845031084491
    ],
    "ar_order": 16.0,
    "ar_peak": [
        0.0,
        0.0400390625,
        0.2744140625
    ],
    "ar_ratio": 0.46652401607806715,
    "ar_rel": [
        12.926231512232262,
        27.699515128706103,
        59.37425335906163
    ],
    "ar_resampling_frequency": 4.0,
    "ar_total": 19790.51189396663,
    "dfa_alpha1": 0.9628275068674272,
    "dfa_alpha1_beats": [
        4,
        5,
        6,
        7,
        8,
        9,
        10,
        11,
        12,
        13,
        14,
        15,
        16
    ],
    "dfa_alpha2": 0.7622540602971174,
    "dfa_alpha2_beats": [
        17,
        18,
        19,
        20,
        21,
        22,
        23,
        24,
        25,
        26,
        27,
        28,
        29,
        30,
        31,
        32,
        33,
        34,
        35,
        36,
        37,
        38,
        39,
        40,
        41,
        42,
        43,
        44,
        45,
        46,
        47,
        48,
        49,
        50,
        51,
        52,
        53,
        54,
        55,
        56,
        57,
        58,
        59,
        60,
        61,
        62,
        63,
        64
    ],
    "ellipse_area": 42932.006179693286,
    "fft_abs": [
        721.3762063991542,
        1723.0975636399373,
        1454.9256551823996
    ],
    "fft_bands": {
        "hf": [
            0.15,
            0.4
        ],
        "lf": [
            0.04,
            0.15
        ],
        "ulf": null,
        "vlf": [
            0.0,
            0.04
        ]
    },
    "fft_interpolation": "cubic",
    "fft_log": [
        6.581160785390368,
        7.451878859208026,
        7.282710082205572
    ],
    "fft_nfft": 4096.0,
    "fft_norm": [
        54.2191621960036,
        45.78083780399639
    ],
    "fft_peak": [
        0.00390625,
        0.109375,
        0.279296875
    ],
    "fft_ratio": 1.1843200080377425,
    "fft_rel": [
        18.49967463536206,
        44.18879359972371,
        37.31153176491423
    ],
    "fft_resampling_frequency": 4.0,
    "fft_total": 3899.399425221491,
    "fft_window": "hamming",
    "hr_max": 166.2049861495845,
    "hr_mean": 73.57700627888877,
    "hr_min": 30.959752321981423,
    "hr_std": 11.83161501899806,
    "lomb_abs": [
        482.76413598497453,
        932.0436736510483,
        2409.531833306039
    ],
    "lomb_bands": {
        "hf": [
            0.15,
            0.4
        ],
        "lf": [
            0.04,
            0.15
        ],
        "ulf": null,
        "vlf": [
            0.0,
            0.04
        ]
    },
    "lomb_log": [
        6.179528203085966,
        6.837379673728299,
        7.787187747574787
    ],
    "lomb_ma": "n/a",
    "lomb_nfft": 256.0,
    "lomb_norm": [
        27.892342151495715,
        72.10765784850429
    ],
    "lomb_peak": [
        0.00803921568627451,
        0.14470588235294118,
        0.1768627450980392
    ],
    "lomb_ratio": 0.3868152562949218,
    "lomb_rel": [
        12.623463945623417,
        24.37136239641173,
        63.00517365796485
    ],
    "lomb_total": 3824.339642942062,
    "nn20": 112.0,
    "nn50": 26.0,
    "nni_counter": 232.0,
    "nni_diff_max": 1362.0,
    "nni_diff_mean": 55.83549783549783,
    "nni_diff_min": 0.0,
    "nni_max": 1938.0,
    "nni_mean": 831.2715517241379,
    "nni_min": 361.0,
    "pnn20": 48.484848484848484,
    "pnn50": 11.255411255411255,
    "rmssd": 166.03361157657258,
    "sampen": 0.6622677574661247,
    "sd1": 117.40340821017699,
    "sd2": 116.39936360480694,
    "sd_ratio": 0.9914479092159522,
    "sdann": "n/a",
    "sdnn": 116.91233057298093,
    "sdnn_index": "n/a",
    "sdsd": 156.70309434693132,
    "tinn": 226.5625,
    "tinn_m": 960.9375,
    "tinn_n": 734.375,
    "tri_index": 16.571428571428573
}