{
    "Comment": "None",
    "Name": "C:\\Users\\admin\\HRV-Bienestar-Tecnologia\\HRV_Reports\\Experiencia_Mindfullness\\25-03-2022_LuisFernandaRomero\\HRV_sound.json",
    "ar_abs": [
        2520.521515647806,
        5355.834659110251,
        10827.550016168227
    ],
    "ar_bands": {
        "hf": [
            0.15,
            0.4
        ],
        "lf": [
            0.04,
            0.15
        ],
        "ulf": null,
        "vlf": [
            0.0,
            0.04
        ]
    },
    "ar_interpolation": "cubic",
    "ar_log": [
        7.832221109748028,
        8.585941836116168,
        9.28984909244253
    ],
    "ar_nfft": 4096.0,
    "ar_norm": [
        33.09465088160298,
        66.90534911839701
    ],
    "ar_order": 16.0,
    "ar_peak": [
        0.0,
        0.0400390625,
        0.2333984375
    ],
    "ar_ratio": 0.4946488033869765,
    "ar_rel": [
        13.475909737349795,
        28.634845600907134,
        57.88924466174308
    ],
    "ar_resampling_frequency": 4.0,
    "ar_total": 18703.906190926282,
    "dfa_alpha1": 1.2908194883898367,
    "dfa_alpha1_beats": [
        4,
        5,
        6,
        7,
        8,
        9,
        10,
        11,
        12,
        13,
        14,
        15,
        16
    ],
    "dfa_alpha2": 0.6010624899809663,
    "dfa_alpha2_beats": [
        17,
        18,
        19,
        20,
        21,
        22,
        23,
        24,
        25,
        26,
        27,
        28,
        29,
        30,
        31,
        32,
        33,
        34,
        35,
        36,
        37,
        38,
        39,
        40,
        41,
        42,
        43,
        44,
        45,
        46,
        47,
        48,
        49,
        50,
        51,
        52,
        53,
        54,
        55,
        56,
        57,
        58,
        59,
        60,
        61,
        62,
        63,
        64
    ],
    "ellipse_area": 27529.51973807099,
    "fft_abs": [
        460.16105894273414,
        2004.156782493854,
        484.8064943925249
    ],
    "fft_bands": {
        "hf": [
            0.15,
            0.4
        ],
        "lf": [
            0.04,
            0.15
        ],
        "ulf": null,
        "vlf": [
            0.0,
            0.04
        ]
    },
    "fft_interpolation": "cubic",
    "fft_log": [
        6.131576556338967,
        7.602978693921947,
        6.183749830689564
    ],
    "fft_nfft": 4096.0,
    "fft_norm": [
        80.52174980263254,
        19.47825019736747
    ],
    "fft_peak": [
        0.0048828125,
        0.0673828125,
        0.197265625
    ],
    "fft_ratio": 4.133931384325027,
    "fft_rel": [
        15.603311578023552,
        67.95769029285121,
        16.438998129125235
    ],
    "fft_resampling_frequency": 4.0,
    "fft_total": 2949.124335829113,
    "fft_window": "hamming",
    "hr_max": 205.4794520547945,
    "hr_mean": 71.06719385987677,
    "hr_min": 30.364372469635626,
    "hr_std": 9.406866422073831,
    "lomb_abs": [
        287.38673382749664,
        614.332456137934,
        1460.7884022469432
    ],
    "lomb_bands": {
        "hf": [
            0.15,
            0.4
        ],
        "lf": [
            0.04,
            0.15
        ],
        "ulf": null,
        "vlf": [
            0.0,
            0.04
        ]
    },
    "lomb_log": [
        5.660828813315449,
        6.420536241118872,
        7.2867315704930204
    ],
    "lomb_ma": "n/a",
    "lomb_nfft": 256.0,
    "lomb_norm": [
        29.604659104823686,
        70.39534089517632
    ],
    "lomb_peak": [
        0.00803921568627451,
        0.11094117647058824,
        0.20741176470588235
    ],
    "lomb_ratio": 0.42054855802043967,
    "lomb_rel": [
        12.164478741775087,
        26.003406641442428,
        61.83211461678248
    ],
    "lomb_total": 2362.5075922123738,
    "nn20": 133.0,
    "nn50": 15.0,
    "nni_counter": 313.0,
    "nni_diff_max": 1107.0,
    "nni_diff_mean": 33.89102564102564,
    "nni_diff_min": 0.0,
    "nni_max": 1976.0,
    "nni_mean": 854.1277955271565,
    "nni_min": 292.0,
    "pnn20": 42.628205128205124,
    "pnn50": 4.807692307692308,
    "rmssd": 113.26995777051094,
    "sampen": 0.6798409453398966,
    "sd1": 80.09395319208292,
    "sd2": 109.40798830973407,
    "sd_ratio": 1.3659956082745677,
    "sdann": "n/a",
    "sdnn": 95.8806497713352,
    "sdnn_index": "n/a",
    "sdsd": 108.2545276133239,
    "tinn": 226.5625,
    "tinn_m": 984.375,
    "tinn_n": 757.8125,
    "tri_index": 14.904761904761905
}