{
    "Comment": "None",
    "Name": "C:\\Users\\admin\\HRV-Bienestar-Tecnologia\\HRV_Reports\\Experiencia_Mindfullness\\25-03-2022_LuisFernandaRomero\\HRV_interactive.json",
    "ar_abs": [
        2475.833171238549,
        5092.164278329559,
        9110.054845721375
    ],
    "ar_bands": {
        "hf": [
            0.15,
            0.4
        ],
        "lf": [
            0.04,
            0.15
        ],
        "ulf": null,
        "vlf": [
            0.0,
            0.04
        ]
    },
    "ar_interpolation": "cubic",
    "ar_log": [
        7.814332253197852,
        8.535458221201186,
        9.11713401062242
    ],
    "ar_nfft": 4096.0,
    "ar_norm": [
        35.85470857653623,
        64.14529142346377
    ],
    "ar_order": 16.0,
    "ar_peak": [
        0.0,
        0.0400390625,
        0.150390625
    ],
    "ar_ratio": 0.5589608805397196,
    "ar_rel": [
        14.844857945060038,
        30.532128021734174,
        54.6230140332058
    ],
    "ar_resampling_frequency": 4.0,
    "ar_total": 16678.052295289483,
    "dfa_alpha1": 1.6237806678198332,
    "dfa_alpha1_beats": [
        4,
        5,
        6,
        7,
        8,
        9,
        10,
        11,
        12,
        13,
        14,
        15,
        16
    ],
    "dfa_alpha2": 1.5407630474844751,
    "dfa_alpha2_beats": [
        17,
        18,
        19,
        20,
        21,
        22,
        23,
        24,
        25,
        26,
        27,
        28,
        29,
        30,
        31,
        32,
        33,
        34,
        35,
        36,
        37,
        38,
        39,
        40,
        41,
        42,
        43,
        44,
        45,
        46,
        47,
        48,
        49,
        50,
        51,
        52,
        53,
        54,
        55,
        56,
        57,
        58,
        59,
        60,
        61,
        62,
        63,
        64
    ],
    "ellipse_area": 2056.9524526445066,
    "fft_abs": [
        904.1215741998293,
        241.0535100453763,
        20.236726280694267
    ],
    "fft_bands": {
        "hf": [
            0.15,
            0.4
        ],
        "lf": [
            0.04,
            0.15
        ],
        "ulf": null,
        "vlf": [
            0.0,
            0.04
        ]
    },
    "fft_interpolation": "cubic",
    "fft_log": [
        6.80696383608424,
        5.485018942228195,
        3.0074990863121407
    ],
    "fft_nfft": 4096.0,
    "fft_norm": [
        92.25507750873618,
        7.744922491263836
    ],
    "fft_peak": [
        0.0166015625,
        0.0400390625,
        0.150390625
    ],
    "fft_ratio": 11.911685057248619,
    "fft_rel": [
        77.57957882646122,
        20.6839769314333,
        1.7364442421054844
    ],
    "fft_resampling_frequency": 4.0,
    "fft_total": 1165.4118105259,
    "fft_window": "hamming",
    "hr_max": 104.16666666666667,
    "hr_mean": 75.81597070957505,
    "hr_min": 66.74082313681869,
    "hr_std": 6.155621736366511,
    "lomb_abs": [
        357.8773845018579,
        674.7870017466275,
        1954.3460746581106
    ],
    "lomb_bands": {
        "hf": [
            0.15,
            0.4
        ],
        "lf": [
            0.04,
            0.15
        ],
        "ulf": null,
        "vlf": [
            0.0,
            0.04
        ]
    },
    "lomb_log": [
        5.880190426342244,
        6.514397088107256,
        7.577810927799726
    ],
    "lomb_ma": "n/a",
    "lomb_nfft": 256.0,
    "lomb_norm": [
        25.66576061906227,
        74.33423938093775
    ],
    "lomb_peak": [
        0.00803921568627451,
        0.13666666666666666,
        0.1768627450980392
    ],
    "lomb_ratio": 0.34527508228790715,
    "lomb_rel": [
        11.981122570064166,
        22.59071438075316,
        65.42816304918267
    ],
    "lomb_total": 2987.010460906596,
    "nn20": 25.0,
    "nn50": 0.0,
    "nni_counter": 302.0,
    "nni_diff_max": 46.0,
    "nni_diff_mean": 9.129568106312293,
    "nni_diff_min": 0.0,
    "nni_max": 899.0,
    "nni_mean": 795.774834437086,
    "nni_min": 576.0,
    "pnn20": 8.305647840531561,
    "pnn50": 0.0,
    "rmssd": 12.08084615636755,
    "sampen": 0.5839055447203413,
    "sd1": 8.539713790619652,
    "sd2": 76.6709888809087,
    "sd_ratio": 8.978168444606075,
    "sdann": "n/a",
    "sdnn": 54.66882136137805,
    "sdnn_index": "n/a",
    "sdsd": 7.925054541106499,
    "tinn": 93.75,
    "tinn_m": 851.5625,
    "tinn_n": 757.8125,
    "tri_index": 7.55
}