{
    "Comment": "None",
    "Name": "C:\\Users\\admin\\HRV-Bienestar-Tecnologia\\HRV_Reports\\Experiencia_Mindfullness\\25-03-2022_LuisFernandaRomero\\HRV_baseline.json",
    "ar_abs": [
        2460.709847608903,
        5093.237180112885,
        9031.710594390594
    ],
    "ar_bands": {
        "hf": [
            0.15,
            0.4
        ],
        "lf": [
            0.04,
            0.15
        ],
        "ulf": null,
        "vlf": [
            0.0,
            0.04
        ]
    },
    "ar_interpolation": "cubic",
    "ar_log": [
        7.80820514324073,
        8.535668895624116,
        9.108497063065315
    ],
    "ar_nfft": 4096.0,
    "ar_norm": [
        36.058449641184055,
        63.941550358815945
    ],
    "ar_order": 16.0,
    "ar_peak": [
        0.0,
        0.0400390625,
        0.150390625
    ],
    "ar_ratio": 0.5639282976224004,
    "ar_rel": [
        14.83637190441112,
        30.708683949453185,
        54.454944146135674
    ],
    "ar_resampling_frequency": 4.0,
    "ar_total": 16585.657622112383,
    "dfa_alpha1": 1.415407466277455,
    "dfa_alpha1_beats": [
        4,
        5,
        6,
        7,
        8,
        9,
        10,
        11,
        12,
        13,
        14,
        15,
        16
    ],
    "dfa_alpha2": 0.45416123414816445,
    "dfa_alpha2_beats": [
        17,
        18,
        19,
        20,
        21,
        22,
        23,
        24,
        25,
        26,
        27,
        28,
        29,
        30,
        31,
        32,
        33,
        34,
        35,
        36,
        37,
        38,
        39,
        40,
        41,
        42,
        43,
        44,
        45,
        46,
        47,
        48,
        49,
        50,
        51,
        52,
        53,
        54,
        55,
        56,
        57,
        58,
        59,
        60,
        61,
        62,
        63,
        64
    ],
    "ellipse_area": 2485.4990855901915,
    "fft_abs": [
        155.95329619907073,
        366.2458141062529,
        114.22275000875251
    ],
    "fft_bands": {
        "hf": [
            0.15,
            0.4
        ],
        "lf": [
            0.04,
            0.15
        ],
        "ulf": null,
        "vlf": [
            0.0,
            0.04
        ]
    },
    "fft_interpolation": "cubic",
    "fft_log": [
        5.049556579086109,
        5.903304731204539,
        4.738150489367411
    ],
    "fft_nfft": 4096.0,
    "fft_norm": [
        76.22680055683891,
        23.773199443161083
    ],
    "fft_peak": [
        0.0166015625,
        0.072265625,
        0.150390625
    ],
    "fft_ratio": 3.206417408775298,
    "fft_rel": [
        24.50470449303977,
        57.547648335886734,
        17.94764717107348
    ],
    "fft_resampling_frequency": 4.0,
    "fft_total": 636.4218603140762,
    "fft_window": "hamming",
    "hr_max": 86.70520231213872,
    "hr_mean": 76.6444710609612,
    "hr_min": 66.74082313681869,
    "hr_std": 3.729451419445583,
    "lomb_abs": [
        346.20814223303216,
        828.6283731203556,
        1885.0900229789459
    ],
    "lomb_bands": {
        "hf": [
            0.15,
            0.4
        ],
        "lf": [
            0.04,
            0.15
        ],
        "ulf": null,
        "vlf": [
            0.0,
            0.04
        ]
    },
    "lomb_log": [
        5.847040161336232,
        6.719771771297402,
        7.541730856290268
    ],
    "lomb_ma": "n/a",
    "lomb_nfft": 256.0,
    "lomb_norm": [
        30.53479588417965,
        69.46520411582034
    ],
    "lomb_peak": [
        0.020901960784313726,
        0.0852156862745098,
        0.2765490196078431
    ],
    "lomb_ratio": 0.4395696561010394,
    "lomb_rel": [
        11.314263198675231,
        27.080008710665314,
        61.605728090659454
    ],
    "lomb_total": 3059.9265383323336,
    "nn20": 106.0,
    "nn50": 8.0,
    "nni_counter": 307.0,
    "nni_diff_max": 77.0,
    "nni_diff_mean": 16.833333333333332,
    "nni_diff_min": 0.0,
    "nni_max": 899.0,
    "nni_mean": 784.671009771987,
    "nni_min": 692.0,
    "pnn20": 34.64052287581699,
    "pnn50": 2.6143790849673203,
    "rmssd": 21.775968645677196,
    "sampen": 1.7336956682732938,
    "sd1": 15.39776846349599,
    "sd2": 51.38140198170644,
    "sd_ratio": 3.3369382130610723,
    "sdann": "n/a",
    "sdnn": 37.95016391445353,
    "sdnn_index": "n/a",
    "sdsd": 13.836812387583361,
    "tinn": 117.1875,
    "tinn_m": 843.75,
    "tinn_n": 726.5625,
    "tri_index": 8.527777777777779
}