{
    "Comment": "None",
    "Name": "C:\\Users\\facartesvirtual1\\Documents\\HRV-Bienestar-Tecnologia\\HRV_Reports\\Experiencia_Mindfullness\\CatalinaRios-29-03-2022\\HRV_olfative.json",
    "ar_abs": [
        2475.12827409525,
        5191.052340794005,
        9570.847584561401
    ],
    "ar_bands": {
        "hf": [
            0.15,
            0.4
        ],
        "lf": [
            0.04,
            0.15
        ],
        "ulf": null,
        "vlf": [
            0.0,
            0.04
        ]
    },
    "ar_interpolation": "cubic",
    "ar_log": [
        7.814047501577043,
        8.554691718765032,
        9.166477047355013
    ],
    "ar_nfft": 4096.0,
    "ar_norm": [
        35.165204797776234,
        64.83479520222376
    ],
    "ar_order": 16.0,
    "ar_peak": [
        0.0,
        0.0400390625,
        0.150390625
    ],
    "ar_ratio": 0.5423816746562361,
    "ar_rel": [
        14.359367783445014,
        30.115703709061886,
        55.52492850749309
    ],
    "ar_resampling_frequency": 4.0,
    "ar_total": 17237.02819945066,
    "dfa_alpha1": 1.2267391498893945,
    "dfa_alpha1_beats": [
        4,
        5,
        6,
        7,
        8,
        9,
        10,
        11,
        12,
        13,
        14,
        15,
        16
    ],
    "dfa_alpha2": 1.2622129072400734,
    "dfa_alpha2_beats": [
        17,
        18,
        19,
        20,
        21,
        22,
        23,
        24,
        25,
        26,
        27,
        28,
        29,
        30,
        31,
        32,
        33,
        34,
        35,
        36,
        37,
        38,
        39,
        40,
        41,
        42,
        43,
        44,
        45,
        46,
        47,
        48,
        49,
        50,
        51,
        52,
        53,
        54,
        55,
        56,
        57,
        58,
        59,
        60,
        61,
        62,
        63,
        64
    ],
    "ellipse_area": 13040.153216697614,
    "fft_abs": [
        5343.733950996584,
        2015.0670795764772,
        994.8704496603918
    ],
    "fft_bands": {
        "hf": [
            0.15,
            0.4
        ],
        "lf": [
            0.04,
            0.15
        ],
        "ulf": null,
        "vlf": [
            0.0,
            0.04
        ]
    },
    "fft_interpolation": "cubic",
    "fft_log": [
        8.583679929358283,
        7.608407763939075,
        6.902612527335322
    ],
    "fft_nfft": 4096.0,
    "fft_norm": [
        66.94713960018206,
        33.05286039981795
    ],
    "fft_peak": [
        0.00390625,
        0.1162109375,
        0.1728515625
    ],
    "fft_ratio": 2.025456761997845,
    "fft_rel": [
        63.96868686590062,
        24.12193350366423,
        11.909379630435131
    ],
    "fft_resampling_frequency": 4.0,
    "fft_total": 8353.671480233454,
    "fft_window": "hamming",
    "hr_max": 144.57831325301206,
    "hr_mean": 77.97396020613543,
    "hr_min": 54.94505494505494,
    "hr_std": 9.98742263412116,
    "lomb_abs": [
        249.1975428677789,
        647.2225703637389,
        1824.7899412004942
    ],
    "lomb_bands": {
        "hf": [
            0.15,
            0.4
        ],
        "lf": [
            0.04,
            0.15
        ],
        "ulf": null,
        "vlf": [
            0.0,
            0.04
        ]
    },
    "lomb_log": [
        5.5182459267835435,
        6.472690238998593,
        7.5092201586799385
    ],
    "lomb_ma": "n/a",
    "lomb_nfft": 256.0,
    "lomb_norm": [
        26.182010298733935,
        73.81798970126607
    ],
    "lomb_peak": [
        0.027333333333333334,
        0.10933333333333334,
        0.36498039215686273
    ],
    "lomb_ratio": 0.3546833286125764,
    "lomb_rel": [
        9.15760040140646,
        23.784366418520793,
        67.05803318007275
    ],
    "lomb_total": 2721.210054432012,
    "nn20": 166.0,
    "nn50": 53.0,
    "nni_counter": 309.0,
    "nni_diff_max": 277.0,
    "nni_diff_mean": 31.006493506493506,
    "nni_diff_min": 0.0,
    "nni_max": 1092.0,
    "nni_mean": 781.1618122977346,
    "nni_min": 415.0,
    "pnn20": 53.896103896103895,
    "pnn50": 17.20779220779221,
    "rmssd": 45.36468390118623,
    "sampen": 1.10374489189463,
    "sd1": 32.07698024275898,
    "sd2": 129.40151020491427,
    "sd_ratio": 4.034092649170903,
    "sdann": "n/a",
    "sdnn": 94.3181254940158,
    "sdnn_index": "n/a",
    "sdsd": 33.168113244480075,
    "tinn": 359.375,
    "tinn_m": 953.125,
    "tinn_n": 593.75,
    "tri_index": 22.071428571428573
}