{
    "Comment": "None",
    "Name": "C:\\Users\\facartesvirtual1\\Documents\\HRV-Bienestar-Tecnologia\\HRV_Reports\\Experiencia_Mindfullness\\CatalinaRios-29-03-2022\\HRV_sound.json",
    "ar_abs": [
        2513.67702056567,
        5230.224938882568,
        9893.395116672156
    ],
    "ar_bands": {
        "hf": [
            0.15,
            0.4
        ],
        "lf": [
            0.04,
            0.15
        ],
        "ulf": null,
        "vlf": [
            0.0,
            0.04
        ]
    },
    "ar_interpolation": "cubic",
    "ar_log": [
        7.829501908568225,
        8.562209565480664,
        9.199622653540354
    ],
    "ar_nfft": 4096.0,
    "ar_norm": [
        34.583154824506245,
        65.41684517549375
    ],
    "ar_order": 16.0,
    "ar_peak": [
        0.0,
        0.0400390625,
        0.150390625
    ],
    "ar_ratio": 0.5286582489835764,
    "ar_rel": [
        14.252053530180678,
        29.654345086492352,
        56.09360138332696
    ],
    "ar_resampling_frequency": 4.0,
    "ar_total": 17637.297076120394,
    "dfa_alpha1": 1.0346249717127027,
    "dfa_alpha1_beats": [
        4,
        5,
        6,
        7,
        8,
        9,
        10,
        11,
        12,
        13,
        14,
        15,
        16
    ],
    "dfa_alpha2": 0.6344116970332984,
    "dfa_alpha2_beats": [
        17,
        18,
        19,
        20,
        21,
        22,
        23,
        24,
        25,
        26,
        27,
        28,
        29,
        30,
        31,
        32,
        33,
        34,
        35,
        36,
        37,
        38,
        39,
        40,
        41,
        42,
        43,
        44,
        45,
        46,
        47,
        48,
        49,
        50,
        51,
        52,
        53,
        54,
        55,
        56,
        57,
        58,
        59,
        60,
        61,
        62,
        63,
        64
    ],
    "ellipse_area": 12143.814026160548,
    "fft_abs": [
        1449.0302224581026,
        1073.8894851976402,
        1686.5051430891072
    ],
    "fft_bands": {
        "hf": [
            0.15,
            0.4
        ],
        "lf": [
            0.04,
            0.15
        ],
        "ulf": null,
        "vlf": [
            0.0,
            0.04
        ]
    },
    "fft_interpolation": "cubic",
    "fft_log": [
        7.278649799562176,
        6.979042369585805,
        7.430413704060712
    ],
    "fft_nfft": 4096.0,
    "fft_norm": [
        38.90347685048768,
        61.096523149512315
    ],
    "fft_peak": [
        0.0361328125,
        0.0400390625,
        0.23046875
    ],
    "fft_ratio": 0.636754349429755,
    "fft_rel": [
        34.42347289325522,
        25.51154904232623,
        40.06497806441855
    ],
    "fft_resampling_frequency": 4.0,
    "fft_total": 4209.42485074485,
    "fft_window": "hamming",
    "hr_max": 85.71428571428571,
    "hr_mean": 72.13679598027801,
    "hr_min": 47.02194357366771,
    "hr_std": 5.692918659068051,
    "lomb_abs": [
        287.2601271734065,
        706.9347599542324,
        1826.2110745947446
    ],
    "lomb_bands": {
        "hf": [
            0.15,
            0.4
        ],
        "lf": [
            0.04,
            0.15
        ],
        "ulf": null,
        "vlf": [
            0.0,
            0.04
        ]
    },
    "lomb_log": [
        5.6603881717154305,
        6.560938384346303,
        7.509998648447471
    ],
    "lomb_ma": "n/a",
    "lomb_nfft": 256.0,
    "lomb_norm": [
        27.907384972176352,
        72.09261502782364
    ],
    "lomb_peak": [
        0.009647058823529411,
        0.10129411764705883,
        0.36498039215686273
    ],
    "lomb_ratio": 0.3871046286974843,
    "lomb_rel": [
        10.185063110488557,
        25.06500020027319,
        64.74993668923825
    ],
    "lomb_total": 2820.4059617223834,
    "nn20": 205.0,
    "nn50": 107.0,
    "nni_counter": 288.0,
    "nni_diff_max": 469.0,
    "nni_diff_mean": 44.00348432055749,
    "nni_diff_min": 0.0,
    "nni_max": 1276.0,
    "nni_mean": 837.2326388888889,
    "nni_min": 700.0,
    "pnn20": 71.42857142857143,
    "pnn50": 37.282229965156795,
    "rmssd": 60.83979648418405,
    "sampen": 1.629743178594846,
    "sd1": 43.020164860366854,
    "sd2": 89.85312057847194,
    "sd_ratio": 2.088627992712572,
    "sdann": "n/a",
    "sdnn": 70.48387793997996,
    "sdnn_index": "n/a",
    "sdsd": 42.0873632063499,
    "tinn": 226.5625,
    "tinn_m": 914.0625,
    "tinn_n": 687.5,
    "tri_index": 14.4
}