{
    "Comment": "None",
    "Name": "C:\\Users\\facartesvirtual1\\Documents\\HRV-Bienestar-Tecnologia\\HRV_Reports\\Experiencia_Mindfullness\\CatalinaRios-29-03-2022\\HRV_interactive.json",
    "ar_abs": [
        2494.1465115856463,
        4995.988428912305,
        9450.739445283343
    ],
    "ar_bands": {
        "hf": [
            0.15,
            0.4
        ],
        "lf": [
            0.04,
            0.15
        ],
        "ulf": null,
        "vlf": [
            0.0,
            0.04
        ]
    },
    "ar_interpolation": "cubic",
    "ar_log": [
        7.8217018701382806,
        8.516390555172391,
        9.15384826560469
    ],
    "ar_nfft": 4096.0,
    "ar_norm": [
        34.58214533019621,
        65.41785466980379
    ],
    "ar_order": 16.0,
    "ar_peak": [
        0.0,
        0.0400390625,
        0.150390625
    ],
    "ar_ratio": 0.5286346595245193,
    "ar_rel": [
        14.722655128586618,
        29.490735337164804,
        55.786609534248576
    ],
    "ar_resampling_frequency": 4.0,
    "ar_total": 16940.874385781295,
    "dfa_alpha1": 1.0983502346580973,
    "dfa_alpha1_beats": [
        4,
        5,
        6,
        7,
        8,
        9,
        10,
        11,
        12,
        13,
        14,
        15,
        16
    ],
    "dfa_alpha2": 0.2920492178724648,
    "dfa_alpha2_beats": [
        17,
        18,
        19,
        20,
        21,
        22,
        23,
        24,
        25,
        26,
        27,
        28,
        29,
        30,
        31,
        32,
        33,
        34,
        35,
        36,
        37,
        38,
        39,
        40,
        41,
        42,
        43,
        44,
        45,
        46,
        47,
        48,
        49,
        50,
        51,
        52,
        53,
        54,
        55,
        56,
        57,
        58,
        59,
        60,
        61,
        62,
        63,
        64
    ],
    "ellipse_area": 10374.883757794772,
    "fft_abs": [
        905.5646205122754,
        433.82854627259826,
        466.89463811741075
    ],
    "fft_bands": {
        "hf": [
            0.15,
            0.4
        ],
        "lf": [
            0.04,
            0.15
        ],
        "ulf": null,
        "vlf": [
            0.0,
            0.04
        ]
    },
    "fft_interpolation": "cubic",
    "fft_log": [
        6.808558639230239,
        6.072649401374318,
        6.146103617904547
    ],
    "fft_nfft": 4096.0,
    "fft_norm": [
        48.164469816150806,
        51.835530183849194
    ],
    "fft_peak": [
        0.001953125,
        0.0439453125,
        0.3203125
    ],
    "fft_ratio": 0.9291786858419708,
    "fft_rel": [
        50.13401618803843,
        24.017686721638874,
        25.848297090322685
    ],
    "fft_resampling_frequency": 4.0,
    "fft_total": 1806.2878049022845,
    "fft_window": "hamming",
    "hr_max": 185.75851393188856,
    "hr_mean": 81.8821122122873,
    "hr_min": 67.26457399103138,
    "hr_std": 12.223984797786656,
    "lomb_abs": [
        288.20116379707633,
        516.7399872779838,
        1521.768615824175
    ],
    "lomb_bands": {
        "hf": [
            0.15,
            0.4
        ],
        "lf": [
            0.04,
            0.15
        ],
        "ulf": null,
        "vlf": [
            0.0,
            0.04
        ]
    },
    "lomb_log": [
        5.663658721715063,
        6.247539822037403,
        7.327628500467716
    ],
    "lomb_ma": "n/a",
    "lomb_nfft": 256.0,
    "lomb_norm": [
        25.34892354595021,
        74.6510764540498
    ],
    "lomb_peak": [
        0.014470588235294117,
        0.04180392156862745,
        0.1607843137254902
    ],
    "lomb_ratio": 0.33956541218201064,
    "lomb_rel": [
        12.386640048412954,
        22.209043630165958,
        65.40431632142109
    ],
    "lomb_total": 2326.709766899235,
    "nn20": 192.0,
    "nn50": 60.0,
    "nni_counter": 324.0,
    "nni_diff_max": 292.0,
    "nni_diff_mean": 30.78018575851393,
    "nni_diff_min": 0.0,
    "nni_max": 892.0,
    "nni_mean": 744.5216049382716,
    "nni_min": 323.0,
    "pnn20": 59.44272445820433,
    "pnn50": 18.575851393188856,
    "rmssd": 41.71271346239999,
    "sampen": 1.0578309041094838,
    "sd1": 29.495105647832755,
    "sd2": 111.96529036187293,
    "sd_ratio": 3.7960633773861368,
    "sdann": "n/a",
    "sdnn": 81.95106991342394,
    "sdnn_index": "n/a",
    "sdsd": 28.195600797167145,
    "tinn": 179.6875,
    "tinn_m": 859.375,
    "tinn_n": 679.6875,
    "tri_index": 12.461538461538462
}