{
    "Comment": "None",
    "Name": "C:\\Users\\facartesvirtual1\\Documents\\HRV-Bienestar-Tecnologia\\HRV_Reports\\Experiencia_Mindfullness\\CatalinaRios-29-03-2022\\HRV_final.json",
    "ar_abs": [
        2512.1190879667624,
        5154.751372051288,
        10660.99831653592
    ],
    "ar_bands": {
        "hf": [
            0.15,
            0.4
        ],
        "lf": [
            0.04,
            0.15
        ],
        "ulf": null,
        "vlf": [
            0.0,
            0.04
        ]
    },
    "ar_interpolation": "cubic",
    "ar_log": [
        7.828881934094464,
        8.547674164842016,
        9.274347344041816
    ],
    "ar_nfft": 4096.0,
    "ar_norm": [
        32.59251994719545,
        67.40748005280456
    ],
    "ar_order": 16.0,
    "ar_peak": [
        0.0,
        0.0400390625,
        0.302734375
    ],
    "ar_ratio": 0.4835148847229367,
    "ar_rel": [
        13.706553220090733,
        28.125208854864415,
        58.16823792504485
    ],
    "ar_resampling_frequency": 4.0,
    "ar_total": 18327.868776553973,
    "dfa_alpha1": 0.6310584653429524,
    "dfa_alpha1_beats": [
        4,
        5,
        6,
        7,
        8,
        9,
        10,
        11,
        12,
        13,
        14,
        15,
        16
    ],
    "dfa_alpha2": 0.9046658495029171,
    "dfa_alpha2_beats": [
        17,
        18,
        19,
        20,
        21,
        22,
        23,
        24,
        25,
        26,
        27,
        28,
        29,
        30,
        31,
        32,
        33,
        34,
        35,
        36,
        37,
        38,
        39,
        40,
        41,
        42,
        43,
        44,
        45,
        46,
        47,
        48,
        49,
        50,
        51,
        52,
        53,
        54,
        55,
        56,
        57,
        58,
        59,
        60,
        61,
        62,
        63,
        64
    ],
    "ellipse_area": 25938.614626653896,
    "fft_abs": [
        2229.204045709495,
        2419.34998152119,
        4693.979513845954
    ],
    "fft_bands": {
        "hf": [
            0.15,
            0.4
        ],
        "lf": [
            0.04,
            0.15
        ],
        "ulf": null,
        "vlf": [
            0.0,
            0.04
        ]
    },
    "fft_interpolation": "cubic",
    "fft_log": [
        7.709399870564313,
        7.791254180393378,
        8.454036012073782
    ],
    "fft_nfft": 4096.0,
    "fft_norm": [
        34.01149887822424,
        65.98850112177577
    ],
    "fft_peak": [
        0.00390625,
        0.1240234375,
        0.318359375
    ],
    "fft_ratio": 0.5154155390718622,
    "fft_rel": [
        23.86080859017821,
        25.896080232240543,
        50.243111177581255
    ],
    "fft_resampling_frequency": 4.0,
    "fft_total": 9342.533541076638,
    "fft_window": "hamming",
    "hr_max": 91.88361408882082,
    "hr_mean": 68.07985329554349,
    "hr_min": 47.28132387706856,
    "hr_std": 6.8554031413307746,
    "lomb_abs": [
        344.35770268684894,
        819.7352574987435,
        2056.0650091751995
    ],
    "lomb_bands": {
        "hf": [
            0.15,
            0.4
        ],
        "lf": [
            0.04,
            0.15
        ],
        "ulf": null,
        "vlf": [
            0.0,
            0.04
        ]
    },
    "lomb_log": [
        5.841680950513142,
        6.708981431420002,
        7.628549245323816
    ],
    "lomb_ma": "n/a",
    "lomb_nfft": 256.0,
    "lomb_norm": [
        28.50459633786816,
        71.49540366213185
    ],
    "lomb_peak": [
        0.01607843137254902,
        0.082,
        0.36498039215686273
    ],
    "lomb_ratio": 0.39869131269715263,
    "lomb_rel": [
        10.693813966996304,
        25.456367833453296,
        63.8498181995504
    ],
    "lomb_total": 3220.157969360792,
    "nn20": 230.0,
    "nn50": 159.0,
    "nni_counter": 270.0,
    "nni_diff_max": 392.0,
    "nni_diff_mean": 79.36802973977696,
    "nni_diff_min": 0.0,
    "nni_max": 1269.0,
    "nni_mean": 890.6,
    "nni_min": 653.0,
    "pnn20": 85.50185873605948,
    "pnn50": 59.10780669144982,
    "rmssd": 106.50528374068591,
    "sampen": 1.6678158777586858,
    "sd1": 75.30952037782205,
    "sd2": 109.63444499650375,
    "sd_ratio": 1.4557846663539509,
    "sdann": "n/a",
    "sdnn": 94.50085658823829,
    "sdnn_index": "n/a",
    "sdsd": 71.15414644402824,
    "tinn": 226.5625,
    "tinn_m": 1000.0,
    "tinn_n": 773.4375,
    "tri_index": 15.0
}