{
    "Comment": "None",
    "Name": "C:\\Users\\facartesvirtual1\\Documents\\HRV-Bienestar-Tecnologia\\HRV_Reports\\Experiencia_Mindfullness\\CatalinaRios-29-03-2022\\HRV_baseline.json",
    "ar_abs": [
        2543.6159618551164,
        5238.0965951674325,
        10935.994373199394
    ],
    "ar_bands": {
        "hf": [
            0.15,
            0.4
        ],
        "lf": [
            0.04,
            0.15
        ],
        "ulf": null,
        "vlf": [
            0.0,
            0.04
        ]
    },
    "ar_interpolation": "cubic",
    "ar_log": [
        7.8413419546743635,
        8.563713466128515,
        9.29981486388275
    ],
    "ar_nfft": 4096.0,
    "ar_norm": [
        32.385724832462394,
        67.6142751675376
    ],
    "ar_order": 16.0,
    "ar_peak": [
        0.0,
        0.0400390625,
        0.296875
    ],
    "ar_ratio": 0.4789776234710145,
    "ar_rel": [
        13.589356705591694,
        27.984713163287694,
        58.425930131120616
    ],
    "ar_resampling_frequency": 4.0,
    "ar_total": 18717.706930221942,
    "dfa_alpha1": 0.8510385120674739,
    "dfa_alpha1_beats": [
        4,
        5,
        6,
        7,
        8,
        9,
        10,
        11,
        12,
        13,
        14,
        15,
        16
    ],
    "dfa_alpha2": 1.1660946134640844,
    "dfa_alpha2_beats": [
        17,
        18,
        19,
        20,
        21,
        22,
        23,
        24,
        25,
        26,
        27,
        28,
        29,
        30,
        31,
        32,
        33,
        34,
        35,
        36,
        37,
        38,
        39,
        40,
        41,
        42,
        43,
        44,
        45,
        46,
        47,
        48,
        49,
        50,
        51,
        52,
        53,
        54,
        55,
        56,
        57,
        58,
        59,
        60,
        61,
        62,
        63,
        64
    ],
    "ellipse_area": 50197.30230760324,
    "fft_abs": [
        18534.08364316897,
        5521.899382766652,
        5641.059589546765
    ],
    "fft_bands": {
        "hf": [
            0.15,
            0.4
        ],
        "lf": [
            0.04,
            0.15
        ],
        "ulf": null,
        "vlf": [
            0.0,
            0.04
        ]
    },
    "fft_interpolation": "cubic",
    "fft_log": [
        9.827366675094744,
        8.616477171166297,
        8.637827197333669
    ],
    "fft_nfft": 4096.0,
    "fft_norm": [
        49.46626961957105,
        50.53373038042896
    ],
    "fft_peak": [
        0.0048828125,
        0.06640625,
        0.30078125
    ],
    "fft_ratio": 0.9788762722874043,
    "fft_rel": [
        62.41053657479796,
        18.59410532646049,
        18.99535809874156
    ],
    "fft_resampling_frequency": 4.0,
    "fft_total": 29697.042615482387,
    "fft_window": "hamming",
    "hr_max": 113.20754716981132,
    "hr_mean": 74.60504454305028,
    "hr_min": 44.576523031203564,
    "hr_std": 11.496279576750354,
    "lomb_abs": [
        359.2835700398475,
        722.8505706603617,
        2190.1751007806697
    ],
    "lomb_bands": {
        "hf": [
            0.15,
            0.4
        ],
        "lf": [
            0.04,
            0.15
        ],
        "ulf": null,
        "vlf": [
            0.0,
            0.04
        ]
    },
    "lomb_log": [
        5.88411196538077,
        6.583202521213034,
        7.69173677430871
    ],
    "lomb_ma": "n/a",
    "lomb_nfft": 256.0,
    "lomb_norm": [
        24.814425006518327,
        75.18557499348167
    ],
    "lomb_peak": [
        0.027333333333333334,
        0.061098039215686274,
        0.36498039215686273
    ],
    "lomb_ratio": 0.33004236528974673,
    "lomb_rel": [
        10.979511516987749,
        22.08992235505336,
        66.93056612795888
    ],
    "lomb_total": 3272.309241480879,
    "nn20": 183.0,
    "nn50": 90.0,
    "nni_counter": 292.0,
    "nni_diff_max": 546.0,
    "nni_diff_mean": 68.12027491408935,
    "nni_diff_min": 0.0,
    "nni_max": 1346.0,
    "nni_mean": 825.4280821917808,
    "nni_min": 530.0,
    "pnn20": 62.88659793814433,
    "pnn50": 30.927835051546392,
    "rmssd": 122.57574977535194,
    "sampen": 0.5916858482296679,
    "sd1": 86.6737539035569,
    "sd2": 184.34989676397075,
    "sd_ratio": 2.126940261167175,
    "sdann": "n/a",
    "sdnn": 144.1092499103074,
    "sdnn_index": "n/a",
    "sdsd": 102.07963068753467,
    "tinn": 117.1875,
    "tinn_m": 828.125,
    "tinn_n": 710.9375,
    "tri_index": 11.68
}