{
    "Comment": "None",
    "Name": "C:\\Users\\facartesvirtual1\\Documents\\HRV-Bienestar-Tecnologia\\HRV_Reports\\Experiencia_Mindfullness\\CatalinaRios-29-03-2022\\HRV_video.json",
    "ar_abs": [
        2477.826717016957,
        5048.278032455175,
        9852.693397329647
    ],
    "ar_bands": {
        "hf": [
            0.15,
            0.4
        ],
        "lf": [
            0.04,
            0.15
        ],
        "ulf": null,
        "vlf": [
            0.0,
            0.04
        ]
    },
    "ar_interpolation": "cubic",
    "ar_log": [
        7.8151371311793865,
        8.526802480449012,
        9.195500138141124
    ],
    "ar_nfft": 4096.0,
    "ar_norm": [
        33.87885183354167,
        66.12114816645834
    ],
    "ar_order": 16.0,
    "ar_peak": [
        0.0,
        0.0400390625,
        0.255859375
    ],
    "ar_ratio": 0.5123754316584538,
    "ar_rel": [
        14.257756469039556,
        29.048487644608556,
        56.693755886351894
    ],
    "ar_resampling_frequency": 4.0,
    "ar_total": 17378.79814680178,
    "dfa_alpha1": 0.5781781211608852,
    "dfa_alpha1_beats": [
        4,
        5,
        6,
        7,
        8,
        9,
        10,
        11,
        12,
        13,
        14,
        15,
        16
    ],
    "dfa_alpha2": 0.667184963629559,
    "dfa_alpha2_beats": [
        17,
        18,
        19,
        20,
        21,
        22,
        23,
        24,
        25,
        26,
        27,
        28,
        29,
        30,
        31,
        32,
        33,
        34,
        35,
        36,
        37,
        38,
        39,
        40,
        41,
        42,
        43,
        44,
        45,
        46,
        47,
        48,
        49,
        50,
        51,
        52,
        53,
        54,
        55,
        56,
        57,
        58,
        59,
        60,
        61,
        62,
        63,
        64
    ],
    "ellipse_area": 7156.8421962355105,
    "fft_abs": [
        245.92371266809027,
        505.8419625259806,
        1406.6608262501354
    ],
    "fft_bands": {
        "hf": [
            0.15,
            0.4
        ],
        "lf": [
            0.04,
            0.15
        ],
        "ulf": null,
        "vlf": [
            0.0,
            0.04
        ]
    },
    "fft_interpolation": "cubic",
    "fft_log": [
        5.505021376732646,
        6.2262242934794685,
        7.248973966398449
    ],
    "fft_nfft": 4096.0,
    "fft_norm": [
        26.449214374724562,
        73.55078562527544
    ],
    "fft_peak": [
        0.0283203125,
        0.056640625,
        0.2705078125
    ],
    "fft_ratio": 0.3596047839580845,
    "fft_rel": [
        11.393657022999966,
        23.435681603590442,
        65.1706613734096
    ],
    "fft_resampling_frequency": 4.0,
    "fft_total": 2158.426501444206,
    "fft_window": "hamming",
    "hr_max": 83.91608391608392,
    "hr_mean": 71.82334055102854,
    "hr_min": 60.483870967741936,
    "hr_std": 4.220541293238687,
    "lomb_abs": [
        298.45975983707285,
        792.0877187550776,
        2009.6776317797062
    ],
    "lomb_bands": {
        "hf": [
            0.15,
            0.4
        ],
        "lf": [
            0.04,
            0.15
        ],
        "ulf": null,
        "vlf": [
            0.0,
            0.04
        ]
    },
    "lomb_log": [
        5.698635115829249,
        6.674672141685319,
        7.60572960599137
    ],
    "lomb_ma": "n/a",
    "lomb_nfft": 256.0,
    "lomb_norm": [
        28.271022718012013,
        71.728977281988
    ],
    "lomb_peak": [
        0.00803921568627451,
        0.14470588235294118,
        0.36498039215686273
    ],
    "lomb_ratio": 0.39413670442937165,
    "lomb_rel": [
        9.627035109114193,
        25.549361435243345,
        64.82360345564247
    ],
    "lomb_total": 3100.2251103718568,
    "nn20": 232.0,
    "nn50": 121.0,
    "nni_counter": 287.0,
    "nni_diff_max": 162.0,
    "nni_diff_mean": 46.18881118881119,
    "nni_diff_min": 0.0,
    "nni_max": 992.0,
    "nni_mean": 838.2926829268292,
    "nni_min": 715.0,
    "pnn20": 81.11888111888112,
    "pnn50": 42.30769230769231,
    "rmssd": 54.8006559095043,
    "sampen": 1.5730702682632256,
    "sd1": 38.7496122119229,
    "sd2": 58.79010123921001,
    "sd_ratio": 1.5171790860173004,
    "sdann": "n/a",
    "sdnn": 49.84154663980708,
    "sdnn_index": "n/a",
    "sdsd": 29.542464482581277,
    "tinn": 210.9375,
    "tinn_m": 945.3125,
    "tinn_n": 734.375,
    "tri_index": 13.045454545454545
}