{
    "Comment": "None",
    "Name": "C:\\Users\\admin\\HRV-Bienestar-Tecnologia\\HRV_Reports\\Experiencia_Mindfullness\\16-03-2022_JosesDavidPerez\\HRV_video.json",
    "ar_abs": [
        2410.3186601090206,
        4917.40602166688,
        8274.505272826276
    ],
    "ar_bands": {
        "hf": [
            0.15,
            0.4
        ],
        "lf": [
            0.04,
            0.15
        ],
        "ulf": null,
        "vlf": [
            0.0,
            0.04
        ]
    },
    "ar_interpolation": "cubic",
    "ar_log": [
        7.78751424185549,
        8.500536439082504,
        9.02093441269685
    ],
    "ar_nfft": 4096.0,
    "ar_norm": [
        37.27591788552738,
        62.72408211447263
    ],
    "ar_order": 16.0,
    "ar_peak": [
        0.0,
        0.0400390625,
        0.150390625
    ],
    "ar_ratio": 0.5942839915536449,
    "ar_rel": [
        15.448552335930998,
        31.517328202283018,
        53.03411946178599
    ],
    "ar_resampling_frequency": 4.0,
    "ar_total": 15602.229954602177,
    "dfa_alpha1": 1.8774424461082466,
    "dfa_alpha1_beats": [
        4,
        5,
        6,
        7,
        8,
        9,
        10,
        11,
        12,
        13,
        14,
        15,
        16
    ],
    "dfa_alpha2": 0.54855464470534,
    "dfa_alpha2_beats": [
        17,
        18,
        19,
        20,
        21,
        22,
        23,
        24,
        25,
        26,
        27,
        28,
        29,
        30,
        31,
        32,
        33,
        34,
        35,
        36,
        37,
        38,
        39,
        40,
        41,
        42,
        43,
        44,
        45,
        46,
        47,
        48,
        49,
        50,
        51,
        52,
        53,
        54,
        55,
        56,
        57,
        58,
        59,
        60,
        61,
        62,
        63,
        64
    ],
    "ellipse_area": 2954.240129161658,
    "fft_abs": [
        561.4677240474139,
        2273.12512831869,
        187.82688289265363
    ],
    "fft_bands": {
        "hf": [
            0.15,
            0.4
        ],
        "lf": [
            0.04,
            0.15
        ],
        "ulf": null,
        "vlf": [
            0.0,
            0.04
        ]
    },
    "fft_interpolation": "cubic",
    "fft_log": [
        6.33055429086548,
        7.728910872191596,
        5.235520702922952
    ],
    "fft_nfft": 4096.0,
    "fft_norm": [
        92.36771452523367,
        7.632285474766347
    ],
    "fft_peak": [
        0.0048828125,
        0.0927734375,
        0.201171875
    ],
    "fft_ratio": 12.102235278098188,
    "fft_rel": [
        18.576762105457373,
        75.20878393563301,
        6.214453958909625
    ],
    "fft_resampling_frequency": 4.0,
    "fft_total": 3022.419735258757,
    "fft_window": "hamming",
    "hr_max": 123.96694214876032,
    "hr_mean": 105.86705401769515,
    "hr_min": 81.30081300813008,
    "hr_std": 9.098537423451916,
    "lomb_abs": [
        137.2115355002513,
        465.16382319774436,
        1260.9588583946047
    ],
    "lomb_bands": {
        "hf": [
            0.15,
            0.4
        ],
        "lf": [
            0.04,
            0.15
        ],
        "ulf": null,
        "vlf": [
            0.0,
            0.04
        ]
    },
    "lomb_log": [
        4.9215237897475985,
        6.1423896514936205,
        7.139627709258689
    ],
    "lomb_ma": "n/a",
    "lomb_nfft": 256.0,
    "lomb_norm": [
        26.948479859417088,
        73.05152014058291
    ],
    "lomb_peak": [
        0.004823529411764706,
        0.07074509803921569,
        0.2492156862745098
    ],
    "lomb_ratio": 0.3688969073820297,
    "lomb_rel": [
        7.363764065597708,
        24.9640573833045,
        67.6721785510978
    ],
    "lomb_total": 1863.3342170926003,
    "nn20": 101.0,
    "nn50": 9.0,
    "nni_counter": 424.0,
    "nni_diff_max": 92.0,
    "nni_diff_mean": 13.51063829787234,
    "nni_diff_min": 0.0,
    "nni_max": 738.0,
    "nni_mean": 571.122641509434,
    "nni_min": 484.0,
    "pnn20": 23.87706855791962,
    "pnn50": 2.127659574468085,
    "rmssd": 18.67673234185432,
    "sampen": 0.6075674430417534,
    "sd1": 13.206388122596627,
    "sd2": 71.20522511859518,
    "sd_ratio": 5.391725917608037,
    "sdann": "n/a",
    "sdnn": 51.275449142174274,
    "sdnn_index": "n/a",
    "sdsd": 12.91034543534203,
    "tinn": 195.3125,
    "tinn_m": 687.5,
    "tinn_n": 492.1875,
    "tri_index": 12.114285714285714
}