{
    "Comment": "None",
    "Name": "C:\\Users\\admin\\HRV-Bienestar-Tecnologia\\HRV_Reports\\Experiencia_Mindfullness\\16-03-2022_JosesDavidPerez\\HRV_sound.json",
    "ar_abs": [
        2434.321890215702,
        5009.096278796526,
        8546.484462266708
    ],
    "ar_bands": {
        "hf": [
            0.15,
            0.4
        ],
        "lf": [
            0.04,
            0.15
        ],
        "ulf": null,
        "vlf": [
            0.0,
            0.04
        ]
    },
    "ar_interpolation": "cubic",
    "ar_log": [
        7.797423512221672,
        8.519010794334108,
        9.053275303371702
    ],
    "ar_nfft": 4096.0,
    "ar_norm": [
        36.95228094228914,
        63.047719057710864
    ],
    "ar_order": 16.0,
    "ar_peak": [
        0.0,
        0.0400390625,
        0.150390625
    ],
    "ar_ratio": 0.5861002030615063,
    "ar_rel": [
        15.224119535623434,
        31.326621520495646,
        53.44925894388093
    ],
    "ar_resampling_frequency": 4.0,
    "ar_total": 15989.902631278936,
    "dfa_alpha1": 1.860748437100702,
    "dfa_alpha1_beats": [
        4,
        5,
        6,
        7,
        8,
        9,
        10,
        11,
        12,
        13,
        14,
        15,
        16
    ],
    "dfa_alpha2": 0.4135698651368629,
    "dfa_alpha2_beats": [
        17,
        18,
        19,
        20,
        21,
        22,
        23,
        24,
        25,
        26,
        27,
        28,
        29,
        30,
        31,
        32,
        33,
        34,
        35,
        36,
        37,
        38,
        39,
        40,
        41,
        42,
        43,
        44,
        45,
        46,
        47,
        48,
        49,
        50,
        51,
        52,
        53,
        54,
        55,
        56,
        57,
        58,
        59,
        60,
        61,
        62,
        63,
        64
    ],
    "ellipse_area": 3512.5342391835,
    "fft_abs": [
        385.59501122752044,
        2693.432595119472,
        148.56227143067602
    ],
    "fft_bands": {
        "hf": [
            0.15,
            0.4
        ],
        "lf": [
            0.04,
            0.15
        ],
        "ulf": null,
        "vlf": [
            0.0,
            0.04
        ]
    },
    "fft_interpolation": "cubic",
    "fft_log": [
        5.954787624964732,
        7.898571716791483,
        5.001004206579396
    ],
    "fft_nfft": 4096.0,
    "fft_norm": [
        94.77260591920022,
        5.22739408079978
    ],
    "fft_peak": [
        0.0087890625,
        0.0810546875,
        0.1591796875
    ],
    "fft_ratio": 18.129990671126183,
    "fft_rel": [
        11.94684039265295,
        83.4502739540754,
        4.602885653271642
    ],
    "fft_resampling_frequency": 4.0,
    "fft_total": 3227.5898777776683,
    "fft_window": "hamming",
    "hr_max": 120.0,
    "hr_mean": 102.14051267594634,
    "hr_min": 80.42895442359249,
    "hr_std": 9.362351962887372,
    "lomb_abs": [
        179.42100146728419,
        547.0176422244828,
        1107.4146109043118
    ],
    "lomb_bands": {
        "hf": [
            0.15,
            0.4
        ],
        "lf": [
            0.04,
            0.15
        ],
        "ulf": null,
        "vlf": [
            0.0,
            0.04
        ]
    },
    "lomb_log": [
        5.189735007808149,
        6.3044810545974554,
        7.009783398183273
    ],
    "lomb_ma": "n/a",
    "lomb_nfft": 256.0,
    "lomb_norm": [
        33.063768020115994,
        66.93623197988401
    ],
    "lomb_peak": [
        0.00803921568627451,
        0.14309803921568628,
        0.27172549019607845
    ],
    "lomb_ratio": 0.49395920627938045,
    "lomb_rel": [
        9.783825451551909,
        29.828866669321798,
        60.38730787912628
    ],
    "lomb_total": 1833.8532545960788,
    "nn20": 105.0,
    "nn50": 7.0,
    "nni_counter": 406.0,
    "nni_diff_max": 115.0,
    "nni_diff_mean": 14.730864197530865,
    "nni_diff_min": 0.0,
    "nni_max": 746.0,
    "nni_mean": 592.5911330049261,
    "nni_min": 500.0,
    "pnn20": 25.925925925925924,
    "pnn50": 1.728395061728395,
    "rmssd": 20.068524584840453,
    "sampen": 0.6073188156567068,
    "sd1": 14.188042347291228,
    "sd2": 78.80399187733111,
    "sd_ratio": 5.554254064682596,
    "sdann": "n/a",
    "sdnn": 56.752747865791214,
    "sdnn_index": "n/a",
    "sdsd": 13.645771857899746,
    "tinn": 210.9375,
    "tinn_m": 703.125,
    "tinn_n": 492.1875,
    "tri_index": 12.6875
}