{
    "Comment": "None",
    "Name": "C:\\Users\\admin\\HRV-Bienestar-Tecnologia\\HRV_Reports\\Experiencia_Mindfullness\\16-03-2022_JosesDavidPerez\\HRV_olfative.json",
    "ar_abs": [
        2424.735081299872,
        5087.894532644764,
        9000.298653565776
    ],
    "ar_bands": {
        "hf": [
            0.15,
            0.4
        ],
        "lf": [
            0.04,
            0.15
        ],
        "ulf": null,
        "vlf": [
            0.0,
            0.04
        ]
    },
    "ar_interpolation": "cubic",
    "ar_log": [
        7.793477552579138,
        8.534619376158254,
        9.105013039497319
    ],
    "ar_nfft": 4096.0,
    "ar_norm": [
        36.1145994053004,
        63.8854005946996
    ],
    "ar_order": 16.0,
    "ar_peak": [
        0.0,
        0.0400390625,
        0.150390625
    ],
    "ar_ratio": 0.5653028558812346,
    "ar_rel": [
        14.683858865120836,
        30.811582598922328,
        54.504558535956846
    ],
    "ar_resampling_frequency": 4.0,
    "ar_total": 16512.92826751041,
    "dfa_alpha1": 1.7519604755504472,
    "dfa_alpha1_beats": [
        4,
        5,
        6,
        7,
        8,
        9,
        10,
        11,
        12,
        13,
        14,
        15,
        16
    ],
    "dfa_alpha2": 0.4763614058864305,
    "dfa_alpha2_beats": [
        17,
        18,
        19,
        20,
        21,
        22,
        23,
        24,
        25,
        26,
        27,
        28,
        29,
        30,
        31,
        32,
        33,
        34,
        35,
        36,
        37,
        38,
        39,
        40,
        41,
        42,
        43,
        44,
        45,
        46,
        47,
        48,
        49,
        50,
        51,
        52,
        53,
        54,
        55,
        56,
        57,
        58,
        59,
        60,
        61,
        62,
        63,
        64
    ],
    "ellipse_area": 4624.263200169389,
    "fft_abs": [
        843.8846869713958,
        2158.345753960082,
        148.3608468915515
    ],
    "fft_bands": {
        "hf": [
            0.15,
            0.4
        ],
        "lf": [
            0.04,
            0.15
        ],
        "ulf": null,
        "vlf": [
            0.0,
            0.04
        ]
    },
    "fft_interpolation": "cubic",
    "fft_log": [
        6.738015858450522,
        7.67709735261361,
        4.999647460960122
    ],
    "fft_nfft": 4096.0,
    "fft_norm": [
        93.56828272669021,
        6.431717273309784
    ],
    "fft_peak": [
        0.00390625,
        0.07421875,
        0.1630859375
    ],
    "fft_ratio": 14.547947111260328,
    "fft_rel": [
        26.784962246070855,
        68.50605352404942,
        4.708984229879741
    ],
    "fft_resampling_frequency": 4.0,
    "fft_total": 3150.5912878230292,
    "fft_window": "hamming",
    "hr_max": 120.0,
    "hr_mean": 96.54974037525804,
    "hr_min": 75.0,
    "hr_std": 9.640358854376084,
    "lomb_abs": [
        160.45929903671,
        600.2239080467159,
        1115.6958156634232
    ],
    "lomb_bands": {
        "hf": [
            0.15,
            0.4
        ],
        "lf": [
            0.04,
            0.15
        ],
        "ulf": null,
        "vlf": [
            0.0,
            0.04
        ]
    },
    "lomb_log": [
        5.078040321854732,
        6.3973027656796395,
        7.017233539178391
    ],
    "lomb_ma": "n/a",
    "lomb_nfft": 256.0,
    "lomb_norm": [
        34.97971960768186,
        65.02028039231814
    ],
    "lomb_peak": [
        0.00803921568627451,
        0.09486274509803921,
        0.19454901960784313
    ],
    "lomb_ratio": 0.537981678894983,
    "lomb_rel": [
        8.551539805737761,
        31.988414961495486,
        59.460045232766745
    ],
    "lomb_total": 1876.3790227468492,
    "nn20": 131.0,
    "nn50": 17.0,
    "nni_counter": 382.0,
    "nni_diff_max": 92.0,
    "nni_diff_mean": 17.27034120734908,
    "nni_diff_min": 0.0,
    "nni_max": 800.0,
    "nni_mean": 627.6675392670157,
    "nni_min": 500.0,
    "pnn20": 34.38320209973753,
    "pnn50": 4.4619422572178475,
    "rmssd": 23.888960100811477,
    "sampen": 0.8942548434749746,
    "sd1": 16.891182715043843,
    "sd2": 87.14302117037926,
    "sd_ratio": 5.15908344847675,
    "sdann": "n/a",
    "sdnn": 62.94235119104194,
    "sdnn_index": "n/a",
    "sdsd": 16.52678486703224,
    "tinn": 273.4375,
    "tinn_m": 765.625,
    "tinn_n": 492.1875,
    "tri_index": 15.916666666666666
}