{
    "Comment": "None",
    "Name": "C:\\Users\\facartesvirtual1\\Documents\\HRV-Bienestar-Tecnologia\\HRV_Reports\\Experiencia_Mindfullness\\31-03-2022_CristinaChaparro\\HRV_interactive.json",
    "ar_abs": [
        2793.6754155286644,
        6434.320293572412,
        13979.998084661212
    ],
    "ar_bands": {
        "hf": [
            0.15,
            0.4
        ],
        "lf": [
            0.04,
            0.15
        ],
        "ulf": null,
        "vlf": [
            0.0,
            0.04
        ]
    },
    "ar_interpolation": "cubic",
    "ar_log": [
        7.935113361103019,
        8.769401487966883,
        9.545382878782156
    ],
    "ar_nfft": 4096.0,
    "ar_norm": [
        31.518663392811995,
        68.48133660718801
    ],
    "ar_order": 16.0,
    "ar_peak": [
        0.0,
        0.0400390625,
        0.19921875
    ],
    "ar_ratio": 0.46025187232551323,
    "ar_rel": [
        12.03755671582234,
        27.724586410833112,
        60.23785687334454
    ],
    "ar_resampling_frequency": 4.0,
    "ar_total": 23207.99379376229,
    "dfa_alpha1": 0.6930696666954982,
    "dfa_alpha1_beats": [
        4,
        5,
        6,
        7,
        8,
        9,
        10,
        11,
        12,
        13,
        14,
        15,
        16
    ],
    "dfa_alpha2": 0.8111480478578325,
    "dfa_alpha2_beats": [
        17,
        18,
        19,
        20,
        21,
        22,
        23,
        24,
        25,
        26,
        27,
        28,
        29,
        30,
        31,
        32,
        33,
        34,
        35,
        36,
        37,
        38,
        39,
        40,
        41,
        42,
        43,
        44,
        45,
        46,
        47,
        48,
        49,
        50,
        51,
        52,
        53,
        54,
        55,
        56,
        57,
        58,
        59,
        60,
        61,
        62,
        63,
        64
    ],
    "ellipse_area": 393971.4078592994,
    "fft_abs": [
        67320.89891857558,
        36467.328790486456,
        73473.13379215146
    ],
    "fft_bands": {
        "hf": [
            0.15,
            0.4
        ],
        "lf": [
            0.04,
            0.15
        ],
        "ulf": null,
        "vlf": [
            0.0,
            0.04
        ]
    },
    "fft_interpolation": "cubic",
    "fft_log": [
        11.117226001135611,
        10.504172037097396,
        11.204675091742388
    ],
    "fft_nfft": 4096.0,
    "fft_norm": [
        33.1700703579225,
        66.8299296420775
    ],
    "fft_peak": [
        0.0029296875,
        0.1416015625,
        0.1806640625
    ],
    "fft_ratio": 0.49633555707109317,
    "fft_rel": [
        37.978326663205,
        20.572632682975755,
        41.44904065381924
    ],
    "fft_resampling_frequency": 4.0,
    "fft_total": 177261.3615012135,
    "fft_window": "hamming",
    "hr_max": 1578.9473684210527,
    "hr_mean": 109.10608599789816,
    "hr_min": 17.61080129145876,
    "hr_std": 97.72745996895813,
    "lomb_abs": [
        332.84375317267654,
        507.63517201153405,
        1561.825250295173
    ],
    "lomb_bands": {
        "hf": [
            0.15,
            0.4
        ],
        "lf": [
            0.04,
            0.15
        ],
        "ulf": null,
        "vlf": [
            0.0,
            0.04
        ]
    },
    "lomb_log": [
        5.807673170175469,
        6.2297630242426,
        7.353610448529803
    ],
    "lomb_ma": "n/a",
    "lomb_nfft": 256.0,
    "lomb_norm": [
        24.52983234372285,
        75.47016765627716
    ],
    "lomb_peak": [
        0.027333333333333334,
        0.09807843137254901,
        0.34247058823529414
    ],
    "lomb_ratio": 0.3250268696293615,
    "lomb_rel": [
        13.855187722273223,
        21.131178024541153,
        65.01363425318563
    ],
    "lomb_total": 2402.3041754793835,
    "nn20": 221.0,
    "nn50": 163.0,
    "nni_counter": 351.0,
    "nni_diff_max": 2977.0,
    "nni_diff_mean": 202.01714285714286,
    "nni_diff_min": 0.0,
    "nni_max": 3407.0,
    "nni_mean": 688.2621082621083,
    "nni_min": 38.0,
    "pnn20": 63.142857142857146,
    "pnn50": 46.57142857142857,
    "rmssd": 407.1108729291602,
    "sampen": 0.2863654165670341,
    "sd1": 287.8708548595203,
    "sd2": 435.6293521154076,
    "sd_ratio": 1.5132805032589798,
    "sdann": "n/a",
    "sdnn": 369.25668147950535,
    "sdnn_index": "n/a",
    "sdsd": 353.9580451120581,
    "tinn": 171.875,
    "tinn_m": 710.9375,
    "tinn_n": 539.0625,
    "tri_index": 17.55
}