{
    "Comment": "None",
    "Name": "D:\\Users\\jp.botero\\Documents\\Bienestar & Tecnolog\u00eda\\HRV-Bienestar-Tecnologia\\HRV_Reports\\GermanCasta\u00f1o1-10-12-2021\\HRV_interactive.json",
    "ar_abs": [
        1971.0294131606433,
        3849.387212750449,
        6321.778073873915
    ],
    "ar_bands": {
        "hf": [
            0.15,
            0.4
        ],
        "lf": [
            0.04,
            0.15
        ],
        "ulf": null,
        "vlf": [
            0.0,
            0.04
        ]
    },
    "ar_interpolation": "cubic",
    "ar_log": [
        7.586311230004664,
        8.255669249094291,
        8.751755788374835
    ],
    "ar_nfft": 4096.0,
    "ar_norm": [
        37.84607863774078,
        62.15392136225922
    ],
    "ar_order": 16.0,
    "ar_peak": [
        0.0,
        0.0400390625,
        0.150390625
    ],
    "ar_ratio": 0.6089089442508044,
    "ar_rel": [
        16.232892503325967,
        31.702565375752105,
        52.06454212092193
    ],
    "ar_resampling_frequency": 4.0,
    "ar_total": 12142.194699785006,
    "dfa_alpha1": 1.6678401868803703,
    "dfa_alpha1_beats": [
        4,
        5,
        6,
        7,
        8,
        9,
        10,
        11,
        12,
        13,
        14,
        15,
        16
    ],
    "dfa_alpha2": 0.5603092771775685,
    "dfa_alpha2_beats": [
        17,
        18,
        19,
        20,
        21,
        22,
        23,
        24,
        25,
        26,
        27,
        28,
        29,
        30,
        31,
        32,
        33,
        34,
        35,
        36,
        37,
        38,
        39,
        40,
        41,
        42,
        43,
        44,
        45,
        46,
        47,
        48,
        49,
        50,
        51,
        52,
        53,
        54,
        55,
        56,
        57,
        58,
        59,
        60,
        61,
        62,
        63,
        64
    ],
    "ellipse_area": 14.485922044991462,
    "fft_abs": [
        0.10820707004842686,
        0.9686126870329735,
        2.1064168760427933
    ],
    "fft_bands": {
        "hf": [
            0.15,
            0.4
        ],
        "lf": [
            0.04,
            0.15
        ],
        "ulf": null,
        "vlf": [
            0.0,
            0.04
        ]
    },
    "fft_interpolation": "cubic",
    "fft_log": [
        -2.2237085722975753,
        -0.03189045077856182,
        0.7449883409618264
    ],
    "fft_nfft": 4096.0,
    "fft_norm": [
        31.499296743805242,
        68.50070325619477
    ],
    "fft_peak": [
        0.0390625,
        0.0791015625,
        0.3994140625
    ],
    "fft_ratio": 0.45983902714103375,
    "fft_rel": [
        3.399278235316952,
        30.428548005315164,
        66.17217375936787
    ],
    "fft_resampling_frequency": 4.0,
    "fft_total": 3.183236633124194,
    "fft_window": "hamming",
    "hr_max": 769.2307692307693,
    "hr_mean": 710.9093483217796,
    "hr_min": 588.2352941176471,
    "hr_std": 25.473969079856957,
    "lomb_abs": [
        222.80185059437818,
        543.1074349306948,
        1257.9630417219137
    ],
    "lomb_bands": {
        "hf": [
            0.15,
            0.4
        ],
        "lf": [
            0.04,
            0.15
        ],
        "ulf": null,
        "vlf": [
            0.0,
            0.04
        ]
    },
    "lomb_log": [
        5.406282814097531,
        6.297307154747675,
        7.1372490582293935
    ],
    "lomb_ma": "n/a",
    "lomb_nfft": 256.0,
    "lomb_norm": [
        30.154701993677158,
        69.84529800632284
    ],
    "lomb_peak": [
        0.003215686274509804,
        0.14309803921568628,
        0.20098039215686275
    ],
    "lomb_ratio": 0.4317356050359662,
    "lomb_rel": [
        11.00869099274898,
        26.835064031408923,
        62.1562449758421
    ],
    "lomb_total": 2023.8723272469865,
    "nn20": 0.0,
    "nn50": 0.0,
    "nni_counter": 371.0,
    "nni_diff_max": 11.0,
    "nni_diff_mean": 1.0891891891891892,
    "nni_diff_min": 0.0,
    "nni_max": 102.0,
    "nni_mean": 84.50943396226415,
    "nni_min": 78.0,
    "pnn20": 0.0,
    "pnn50": 0.0,
    "rmssd": 1.5360532085378618,
    "sampen": 1.4661046457825029,
    "sd1": 1.0861385082120896,
    "sd2": 4.245326137086106,
    "sd_ratio": 3.908641582070787,
    "sdann": "n/a",
    "sdnn": 3.099571452999407,
    "sdnn_index": "n/a",
    "sdsd": 1.0845762185602954,
    "tinn": 23.4375,
    "tinn_m": 93.75,
    "tinn_n": 70.3125,
    "tri_index": 1.5588235294117647
}