{
    "Comment": "None",
    "Name": "D:\\Users\\jp.botero\\Documents\\Bienestar & Tecnolog\u00eda\\HRV-Bienestar-Tecnologia\\HRV_Reports\\GermanCasta\u00f1o1-10-12-2021\\HRV_video.json",
    "ar_abs": [
        1976.848471958248,
        3887.34898201734,
        6395.052856212299
    ],
    "ar_bands": {
        "hf": [
            0.15,
            0.4
        ],
        "lf": [
            0.04,
            0.15
        ],
        "ulf": null,
        "vlf": [
            0.0,
            0.04
        ]
    },
    "ar_interpolation": "cubic",
    "ar_log": [
        7.589259174789729,
        8.265482708663429,
        8.763279979219178
    ],
    "ar_nfft": 4096.0,
    "ar_norm": [
        37.805845785605285,
        62.19415421439472
    ],
    "ar_order": 16.0,
    "ar_peak": [
        0.0,
        0.0400390625,
        0.150390625
    ],
    "ar_ratio": 0.6078681551851571,
    "ar_rel": [
        16.125361844642445,
        31.709516354248922,
        52.16512180110864
    ],
    "ar_resampling_frequency": 4.0,
    "ar_total": 12259.250310187886,
    "dfa_alpha1": 1.6734540641548512,
    "dfa_alpha1_beats": [
        4,
        5,
        6,
        7,
        8,
        9,
        10,
        11,
        12,
        13,
        14,
        15,
        16
    ],
    "dfa_alpha2": 0.7480519263288776,
    "dfa_alpha2_beats": [
        17,
        18,
        19,
        20,
        21,
        22,
        23,
        24,
        25,
        26,
        27,
        28,
        29,
        30,
        31,
        32,
        33,
        34,
        35,
        36,
        37,
        38,
        39,
        40,
        41,
        42,
        43,
        44,
        45,
        46,
        47,
        48,
        49,
        50,
        51,
        52,
        53,
        54,
        55,
        56,
        57,
        58,
        59,
        60,
        61,
        62,
        63,
        64
    ],
    "ellipse_area": 18.831955854786024,
    "fft_abs": [
        1.1979479514296814,
        4.808174203054815,
        1.1335388338982524
    ],
    "fft_bands": {
        "hf": [
            0.15,
            0.4
        ],
        "lf": [
            0.04,
            0.15
        ],
        "ulf": null,
        "vlf": [
            0.0,
            0.04
        ]
    },
    "fft_interpolation": "cubic",
    "fft_log": [
        0.1806100525304795,
        1.5703174284931052,
        0.12534445054466117
    ],
    "fft_nfft": 4096.0,
    "fft_norm": [
        80.92235645093464,
        19.07764354906536
    ],
    "fft_peak": [
        0.0390625,
        0.05859375,
        0.3505859375
    ],
    "fft_ratio": 4.241737520821807,
    "fft_rel": [
        16.77877917983661,
        67.34457295491205,
        15.876647865251343
    ],
    "fft_resampling_frequency": 4.0,
    "fft_total": 7.139660988382748,
    "fft_window": "hamming",
    "hr_max": 789.4736842105264,
    "hr_mean": 697.3713967793198,
    "hr_min": 600.0,
    "hr_std": 31.799106657471896,
    "lomb_abs": [
        215.7643118666003,
        565.7671923993688,
        1442.9259859785018
    ],
    "lomb_bands": {
        "hf": [
            0.15,
            0.4
        ],
        "lf": [
            0.04,
            0.15
        ],
        "ulf": null,
        "vlf": [
            0.0,
            0.04
        ]
    },
    "lomb_log": [
        5.374186663182214,
        6.338182672738387,
        7.274428265690213
    ],
    "lomb_ma": "n/a",
    "lomb_nfft": 256.0,
    "lomb_norm": [
        28.16593387628551,
        71.83406612371449
    ],
    "lomb_peak": [
        0.02572549019607843,
        0.14309803921568628,
        0.35533333333333333
    ],
    "lomb_ratio": 0.39209716776685605,
    "lomb_rel": [
        9.699637453754512,
        25.43394040482159,
        64.8664221414239
    ],
    "lomb_total": 2224.457490244471,
    "nn20": 0.0,
    "nn50": 0.0,
    "nni_counter": 363.0,
    "nni_diff_max": 6.0,
    "nni_diff_mean": 1.149171270718232,
    "nni_diff_min": 0.0,
    "nni_max": 100.0,
    "nni_mean": 86.21763085399449,
    "nni_min": 76.0,
    "pnn20": 0.0,
    "pnn50": 0.0,
    "rmssd": 1.5377388868003241,
    "sampen": 1.4272719855525289,
    "sd1": 1.08731752206584,
    "sd2": 5.513014922601545,
    "sd_ratio": 5.070289782626824,
    "sdann": "n/a",
    "sdnn": 3.9749933675661113,
    "sdnn_index": "n/a",
    "sdsd": 1.0232000632706446,
    "tinn": 23.4375,
    "tinn_m": 93.75,
    "tinn_n": 70.3125,
    "tri_index": 1.9105263157894736
}