{
    "Comment": "None",
    "Name": "C:\\Users\\Juan Pablo Botero T\\OneDrive - Universidad de los Andes\\Documentos\\JPB\\Personal\\Bienestar y Tecnolog\u00eda\\Codigo\\HRV-Bienestar-Tecnologia\\HRV_Reports\\GermanCasta\u00f1o-10-12-2021\\HRV_baseline.json",
    "ar_abs": [
        2380.8100454034693,
        4819.444240000684,
        8469.633609065255
    ],
    "ar_bands": {
        "hf": [
            0.15,
            0.4
        ],
        "lf": [
            0.04,
            0.15
        ],
        "ulf": null,
        "vlf": [
            0.0,
            0.04
        ]
    },
    "ar_interpolation": "cubic",
    "ar_log": [
        7.775196063969366,
        8.480413897492333,
        9.044242529221124
    ],
    "ar_nfft": 4096.0,
    "ar_norm": [
        36.266205185481944,
        63.733794814518056
    ],
    "ar_order": 16.0,
    "ar_peak": [
        0.0,
        0.0400390625,
        0.150390625
    ],
    "ar_ratio": 0.5690262958768743,
    "ar_rel": [
        15.193535917023132,
        30.756086274884435,
        54.050377808092435
    ],
    "ar_resampling_frequency": 4.0,
    "ar_total": 15669.887894469408,
    "dfa_alpha1": 1.6294219357450366,
    "dfa_alpha1_beats": [
        4,
        5,
        6,
        7,
        8,
        9,
        10,
        11,
        12,
        13,
        14,
        15,
        16
    ],
    "dfa_alpha2": 0.9149381446166284,
    "dfa_alpha2_beats": [
        17,
        18,
        19,
        20,
        21,
        22,
        23,
        24,
        25,
        26,
        27,
        28,
        29,
        30,
        31,
        32,
        33,
        34,
        35,
        36,
        37,
        38,
        39,
        40,
        41,
        42,
        43,
        44,
        45,
        46,
        47,
        48,
        49,
        50,
        51,
        52,
        53,
        54,
        55,
        56,
        57,
        58,
        59,
        60,
        61,
        62,
        63,
        64
    ],
    "ellipse_area": 820.5350368080921,
    "fft_abs": [
        160.3448563635397,
        400.78677797828607,
        40.592562224609125
    ],
    "fft_bands": {
        "hf": [
            0.15,
            0.4
        ],
        "lf": [
            0.04,
            0.15
        ],
        "ulf": null,
        "vlf": [
            0.0,
            0.04
        ]
    },
    "fft_interpolation": "cubic",
    "fft_log": [
        5.077326848066449,
        5.993429560150371,
        3.703584853386971
    ],
    "fft_nfft": 4096.0,
    "fft_norm": [
        90.80324824312135,
        9.196751756878642
    ],
    "fft_peak": [
        0.01171875,
        0.0810546875,
        0.171875
    ],
    "fft_ratio": 9.873404289205233,
    "fft_rel": [
        26.647566655703937,
        66.6063921419913,
        6.746041202304785
    ],
    "fft_resampling_frequency": 4.0,
    "fft_total": 601.7241965664348,
    "fft_window": "hamming",
    "hr_max": 108.499095840868,
    "hr_mean": 97.38081273181214,
    "hr_min": 83.91608391608392,
    "hr_std": 3.832488552922775,
    "lomb_abs": [
        205.03385154922262,
        440.5844487528791,
        1572.8611835304912
    ],
    "lomb_bands": {
        "hf": [
            0.15,
            0.4
        ],
        "lf": [
            0.04,
            0.15
        ],
        "ulf": null,
        "vlf": [
            0.0,
            0.04
        ]
    },
    "lomb_log": [
        5.3231750950144345,
        6.088102138132263,
        7.360651649660241
    ],
    "lomb_ma": "n/a",
    "lomb_nfft": 256.0,
    "lomb_norm": [
        21.882113015052184,
        78.11788698494782
    ],
    "lomb_peak": [
        0.017686274509803923,
        0.09647058823529411,
        0.29423529411764704
    ],
    "lomb_ratio": 0.2801165502501181,
    "lomb_rel": [
        9.242089144543765,
        19.859748623491246,
        70.89816223196499
    ],
    "lomb_total": 2218.479483832593,
    "nn20": 25.0,
    "nn50": 0.0,
    "nni_counter": 389.0,
    "nni_diff_max": 46.0,
    "nni_diff_mean": 7.628865979381444,
    "nni_diff_min": 0.0,
    "nni_max": 715.0,
    "nni_mean": 617.1131105398457,
    "nni_min": 553.0,
    "pnn20": 6.443298969072164,
    "pnn50": 0.0,
    "rmssd": 10.759555810400046,
    "sampen": 1.3028718113607893,
    "sd1": 7.607692999384046,
    "sd2": 34.33161855996857,
    "sd_ratio": 4.512750259868296,
    "sdann": "n/a",
    "sdnn": 24.89270911021934,
    "sdnn_index": "n/a",
    "sdsd": 7.597183739903734,
    "tinn": 85.9375,
    "tinn_m": 656.25,
    "tinn_n": 570.3125,
    "tri_index": 6.377049180327869
}