{
    "Comment": "None",
    "Name": "C:\\Users\\Juan Pablo Botero T\\OneDrive - Universidad de los Andes\\Documentos\\JPB\\Personal\\Bienestar y Tecnolog\u00eda\\Codigo\\HRV-Bienestar-Tecnologia\\HRV_Reports\\GermanCasta\u00f1o-10-12-2021\\HRV_sound.json",
    "ar_abs": [
        2388.9778036088287,
        4866.3968031827235,
        8697.449144845883
    ],
    "ar_bands": {
        "hf": [
            0.15,
            0.4
        ],
        "lf": [
            0.04,
            0.15
        ],
        "ulf": null,
        "vlf": [
            0.0,
            0.04
        ]
    },
    "ar_interpolation": "cubic",
    "ar_log": [
        7.778620856202207,
        8.490109066090023,
        9.070785059908788
    ],
    "ar_nfft": 4096.0,
    "ar_norm": [
        35.87770623338592,
        64.12229376661408
    ],
    "ar_order": 16.0,
    "ar_peak": [
        0.0,
        0.0400390625,
        0.150390625
    ],
    "ar_ratio": 0.5595200066293639,
    "ar_rel": [
        14.975266077039299,
        30.504924262597864,
        54.519809660362824
    ],
    "ar_resampling_frequency": 4.0,
    "ar_total": 15952.823751637436,
    "dfa_alpha1": 1.6945753947569095,
    "dfa_alpha1_beats": [
        4,
        5,
        6,
        7,
        8,
        9,
        10,
        11,
        12,
        13,
        14,
        15,
        16
    ],
    "dfa_alpha2": 0.8035713320203247,
    "dfa_alpha2_beats": [
        17,
        18,
        19,
        20,
        21,
        22,
        23,
        24,
        25,
        26,
        27,
        28,
        29,
        30,
        31,
        32,
        33,
        34,
        35,
        36,
        37,
        38,
        39,
        40,
        41,
        42,
        43,
        44,
        45,
        46,
        47,
        48,
        49,
        50,
        51,
        52,
        53,
        54,
        55,
        56,
        57,
        58,
        59,
        60,
        61,
        62,
        63,
        64
    ],
    "ellipse_area": 930.3063866157652,
    "fft_abs": [
        252.79264492626677,
        424.47119508342286,
        25.892010057136503
    ],
    "fft_bands": {
        "hf": [
            0.15,
            0.4
        ],
        "lf": [
            0.04,
            0.15
        ],
        "ulf": null,
        "vlf": [
            0.0,
            0.04
        ]
    },
    "fft_interpolation": "cubic",
    "fft_log": [
        5.5325695674122155,
        6.050844147344061,
        3.253934429109594
    ],
    "fft_nfft": 4096.0,
    "fft_norm": [
        94.25086024755164,
        5.749139752448372
    ],
    "fft_peak": [
        0.0107421875,
        0.04296875,
        0.150390625
    ],
    "fft_ratio": 16.39390662010143,
    "fft_rel": [
        35.95115434256033,
        60.3665880107635,
        3.682257646676166
    ],
    "fft_resampling_frequency": 4.0,
    "fft_total": 703.1558500668261,
    "fft_window": "hamming",
    "hr_max": 101.35135135135135,
    "hr_mean": 92.6566194903025,
    "hr_min": 82.1917808219178,
    "hr_std": 3.8788657793425596,
    "lomb_abs": [
        226.06427710977573,
        477.88461447155527,
        1269.7110551424958
    ],
    "lomb_bands": {
        "hf": [
            0.15,
            0.4
        ],
        "lf": [
            0.04,
            0.15
        ],
        "ulf": null,
        "vlf": [
            0.0,
            0.04
        ]
    },
    "lomb_log": [
        5.420819370825021,
        6.169369311032718,
        7.146544637931198
    ],
    "lomb_ma": "n/a",
    "lomb_nfft": 256.0,
    "lomb_norm": [
        27.34526199513266,
        72.65473800486734
    ],
    "lomb_peak": [
        0.00803921568627451,
        0.13505882352941176,
        0.1656078431372549
    ],
    "lomb_ratio": 0.3763727286897756,
    "lomb_rel": [
        11.454064185931863,
        24.213118134398933,
        64.33281767966919
    ],
    "lomb_total": 1973.6599467238268,
    "nn20": 28.0,
    "nn50": 0.0,
    "nni_counter": 371.0,
    "nni_diff_max": 38.0,
    "nni_diff_mean": 8.083783783783783,
    "nni_diff_min": 0.0,
    "nni_max": 730.0,
    "nni_mean": 648.7008086253369,
    "nni_min": 592.0,
    "pnn20": 7.567567567567568,
    "pnn50": 0.0,
    "rmssd": 11.015836266423383,
    "sampen": 1.449095262358921,
    "sd1": 7.789361036797421,
    "sd2": 38.01668951288837,
    "sd_ratio": 4.880591531615391,
    "sdann": "n/a",
    "sdnn": 27.548865172949153,
    "sdnn_index": "n/a",
    "sdsd": 7.4935207247897075,
    "tinn": 125.0,
    "tinn_m": 710.9375,
    "tinn_n": 585.9375,
    "tri_index": 8.065217391304348
}