{
    "Comment": "None",
    "Name": "C:\\Users\\Juan Pablo Botero T\\OneDrive - Universidad de los Andes\\Documentos\\JPB\\Personal\\Bienestar y Tecnolog\u00eda\\Codigo\\HRV-Bienestar-Tecnologia\\HRV_Reports\\GermanCasta\u00f1o-10-12-2021\\HRV_interactive.json",
    "ar_abs": [
        2390.77998967966,
        4885.484266928205,
        8594.70344254227
    ],
    "ar_bands": {
        "hf": [
            0.15,
            0.4
        ],
        "lf": [
            0.04,
            0.15
        ],
        "ulf": null,
        "vlf": [
            0.0,
            0.04
        ]
    },
    "ar_interpolation": "cubic",
    "ar_log": [
        7.779374947197681,
        8.494023693018596,
        9.058901413736207
    ],
    "ar_nfft": 4096.0,
    "ar_norm": [
        36.24196021763049,
        63.7580397823695
    ],
    "ar_order": 16.0,
    "ar_peak": [
        0.0,
        0.0400390625,
        0.150390625
    ],
    "ar_ratio": 0.568429649677721,
    "ar_rel": [
        15.063857699160224,
        30.78252290306038,
        54.153619397779394
    ],
    "ar_resampling_frequency": 4.0,
    "ar_total": 15870.967699150135,
    "dfa_alpha1": 1.6730283664293457,
    "dfa_alpha1_beats": [
        4,
        5,
        6,
        7,
        8,
        9,
        10,
        11,
        12,
        13,
        14,
        15,
        16
    ],
    "dfa_alpha2": 0.5635995156329411,
    "dfa_alpha2_beats": [
        17,
        18,
        19,
        20,
        21,
        22,
        23,
        24,
        25,
        26,
        27,
        28,
        29,
        30,
        31,
        32,
        33,
        34,
        35,
        36,
        37,
        38,
        39,
        40,
        41,
        42,
        43,
        44,
        45,
        46,
        47,
        48,
        49,
        50,
        51,
        52,
        53,
        54,
        55,
        56,
        57,
        58,
        59,
        60,
        61,
        62,
        63,
        64
    ],
    "ellipse_area": 856.9337707272392,
    "fft_abs": [
        114.02574322632975,
        520.0111769009524,
        45.62245161604059
    ],
    "fft_bands": {
        "hf": [
            0.15,
            0.4
        ],
        "lf": [
            0.04,
            0.15
        ],
        "ulf": null,
        "vlf": [
            0.0,
            0.04
        ]
    },
    "fft_interpolation": "cubic",
    "fft_log": [
        4.736424240676322,
        6.2538503053847725,
        3.8203999553518164
    ],
    "fft_nfft": 4096.0,
    "fft_norm": [
        91.93427524179283,
        8.065724758207155
    ],
    "fft_peak": [
        0.0107421875,
        0.068359375,
        0.1806640625
    ],
    "fft_ratio": 11.398141890255618,
    "fft_rel": [
        16.776895599019596,
        76.51055786476194,
        6.712546536218465
    ],
    "fft_resampling_frequency": 4.0,
    "fft_total": 679.6593717433227,
    "fft_window": "hamming",
    "hr_max": 100.1669449081803,
    "hr_mean": 92.48685021762316,
    "hr_min": 76.53061224489795,
    "hr_std": 3.3092272681173145,
    "lomb_abs": [
        218.10496964767947,
        485.3819158159662,
        1281.7080612587042
    ],
    "lomb_bands": {
        "hf": [
            0.15,
            0.4
        ],
        "lf": [
            0.04,
            0.15
        ],
        "ulf": null,
        "vlf": [
            0.0,
            0.04
        ]
    },
    "lomb_log": [
        5.384976459044634,
        6.184936036347885,
        7.155948890221113
    ],
    "lomb_ma": "n/a",
    "lomb_nfft": 256.0,
    "lomb_norm": [
        27.467866498767187,
        72.5321335012328
    ],
    "lomb_peak": [
        0.00803921568627451,
        0.09647058823529411,
        0.28137254901960784
    ],
    "lomb_ratio": 0.3786992767598698,
    "lomb_rel": [
        10.986576910634446,
        24.45008822016974,
        64.56333486919583
    ],
    "lomb_total": 1985.1949467223499,
    "nn20": 21.0,
    "nn50": 3.0,
    "nni_counter": 371.0,
    "nni_diff_max": 85.0,
    "nni_diff_mean": 8.402702702702703,
    "nni_diff_min": 0.0,
    "nni_max": 784.0,
    "nni_mean": 649.5876010781672,
    "nni_min": 599.0,
    "pnn20": 5.675675675675676,
    "pnn50": 0.8108108108108109,
    "rmssd": 11.843004549385125,
    "sampen": 1.42529651892316,
    "sd1": 8.37415346833195,
    "sd2": 32.572903286135656,
    "sd_ratio": 3.8896950490953754,
    "sdann": "n/a",
    "sdnn": 23.78904488755387,
    "sdnn_index": "n/a",
    "sdsd": 8.357039013710923,
    "tinn": 101.5625,
    "tinn_m": 695.3125,
    "tinn_n": 593.75,
    "tri_index": 5.983870967741935
}