{
    "Comment": "None",
    "Name": "D:\\Users\\jp.botero\\Documents\\Bienestar & Tecnolog\u00eda\\HRV-Bienestar-Tecnologia\\HRV_Reports\\GermanCasta\u00f1o1-10-12-2021\\HRV_olfative.json",
    "ar_abs": [
        1964.2080990901668,
        3840.923577436979,
        6212.551823662079
    ],
    "ar_bands": {
        "hf": [
            0.15,
            0.4
        ],
        "lf": [
            0.04,
            0.15
        ],
        "ulf": null,
        "vlf": [
            0.0,
            0.04
        ]
    },
    "ar_interpolation": "cubic",
    "ar_log": [
        7.582844440068277,
        8.253468131620235,
        8.734327012207046
    ],
    "ar_nfft": 4096.0,
    "ar_norm": [
        38.20493336082649,
        61.79506663917351
    ],
    "ar_order": 16.0,
    "ar_peak": [
        0.0,
        0.0400390625,
        0.150390625
    ],
    "ar_ratio": 0.618252158928936,
    "ar_rel": [
        16.34431543366273,
        31.96059854111237,
        51.6950860252249
    ],
    "ar_resampling_frequency": 4.0,
    "ar_total": 12017.683500189225,
    "dfa_alpha1": 1.6092410450614836,
    "dfa_alpha1_beats": [
        4,
        5,
        6,
        7,
        8,
        9,
        10,
        11,
        12,
        13,
        14,
        15,
        16
    ],
    "dfa_alpha2": 1.051589908405003,
    "dfa_alpha2_beats": [
        17,
        18,
        19,
        20,
        21,
        22,
        23,
        24,
        25,
        26,
        27,
        28,
        29,
        30,
        31,
        32,
        33,
        34,
        35,
        36,
        37,
        38,
        39,
        40,
        41,
        42,
        43,
        44,
        45,
        46,
        47,
        48,
        49,
        50,
        51,
        52,
        53,
        54,
        55,
        56,
        57,
        58,
        59,
        60,
        61,
        62,
        63,
        64
    ],
    "ellipse_area": 15.05382863784051,
    "fft_abs": [
        0.5327659913216495,
        3.4474640929156193,
        1.8972349188224378
    ],
    "fft_bands": {
        "hf": [
            0.15,
            0.4
        ],
        "lf": [
            0.04,
            0.15
        ],
        "ulf": null,
        "vlf": [
            0.0,
            0.04
        ]
    },
    "fft_interpolation": "cubic",
    "fft_log": [
        -0.6296729918951945,
        1.2376389152331442,
        0.6403975203033333
    ],
    "fft_nfft": 4096.0,
    "fft_norm": [
        64.50249275673485,
        35.49750724326515
    ],
    "fft_peak": [
        0.0390625,
        0.1005859375,
        0.16015625
    ],
    "fft_ratio": 1.8170992209311467,
    "fft_rel": [
        9.064554038931764,
        58.65562944434257,
        32.27981651672567
    ],
    "fft_resampling_frequency": 4.0,
    "fft_total": 5.877465003059706,
    "fft_window": "hamming",
    "hr_max": 821.917808219178,
    "hr_mean": 736.7970744139241,
    "hr_min": 625.0,
    "hr_std": 32.48372769760055,
    "lomb_abs": [
        218.10371431935565,
        704.0386685403693,
        1352.9377177322883
    ],
    "lomb_bands": {
        "hf": [
            0.15,
            0.4
        ],
        "lf": [
            0.04,
            0.15
        ],
        "ulf": null,
        "vlf": [
            0.0,
            0.04
        ]
    },
    "lomb_log": [
        5.384970703412663,
        6.556833281553549,
        7.210033594393059
    ],
    "lomb_ma": "n/a",
    "lomb_nfft": 256.0,
    "lomb_norm": [
        34.22687169569904,
        65.77312830430095
    ],
    "lomb_peak": [
        0.001607843137254902,
        0.14309803921568628,
        0.2492156862745098
    ],
    "lomb_ratio": 0.520377737506229,
    "lomb_rel": [
        9.586638917135335,
        30.945665093601182,
        59.46769598926349
    ],
    "lomb_total": 2275.080100592013,
    "nn20": 0.0,
    "nn50": 0.0,
    "nni_counter": 383.0,
    "nni_diff_max": 5.0,
    "nni_diff_mean": 0.9842931937172775,
    "nni_diff_min": 0.0,
    "nni_max": 96.0,
    "nni_mean": 81.59530026109661,
    "nni_min": 73.0,
    "pnn20": 0.0,
    "pnn50": 0.0,
    "rmssd": 1.3223808450958596,
    "sampen": 1.3738889642624028,
    "sd1": 0.934947195035049,
    "sd2": 5.125190498230939,
    "sd_ratio": 5.481796753279534,
    "sdann": "n/a",
    "sdnn": 3.6896173628105142,
    "sdnn_index": "n/a",
    "sdsd": 0.8842538547787541,
    "tinn": 15.625,
    "tinn_m": 85.9375,
    "tinn_n": 70.3125,
    "tri_index": 1.4185185185185185
}