{
    "Comment": "None",
    "Name": "D:\\Users\\jp.botero\\Documents\\Bienestar & Tecnolog\u00eda\\HRV-Bienestar-Tecnologia\\HRV_Reports\\GermanCasta\u00f1o1-10-12-2021\\HRV_final.json",
    "ar_abs": [
        1981.4362790346743,
        3924.148001619271,
        6383.551556390586
    ],
    "ar_bands": {
        "hf": [
            0.15,
            0.4
        ],
        "lf": [
            0.04,
            0.15
        ],
        "ulf": null,
        "vlf": [
            0.0,
            0.04
        ]
    },
    "ar_interpolation": "cubic",
    "ar_log": [
        7.591577254169771,
        8.27490453700234,
        8.761479891736068
    ],
    "ar_nfft": 4096.0,
    "ar_norm": [
        38.070065774956674,
        61.92993422504333
    ],
    "ar_order": 16.0,
    "ar_peak": [
        0.0,
        0.0400390625,
        0.150390625
    ],
    "ar_ratio": 0.614728018870749,
    "ar_rel": [
        16.123479350450395,
        31.931846581028655,
        51.94467406852096
    ],
    "ar_resampling_frequency": 4.0,
    "ar_total": 12289.13583704453,
    "dfa_alpha1": 1.6948834212218566,
    "dfa_alpha1_beats": [
        4,
        5,
        6,
        7,
        8,
        9,
        10,
        11,
        12,
        13,
        14,
        15,
        16
    ],
    "dfa_alpha2": 0.6847601195514367,
    "dfa_alpha2_beats": [
        17,
        18,
        19,
        20,
        21,
        22,
        23,
        24,
        25,
        26,
        27,
        28,
        29,
        30,
        31,
        32,
        33,
        34,
        35,
        36,
        37,
        38,
        39,
        40,
        41,
        42,
        43,
        44,
        45,
        46,
        47,
        48,
        49,
        50,
        51,
        52,
        53,
        54,
        55,
        56,
        57,
        58,
        59,
        60,
        61,
        62,
        63,
        64
    ],
    "ellipse_area": 15.731751655758321,
    "fft_abs": [
        3.763894969859867,
        4.107956390864063,
        1.6601223880912914
    ],
    "fft_bands": {
        "hf": [
            0.15,
            0.4
        ],
        "lf": [
            0.04,
            0.15
        ],
        "ulf": null,
        "vlf": [
            0.0,
            0.04
        ]
    },
    "fft_interpolation": "cubic",
    "fft_log": [
        1.3254543174708662,
        1.4129256763488316,
        0.506891327416532
    ],
    "fft_nfft": 4096.0,
    "fft_norm": [
        71.21879829124052,
        28.78120170875948
    ],
    "fft_peak": [
        0.0380859375,
        0.0400390625,
        0.17578125
    ],
    "fft_ratio": 2.474490085991276,
    "fft_rel": [
        39.48704716405352,
        43.09659782030623,
        17.416355015640246
    ],
    "fft_resampling_frequency": 4.0,
    "fft_total": 9.531973748815222,
    "fft_window": "hamming",
    "hr_max": 769.2307692307693,
    "hr_mean": 689.9388123526464,
    "hr_min": 600.0,
    "hr_std": 28.704373977013432,
    "lomb_abs": [
        413.1967029074525,
        416.834385647646,
        1340.4357740876171
    ],
    "lomb_bands": {
        "hf": [
            0.15,
            0.4
        ],
        "lf": [
            0.04,
            0.15
        ],
        "ulf": null,
        "vlf": [
            0.0,
            0.04
        ]
    },
    "lomb_log": [
        6.0239237578028355,
        6.03268898619091,
        7.200750044620419
    ],
    "lomb_ma": "n/a",
    "lomb_nfft": 256.0,
    "lomb_norm": [
        23.720563587698038,
        76.27943641230196
    ],
    "lomb_peak": [
        0.038588235294117645,
        0.10290196078431373,
        0.19776470588235295
    ],
    "lomb_ratio": 0.31096930841865145,
    "lomb_rel": [
        19.037226968042845,
        19.20482605940904,
        61.75794697254812
    ],
    "lomb_total": 2170.4668626427156,
    "nn20": 0.0,
    "nn50": 0.0,
    "nni_counter": 359.0,
    "nni_diff_max": 4.0,
    "nni_diff_mean": 1.058659217877095,
    "nni_diff_min": 0.0,
    "nni_max": 100.0,
    "nni_mean": 87.1142061281337,
    "nni_min": 78.0,
    "pnn20": 0.0,
    "pnn50": 0.0,
    "rmssd": 1.411247714517846,
    "sampen": 1.6046646336814427,
    "sd1": 0.9978539595441231,
    "sd2": 5.018341643203819,
    "sd_ratio": 5.029134369017771,
    "sdann": "n/a",
    "sdnn": 3.6211350225098284,
    "sdnn_index": "n/a",
    "sdsd": 0.934505301243416,
    "tinn": 23.4375,
    "tinn_m": 93.75,
    "tinn_n": 70.3125,
    "tri_index": 1.5814977973568283
}