{
    "Comment": "None",
    "Name": "C:\\Users\\Juan Pablo Botero T\\OneDrive - Universidad de los Andes\\Documentos\\JPB\\Personal\\Bienestar y Tecnolog\u00eda\\Codigo\\HRV-Bienestar-Tecnologia\\HRV_Reports\\GermanCasta\u00f1o-10-12-2021\\HRV_olfative.json",
    "ar_abs": [
        2385.2372140868647,
        4814.137967404644,
        8514.396276826474
    ],
    "ar_bands": {
        "hf": [
            0.15,
            0.4
        ],
        "lf": [
            0.04,
            0.15
        ],
        "ulf": null,
        "vlf": [
            0.0,
            0.04
        ]
    },
    "ar_interpolation": "cubic",
    "ar_log": [
        7.777053859209608,
        8.479312277551085,
        9.049513689447128
    ],
    "ar_nfft": 4096.0,
    "ar_norm": [
        36.11903514062928,
        63.88096485937072
    ],
    "ar_order": 16.0,
    "ar_peak": [
        0.0,
        0.0400390625,
        0.150390625
    ],
    "ar_ratio": 0.5654115466186632,
    "ar_rel": [
        15.179279019132322,
        30.636426017614703,
        54.184294963252974
    ],
    "ar_resampling_frequency": 4.0,
    "ar_total": 15713.771458317982,
    "dfa_alpha1": 1.5937197832628829,
    "dfa_alpha1_beats": [
        4,
        5,
        6,
        7,
        8,
        9,
        10,
        11,
        12,
        13,
        14,
        15,
        16
    ],
    "dfa_alpha2": 1.0740154884730135,
    "dfa_alpha2_beats": [
        17,
        18,
        19,
        20,
        21,
        22,
        23,
        24,
        25,
        26,
        27,
        28,
        29,
        30,
        31,
        32,
        33,
        34,
        35,
        36,
        37,
        38,
        39,
        40,
        41,
        42,
        43,
        44,
        45,
        46,
        47,
        48,
        49,
        50,
        51,
        52,
        53,
        54,
        55,
        56,
        57,
        58,
        59,
        60,
        61,
        62,
        63,
        64
    ],
    "ellipse_area": 907.5967690019315,
    "fft_abs": [
        342.62517915086545,
        265.8639894677282,
        31.305768049706565
    ],
    "fft_bands": {
        "hf": [
            0.15,
            0.4
        ],
        "lf": [
            0.04,
            0.15
        ],
        "ulf": null,
        "vlf": [
            0.0,
            0.04
        ]
    },
    "fft_interpolation": "cubic",
    "fft_log": [
        5.836637077500202,
        5.582984860223684,
        3.4438023633063586
    ],
    "fft_nfft": 4096.0,
    "fft_norm": [
        89.46535868547463,
        10.534641314525379
    ],
    "fft_peak": [
        0.0126953125,
        0.064453125,
        0.18359375
    ],
    "fft_ratio": 8.492492151784795,
    "fft_rel": [
        53.55234302651234,
        41.554562912329615,
        4.89309406115806
    ],
    "fft_resampling_frequency": 4.0,
    "fft_total": 639.7949366683001,
    "fft_window": "hamming",
    "hr_max": 106.95187165775401,
    "hr_mean": 95.855384884325,
    "hr_min": 81.30081300813008,
    "hr_std": 4.2381244174969215,
    "lomb_abs": [
        190.11615981872788,
        524.5277864851274,
        1476.091646743989
    ],
    "lomb_bands": {
        "hf": [
            0.15,
            0.4
        ],
        "lf": [
            0.04,
            0.15
        ],
        "ulf": null,
        "vlf": [
            0.0,
            0.04
        ]
    },
    "lomb_log": [
        5.247635252818521,
        6.262498403525827,
        7.297153094522799
    ],
    "lomb_ma": "n/a",
    "lomb_nfft": 256.0,
    "lomb_norm": [
        26.218269090714017,
        73.78173090928597
    ],
    "lomb_peak": [
        0.017686274509803923,
        0.14631372549019608,
        0.28458823529411764
    ],
    "lomb_ratio": 0.3553490649731322,
    "lomb_rel": [
        8.678188295385763,
        23.942998331230932,
        67.37881337338331
    ],
    "lomb_total": 2190.7355930478443,
    "nn20": 16.0,
    "nn50": 0.0,
    "nni_counter": 383.0,
    "nni_diff_max": 39.0,
    "nni_diff_mean": 7.829842931937173,
    "nni_diff_min": 0.0,
    "nni_max": 738.0,
    "nni_mean": 627.1932114882507,
    "nni_min": 561.0,
    "pnn20": 4.18848167539267,
    "pnn50": 0.0,
    "rmssd": 10.348761212760852,
    "sampen": 1.4337810273858784,
    "sd1": 7.316808015235268,
    "sd2": 39.48402413186615,
    "sd_ratio": 5.396345517013891,
    "sdann": "n/a",
    "sdnn": 28.438217333447085,
    "sdnn_index": "n/a",
    "sdsd": 6.775736352963505,
    "tinn": 109.375,
    "tinn_m": 679.6875,
    "tinn_n": 570.3125,
    "tri_index": 7.816326530612245
}