{
    "Comment": "None",
    "Name": "C:\\Users\\facartesvirtual1\\Documents\\HRV-Bienestar-Tecnologia\\HRV_Reports\\Grupo_Control\\10-03-222_PaulaCasas\\Momento_5.json",
    "ar_abs": [
        2442.3639374915315,
        4995.808460521221,
        9769.274833918169
    ],
    "ar_bands": {
        "hf": [
            0.15,
            0.4
        ],
        "lf": [
            0.04,
            0.15
        ],
        "ulf": null,
        "vlf": [
            0.0,
            0.04
        ]
    },
    "ar_interpolation": "cubic",
    "ar_log": [
        7.800721676118217,
        8.516354531943918,
        9.186997518527571
    ],
    "ar_nfft": 4096.0,
    "ar_norm": [
        33.83528802985263,
        66.16471197014737
    ],
    "ar_order": 16.0,
    "ar_peak": [
        0.0,
        0.0400390625,
        0.150390625
    ],
    "ar_ratio": 0.5113796617919028,
    "ar_rel": [
        14.193644789794096,
        29.032827433291626,
        56.77352777691428
    ],
    "ar_resampling_frequency": 4.0,
    "ar_total": 17207.44723193092,
    "dfa_alpha1": 1.0012697612660317,
    "dfa_alpha1_beats": [
        4,
        5,
        6,
        7,
        8,
        9,
        10,
        11,
        12,
        13,
        14,
        15,
        16
    ],
    "dfa_alpha2": 1.0374753804542056,
    "dfa_alpha2_beats": [
        17,
        18,
        19,
        20,
        21,
        22,
        23,
        24,
        25,
        26,
        27,
        28,
        29,
        30,
        31,
        32,
        33,
        34,
        35,
        36,
        37,
        38,
        39,
        40,
        41,
        42,
        43,
        44,
        45,
        46,
        47,
        48,
        49,
        50,
        51,
        52,
        53,
        54,
        55,
        56,
        57,
        58,
        59,
        60,
        61,
        62,
        63,
        64
    ],
    "ellipse_area": 12181.932835807847,
    "fft_abs": [
        3061.267192314282,
        718.9165427888692,
        487.0114319774208
    ],
    "fft_bands": {
        "hf": [
            0.15,
            0.4
        ],
        "lf": [
            0.04,
            0.15
        ],
        "ulf": null,
        "vlf": [
            0.0,
            0.04
        ]
    },
    "fft_interpolation": "cubic",
    "fft_log": [
        8.026584224359805,
        6.577745276976802,
        6.188287597093358
    ],
    "fft_nfft": 4096.0,
    "fft_norm": [
        59.615213995528705,
        40.384786004471295
    ],
    "fft_peak": [
        0.00390625,
        0.0419921875,
        0.2236328125
    ],
    "fft_ratio": 1.476180014645324,
    "fft_rel": [
        71.73956363492667,
        16.847519615108684,
        11.412916749964653
    ],
    "fft_resampling_frequency": 4.0,
    "fft_total": 4267.195167080572,
    "fft_window": "hamming",
    "hr_max": 106.95187165775401,
    "hr_mean": 88.93099150157741,
    "hr_min": 56.550424128180964,
    "hr_std": 9.493684838740167,
    "lomb_abs": [
        322.5959497046061,
        698.5388836875854,
        1461.0709052328825
    ],
    "lomb_bands": {
        "hf": [
            0.15,
            0.4
        ],
        "lf": [
            0.04,
            0.15
        ],
        "ulf": null,
        "vlf": [
            0.0,
            0.04
        ]
    },
    "lomb_log": [
        5.776400610449881,
        6.548990844560078,
        7.286924942559976
    ],
    "lomb_ma": "n/a",
    "lomb_nfft": 256.0,
    "lomb_norm": [
        32.34560647350865,
        67.65439352649135
    ],
    "lomb_peak": [
        0.028941176470588234,
        0.14309803921568628,
        0.22831372549019607
    ],
    "lomb_ratio": 0.4781006049643047,
    "lomb_rel": [
        12.996342111564699,
        28.141860798151054,
        58.86179709028425
    ],
    "lomb_total": 2482.205738625074,
    "nn20": 168.0,
    "nn50": 59.0,
    "nni_counter": 352.0,
    "nni_diff_max": 300.0,
    "nni_diff_mean": 30.886039886039885,
    "nni_diff_min": 0.0,
    "nni_max": 1061.0,
    "nni_mean": 683.3778409090909,
    "nni_min": 561.0,
    "pnn20": 47.863247863247864,
    "pnn50": 16.80911680911681,
    "rmssd": 49.235147152209414,
    "sampen": 0.7436536722107955,
    "sd1": 34.81299555539714,
    "sd2": 111.38454455303031,
    "sd_ratio": 3.199510492447758,
    "sdann": "n/a",
    "sdnn": 82.6371733153952,
    "sdnn_index": "n/a",
    "sdsd": 38.3973005597098,
    "tinn": 148.4375,
    "tinn_m": 718.75,
    "tinn_n": 570.3125,
    "tri_index": 11.733333333333333
}