{
    "Comment": "None",
    "Name": "C:\\Users\\facartesvirtual1\\Documents\\HRV-Bienestar-Tecnologia\\HRV_Reports\\Grupo_Control\\10-03-222_PaulaCasas\\Momento_1.json",
    "ar_abs": [
        2449.357230386054,
        5050.702375063151,
        9428.228189054491
    ],
    "ar_bands": {
        "hf": [
            0.15,
            0.4
        ],
        "lf": [
            0.04,
            0.15
        ],
        "ulf": null,
        "vlf": [
            0.0,
            0.04
        ]
    },
    "ar_interpolation": "cubic",
    "ar_log": [
        7.803580914173226,
        8.52728259676902,
        9.15146346709941
    ],
    "ar_nfft": 4096.0,
    "ar_norm": [
        34.88311759419605,
        65.11688240580395
    ],
    "ar_order": 16.0,
    "ar_peak": [
        0.0,
        0.0400390625,
        0.150390625
    ],
    "ar_ratio": 0.5357000566582235,
    "ar_rel": [
        14.46901931323093,
        29.83587257243477,
        55.6951081143343
    ],
    "ar_resampling_frequency": 4.0,
    "ar_total": 16928.287794503696,
    "dfa_alpha1": 1.1249263522090793,
    "dfa_alpha1_beats": [
        4,
        5,
        6,
        7,
        8,
        9,
        10,
        11,
        12,
        13,
        14,
        15,
        16
    ],
    "dfa_alpha2": 1.065190520792786,
    "dfa_alpha2_beats": [
        17,
        18,
        19,
        20,
        21,
        22,
        23,
        24,
        25,
        26,
        27,
        28,
        29,
        30,
        31,
        32,
        33,
        34,
        35,
        36,
        37,
        38,
        39,
        40,
        41,
        42,
        43,
        44,
        45,
        46,
        47,
        48,
        49,
        50,
        51,
        52,
        53,
        54,
        55,
        56,
        57,
        58,
        59,
        60,
        61,
        62,
        63,
        64
    ],
    "ellipse_area": 5838.609203139648,
    "fft_abs": [
        782.656574459022,
        115.72870940416435,
        91.03893327461013
    ],
    "fft_bands": {
        "hf": [
            0.15,
            0.4
        ],
        "lf": [
            0.04,
            0.15
        ],
        "ulf": null,
        "vlf": [
            0.0,
            0.04
        ]
    },
    "fft_interpolation": "cubic",
    "fft_log": [
        6.662693997553243,
        4.7512487400148995,
        4.51128725320272
    ],
    "fft_nfft": 4096.0,
    "fft_norm": [
        55.97041582756525,
        44.02958417243475
    ],
    "fft_peak": [
        0.0029296875,
        0.0400390625,
        0.3984375
    ],
    "fft_ratio": 1.2712001914068995,
    "fft_rel": [
        79.10222540571007,
        11.696571339131362,
        9.201203255158571
    ],
    "fft_resampling_frequency": 4.0,
    "fft_total": 989.4242171377964,
    "fft_window": "hamming",
    "hr_max": 114.72275334608031,
    "hr_mean": 96.77559100247952,
    "hr_min": 56.98005698005698,
    "hr_std": 6.991039287302987,
    "lomb_abs": [
        144.30317399208457,
        540.2022662087796,
        1204.4914748298183
    ],
    "lomb_bands": {
        "hf": [
            0.15,
            0.4
        ],
        "lf": [
            0.04,
            0.15
        ],
        "ulf": null,
        "vlf": [
            0.0,
            0.04
        ]
    },
    "lomb_log": [
        4.971916461325063,
        6.291943636478889,
        7.09381274426302
    ],
    "lomb_ma": "n/a",
    "lomb_nfft": 256.0,
    "lomb_norm": [
        30.962584062874143,
        69.03741593712586
    ],
    "lomb_peak": [
        0.028941176470588234,
        0.04823529411764706,
        0.19294117647058823
    ],
    "lomb_ratio": 0.44848990424370117,
    "lomb_rel": [
        7.639142914626766,
        28.59730801624974,
        63.763549069123506
    ],
    "lomb_total": 1888.9969150306824,
    "nn20": 90.0,
    "nn50": 16.0,
    "nni_counter": 385.0,
    "nni_diff_max": 369.0,
    "nni_diff_mean": 17.260416666666668,
    "nni_diff_min": 0.0,
    "nni_max": 1053.0,
    "nni_mean": 623.9168831168831,
    "nni_min": 523.0,
    "pnn20": 23.4375,
    "pnn50": 4.166666666666666,
    "rmssd": 35.317901504289104,
    "sampen": 0.8307885872775255,
    "sd1": 24.97156558966882,
    "sd2": 74.42412948637482,
    "sd_ratio": 2.980354964895169,
    "sdann": "n/a",
    "sdnn": 55.872980487826794,
    "sdnn_index": "n/a",
    "sdsd": 30.853056872274333,
    "tinn": 109.375,
    "tinn_m": 664.0625,
    "tinn_n": 554.6875,
    "tri_index": 8.191489361702128
}