{
    "Comment": "None",
    "Name": "C:\\Users\\facartesvirtual1\\Documents\\HRV-Bienestar-Tecnologia\\HRV_Reports\\Grupo_Control\\10-03-222_PaulaCasas\\Momento_2.json",
    "ar_abs": [
        2470.783315840723,
        5134.718043461695,
        9784.903766197085
    ],
    "ar_bands": {
        "hf": [
            0.15,
            0.4
        ],
        "lf": [
            0.04,
            0.15
        ],
        "ulf": null,
        "vlf": [
            0.0,
            0.04
        ]
    },
    "ar_interpolation": "cubic",
    "ar_log": [
        7.812290511265646,
        8.543780212084268,
        9.188596044952696
    ],
    "ar_nfft": 4096.0,
    "ar_norm": [
        34.41587266064305,
        65.58412733935694
    ],
    "ar_order": 16.0,
    "ar_peak": [
        0.0,
        0.0400390625,
        0.150390625
    ],
    "ar_ratio": 0.5247591766001914,
    "ar_rel": [
        14.207738681244523,
        29.526155408149013,
        56.26610591060647
    ],
    "ar_resampling_frequency": 4.0,
    "ar_total": 17390.405125499503,
    "dfa_alpha1": 1.1821293858826176,
    "dfa_alpha1_beats": [
        4,
        5,
        6,
        7,
        8,
        9,
        10,
        11,
        12,
        13,
        14,
        15,
        16
    ],
    "dfa_alpha2": 0.8316045205960235,
    "dfa_alpha2_beats": [
        17,
        18,
        19,
        20,
        21,
        22,
        23,
        24,
        25,
        26,
        27,
        28,
        29,
        30,
        31,
        32,
        33,
        34,
        35,
        36,
        37,
        38,
        39,
        40,
        41,
        42,
        43,
        44,
        45,
        46,
        47,
        48,
        49,
        50,
        51,
        52,
        53,
        54,
        55,
        56,
        57,
        58,
        59,
        60,
        61,
        62,
        63,
        64
    ],
    "ellipse_area": 13350.249458122786,
    "fft_abs": [
        1791.4520955487187,
        2919.8933709922085,
        1275.494054471203
    ],
    "fft_bands": {
        "hf": [
            0.15,
            0.4
        ],
        "lf": [
            0.04,
            0.15
        ],
        "ulf": null,
        "vlf": [
            0.0,
            0.04
        ]
    },
    "fft_interpolation": "cubic",
    "fft_log": [
        7.490781796531906,
        7.9793023778120835,
        7.151088876239134
    ],
    "fft_nfft": 4096.0,
    "fft_norm": [
        69.5977051671142,
        30.40229483288579
    ],
    "fft_peak": [
        0.005859375,
        0.0400390625,
        0.15234375
    ],
    "fft_ratio": 2.289225387414874,
    "fft_rel": [
        29.923168798181806,
        48.771866370297715,
        21.304964831520472
    ],
    "fft_resampling_frequency": 4.0,
    "fft_total": 5986.839521012131,
    "fft_window": "hamming",
    "hr_max": 100.1669449081803,
    "hr_mean": 80.9014084722033,
    "hr_min": 53.097345132743364,
    "hr_std": 7.987089158777402,
    "lomb_abs": [
        421.07059331483146,
        697.4462182473026,
        1327.71173842446
    ],
    "lomb_bands": {
        "hf": [
            0.15,
            0.4
        ],
        "lf": [
            0.04,
            0.15
        ],
        "ulf": null,
        "vlf": [
            0.0,
            0.04
        ]
    },
    "lomb_log": [
        6.042800499708383,
        6.547425404267185,
        7.191212242035071
    ],
    "lomb_ma": "n/a",
    "lomb_nfft": 256.0,
    "lomb_norm": [
        34.43910219198495,
        65.56089780801506
    ],
    "lomb_peak": [
        0.00803921568627451,
        0.12701960784313726,
        0.3360392156862745
    ],
    "lomb_ratio": 0.5252994291328122,
    "lomb_rel": [
        17.21305203952178,
        28.511081609734497,
        54.275866350743726
    ],
    "lomb_total": 2446.228549986594,
    "nn20": 220.0,
    "nn50": 89.0,
    "nni_counter": 321.0,
    "nni_diff_max": 354.0,
    "nni_diff_mean": 41.378125,
    "nni_diff_min": 0.0,
    "nni_max": 1130.0,
    "nni_mean": 749.3146417445483,
    "nni_min": 599.0,
    "pnn20": 68.75,
    "pnn50": 27.8125,
    "rmssd": 58.01748120178952,
    "sampen": 1.3387719573589658,
    "sd1": 41.02376734656006,
    "sd2": 103.5866927978912,
    "sd_ratio": 2.5250409579113704,
    "sdann": "n/a",
    "sdnn": 78.94165608979442,
    "sdnn_index": "n/a",
    "sdsd": 40.731602838920864,
    "tinn": 242.1875,
    "tinn_m": 867.1875,
    "tinn_n": 625.0,
    "tri_index": 16.05
}