{
    "Comment": "None",
    "Name": "C:\\Users\\facartesvirtual1\\Documents\\HRV-Bienestar-Tecnologia\\HRV_Reports\\Grupo_Control\\10-03-222_PaulaCasas\\Momento_4.json",
    "ar_abs": [
        2493.692196745112,
        5312.335397310666,
        10495.728601892764
    ],
    "ar_bands": {
        "hf": [
            0.15,
            0.4
        ],
        "lf": [
            0.04,
            0.15
        ],
        "ulf": null,
        "vlf": [
            0.0,
            0.04
        ]
    },
    "ar_interpolation": "cubic",
    "ar_log": [
        7.82151970111945,
        8.577786828717018,
        9.258723653560384
    ],
    "ar_nfft": 4096.0,
    "ar_norm": [
        33.60522450806344,
        66.39477549193656
    ],
    "ar_order": 16.0,
    "ar_peak": [
        0.0,
        0.0400390625,
        0.208984375
    ],
    "ar_ratio": 0.506142603225531,
    "ar_rel": [
        13.625425724429332,
        29.02636960318954,
        57.34820467238112
    ],
    "ar_resampling_frequency": 4.0,
    "ar_total": 18301.756195948543,
    "dfa_alpha1": 0.9281460751891938,
    "dfa_alpha1_beats": [
        4,
        5,
        6,
        7,
        8,
        9,
        10,
        11,
        12,
        13,
        14,
        15,
        16
    ],
    "dfa_alpha2": 0.8297283285077396,
    "dfa_alpha2_beats": [
        17,
        18,
        19,
        20,
        21,
        22,
        23,
        24,
        25,
        26,
        27,
        28,
        29,
        30,
        31,
        32,
        33,
        34,
        35,
        36,
        37,
        38,
        39,
        40,
        41,
        42,
        43,
        44,
        45,
        46,
        47,
        48,
        49,
        50,
        51,
        52,
        53,
        54,
        55,
        56,
        57,
        58,
        59,
        60,
        61,
        62,
        63,
        64
    ],
    "ellipse_area": 24760.12882480515,
    "fft_abs": [
        5752.388463004217,
        2745.252217958999,
        3082.7885642932674
    ],
    "fft_bands": {
        "hf": [
            0.15,
            0.4
        ],
        "lf": [
            0.04,
            0.15
        ],
        "ulf": null,
        "vlf": [
            0.0,
            0.04
        ]
    },
    "fft_interpolation": "cubic",
    "fft_log": [
        8.657370432413282,
        7.91762823240355,
        8.033589844377452
    ],
    "fft_nfft": 4096.0,
    "fft_norm": [
        47.10420397741429,
        52.895796022585714
    ],
    "fft_peak": [
        0.0048828125,
        0.1455078125,
        0.216796875
    ],
    "fft_ratio": 0.8905094075397127,
    "fft_rel": [
        49.67336133382518,
        23.70596253229124,
        26.620676133883585
    ],
    "fft_resampling_frequency": 4.0,
    "fft_total": 11580.429245256482,
    "fft_window": "hamming",
    "hr_max": 101.35135135135135,
    "hr_mean": 78.42888944765187,
    "hr_min": 53.42831700801425,
    "hr_std": 9.881136985207236,
    "lomb_abs": [
        343.3985011241211,
        593.8817841683687,
        1904.4970208066477
    ],
    "lomb_bands": {
        "hf": [
            0.15,
            0.4
        ],
        "lf": [
            0.04,
            0.15
        ],
        "ulf": null,
        "vlf": [
            0.0,
            0.04
        ]
    },
    "lomb_log": [
        5.838891583643486,
        6.386680283004655,
        7.551973221625835
    ],
    "lomb_ma": "n/a",
    "lomb_nfft": 256.0,
    "lomb_norm": [
        23.770686133975087,
        76.22931386602491
    ],
    "lomb_peak": [
        0.00803921568627451,
        0.13988235294117646,
        0.36498039215686273
    ],
    "lomb_ratio": 0.31183130122032465,
    "lomb_rel": [
        12.083934247314359,
        20.89825205141006,
        67.01781370127557
    ],
    "lomb_total": 2841.7773060991376,
    "nn20": 226.0,
    "nn50": 133.0,
    "nni_counter": 309.0,
    "nni_diff_max": 369.0,
    "nni_diff_mean": 58.285714285714285,
    "nni_diff_min": 0.0,
    "nni_max": 1123.0,
    "nni_mean": 777.9255663430421,
    "nni_min": 592.0,
    "pnn20": 73.37662337662337,
    "pnn50": 43.18181818181818,
    "rmssd": 82.54495036747451,
    "sampen": 1.3545456628053103,
    "sd1": 58.36809126791283,
    "sd2": 135.0291506354676,
    "sd_ratio": 2.3134069951966767,
    "sdann": "n/a",
    "sdnn": 104.13741683227813,
    "sdnn_index": "n/a",
    "sdsd": 58.54547655087938,
    "tinn": 296.875,
    "tinn_m": 906.25,
    "tinn_n": 609.375,
    "tri_index": 17.166666666666668
}