{
    "Comment": "None",
    "Name": "C:\\Users\\Juan Pablo Botero T\\OneDrive - Universidad de los Andes\\Documentos\\JPB\\Personal\\Bienestar y Tecnolog\u00eda\\Codigo\\HRV-Bienestar-Tecnologia\\HRV_Reports\\Experiencia_Mindfullness\\JuanMoncaleano-07-03\\HRV_baseline.json",
    "ar_abs": [
        2483.221715062207,
        5073.359391334261,
        9838.793613236754
    ],
    "ar_bands": {
        "hf": [
            0.15,
            0.4
        ],
        "lf": [
            0.04,
            0.15
        ],
        "ulf": null,
        "vlf": [
            0.0,
            0.04
        ]
    },
    "ar_interpolation": "cubic",
    "ar_log": [
        7.817312074740535,
        8.531758479002628,
        9.194088382249452
    ],
    "ar_nfft": 4096.0,
    "ar_norm": [
        34.02164254738485,
        65.97835745261514
    ],
    "ar_order": 16.0,
    "ar_peak": [
        0.0,
        0.0400390625,
        0.150390625
    ],
    "ar_ratio": 0.5156485226510645,
    "ar_rel": [
        14.275183806529492,
        29.164990539745222,
        56.559825653725284
    ],
    "ar_resampling_frequency": 4.0,
    "ar_total": 17395.374719633222,
    "dfa_alpha1": 1.0709873048657912,
    "dfa_alpha1_beats": [
        4,
        5,
        6,
        7,
        8,
        9,
        10,
        11,
        12,
        13,
        14,
        15,
        16
    ],
    "dfa_alpha2": 0.6458483750001837,
    "dfa_alpha2_beats": [
        17,
        18,
        19,
        20,
        21,
        22,
        23,
        24,
        25,
        26,
        27,
        28,
        29,
        30,
        31,
        32,
        33,
        34,
        35,
        36,
        37,
        38,
        39,
        40,
        41,
        42,
        43,
        44,
        45,
        46,
        47,
        48,
        49,
        50,
        51,
        52,
        53,
        54,
        55,
        56,
        57,
        58,
        59,
        60,
        61,
        62,
        63,
        64
    ],
    "ellipse_area": 19243.882347171246,
    "fft_abs": [
        1151.71203343461,
        1567.2163766979024,
        1827.966348077728
    ],
    "fft_bands": {
        "hf": [
            0.15,
            0.4
        ],
        "lf": [
            0.04,
            0.15
        ],
        "ulf": null,
        "vlf": [
            0.0,
            0.04
        ]
    },
    "fft_interpolation": "cubic",
    "fft_log": [
        7.049004839030983,
        7.357056316229832,
        7.510959342696793
    ],
    "fft_nfft": 4096.0,
    "fft_norm": [
        46.1600009113345,
        53.83999908866551
    ],
    "fft_peak": [
        0.02734375,
        0.0517578125,
        0.3642578125
    ],
    "fft_ratio": 0.8573551577390756,
    "fft_rel": [
        25.32963912030261,
        34.46783926256507,
        40.20252161713231
    ],
    "fft_resampling_frequency": 4.0,
    "fft_total": 4546.894758210241,
    "fft_window": "hamming",
    "hr_max": 147.42014742014743,
    "hr_mean": 80.18383318709563,
    "hr_min": 55.35055350553505,
    "hr_std": 10.44607495975921,
    "lomb_abs": [
        337.2157471314101,
        690.8246697536682,
        1542.0602568302124
    ],
    "lomb_bands": {
        "hf": [
            0.15,
            0.4
        ],
        "lf": [
            0.04,
            0.15
        ],
        "ulf": null,
        "vlf": [
            0.0,
            0.04
        ]
    },
    "lomb_log": [
        5.8207229247152705,
        6.537886057495999,
        7.340874630422181
    ],
    "lomb_ma": "n/a",
    "lomb_nfft": 256.0,
    "lomb_norm": [
        30.938659736960552,
        69.06134026303944
    ],
    "lomb_peak": [
        0.004823529411764706,
        0.04019607843137255,
        0.21705882352941178
    ],
    "lomb_ratio": 0.44798811634877056,
    "lomb_rel": [
        13.120721323493417,
        26.879284411650094,
        59.9999942648565
    ],
    "lomb_total": 2570.1006737152907,
    "nn20": 185.0,
    "nn50": 56.0,
    "nni_counter": 317.0,
    "nni_diff_max": 631.0,
    "nni_diff_mean": 50.085443037974684,
    "nni_diff_min": 0.0,
    "nni_max": 1084.0,
    "nni_mean": 757.9432176656152,
    "nni_min": 407.0,
    "pnn20": 58.54430379746836,
    "pnn50": 17.72151898734177,
    "rmssd": 107.0657700384397,
    "sampen": 1.1678090129740322,
    "sd1": 75.70690024715611,
    "sd2": 80.91096029113197,
    "sd_ratio": 1.068739573631815,
    "sdann": "n/a",
    "sdnn": 78.39523723581321,
    "sdnn_index": "n/a",
    "sdsd": 94.77844998243502,
    "tinn": 187.5,
    "tinn_m": 851.5625,
    "tinn_n": 664.0625,
    "tri_index": 12.192307692307692
}