{
    "Comment": "None",
    "Name": "C:\\Users\\Juan Pablo Botero T\\OneDrive - Universidad de los Andes\\Documentos\\JPB\\Personal\\Bienestar y Tecnolog\u00eda\\Codigo\\HRV-Bienestar-Tecnologia\\HRV_Reports\\Experiencia_Mindfullness\\JuanMoncaleano-07-03\\HRV_video.json",
    "ar_abs": [
        2502.913298703771,
        5230.382486157447,
        10066.786326645517
    ],
    "ar_bands": {
        "hf": [
            0.15,
            0.4
        ],
        "lf": [
            0.04,
            0.15
        ],
        "ulf": null,
        "vlf": [
            0.0,
            0.04
        ]
    },
    "ar_interpolation": "cubic",
    "ar_log": [
        7.825210651880083,
        8.562239687493372,
        9.21699680137707
    ],
    "ar_nfft": 4096.0,
    "ar_norm": [
        34.19183347038622,
        65.80816652961377
    ],
    "ar_order": 16.0,
    "ar_peak": [
        0.0,
        0.0400390625,
        0.150390625
    ],
    "ar_ratio": 0.5195682431754096,
    "ar_rel": [
        14.061245802263917,
        29.38403572181447,
        56.55471847592162
    ],
    "ar_resampling_frequency": 4.0,
    "ar_total": 17800.082111506734,
    "dfa_alpha1": 0.9599094133917047,
    "dfa_alpha1_beats": [
        4,
        5,
        6,
        7,
        8,
        9,
        10,
        11,
        12,
        13,
        14,
        15,
        16
    ],
    "dfa_alpha2": 0.7062071932483319,
    "dfa_alpha2_beats": [
        17,
        18,
        19,
        20,
        21,
        22,
        23,
        24,
        25,
        26,
        27,
        28,
        29,
        30,
        31,
        32,
        33,
        34,
        35,
        36,
        37,
        38,
        39,
        40,
        41,
        42,
        43,
        44,
        45,
        46,
        47,
        48,
        49,
        50,
        51,
        52,
        53,
        54,
        55,
        56,
        57,
        58,
        59,
        60,
        61,
        62,
        63,
        64
    ],
    "ellipse_area": 13109.76698259402,
    "fft_abs": [
        1343.0468909533104,
        1446.2742816223574,
        2066.237548894703
    ],
    "fft_bands": {
        "hf": [
            0.15,
            0.4
        ],
        "lf": [
            0.04,
            0.15
        ],
        "ulf": null,
        "vlf": [
            0.0,
            0.04
        ]
    },
    "fft_interpolation": "cubic",
    "fft_log": [
        7.202696110994369,
        7.2767460677341775,
        7.633484623173801
    ],
    "fft_nfft": 4096.0,
    "fft_norm": [
        41.17492983388637,
        58.825070166113626
    ],
    "fft_peak": [
        0.0048828125,
        0.1162109375,
        0.1826171875
    ],
    "fft_ratio": 0.6999554733655944,
    "fft_rel": [
        27.65998658433701,
        29.785949765723224,
        42.55406364993976
    ],
    "fft_resampling_frequency": 4.0,
    "fft_total": 4855.558721470371,
    "fft_window": "hamming",
    "hr_max": 85.83690987124463,
    "hr_mean": 68.5964632124239,
    "hr_min": 56.98005698005698,
    "hr_std": 5.8349801946736175,
    "lomb_abs": [
        488.59096669731605,
        777.6124597904436,
        1870.5624687037025
    ],
    "lomb_bands": {
        "hf": [
            0.15,
            0.4
        ],
        "lf": [
            0.04,
            0.15
        ],
        "ulf": null,
        "vlf": [
            0.0,
            0.04
        ]
    },
    "lomb_log": [
        6.1915256705178905,
        6.656228276410916,
        7.533994450024821
    ],
    "lomb_ma": "n/a",
    "lomb_nfft": 256.0,
    "lomb_norm": [
        29.36408963861854,
        70.63591036138146
    ],
    "lomb_peak": [
        0.00803921568627451,
        0.11094117647058824,
        0.36498039215686273
    ],
    "lomb_ratio": 0.41571050034449164,
    "lomb_rel": [
        15.57626495003362,
        24.790261236341948,
        59.63347381362443
    ],
    "lomb_total": 3136.7658951914623,
    "nn20": 199.0,
    "nn50": 124.0,
    "nni_counter": 273.0,
    "nni_diff_max": 169.0,
    "nni_diff_mean": 50.29044117647059,
    "nni_diff_min": 0.0,
    "nni_max": 1053.0,
    "nni_mean": 880.8351648351648,
    "nni_min": 699.0,
    "pnn20": 73.16176470588235,
    "pnn50": 45.588235294117645,
    "rmssd": 63.599013819583156,
    "sampen": 2.2053217875688387,
    "sd1": 44.97015715262453,
    "sd2": 92.79417063104434,
    "sd_ratio": 2.0634611152482645,
    "sdann": "n/a",
    "sdnn": 73.01056486850094,
    "sdnn_index": "n/a",
    "sdsd": 39.003834381809334,
    "tinn": 195.3125,
    "tinn_m": 953.125,
    "tinn_n": 757.8125,
    "tri_index": 11.869565217391305
}