{
    "Comment": "None",
    "Name": "C:\\Users\\Juan Pablo Botero T\\OneDrive - Universidad de los Andes\\Documentos\\JPB\\Personal\\Bienestar y Tecnolog\u00eda\\Codigo\\HRV-Bienestar-Tecnologia\\HRV_Reports\\Experiencia_Mindfullness\\JuanMoncaleano-07-03\\HRV_final.json",
    "ar_abs": [
        2485.756428536188,
        5150.028457548078,
        9663.31936372844
    ],
    "ar_bands": {
        "hf": [
            0.15,
            0.4
        ],
        "lf": [
            0.04,
            0.15
        ],
        "ulf": null,
        "vlf": [
            0.0,
            0.04
        ]
    },
    "ar_interpolation": "cubic",
    "ar_log": [
        7.818332290012401,
        8.546757519380005,
        9.176092487616513
    ],
    "ar_nfft": 4096.0,
    "ar_norm": [
        34.76613470285937,
        65.23386529714062
    ],
    "ar_order": 16.0,
    "ar_peak": [
        0.0,
        0.0400390625,
        0.150390625
    ],
    "ar_ratio": 0.5329461092716096,
    "ar_rel": [
        14.36927827383375,
        29.770492062349625,
        55.86022966381663
    ],
    "ar_resampling_frequency": 4.0,
    "ar_total": 17299.104249812706,
    "dfa_alpha1": 1.1382124282870774,
    "dfa_alpha1_beats": [
        4,
        5,
        6,
        7,
        8,
        9,
        10,
        11,
        12,
        13,
        14,
        15,
        16
    ],
    "dfa_alpha2": 0.8414099982676502,
    "dfa_alpha2_beats": [
        17,
        18,
        19,
        20,
        21,
        22,
        23,
        24,
        25,
        26,
        27,
        28,
        29,
        30,
        31,
        32,
        33,
        34,
        35,
        36,
        37,
        38,
        39,
        40,
        41,
        42,
        43,
        44,
        45,
        46,
        47,
        48,
        49,
        50,
        51,
        52,
        53,
        54,
        55,
        56,
        57,
        58,
        59,
        60,
        61,
        62,
        63,
        64
    ],
    "ellipse_area": 19584.421267285634,
    "fft_abs": [
        2315.2955029526693,
        1915.7746069367317,
        1229.6287775551932
    ],
    "fft_bands": {
        "hf": [
            0.15,
            0.4
        ],
        "lf": [
            0.04,
            0.15
        ],
        "ulf": null,
        "vlf": [
            0.0,
            0.04
        ]
    },
    "fft_interpolation": "cubic",
    "fft_log": [
        7.747292605437929,
        7.557877314312839,
        7.114467595947909
    ],
    "fft_nfft": 4096.0,
    "fft_norm": [
        60.90711977936609,
        39.09288022063391
    ],
    "fft_peak": [
        0.0068359375,
        0.0615234375,
        0.2080078125
    ],
    "fft_ratio": 1.5580105491234244,
    "fft_rel": [
        42.399252379142666,
        35.08295634724594,
        22.517791273611394
    ],
    "fft_resampling_frequency": 4.0,
    "fft_total": 5460.698887444594,
    "fft_window": "hamming",
    "hr_max": 150.37593984962405,
    "hr_mean": 74.30585167010304,
    "hr_min": 52.35602094240838,
    "hr_std": 9.673520872317944,
    "lomb_abs": [
        419.61228464641704,
        745.7878705860082,
        1799.3906222215828
    ],
    "lomb_bands": {
        "hf": [
            0.15,
            0.4
        ],
        "lf": [
            0.04,
            0.15
        ],
        "ulf": null,
        "vlf": [
            0.0,
            0.04
        ]
    },
    "lomb_log": [
        6.03933115313461,
        6.614441203984159,
        7.4952033433553344
    ],
    "lomb_ma": "n/a",
    "lomb_nfft": 256.0,
    "lomb_norm": [
        29.30198698022661,
        70.69801301977338
    ],
    "lomb_peak": [
        0.00803921568627451,
        0.14470588235294118,
        0.1768627450980392
    ],
    "lomb_ratio": 0.4144669097281588,
    "lomb_rel": [
        14.153183686261867,
        25.154822939190602,
        60.69199337454753
    ],
    "lomb_total": 2964.790777454008,
    "nn20": 191.0,
    "nn50": 82.0,
    "nni_counter": 294.0,
    "nni_diff_max": 700.0,
    "nni_diff_mean": 46.406143344709896,
    "nni_diff_min": 0.0,
    "nni_max": 1146.0,
    "nni_mean": 817.5986394557823,
    "nni_min": 399.0,
    "pnn20": 65.18771331058021,
    "pnn50": 27.986348122866893,
    "rmssd": 89.39140073629717,
    "sampen": 1.2375637487619715,
    "sd1": 63.20924126903907,
    "sd2": 98.62347307779778,
    "sd_ratio": 1.560269845006116,
    "sdann": "n/a",
    "sdnn": 83.00525579510118,
    "sdnn_index": "n/a",
    "sdsd": 76.53288909230461,
    "tinn": 242.1875,
    "tinn_m": 937.5,
    "tinn_n": 695.3125,
    "tri_index": 14.7
}