{
    "Comment": "None",
    "Name": "D:\\Users\\jp.botero\\Documents\\Bienestar & Tecnolog\u00eda\\HRV-Bienestar-Tecnologia\\HRV_Reports\\WendyPantoja-9-12\\HRV_olfative.json",
    "ar_abs": [
        2004.3301834417077,
        3991.729472053549,
        6670.185550096949
    ],
    "ar_bands": {
        "hf": [
            0.15,
            0.4
        ],
        "lf": [
            0.04,
            0.15
        ],
        "ulf": null,
        "vlf": [
            0.0,
            0.04
        ]
    },
    "ar_interpolation": "cubic",
    "ar_log": [
        7.603065210829416,
        8.291979867613376,
        8.80540295712798
    ],
    "ar_nfft": 4096.0,
    "ar_norm": [
        37.43914169040546,
        62.56085830959455
    ],
    "ar_order": 16.0,
    "ar_peak": [
        0.0,
        0.0400390625,
        0.150390625
    ],
    "ar_ratio": 0.5984435428479993,
    "ar_rel": [
        15.82418586493799,
        31.514702323078208,
        52.661111811983794
    ],
    "ar_resampling_frequency": 4.0,
    "ar_total": 12666.245205592206,
    "dfa_alpha1": 1.4767271032388807,
    "dfa_alpha1_beats": [
        4,
        5,
        6,
        7,
        8,
        9,
        10,
        11,
        12,
        13,
        14,
        15,
        16
    ],
    "dfa_alpha2": 0.7131845064735381,
    "dfa_alpha2_beats": [
        17,
        18,
        19,
        20,
        21,
        22,
        23,
        24,
        25,
        26,
        27,
        28,
        29,
        30,
        31,
        32,
        33,
        34,
        35,
        36,
        37,
        38,
        39,
        40,
        41,
        42,
        43,
        44,
        45,
        46,
        47,
        48,
        49,
        50,
        51,
        52,
        53,
        54,
        55,
        56,
        57,
        58,
        59,
        60,
        61,
        62,
        63,
        64
    ],
    "ellipse_area": 62.340743667746345,
    "fft_abs": [
        0.5782141709483272,
        8.909137486038425,
        6.286509292996975
    ],
    "fft_bands": {
        "hf": [
            0.15,
            0.4
        ],
        "lf": [
            0.04,
            0.15
        ],
        "ulf": null,
        "vlf": [
            0.0,
            0.04
        ]
    },
    "fft_interpolation": "cubic",
    "fft_log": [
        -0.5478109409691165,
        2.1870774338832564,
        1.8384059552965624
    ],
    "fft_nfft": 4096.0,
    "fft_norm": [
        58.629537890613996,
        41.370462109386004
    ],
    "fft_peak": [
        0.0390625,
        0.0634765625,
        0.2421875
    ],
    "fft_ratio": 1.4171835387188558,
    "fft_rel": [
        3.6656476989479465,
        56.4803855840229,
        39.85396671702917
    ],
    "fft_resampling_frequency": 4.0,
    "fft_total": 15.773860949983726,
    "fft_window": "hamming",
    "hr_max": 731.7073170731708,
    "hr_mean": 624.1014198187073,
    "hr_min": 500.0,
    "hr_std": 42.0172855877913,
    "lomb_abs": [
        263.87629618258273,
        706.4441910473073,
        1558.4647561309655
    ],
    "lomb_bands": {
        "hf": [
            0.15,
            0.4
        ],
        "lf": [
            0.04,
            0.15
        ],
        "ulf": null,
        "vlf": [
            0.0,
            0.04
        ]
    },
    "lomb_log": [
        5.57548041826474,
        6.560244205440813,
        7.3514564849837525
    ],
    "lomb_ma": "n/a",
    "lomb_nfft": 256.0,
    "lomb_norm": [
        31.190842878139883,
        68.80915712186012
    ],
    "lomb_peak": [
        0.036980392156862746,
        0.09968627450980393,
        0.2524313725490196
    ],
    "lomb_ratio": 0.453294941876723,
    "lomb_rel": [
        10.434903354303062,
        27.936108568413466,
        61.62898807728347
    ],
    "lomb_total": 2528.7852433608555,
    "nn20": 0.0,
    "nn50": 0.0,
    "nni_counter": 324.0,
    "nni_diff_max": 10.0,
    "nni_diff_mean": 2.473684210526316,
    "nni_diff_min": 0.0,
    "nni_max": 120.0,
    "nni_mean": 96.57407407407408,
    "nni_min": 82.0,
    "pnn20": 0.0,
    "pnn50": 0.0,
    "rmssd": 3.1381996771432967,
    "sampen": 1.0731914993748364,
    "sd1": 2.2188597677677158,
    "sd2": 8.94318573429133,
    "sd_ratio": 4.030532196853803,
    "sdann": "n/a",
    "sdnn": 6.525781739637137,
    "sdnn_index": "n/a",
    "sdsd": 1.9341057251008618,
    "tinn": 31.25,
    "tinn_m": 109.375,
    "tinn_n": 78.125,
    "tri_index": 2.347826086956522
}