{
    "Comment": "None",
    "Name": "D:\\Users\\jp.botero\\Documents\\Bienestar & Tecnolog\u00eda\\HRV-Bienestar-Tecnologia\\HRV_Reports\\WendyPantoja-9-12\\HRV_final.json",
    "ar_abs": [
        2066.089738341294,
        4088.0190454097838,
        6919.732977986361
    ],
    "ar_bands": {
        "hf": [
            0.15,
            0.4
        ],
        "lf": [
            0.04,
            0.15
        ],
        "ulf": null,
        "vlf": [
            0.0,
            0.04
        ]
    },
    "ar_interpolation": "cubic",
    "ar_log": [
        7.633413084525868,
        8.315815790730268,
        8.842132460871028
    ],
    "ar_nfft": 4096.0,
    "ar_norm": [
        37.13763751873233,
        62.86236248126768
    ],
    "ar_order": 16.0,
    "ar_peak": [
        0.0,
        0.0400390625,
        0.150390625
    ],
    "ar_ratio": 0.590776993623155,
    "ar_rel": [
        15.803233479450665,
        31.268689952894984,
        52.92807656765434
    ],
    "ar_resampling_frequency": 4.0,
    "ar_total": 13073.84176173744,
    "dfa_alpha1": 0.9192835368134538,
    "dfa_alpha1_beats": [
        4,
        5,
        6,
        7,
        8,
        9,
        10,
        11,
        12,
        13,
        14,
        15,
        16
    ],
    "dfa_alpha2": 1.0156645885095428,
    "dfa_alpha2_beats": [
        17,
        18,
        19,
        20,
        21,
        22,
        23,
        24,
        25,
        26,
        27,
        28,
        29,
        30,
        31,
        32,
        33,
        34,
        35,
        36,
        37,
        38,
        39,
        40,
        41,
        42,
        43,
        44,
        45,
        46,
        47,
        48,
        49,
        50,
        51,
        52,
        53,
        54,
        55,
        56,
        57,
        58,
        59,
        60,
        61,
        62,
        63,
        64
    ],
    "ellipse_area": 105.3453459057436,
    "fft_abs": [
        2.509280941606425,
        6.0393101788352554,
        6.694426912204892
    ],
    "fft_bands": {
        "hf": [
            0.15,
            0.4
        ],
        "lf": [
            0.04,
            0.15
        ],
        "ulf": null,
        "vlf": [
            0.0,
            0.04
        ]
    },
    "fft_interpolation": "cubic",
    "fft_log": [
        0.9199962346535503,
        1.7982897966222917,
        1.901275376107365
    ],
    "fft_nfft": 4096.0,
    "fft_norm": [
        47.427633660543385,
        52.572366339456615
    ],
    "fft_peak": [
        0.0234375,
        0.0771484375,
        0.193359375
    ],
    "fft_ratio": 0.902139982710803,
    "fft_rel": [
        16.461838044357087,
        39.62017341907375,
        43.91798853656917
    ],
    "fft_resampling_frequency": 4.0,
    "fft_total": 15.243018032646571,
    "fft_window": "hamming",
    "hr_max": 645.1612903225806,
    "hr_mean": 548.9377869369313,
    "hr_min": 458.01526717557255,
    "hr_std": 34.716034686241066,
    "lomb_abs": [
        311.9995819780056,
        709.5889411953148,
        1654.3575220479727
    ],
    "lomb_bands": {
        "hf": [
            0.15,
            0.4
        ],
        "lf": [
            0.04,
            0.15
        ],
        "ulf": null,
        "vlf": [
            0.0,
            0.04
        ]
    },
    "lomb_log": [
        5.7430018479945,
        6.564685846312648,
        7.411168008239785
    ],
    "lomb_ma": "n/a",
    "lomb_nfft": 256.0,
    "lomb_norm": [
        30.017132461695976,
        69.98286753830402
    ],
    "lomb_peak": [
        0.030549019607843137,
        0.06752941176470588,
        0.31192156862745096
    ],
    "lomb_ratio": 0.42892115624251276,
    "lomb_rel": [
        11.659412286550948,
        26.517311231386724,
        61.823276482062326
    ],
    "lomb_total": 2675.946045221293,
    "nn20": 0.0,
    "nn50": 0.0,
    "nni_counter": 285.0,
    "nni_diff_max": 16.0,
    "nni_diff_mean": 4.299295774647887,
    "nni_diff_min": 0.0,
    "nni_max": 131.0,
    "nni_mean": 109.74035087719298,
    "nni_min": 93.0,
    "pnn20": 0.0,
    "pnn50": 0.0,
    "rmssd": 5.225546672662011,
    "sampen": 1.6197739217647624,
    "sd1": 3.694495166435398,
    "sd2": 9.076332098061132,
    "sd_ratio": 2.4567178164204644,
    "sdann": "n/a",
    "sdnn": 6.980552957664711,
    "sdnn_index": "n/a",
    "sdsd": 2.975494649114308,
    "tinn": 39.0625,
    "tinn_m": 125.0,
    "tinn_n": 85.9375,
    "tri_index": 2.52212389380531
}