{
    "Comment": "None",
    "Name": "D:\\Users\\jp.botero\\Documents\\Bienestar & Tecnolog\u00eda\\HRV-Bienestar-Tecnologia\\HRV_Reports\\WendyPantoja-9-12\\HRV_sound.json",
    "ar_abs": [
        2031.8063598344168,
        3980.2539692201926,
        7016.755486559833
    ],
    "ar_bands": {
        "hf": [
            0.15,
            0.4
        ],
        "lf": [
            0.04,
            0.15
        ],
        "ulf": null,
        "vlf": [
            0.0,
            0.04
        ]
    },
    "ar_interpolation": "cubic",
    "ar_log": [
        7.616680508800403,
        8.289100907604482,
        8.856056208779378
    ],
    "ar_nfft": 4096.0,
    "ar_norm": [
        36.193966961883184,
        63.80603303811681
    ],
    "ar_order": 16.0,
    "ar_peak": [
        0.0,
        0.0400390625,
        0.150390625
    ],
    "ar_ratio": 0.5672499172650559,
    "ar_rel": [
        15.59471243272462,
        30.54962189618215,
        53.855665671093234
    ],
    "ar_resampling_frequency": 4.0,
    "ar_total": 13028.815815614442,
    "dfa_alpha1": 1.4738152648609328,
    "dfa_alpha1_beats": [
        4,
        5,
        6,
        7,
        8,
        9,
        10,
        11,
        12,
        13,
        14,
        15,
        16
    ],
    "dfa_alpha2": 0.978036829069029,
    "dfa_alpha2_beats": [
        17,
        18,
        19,
        20,
        21,
        22,
        23,
        24,
        25,
        26,
        27,
        28,
        29,
        30,
        31,
        32,
        33,
        34,
        35,
        36,
        37,
        38,
        39,
        40,
        41,
        42,
        43,
        44,
        45,
        46,
        47,
        48,
        49,
        50,
        51,
        52,
        53,
        54,
        55,
        56,
        57,
        58,
        59,
        60,
        61,
        62,
        63,
        64
    ],
    "ellipse_area": 86.27555570285733,
    "fft_abs": [
        0.06615201949161255,
        5.290861476174636,
        25.25935349786546
    ],
    "fft_bands": {
        "hf": [
            0.15,
            0.4
        ],
        "lf": [
            0.04,
            0.15
        ],
        "ulf": null,
        "vlf": [
            0.0,
            0.04
        ]
    },
    "fft_interpolation": "cubic",
    "fft_log": [
        -2.7157998599134374,
        1.6659810825500907,
        3.2291965226860846
    ],
    "fft_nfft": 4096.0,
    "fft_norm": [
        17.318573635800995,
        82.68142636419901
    ],
    "fft_peak": [
        0.0390625,
        0.1494140625,
        0.3115234375
    ],
    "fft_ratio": 0.20946147638425267,
    "fft_rel": [
        0.21606750241002934,
        17.281153826293078,
        82.5027786712969
    ],
    "fft_resampling_frequency": 4.0,
    "fft_total": 30.61636699353171,
    "fft_window": "hamming",
    "hr_max": 759.493670886076,
    "hr_mean": 609.3025647474069,
    "hr_min": 517.2413793103449,
    "hr_std": 49.142582523686805,
    "lomb_abs": [
        356.7509095381035,
        662.5865100592948,
        1540.7235367050125
    ],
    "lomb_bands": {
        "hf": [
            0.15,
            0.4
        ],
        "lf": [
            0.04,
            0.15
        ],
        "ulf": null,
        "vlf": [
            0.0,
            0.04
        ]
    },
    "lomb_log": [
        5.877037805864848,
        6.496151130556969,
        7.3400074141018035
    ],
    "lomb_ma": "n/a",
    "lomb_nfft": 256.0,
    "lomb_norm": [
        30.072322823215135,
        69.92767717678488
    ],
    "lomb_peak": [
        0.00803921568627451,
        0.14952941176470588,
        0.37945098039215686
    ],
    "lomb_ratio": 0.4300489310861705,
    "lomb_rel": [
        13.935250590805143,
        25.881669279324214,
        60.18308012987064
    ],
    "lomb_total": 2560.060956302411,
    "nn20": 0.0,
    "nn50": 0.0,
    "nni_counter": 316.0,
    "nni_diff_max": 17.0,
    "nni_diff_mean": 2.7206349206349207,
    "nni_diff_min": 0.0,
    "nni_max": 116.0,
    "nni_mean": 99.09177215189874,
    "nni_min": 79.0,
    "pnn20": 0.0,
    "pnn50": 0.0,
    "rmssd": 3.662335103823572,
    "sampen": 1.2306544777411645,
    "sd1": 2.589443071299528,
    "sd2": 10.605509200261219,
    "sd_ratio": 4.095671890920845,
    "sdann": "n/a",
    "sdnn": 7.732499669267502,
    "sdnn_index": "n/a",
    "sdsd": 2.4556031553853424,
    "tinn": 31.25,
    "tinn_m": 109.375,
    "tinn_n": 78.125,
    "tri_index": 2.925925925925926
}