{
    "Comment": "None",
    "Name": "D:\\Users\\jp.botero\\Documents\\Bienestar & Tecnolog\u00eda\\HRV-Bienestar-Tecnologia\\HRV_Reports\\WendyPantoja-9-12\\HRV_baseline.json",
    "ar_abs": [
        2031.6599749447716,
        4004.713883053193,
        6708.673035982849
    ],
    "ar_bands": {
        "hf": [
            0.15,
            0.4
        ],
        "lf": [
            0.04,
            0.15
        ],
        "ulf": null,
        "vlf": [
            0.0,
            0.04
        ]
    },
    "ar_interpolation": "cubic",
    "ar_log": [
        7.6166084595313075,
        8.295227417013725,
        8.811156451240825
    ],
    "ar_nfft": 4096.0,
    "ar_norm": [
        37.38046533106568,
        62.619534668934314
    ],
    "ar_order": 16.0,
    "ar_peak": [
        0.0,
        0.0400390625,
        0.150390625
    ],
    "ar_ratio": 0.5969457538880467,
    "ar_rel": [
        15.940780695787609,
        31.42172732957558,
        52.637491974636816
    ],
    "ar_resampling_frequency": 4.0,
    "ar_total": 12745.046893980812,
    "dfa_alpha1": 1.0914000448905419,
    "dfa_alpha1_beats": [
        4,
        5,
        6,
        7,
        8,
        9,
        10,
        11,
        12,
        13,
        14,
        15,
        16
    ],
    "dfa_alpha2": 0.9340354167087437,
    "dfa_alpha2_beats": [
        17,
        18,
        19,
        20,
        21,
        22,
        23,
        24,
        25,
        26,
        27,
        28,
        29,
        30,
        31,
        32,
        33,
        34,
        35,
        36,
        37,
        38,
        39,
        40,
        41,
        42,
        43,
        44,
        45,
        46,
        47,
        48,
        49,
        50,
        51,
        52,
        53,
        54,
        55,
        56,
        57,
        58,
        59,
        60,
        61,
        62,
        63,
        64
    ],
    "ellipse_area": 98.8353467526989,
    "fft_abs": [
        10.598788510826994,
        16.361062015556133,
        10.093251750314938
    ],
    "fft_bands": {
        "hf": [
            0.15,
            0.4
        ],
        "lf": [
            0.04,
            0.15
        ],
        "ulf": null,
        "vlf": [
            0.0,
            0.04
        ]
    },
    "fft_interpolation": "cubic",
    "fft_log": [
        2.3607397031548425,
        2.794904244443981,
        2.3118670570066757
    ],
    "fft_nfft": 4096.0,
    "fft_norm": [
        61.846480541346246,
        38.153519458653754
    ],
    "fft_peak": [
        0.029296875,
        0.0400390625,
        0.310546875
    ],
    "fft_ratio": 1.6209901843621033,
    "fft_rel": [
        28.604321526654875,
        44.155714394379515,
        27.239964078965595
    ],
    "fft_resampling_frequency": 4.0,
    "fft_total": 37.05310227669807,
    "fft_window": "hamming",
    "hr_max": 789.4736842105264,
    "hr_mean": 622.3838273734177,
    "hr_min": 512.8205128205128,
    "hr_std": 51.35541228191818,
    "lomb_abs": [
        175.95606504397168,
        830.2503238465786,
        1600.569477815198
    ],
    "lomb_bands": {
        "hf": [
            0.15,
            0.4
        ],
        "lf": [
            0.04,
            0.15
        ],
        "ulf": null,
        "vlf": [
            0.0,
            0.04
        ]
    },
    "lomb_log": [
        5.17023433344331,
        6.721727250315893,
        7.37811476853658
    ],
    "lomb_ma": "n/a",
    "lomb_nfft": 256.0,
    "lomb_norm": [
        34.155157172859795,
        65.84484282714021
    ],
    "lomb_peak": [
        0.030549019607843137,
        0.09968627450980393,
        0.1720392156862745
    ],
    "lomb_ratio": 0.5187218270461355,
    "lomb_rel": [
        6.749949901382661,
        31.849701174953253,
        61.40034892366408
    ],
    "lomb_total": 2606.7758667057483,
    "nn20": 0.0,
    "nn50": 0.0,
    "nni_counter": 322.0,
    "nni_diff_max": 14.0,
    "nni_diff_mean": 2.965732087227414,
    "nni_diff_min": 0.0,
    "nni_max": 117.0,
    "nni_mean": 97.06521739130434,
    "nni_min": 76.0,
    "pnn20": 0.0,
    "pnn50": 0.0,
    "rmssd": 4.020198225146417,
    "sampen": 1.1019792952160141,
    "sd1": 2.84243288311691,
    "sd2": 11.06807768888772,
    "sd_ratio": 3.893874769964969,
    "sdann": "n/a",
    "sdnn": 8.095926138870817,
    "sdnn_index": "n/a",
    "sdsd": 2.7183537371906628,
    "tinn": 39.0625,
    "tinn_m": 109.375,
    "tinn_n": 70.3125,
    "tri_index": 2.6611570247933884
}