{
    "Comment": "None",
    "Name": "C:\\Users\\Juan Pablo Botero T\\OneDrive - Universidad de los Andes\\Documentos\\JPB\\Personal\\Bienestar y Tecnolog\u00eda\\Codigo\\HRV-Bienestar-Tecnologia\\HRV_Reports\\WendyPantoja-9-12\\HRV_sound.json",
    "ar_abs": [
        2463.1208464604,
        5084.692370517569,
        9164.986029552547
    ],
    "ar_bands": {
        "hf": [
            0.15,
            0.4
        ],
        "lf": [
            0.04,
            0.15
        ],
        "ulf": null,
        "vlf": [
            0.0,
            0.04
        ]
    },
    "ar_interpolation": "cubic",
    "ar_log": [
        7.80918446165925,
        8.53398980921261,
        9.123145635946681
    ],
    "ar_nfft": 4096.0,
    "ar_norm": [
        35.682857028496514,
        64.31714297150349
    ],
    "ar_order": 16.0,
    "ar_peak": [
        0.0,
        0.0400390625,
        0.150390625
    ],
    "ar_ratio": 0.5547954305791576,
    "ar_rel": [
        14.73793115160963,
        30.423942126709402,
        54.83812672168098
    ],
    "ar_resampling_frequency": 4.0,
    "ar_total": 16712.799246530514,
    "dfa_alpha1": 1.4768123243769473,
    "dfa_alpha1_beats": [
        4,
        5,
        6,
        7,
        8,
        9,
        10,
        11,
        12,
        13,
        14,
        15,
        16
    ],
    "dfa_alpha2": 0.9416598975887442,
    "dfa_alpha2_beats": [
        17,
        18,
        19,
        20,
        21,
        22,
        23,
        24,
        25,
        26,
        27,
        28,
        29,
        30,
        31,
        32,
        33,
        34,
        35,
        36,
        37,
        38,
        39,
        40,
        41,
        42,
        43,
        44,
        45,
        46,
        47,
        48,
        49,
        50,
        51,
        52,
        53,
        54,
        55,
        56,
        57,
        58,
        59,
        60,
        61,
        62,
        63,
        64
    ],
    "ellipse_area": 5112.79192279539,
    "fft_abs": [
        1477.2718020707518,
        1152.097136871773,
        268.73156543448
    ],
    "fft_bands": {
        "hf": [
            0.15,
            0.4
        ],
        "lf": [
            0.04,
            0.15
        ],
        "ulf": null,
        "vlf": [
            0.0,
            0.04
        ]
    },
    "fft_interpolation": "cubic",
    "fft_log": [
        7.297952288668749,
        7.04933915790228,
        5.593712983357047
    ],
    "fft_nfft": 4096.0,
    "fft_norm": [
        81.08627978881046,
        18.913720211189553
    ],
    "fft_peak": [
        0.025390625,
        0.041015625,
        0.19921875
    ],
    "fft_ratio": 4.287167140224427,
    "fft_rel": [
        50.9737947265675,
        39.75352597785202,
        9.27267929558048
    ],
    "fft_resampling_frequency": 4.0,
    "fft_total": 2898.1005043770047,
    "fft_window": "hamming",
    "hr_max": 98.84678747940691,
    "hr_mean": 79.2591233290335,
    "hr_min": 67.26457399103138,
    "hr_std": 6.396564144172896,
    "lomb_abs": [
        349.7781696597444,
        681.8589836761452,
        1727.4960181292706
    ],
    "lomb_bands": {
        "hf": [
            0.15,
            0.4
        ],
        "lf": [
            0.04,
            0.15
        ],
        "ulf": null,
        "vlf": [
            0.0,
            0.04
        ]
    },
    "lomb_log": [
        5.857299152574557,
        6.524822867660539,
        7.454428250648877
    ],
    "lomb_ma": "n/a",
    "lomb_nfft": 256.0,
    "lomb_norm": [
        28.300478060111686,
        71.69952193988831
    ],
    "lomb_peak": [
        0.00803921568627451,
        0.04501960784313726,
        0.36498039215686273
    ],
    "lomb_ratio": 0.39470943870223196,
    "lomb_rel": [
        12.67710356561023,
        24.712797146868525,
        62.61009928752125
    ],
    "lomb_total": 2759.13317146516,
    "nn20": 138.0,
    "nn50": 20.0,
    "nni_counter": 316.0,
    "nni_diff_max": 131.0,
    "nni_diff_mean": 20.98095238095238,
    "nni_diff_min": 0.0,
    "nni_max": 892.0,
    "nni_mean": 761.7721518987341,
    "nni_min": 607.0,
    "pnn20": 43.80952380952381,
    "pnn50": 6.349206349206349,
    "rmssd": 28.212965611070178,
    "sampen": 1.2406326966175436,
    "sd1": 19.94790898350779,
    "sd2": 81.5851032993946,
    "sd_ratio": 4.089907537017851,
    "sdann": "n/a",
    "sdnn": 59.488336723666116,
    "sdnn_index": "n/a",
    "sdsd": 18.891905532038933,
    "tinn": 257.8125,
    "tinn_m": 890.625,
    "tinn_n": 632.8125,
    "tri_index": 16.63157894736842
}