{
    "Comment": "None",
    "Name": "C:\\Users\\Juan Pablo Botero T\\OneDrive - Universidad de los Andes\\Documentos\\JPB\\Personal\\Bienestar y Tecnolog\u00eda\\Codigo\\HRV-Bienestar-Tecnologia\\HRV_Reports\\WendyPantoja-9-12\\HRV_baseline.json",
    "ar_abs": [
        2447.9446037223374,
        4991.447895773557,
        9102.846106950656
    ],
    "ar_bands": {
        "hf": [
            0.15,
            0.4
        ],
        "lf": [
            0.04,
            0.15
        ],
        "ulf": null,
        "vlf": [
            0.0,
            0.04
        ]
    },
    "ar_interpolation": "cubic",
    "ar_log": [
        7.803004014177781,
        8.515481306131104,
        9.116342402611606
    ],
    "ar_nfft": 4096.0,
    "ar_norm": [
        35.41467131882438,
        64.58532868117561
    ],
    "ar_order": 16.0,
    "ar_peak": [
        0.0,
        0.0400390625,
        0.150390625
    ],
    "ar_ratio": 0.548339259735726,
    "ar_rel": [
        14.79814589766809,
        30.173956587885137,
        55.02789751444678
    ],
    "ar_resampling_frequency": 4.0,
    "ar_total": 16542.23860644655,
    "dfa_alpha1": 1.0965905673431564,
    "dfa_alpha1_beats": [
        4,
        5,
        6,
        7,
        8,
        9,
        10,
        11,
        12,
        13,
        14,
        15,
        16
    ],
    "dfa_alpha2": 0.9343507430774295,
    "dfa_alpha2_beats": [
        17,
        18,
        19,
        20,
        21,
        22,
        23,
        24,
        25,
        26,
        27,
        28,
        29,
        30,
        31,
        32,
        33,
        34,
        35,
        36,
        37,
        38,
        39,
        40,
        41,
        42,
        43,
        44,
        45,
        46,
        47,
        48,
        49,
        50,
        51,
        52,
        53,
        54,
        55,
        56,
        57,
        58,
        59,
        60,
        61,
        62,
        63,
        64
    ],
    "ellipse_area": 5794.068142165459,
    "fft_abs": [
        1977.0088191027778,
        993.2175878006528,
        217.8077471546926
    ],
    "fft_bands": {
        "hf": [
            0.15,
            0.4
        ],
        "lf": [
            0.04,
            0.15
        ],
        "ulf": null,
        "vlf": [
            0.0,
            0.04
        ]
    },
    "fft_interpolation": "cubic",
    "fft_log": [
        7.589340284011845,
        6.900949761693748,
        5.383612779906172
    ],
    "fft_nfft": 4096.0,
    "fft_norm": [
        82.0146002839219,
        17.985399716078106
    ],
    "fft_peak": [
        0.00390625,
        0.0400390625,
        0.3642578125
    ],
    "fft_ratio": 4.5600654741414886,
    "fft_rel": [
        62.0134140214965,
        31.15454665177796,
        6.832039326725531
    ],
    "fft_resampling_frequency": 4.0,
    "fft_total": 3188.0341540581235,
    "fft_window": "hamming",
    "hr_max": 102.73972602739725,
    "hr_mean": 80.96597917191161,
    "hr_min": 66.74082313681869,
    "hr_std": 6.683520850478673,
    "lomb_abs": [
        229.06259951848304,
        587.0773796968301,
        1398.646121598599
    ],
    "lomb_bands": {
        "hf": [
            0.15,
            0.4
        ],
        "lf": [
            0.04,
            0.15
        ],
        "ulf": null,
        "vlf": [
            0.0,
            0.04
        ]
    },
    "lomb_log": [
        5.433995326540829,
        6.375156633451764,
        7.243259991702013
    ],
    "lomb_ma": "n/a",
    "lomb_nfft": 256.0,
    "lomb_norm": [
        29.56491068942064,
        70.43508931057936
    ],
    "lomb_peak": [
        0.00803921568627451,
        0.07878431372549019,
        0.3135294117647059
    ],
    "lomb_ratio": 0.4197469042604023,
    "lomb_rel": [
        10.342425367140637,
        26.507181866505526,
        63.15039276635383
    ],
    "lomb_total": 2214.786100813912,
    "nn20": 140.0,
    "nn50": 37.0,
    "nni_counter": 322.0,
    "nni_diff_max": 107.0,
    "nni_diff_mean": 22.60747663551402,
    "nni_diff_min": 0.0,
    "nni_max": 899.0,
    "nni_mean": 746.139751552795,
    "nni_min": 584.0,
    "pnn20": 43.613707165109034,
    "pnn50": 11.526479750778815,
    "rmssd": 30.647783025226648,
    "sampen": 1.0723381992979295,
    "sd1": 21.6690920030831,
    "sd2": 85.11243436556569,
    "sd_ratio": 3.927826526070211,
    "sdann": "n/a",
    "sdnn": 62.22486383825086,
    "sdnn_index": "n/a",
    "sdsd": 20.72502578828875,
    "tinn": 156.25,
    "tinn_m": 789.0625,
    "tinn_n": 632.8125,
    "tri_index": 12.88
}