{
    "Comment": "None",
    "Name": "C:\\Users\\facartesvirtual1\\Documents\\HRV-Bienestar-Tecnologia\\HRV_Reports\\Experiencia_Mindfullness\\31-03-2022_CatalinaForigua\\HRV_olfative.json",
    "ar_abs": [
        2361.466807901537,
        4775.753076251687,
        8532.976316135491
    ],
    "ar_bands": {
        "hf": [
            0.15,
            0.4
        ],
        "lf": [
            0.04,
            0.15
        ],
        "ulf": null,
        "vlf": [
            0.0,
            0.04
        ]
    },
    "ar_interpolation": "cubic",
    "ar_log": [
        7.767038233722481,
        8.471306952783571,
        9.05169350297144
    ],
    "ar_nfft": 4096.0,
    "ar_norm": [
        35.88436533230212,
        64.11563466769788
    ],
    "ar_order": 16.0,
    "ar_peak": [
        0.0,
        0.0400390625,
        0.150390625
    ],
    "ar_ratio": 0.5596819795715293,
    "ar_rel": [
        15.0697973255627,
        30.476664205159704,
        54.453538469277596
    ],
    "ar_resampling_frequency": 4.0,
    "ar_total": 15670.196200288716,
    "dfa_alpha1": 0.93020022206028,
    "dfa_alpha1_beats": [
        4,
        5,
        6,
        7,
        8,
        9,
        10,
        11,
        12,
        13,
        14,
        15,
        16
    ],
    "dfa_alpha2": 0.7866599426968941,
    "dfa_alpha2_beats": [
        17,
        18,
        19,
        20,
        21,
        22,
        23,
        24,
        25,
        26,
        27,
        28,
        29,
        30,
        31,
        32,
        33,
        34,
        35,
        36,
        37,
        38,
        39,
        40,
        41,
        42,
        43,
        44,
        45,
        46,
        47,
        48,
        49,
        50,
        51,
        52,
        53,
        54,
        55,
        56,
        57,
        58,
        59,
        60,
        61,
        62,
        63,
        64
    ],
    "ellipse_area": 2185.4802961042847,
    "fft_abs": [
        72.54745213960507,
        153.55442967179798,
        136.4755668283666
    ],
    "fft_bands": {
        "hf": [
            0.15,
            0.4
        ],
        "lf": [
            0.04,
            0.15
        ],
        "ulf": null,
        "vlf": [
            0.0,
            0.04
        ]
    },
    "fft_interpolation": "cubic",
    "fft_log": [
        4.2842408600313036,
        5.034055094870581,
        4.916145601008649
    ],
    "fft_nfft": 4096.0,
    "fft_norm": [
        52.94432697471375,
        47.055673025286254
    ],
    "fft_peak": [
        0.021484375,
        0.095703125,
        0.2568359375
    ],
    "fft_ratio": 1.1251422744769397,
    "fft_rel": [
        20.008815333598672,
        42.35079436072661,
        37.64039030567473
    ],
    "fft_resampling_frequency": 4.0,
    "fft_total": 362.5774486397696,
    "fft_window": "hamming",
    "hr_max": 118.34319526627219,
    "hr_mean": 101.08320421950204,
    "hr_min": 89.68609865470852,
    "hr_std": 4.682780440334744,
    "lomb_abs": [
        160.00353059356038,
        441.1379179488312,
        1072.33458872506
    ],
    "lomb_bands": {
        "hf": [
            0.15,
            0.4
        ],
        "lf": [
            0.04,
            0.15
        ],
        "ulf": null,
        "vlf": [
            0.0,
            0.04
        ]
    },
    "lomb_log": [
        5.075195881200124,
        6.089357565667159,
        6.977593409280576
    ],
    "lomb_ma": "n/a",
    "lomb_nfft": 256.0,
    "lomb_norm": [
        29.147402149927753,
        70.85259785007224
    ],
    "lomb_peak": [
        0.038588235294117645,
        0.0836078431372549,
        0.2797647058823529
    ],
    "lomb_ratio": 0.41138085312842243,
    "lomb_rel": [
        9.561148593129747,
        26.360575719336065,
        64.07827568753419
    ],
    "lomb_total": 1673.4760372674516,
    "nn20": 131.0,
    "nn50": 59.0,
    "nni_counter": 405.0,
    "nni_diff_max": 108.0,
    "nni_diff_mean": 20.913366336633665,
    "nni_diff_min": 0.0,
    "nni_max": 669.0,
    "nni_mean": 594.8197530864197,
    "nni_min": 507.0,
    "pnn20": 32.42574257425743,
    "pnn50": 14.603960396039604,
    "rmssd": 31.636432500933772,
    "sampen": 1.8974720355848176,
    "sd1": 22.37029973293077,
    "sd2": 31.09748159904214,
    "sd_ratio": 1.3901236000545982,
    "sdann": "n/a",
    "sdnn": 27.103114521592644,
    "sdnn_index": "n/a",
    "sdsd": 23.767482416138332,
    "tinn": 93.75,
    "tinn_m": 640.625,
    "tinn_n": 546.875,
    "tri_index": 6.639344262295082
}