{
    "Comment": "None",
    "Name": "C:\\Users\\facartesvirtual1\\Documents\\HRV-Bienestar-Tecnologia\\HRV_Reports\\Experiencia_Mindfullness\\31-03-2022_CatalinaForigua\\HRV_baseline.json",
    "ar_abs": [
        2399.1007340396977,
        4884.254139594358,
        8996.41851397376
    ],
    "ar_bands": {
        "hf": [
            0.15,
            0.4
        ],
        "lf": [
            0.04,
            0.15
        ],
        "ulf": null,
        "vlf": [
            0.0,
            0.04
        ]
    },
    "ar_interpolation": "cubic",
    "ar_log": [
        7.782849251970518,
        8.493771869010795,
        9.104581834226268
    ],
    "ar_nfft": 4096.0,
    "ar_norm": [
        35.18744560508621,
        64.81255439491379
    ],
    "ar_order": 16.0,
    "ar_peak": [
        0.0,
        0.0400390625,
        0.150390625
    ],
    "ar_ratio": 0.5429109519535859,
    "ar_rel": [
        14.736696125425777,
        30.00197867196517,
        55.26132520260906
    ],
    "ar_resampling_frequency": 4.0,
    "ar_total": 16279.773387607816,
    "dfa_alpha1": 1.166360569254704,
    "dfa_alpha1_beats": [
        4,
        5,
        6,
        7,
        8,
        9,
        10,
        11,
        12,
        13,
        14,
        15,
        16
    ],
    "dfa_alpha2": 0.8718843194014949,
    "dfa_alpha2_beats": [
        17,
        18,
        19,
        20,
        21,
        22,
        23,
        24,
        25,
        26,
        27,
        28,
        29,
        30,
        31,
        32,
        33,
        34,
        35,
        36,
        37,
        38,
        39,
        40,
        41,
        42,
        43,
        44,
        45,
        46,
        47,
        48,
        49,
        50,
        51,
        52,
        53,
        54,
        55,
        56,
        57,
        58,
        59,
        60,
        61,
        62,
        63,
        64
    ],
    "ellipse_area": 3612.9369759770675,
    "fft_abs": [
        474.2438887693046,
        600.1651014566787,
        324.7059038959512
    ],
    "fft_bands": {
        "hf": [
            0.15,
            0.4
        ],
        "lf": [
            0.04,
            0.15
        ],
        "ulf": null,
        "vlf": [
            0.0,
            0.04
        ]
    },
    "fft_interpolation": "cubic",
    "fft_log": [
        6.161721722636798,
        6.3972047864585395,
        5.782919861561149
    ],
    "fft_nfft": 4096.0,
    "fft_norm": [
        64.89176306568838,
        35.10823693431162
    ],
    "fft_peak": [
        0.0087890625,
        0.1083984375,
        0.1572265625
    ],
    "fft_ratio": 1.8483344289575827,
    "fft_rel": [
        33.89599315694038,
        42.89605549752468,
        23.207951345534937
    ],
    "fft_resampling_frequency": 4.0,
    "fft_total": 1399.1148941219346,
    "fft_window": "hamming",
    "hr_max": 102.73972602739725,
    "hr_mean": 87.07771811158962,
    "hr_min": 67.26457399103138,
    "hr_std": 5.384852184758404,
    "lomb_abs": [
        234.5959593682933,
        723.2932428748898,
        1334.7641292697388
    ],
    "lomb_bands": {
        "hf": [
            0.15,
            0.4
        ],
        "lf": [
            0.04,
            0.15
        ],
        "ulf": null,
        "vlf": [
            0.0,
            0.04
        ]
    },
    "lomb_log": [
        5.457864712576988,
        6.58381473173347,
        7.19650987302926
    ],
    "lomb_ma": "n/a",
    "lomb_nfft": 256.0,
    "lomb_norm": [
        35.14446451612627,
        64.85553548387372
    ],
    "lomb_peak": [
        0.00803921568627451,
        0.12701960784313726,
        0.15756862745098038
    ],
    "lomb_ratio": 0.5418884333298722,
    "lomb_rel": [
        10.23250903848963,
        31.548304007984868,
        58.2191869535255
    ],
    "lomb_total": 2292.653331512922,
    "nn20": 152.0,
    "nn50": 26.0,
    "nni_counter": 347.0,
    "nni_diff_max": 123.0,
    "nni_diff_mean": 20.898843930635838,
    "nni_diff_min": 0.0,
    "nni_max": 892.0,
    "nni_mean": 691.7146974063401,
    "nni_min": 584.0,
    "pnn20": 43.93063583815029,
    "pnn50": 7.514450867052023,
    "rmssd": 27.93556789752493,
    "sampen": 1.333073664914981,
    "sd1": 19.752031338304796,
    "sd2": 58.223558778090215,
    "sd_ratio": 2.9477251114511045,
    "sdann": "n/a",
    "sdnn": 43.64414543510703,
    "sdnn_index": "n/a",
    "sdsd": 18.564221435336563,
    "tinn": 156.25,
    "tinn_m": 765.625,
    "tinn_n": 609.375,
    "tri_index": 10.205882352941176
}