{
    "Comment": "None",
    "Name": "C:\\Users\\facartesvirtual1\\Documents\\HRV-Bienestar-Tecnologia\\HRV_Reports\\Experiencia_Mindfullness\\31-03-2022_CatalinaForigua\\HRV_final.json",
    "ar_abs": [
        2415.580711303356,
        5013.999086763295,
        9415.465346035464
    ],
    "ar_bands": {
        "hf": [
            0.15,
            0.4
        ],
        "lf": [
            0.04,
            0.15
        ],
        "ulf": null,
        "vlf": [
            0.0,
            0.04
        ]
    },
    "ar_interpolation": "cubic",
    "ar_log": [
        7.789694997347782,
        8.519989096580865,
        9.150108865895898
    ],
    "ar_nfft": 4096.0,
    "ar_norm": [
        34.74833809747139,
        65.25166190252861
    ],
    "ar_order": 16.0,
    "ar_peak": [
        0.0,
        0.0400390625,
        0.150390625
    ],
    "ar_ratio": 0.5325280166714778,
    "ar_rel": [
        14.340007347199741,
        29.76542386126419,
        55.89456879153608
    ],
    "ar_resampling_frequency": 4.0,
    "ar_total": 16845.045144102114,
    "dfa_alpha1": 1.1704582115593174,
    "dfa_alpha1_beats": [
        4,
        5,
        6,
        7,
        8,
        9,
        10,
        11,
        12,
        13,
        14,
        15,
        16
    ],
    "dfa_alpha2": 1.0088785459896614,
    "dfa_alpha2_beats": [
        17,
        18,
        19,
        20,
        21,
        22,
        23,
        24,
        25,
        26,
        27,
        28,
        29,
        30,
        31,
        32,
        33,
        34,
        35,
        36,
        37,
        38,
        39,
        40,
        41,
        42,
        43,
        44,
        45,
        46,
        47,
        48,
        49,
        50,
        51,
        52,
        53,
        54,
        55,
        56,
        57,
        58,
        59,
        60,
        61,
        62,
        63,
        64
    ],
    "ellipse_area": 9392.42124905605,
    "fft_abs": [
        3378.402959709793,
        1025.5690132247933,
        400.07613370016486
    ],
    "fft_bands": {
        "hf": [
            0.15,
            0.4
        ],
        "lf": [
            0.04,
            0.15
        ],
        "ulf": null,
        "vlf": [
            0.0,
            0.04
        ]
    },
    "fft_interpolation": "cubic",
    "fft_log": [
        8.125158379687841,
        6.933002872395615,
        5.9916548632471285
    ],
    "fft_nfft": 4096.0,
    "fft_norm": [
        71.93718685444915,
        28.062813145550848
    ],
    "fft_peak": [
        0.0078125,
        0.0595703125,
        0.1953125
    ],
    "fft_ratio": 2.5634346236544094,
    "fft_rel": [
        70.32408678514199,
        21.348017140136573,
        8.327896074721435
    ],
    "fft_resampling_frequency": 4.0,
    "fft_total": 4804.048106634751,
    "fft_window": "hamming",
    "hr_max": 111.52416356877323,
    "hr_mean": 87.24899188035322,
    "hr_min": 60.0,
    "hr_std": 9.312912761861279,
    "lomb_abs": [
        265.2812676443078,
        549.1244957571328,
        1443.6886996778362
    ],
    "lomb_bands": {
        "hf": [
            0.15,
            0.4
        ],
        "lf": [
            0.04,
            0.15
        ],
        "ulf": null,
        "vlf": [
            0.0,
            0.04
        ]
    },
    "lomb_log": [
        5.580790650449942,
        6.308325184029431,
        7.274956714271088
    ],
    "lomb_ma": "n/a",
    "lomb_nfft": 256.0,
    "lomb_norm": [
        27.555241856840276,
        72.44475814315973
    ],
    "lomb_peak": [
        0.00803921568627451,
        0.09003921568627452,
        0.29423529411764704
    ],
    "lomb_ratio": 0.38036212091960797,
    "lomb_rel": [
        11.748014619483808,
        24.318048015064562,
        63.93393736545164
    ],
    "lomb_total": 2258.0944630792765,
    "nn20": 170.0,
    "nn50": 47.0,
    "nni_counter": 346.0,
    "nni_diff_max": 401.0,
    "nni_diff_mean": 26.901449275362317,
    "nni_diff_min": 0.0,
    "nni_max": 1000.0,
    "nni_mean": 695.485549132948,
    "nni_min": 538.0,
    "pnn20": 49.275362318840585,
    "pnn50": 13.623188405797102,
    "rmssd": 42.23512515787599,
    "sampen": 1.13896797401694,
    "sd1": 29.864408558528737,
    "sd2": 100.10914942172673,
    "sd_ratio": 3.3521222838058633,
    "sdann": "n/a",
    "sdnn": 73.89841103086036,
    "sdnn_index": "n/a",
    "sdsd": 32.60674104916012,
    "tinn": 312.5,
    "tinn_m": 859.375,
    "tinn_n": 546.875,
    "tri_index": 17.3
}