{
    "Comment": "None",
    "Name": "C:\\Users\\admin\\HRV-Bienestar-Tecnologia\\HRV_Reports\\Grupo_Control\\01-03-2022_KarlaParra\\Momento_1.json",
    "ar_abs": [
        2461.299447858291,
        5030.5962926794155,
        9168.21617658057
    ],
    "ar_bands": {
        "hf": [
            0.15,
            0.4
        ],
        "lf": [
            0.04,
            0.15
        ],
        "ulf": null,
        "vlf": [
            0.0,
            0.04
        ]
    },
    "ar_interpolation": "cubic",
    "ar_log": [
        7.808444720298315,
        8.523293803319984,
        9.123498018146487
    ],
    "ar_nfft": 4096.0,
    "ar_norm": [
        35.42969740300824,
        64.57030259699177
    ],
    "ar_order": 16.0,
    "ar_peak": [
        0.0,
        0.0400390625,
        0.150390625
    ],
    "ar_ratio": 0.5486995720639362,
    "ar_rel": [
        14.773606924748831,
        30.19545317405986,
        55.03093990119131
    ],
    "ar_resampling_frequency": 4.0,
    "ar_total": 16660.111917118276,
    "dfa_alpha1": 1.121920609424799,
    "dfa_alpha1_beats": [
        4,
        5,
        6,
        7,
        8,
        9,
        10,
        11,
        12,
        13,
        14,
        15,
        16
    ],
    "dfa_alpha2": 1.042973262807605,
    "dfa_alpha2_beats": [
        17,
        18,
        19,
        20,
        21,
        22,
        23,
        24,
        25,
        26,
        27,
        28,
        29,
        30,
        31,
        32,
        33,
        34,
        35,
        36,
        37,
        38,
        39,
        40,
        41,
        42,
        43,
        44,
        45,
        46,
        47,
        48,
        49,
        50,
        51,
        52,
        53,
        54,
        55,
        56,
        57,
        58,
        59,
        60,
        61,
        62,
        63,
        64
    ],
    "ellipse_area": 3734.5687867574707,
    "fft_abs": [
        665.4885840056294,
        309.1973295691872,
        263.3035492220728
    ],
    "fft_bands": {
        "hf": [
            0.15,
            0.4
        ],
        "lf": [
            0.04,
            0.15
        ],
        "ulf": null,
        "vlf": [
            0.0,
            0.04
        ]
    },
    "fft_interpolation": "cubic",
    "fft_log": [
        6.500521483676959,
        5.733979680095076,
        5.573307546176216
    ],
    "fft_nfft": 4096.0,
    "fft_norm": [
        54.00818427073959,
        45.9918157292604
    ],
    "fft_peak": [
        0.00390625,
        0.1220703125,
        0.181640625
    ],
    "fft_ratio": 1.174299892586739,
    "fft_rel": [
        53.755593565565974,
        24.97576424201889,
        21.268642192415143
    ],
    "fft_resampling_frequency": 4.0,
    "fft_total": 1237.9894627968893,
    "fft_window": "hamming",
    "hr_max": 87.71929824561404,
    "hr_mean": 75.95903604255822,
    "hr_min": 64.51612903225806,
    "hr_std": 4.330069379170701,
    "lomb_abs": [
        263.1128962821537,
        881.6602789758626,
        1596.9941483181478
    ],
    "lomb_bands": {
        "hf": [
            0.15,
            0.4
        ],
        "lf": [
            0.04,
            0.15
        ],
        "ulf": null,
        "vlf": [
            0.0,
            0.04
        ]
    },
    "lomb_log": [
        5.572583203500819,
        6.78180681058012,
        7.375878484036821
    ],
    "lomb_ma": "n/a",
    "lomb_nfft": 256.0,
    "lomb_norm": [
        35.570116966179356,
        64.42988303382064
    ],
    "lomb_peak": [
        0.036980392156862746,
        0.10772549019607844,
        0.36498039215686273
    ],
    "lomb_ratio": 0.552074833777175,
    "lomb_rel": [
        9.596470642117369,
        32.156641134153155,
        58.246888223729485
    ],
    "lomb_total": 2741.767323576164,
    "nn20": 123.0,
    "nn50": 18.0,
    "nni_counter": 303.0,
    "nni_diff_max": 107.0,
    "nni_diff_mean": 20.112582781456954,
    "nni_diff_min": 0.0,
    "nni_max": 930.0,
    "nni_mean": 792.5148514851485,
    "nni_min": 684.0,
    "pnn20": 40.728476821192054,
    "pnn50": 5.960264900662252,
    "rmssd": 26.911062744032332,
    "sampen": 1.029712661621526,
    "sd1": 19.028865310693106,
    "sd2": 62.4708907256966,
    "sd_ratio": 3.2829540650850904,
    "sdann": "n/a",
    "sdnn": 46.18812966281914,
    "sdnn_index": "n/a",
    "sdsd": 17.909533846792428,
    "tinn": 140.625,
    "tinn_m": 851.5625,
    "tinn_n": 710.9375,
    "tri_index": 9.774193548387096
}