{
    "Comment": "None",
    "Name": "C:\\Users\\admin\\HRV-Bienestar-Tecnologia\\HRV_Reports\\Grupo_Control\\01-03-2022_KarlaParra\\Momento_3.json",
    "ar_abs": [
        2434.9477560433575,
        5001.06530843385,
        8980.896551353593
    ],
    "ar_bands": {
        "hf": [
            0.15,
            0.4
        ],
        "lf": [
            0.04,
            0.15
        ],
        "ulf": null,
        "vlf": [
            0.0,
            0.04
        ]
    },
    "ar_interpolation": "cubic",
    "ar_log": [
        7.797680579862846,
        8.51740623040859,
        9.102854994993496
    ],
    "ar_nfft": 4096.0,
    "ar_norm": [
        35.767979905717446,
        64.23202009428255
    ],
    "ar_order": 16.0,
    "ar_peak": [
        0.0,
        0.0400390625,
        0.150390625
    ],
    "ar_ratio": 0.5568559085206358,
    "ar_rel": [
        14.831949575304604,
        30.462891161996346,
        54.70515926269904
    ],
    "ar_resampling_frequency": 4.0,
    "ar_total": 16416.909615830802,
    "dfa_alpha1": 1.2943323021457627,
    "dfa_alpha1_beats": [
        4,
        5,
        6,
        7,
        8,
        9,
        10,
        11,
        12,
        13,
        14,
        15,
        16
    ],
    "dfa_alpha2": 0.8101153851449638,
    "dfa_alpha2_beats": [
        17,
        18,
        19,
        20,
        21,
        22,
        23,
        24,
        25,
        26,
        27,
        28,
        29,
        30,
        31,
        32,
        33,
        34,
        35,
        36,
        37,
        38,
        39,
        40,
        41,
        42,
        43,
        44,
        45,
        46,
        47,
        48,
        49,
        50,
        51,
        52,
        53,
        54,
        55,
        56,
        57,
        58,
        59,
        60,
        61,
        62,
        63,
        64
    ],
    "ellipse_area": 2030.5320831192696,
    "fft_abs": [
        428.38678709930804,
        558.0442549657436,
        176.06870758385224
    ],
    "fft_bands": {
        "hf": [
            0.15,
            0.4
        ],
        "lf": [
            0.04,
            0.15
        ],
        "ulf": null,
        "vlf": [
            0.0,
            0.04
        ]
    },
    "fft_interpolation": "cubic",
    "fft_log": [
        6.060026495659366,
        6.324438269210892,
        5.170874302857304
    ],
    "fft_nfft": 4096.0,
    "fft_norm": [
        76.01612877501026,
        23.983871224989745
    ],
    "fft_peak": [
        0.0146484375,
        0.1005859375,
        0.220703125
    ],
    "fft_ratio": 3.169468684263366,
    "fft_rel": [
        36.850484245582734,
        48.00381721667322,
        15.145698537744048
    ],
    "fft_resampling_frequency": 4.0,
    "fft_total": 1162.4997496489038,
    "fft_window": "hamming",
    "hr_max": 90.77155824508321,
    "hr_mean": 78.07386118612844,
    "hr_min": 71.59904534606206,
    "hr_std": 3.4857598744029508,
    "lomb_abs": [
        279.86475076224514,
        607.0375800884995,
        1696.244745684666
    ],
    "lomb_bands": {
        "hf": [
            0.15,
            0.4
        ],
        "lf": [
            0.04,
            0.15
        ],
        "ulf": null,
        "vlf": [
            0.0,
            0.04
        ]
    },
    "lomb_log": [
        5.634306453479251,
        6.408590700326769,
        7.4361721135376
    ],
    "lomb_ma": "n/a",
    "lomb_nfft": 256.0,
    "lomb_norm": [
        26.35532662652327,
        73.64467337347673
    ],
    "lomb_peak": [
        0.00803921568627451,
        0.0868235294117647,
        0.2765490196078431
    ],
    "lomb_ratio": 0.3578714578971191,
    "lomb_rel": [
        10.834255366427204,
        23.49992323714975,
        65.66582139642304
    ],
    "lomb_total": 2583.1470765354106,
    "nn20": 96.0,
    "nn50": 6.0,
    "nni_counter": 313.0,
    "nni_diff_max": 93.0,
    "nni_diff_mean": 15.259615384615385,
    "nni_diff_min": 0.0,
    "nni_max": 838.0,
    "nni_mean": 769.9776357827476,
    "nni_min": 661.0,
    "pnn20": 30.76923076923077,
    "pnn50": 1.9230769230769231,
    "rmssd": 20.601453147651302,
    "sampen": 1.777773227253315,
    "sd1": 14.567333960936512,
    "sd2": 44.369027167458306,
    "sd_ratio": 3.0457891118881086,
    "sdann": "n/a",
    "sdnn": 33.1938191000048,
    "sdnn_index": "n/a",
    "sdsd": 13.862899103570486,
    "tinn": 156.25,
    "tinn_m": 835.9375,
    "tinn_n": 679.6875,
    "tri_index": 10.096774193548388
}