{
    "Comment": "None",
    "Name": "C:\\Users\\admin\\HRV-Bienestar-Tecnologia\\HRV_Reports\\Grupo_Control\\01-03-2022_KarlaParra\\Momento_5.json",
    "ar_abs": [
        2450.615700758355,
        5031.42409924736,
        9285.943939839888
    ],
    "ar_bands": {
        "hf": [
            0.15,
            0.4
        ],
        "lf": [
            0.04,
            0.15
        ],
        "ulf": null,
        "vlf": [
            0.0,
            0.04
        ]
    },
    "ar_interpolation": "cubic",
    "ar_log": [
        7.8040945783985824,
        8.523458344145299,
        9.136257131499388
    ],
    "ar_nfft": 4096.0,
    "ar_norm": [
        35.14210213435374,
        64.85789786564627
    ],
    "ar_order": 16.0,
    "ar_peak": [
        0.0,
        0.0400390625,
        0.150390625
    ],
    "ar_ratio": 0.5418322716402393,
    "ar_rel": [
        14.614850173876182,
        30.006136559467393,
        55.379013266656415
    ],
    "ar_resampling_frequency": 4.0,
    "ar_total": 16767.983739845604,
    "dfa_alpha1": 1.2487508969631702,
    "dfa_alpha1_beats": [
        4,
        5,
        6,
        7,
        8,
        9,
        10,
        11,
        12,
        13,
        14,
        15,
        16
    ],
    "dfa_alpha2": 1.1445901719255438,
    "dfa_alpha2_beats": [
        17,
        18,
        19,
        20,
        21,
        22,
        23,
        24,
        25,
        26,
        27,
        28,
        29,
        30,
        31,
        32,
        33,
        34,
        35,
        36,
        37,
        38,
        39,
        40,
        41,
        42,
        43,
        44,
        45,
        46,
        47,
        48,
        49,
        50,
        51,
        52,
        53,
        54,
        55,
        56,
        57,
        58,
        59,
        60,
        61,
        62,
        63,
        64
    ],
    "ellipse_area": 5814.016118918203,
    "fft_abs": [
        3375.448888963428,
        469.32298491653773,
        516.2990268525641
    ],
    "fft_bands": {
        "hf": [
            0.15,
            0.4
        ],
        "lf": [
            0.04,
            0.15
        ],
        "ulf": null,
        "vlf": [
            0.0,
            0.04
        ]
    },
    "fft_interpolation": "cubic",
    "fft_log": [
        8.124283598599677,
        6.1512911986232774,
        6.246686107035027
    ],
    "fft_nfft": 4096.0,
    "fft_norm": [
        47.61693421133581,
        52.38306578866419
    ],
    "fft_peak": [
        0.00390625,
        0.0517578125,
        0.16015625
    ],
    "fft_ratio": 0.9090138863472215,
    "fft_rel": [
        77.39954166753982,
        10.761645375627934,
        11.838812956832262
    ],
    "fft_resampling_frequency": 4.0,
    "fft_total": 4361.0709007325295,
    "fft_window": "hamming",
    "hr_max": 98.84678747940691,
    "hr_mean": 78.8065772734044,
    "hr_min": 66.66666666666667,
    "hr_std": 7.0298161968753154,
    "lomb_abs": [
        244.95042138107996,
        713.7595255789378,
        1604.6891571465314
    ],
    "lomb_bands": {
        "hf": [
            0.15,
            0.4
        ],
        "lf": [
            0.04,
            0.15
        ],
        "ulf": null,
        "vlf": [
            0.0,
            0.04
        ]
    },
    "lomb_log": [
        5.5010558283569555,
        6.570546106701043,
        7.3806853452475645
    ],
    "lomb_ma": "n/a",
    "lomb_nfft": 256.0,
    "lomb_norm": [
        30.78608256016573,
        69.21391743983428
    ],
    "lomb_peak": [
        0.00803921568627451,
        0.059490196078431375,
        0.36498039215686273
    ],
    "lomb_ratio": 0.44479612914450645,
    "lomb_rel": [
        9.555688031125193,
        27.844260553711653,
        62.60005141516315
    ],
    "lomb_total": 2563.399104106549,
    "nn20": 135.0,
    "nn50": 30.0,
    "nni_counter": 313.0,
    "nni_diff_max": 131.0,
    "nni_diff_mean": 21.15705128205128,
    "nni_diff_min": 0.0,
    "nni_max": 900.0,
    "nni_mean": 767.220447284345,
    "nni_min": 607.0,
    "pnn20": 43.269230769230774,
    "pnn50": 9.615384615384617,
    "rmssd": 28.611511490020757,
    "sampen": 1.2505213177023846,
    "sd1": 20.231326642210423,
    "sd2": 91.47491125087086,
    "sd_ratio": 4.521448981996988,
    "sdann": "n/a",
    "sdnn": 66.28076907972097,
    "sdnn_index": "n/a",
    "sdsd": 19.292244288039363,
    "tinn": 250.0,
    "tinn_m": 898.4375,
    "tinn_n": 648.4375,
    "tri_index": 17.38888888888889
}