{
    "Comment": "None",
    "Name": "C:\\Users\\admin\\HRV-Bienestar-Tecnologia\\HRV_Reports\\Grupo_Control\\01-03-2022_KarlaParra\\Momento_6.json",
    "ar_abs": [
        2475.4522692881114,
        5065.092580110233,
        9446.01762906574
    ],
    "ar_bands": {
        "hf": [
            0.15,
            0.4
        ],
        "lf": [
            0.04,
            0.15
        ],
        "ulf": null,
        "vlf": [
            0.0,
            0.04
        ]
    },
    "ar_interpolation": "cubic",
    "ar_log": [
        7.814178393374676,
        8.530127694918546,
        9.15334851675389
    ],
    "ar_nfft": 4096.0,
    "ar_norm": [
        34.904928066133536,
        65.09507193386646
    ],
    "ar_order": 16.0,
    "ar_peak": [
        0.0,
        0.0400390625,
        0.150390625
    ],
    "ar_ratio": 0.5362146016459634,
    "ar_rel": [
        14.573003057131432,
        29.818231831966376,
        55.608765110902205
    ],
    "ar_resampling_frequency": 4.0,
    "ar_total": 16986.562478464082,
    "dfa_alpha1": 0.8869826460248148,
    "dfa_alpha1_beats": [
        4,
        5,
        6,
        7,
        8,
        9,
        10,
        11,
        12,
        13,
        14,
        15,
        16
    ],
    "dfa_alpha2": 1.096605118956164,
    "dfa_alpha2_beats": [
        17,
        18,
        19,
        20,
        21,
        22,
        23,
        24,
        25,
        26,
        27,
        28,
        29,
        30,
        31,
        32,
        33,
        34,
        35,
        36,
        37,
        38,
        39,
        40,
        41,
        42,
        43,
        44,
        45,
        46,
        47,
        48,
        49,
        50,
        51,
        52,
        53,
        54,
        55,
        56,
        57,
        58,
        59,
        60,
        61,
        62,
        63,
        64
    ],
    "ellipse_area": 3756.4356766184974,
    "fft_abs": [
        419.14995327860913,
        104.86995927964605,
        436.03171292597256
    ],
    "fft_bands": {
        "hf": [
            0.15,
            0.4
        ],
        "lf": [
            0.04,
            0.15
        ],
        "ulf": null,
        "vlf": [
            0.0,
            0.04
        ]
    },
    "fft_interpolation": "cubic",
    "fft_log": [
        6.038228739616866,
        4.652721099552599,
        6.077714976772639
    ],
    "fft_nfft": 4096.0,
    "fft_norm": [
        19.38798947542923,
        80.61201052457076
    ],
    "fft_peak": [
        0.0068359375,
        0.044921875,
        0.3359375
    ],
    "fft_ratio": 0.24050993579324903,
    "fft_rel": [
        43.65910563061644,
        10.923366670698785,
        45.41752769868477
    ],
    "fft_resampling_frequency": 4.0,
    "fft_total": 960.0516254842278,
    "fft_window": "hamming",
    "hr_max": 86.70520231213872,
    "hr_mean": 73.1089420740519,
    "hr_min": 66.66666666666667,
    "hr_std": 3.5622336506630674,
    "lomb_abs": [
        249.62380871561535,
        817.6112017817011,
        1781.6194138033525
    ],
    "lomb_bands": {
        "hf": [
            0.15,
            0.4
        ],
        "lf": [
            0.04,
            0.15
        ],
        "ulf": null,
        "vlf": [
            0.0,
            0.04
        ]
    },
    "lomb_log": [
        5.519955019428609,
        6.706386920164906,
        7.485278012719975
    ],
    "lomb_ma": "n/a",
    "lomb_nfft": 256.0,
    "lomb_norm": [
        31.45589302000689,
        68.5441069799931
    ],
    "lomb_peak": [
        0.00803921568627451,
        0.0852156862745098,
        0.38266666666666665
    ],
    "lomb_ratio": 0.4589146230935411,
    "lomb_rel": [
        8.762252173587019,
        28.699648350140134,
        62.53809947627285
    ],
    "lomb_total": 2848.854424300669,
    "nn20": 171.0,
    "nn50": 41.0,
    "nni_counter": 293.0,
    "nni_diff_max": 124.0,
    "nni_diff_mean": 27.80821917808219,
    "nni_diff_min": 0.0,
    "nni_max": 900.0,
    "nni_mean": 822.5631399317406,
    "nni_min": 692.0,
    "pnn20": 58.56164383561644,
    "pnn50": 14.04109589041096,
    "rmssd": 34.72859545771688,
    "sampen": 2.2725943793103633,
    "sd1": 24.556825349235936,
    "sd2": 48.69157945607038,
    "sd_ratio": 1.9828124671491942,
    "sdann": "n/a",
    "sdnn": 38.60229613403059,
    "sdnn_index": "n/a",
    "sdsd": 20.83903786702432,
    "tinn": 164.0625,
    "tinn_m": 898.4375,
    "tinn_n": 734.375,
    "tri_index": 11.26923076923077
}