{
    "Comment": "None",
    "Name": "C:\\Users\\admin\\HRV-Bienestar-Tecnologia\\HRV_Reports\\Grupo_Control\\01-03-2022_KarlaParra\\Momento_4.json",
    "ar_abs": [
        2451.0158452762807,
        5019.981838305987,
        9046.346245101817
    ],
    "ar_bands": {
        "hf": [
            0.15,
            0.4
        ],
        "lf": [
            0.04,
            0.15
        ],
        "ulf": null,
        "vlf": [
            0.0,
            0.04
        ]
    },
    "ar_interpolation": "cubic",
    "ar_log": [
        7.80425784832822,
        8.521181594811898,
        9.11011622535014
    ],
    "ar_nfft": 4096.0,
    "ar_norm": [
        35.6879336848925,
        64.3120663151075
    ],
    "ar_order": 16.0,
    "ar_peak": [
        0.0,
        0.0400390625,
        0.150390625
    ],
    "ar_ratio": 0.5549181627913123,
    "ar_rel": [
        14.839043467635477,
        30.392185692690383,
        54.768770839674154
    ],
    "ar_resampling_frequency": 4.0,
    "ar_total": 16517.343928684084,
    "dfa_alpha1": 1.2113443375314954,
    "dfa_alpha1_beats": [
        4,
        5,
        6,
        7,
        8,
        9,
        10,
        11,
        12,
        13,
        14,
        15,
        16
    ],
    "dfa_alpha2": 0.9854251126657378,
    "dfa_alpha2_beats": [
        17,
        18,
        19,
        20,
        21,
        22,
        23,
        24,
        25,
        26,
        27,
        28,
        29,
        30,
        31,
        32,
        33,
        34,
        35,
        36,
        37,
        38,
        39,
        40,
        41,
        42,
        43,
        44,
        45,
        46,
        47,
        48,
        49,
        50,
        51,
        52,
        53,
        54,
        55,
        56,
        57,
        58,
        59,
        60,
        61,
        62,
        63,
        64
    ],
    "ellipse_area": 2014.0685541581033,
    "fft_abs": [
        283.36566613639036,
        279.60746732128666,
        205.59213266053314
    ],
    "fft_bands": {
        "hf": [
            0.15,
            0.4
        ],
        "lf": [
            0.04,
            0.15
        ],
        "ulf": null,
        "vlf": [
            0.0,
            0.04
        ]
    },
    "fft_interpolation": "cubic",
    "fft_log": [
        5.646738170081038,
        5.633386717160703,
        5.325894267579096
    ],
    "fft_nfft": 4096.0,
    "fft_norm": [
        57.62730788149113,
        42.37269211850887
    ],
    "fft_peak": [
        0.00390625,
        0.044921875,
        0.150390625
    ],
    "fft_ratio": 1.3600105398146007,
    "fft_rel": [
        36.86943433803408,
        36.380445441348016,
        26.7501202206179
    ],
    "fft_resampling_frequency": 4.0,
    "fft_total": 768.5652661182102,
    "fft_window": "hamming",
    "hr_max": 88.75739644970415,
    "hr_mean": 78.22057663978578,
    "hr_min": 72.90400972053463,
    "hr_std": 3.3812268807743373,
    "lomb_abs": [
        384.350486373205,
        618.017037440629,
        1799.11458868997
    ],
    "lomb_bands": {
        "hf": [
            0.15,
            0.4
        ],
        "lf": [
            0.04,
            0.15
        ],
        "ulf": null,
        "vlf": [
            0.0,
            0.04
        ]
    },
    "lomb_log": [
        5.951554861237829,
        6.426516025751839,
        7.495049927691899
    ],
    "lomb_ma": "n/a",
    "lomb_nfft": 256.0,
    "lomb_norm": [
        25.568199545258736,
        74.43180045474125
    ],
    "lomb_peak": [
        0.00803921568627451,
        0.10611764705882352,
        0.21705882352941178
    ],
    "lomb_ratio": 0.3435117703595743,
    "lomb_rel": [
        13.719540976461724,
        22.060359931703463,
        64.2200990918348
    ],
    "lomb_total": 2801.4821125038043,
    "nn20": 86.0,
    "nn50": 7.0,
    "nni_counter": 313.0,
    "nni_diff_max": 115.0,
    "nni_diff_mean": 14.794871794871796,
    "nni_diff_min": 0.0,
    "nni_max": 823.0,
    "nni_mean": 768.4472843450479,
    "nni_min": 676.0,
    "pnn20": 27.564102564102566,
    "pnn50": 2.2435897435897436,
    "rmssd": 21.072828537339323,
    "sampen": 1.7528599896143173,
    "sd1": 14.9005848375487,
    "sd2": 43.025018093577394,
    "sd_ratio": 2.887471771252668,
    "sdann": "n/a",
    "sdnn": 32.21011647260072,
    "sdnn_index": "n/a",
    "sdsd": 15.029967042820466,
    "tinn": 101.5625,
    "tinn_m": 820.3125,
    "tinn_n": 718.75,
    "tri_index": 8.694444444444445
}