{
    "Comment": "None",
    "Name": "C:\\Users\\Juan Pablo Botero T\\OneDrive - Universidad de los Andes\\Documentos\\JPB\\Personal\\Bienestar y Tecnolog\u00eda\\Codigo\\HRV-Bienestar-Tecnologia\\HRV_Reports\\Experiencia_Mindfullness\\JuanCarlosMejia-15-03-2022\\HRV_final.json",
    "ar_abs": [
        2546.5665199123187,
        5233.342945375752,
        9584.074305368747
    ],
    "ar_bands": {
        "hf": [
            0.15,
            0.4
        ],
        "lf": [
            0.04,
            0.15
        ],
        "ulf": null,
        "vlf": [
            0.0,
            0.04
        ]
    },
    "ar_interpolation": "cubic",
    "ar_log": [
        7.842501268077463,
        8.562805539362607,
        9.167858073389528
    ],
    "ar_nfft": 4096.0,
    "ar_norm": [
        35.31886061393596,
        64.68113938606403
    ],
    "ar_order": 16.0,
    "ar_peak": [
        0.0,
        0.0400390625,
        0.150390625
    ],
    "ar_ratio": 0.5460457399046009,
    "ar_rel": [
        14.665796475897022,
        30.139068398690362,
        55.19513512541262
    ],
    "ar_resampling_frequency": 4.0,
    "ar_total": 17363.983770656818,
    "dfa_alpha1": 1.3297038533430376,
    "dfa_alpha1_beats": [
        4,
        5,
        6,
        7,
        8,
        9,
        10,
        11,
        12,
        13,
        14,
        15,
        16
    ],
    "dfa_alpha2": 1.3447495995189058,
    "dfa_alpha2_beats": [
        17,
        18,
        19,
        20,
        21,
        22,
        23,
        24,
        25,
        26,
        27,
        28,
        29,
        30,
        31,
        32,
        33,
        34,
        35,
        36,
        37,
        38,
        39,
        40,
        41,
        42,
        43,
        44,
        45,
        46,
        47,
        48,
        49,
        50,
        51,
        52,
        53,
        54,
        55,
        56,
        57,
        58,
        59,
        60,
        61,
        62,
        63,
        64
    ],
    "ellipse_area": 11171.550428190232,
    "fft_abs": [
        6736.028005860048,
        750.1825169135366,
        148.7627081919678
    ],
    "fft_bands": {
        "hf": [
            0.15,
            0.4
        ],
        "lf": [
            0.04,
            0.15
        ],
        "ulf": null,
        "vlf": [
            0.0,
            0.04
        ]
    },
    "fft_interpolation": "cubic",
    "fft_log": [
        8.815225713553076,
        6.620316532808832,
        5.002352473999842
    ],
    "fft_nfft": 4096.0,
    "fft_norm": [
        83.45141572174118,
        16.54858427825881
    ],
    "fft_peak": [
        0.0048828125,
        0.046875,
        0.38671875
    ],
    "fft_ratio": 5.042812987415361,
    "fft_rel": [
        88.2259544609848,
        9.825607690030697,
        1.9484378489845027
    ],
    "fft_resampling_frequency": 4.0,
    "fft_total": 7634.973230965553,
    "fft_window": "hamming",
    "hr_max": 88.75739644970415,
    "hr_mean": 61.624086082222355,
    "hr_min": 52.72407732864675,
    "hr_std": 6.809742827512615,
    "lomb_abs": [
        288.7054185469672,
        937.7737927125214,
        2207.8151878882186
    ],
    "lomb_bands": {
        "hf": [
            0.15,
            0.4
        ],
        "lf": [
            0.04,
            0.15
        ],
        "ulf": null,
        "vlf": [
            0.0,
            0.04
        ]
    },
    "lomb_log": [
        5.665406855273385,
        6.843508760767585,
        7.699758702756268
    ],
    "lomb_ma": "n/a",
    "lomb_nfft": 256.0,
    "lomb_norm": [
        29.812343522815457,
        70.18765647718455
    ],
    "lomb_peak": [
        0.003215686274509804,
        0.05305882352941176,
        0.1768627450980392
    ],
    "lomb_ratio": 0.4247519438479381,
    "lomb_rel": [
        8.406542508953676,
        27.306156191654672,
        64.28730129939166
    ],
    "lomb_total": 3434.2943991477073,
    "nn20": 149.0,
    "nn50": 46.0,
    "nni_counter": 244.0,
    "nni_diff_max": 139.0,
    "nni_diff_mean": 30.68724279835391,
    "nni_diff_min": 0.0,
    "nni_max": 1138.0,
    "nni_mean": 983.9344262295082,
    "nni_min": 676.0,
    "pnn20": 61.31687242798354,
    "pnn50": 18.930041152263374,
    "rmssd": 38.44514022063598,
    "sampen": 1.1503059033172114,
    "sd1": 27.18369410671539,
    "sd2": 130.81426429144676,
    "sd_ratio": 4.812232795804259,
    "sdann": "n/a",
    "sdnn": 94.51807480201069,
    "sdnn_index": "n/a",
    "sdsd": 23.20642459247924,
    "tinn": 234.375,
    "tinn_m": 1125.0,
    "tinn_n": 890.625,
    "tri_index": 14.352941176470589
}