{
    "Comment": "None",
    "Name": "C:\\Users\\Juan Pablo Botero T\\OneDrive - Universidad de los Andes\\Documentos\\JPB\\Personal\\Bienestar y Tecnolog\u00eda\\Codigo\\HRV-Bienestar-Tecnologia\\HRV_Reports\\Experiencia_Mindfullness\\JuanCarlosMejia-15-03-2022\\HRV_sound.json",
    "ar_abs": [
        2494.886057152084,
        5163.630808936545,
        9342.314463172243
    ],
    "ar_bands": {
        "hf": [
            0.15,
            0.4
        ],
        "lf": [
            0.04,
            0.15
        ],
        "ulf": null,
        "vlf": [
            0.0,
            0.04
        ]
    },
    "ar_interpolation": "cubic",
    "ar_log": [
        7.821998338666663,
        8.549395256176174,
        9.142309301721415
    ],
    "ar_nfft": 4096.0,
    "ar_norm": [
        35.59665166299009,
        64.40334833700992
    ],
    "ar_order": 16.0,
    "ar_peak": [
        0.0,
        0.0400390625,
        0.150390625
    ],
    "ar_ratio": 0.5527143010751536,
    "ar_rel": [
        14.67508269938557,
        30.37281359323408,
        54.95210370738034
    ],
    "ar_resampling_frequency": 4.0,
    "ar_total": 17000.831329260873,
    "dfa_alpha1": 1.5811834048766784,
    "dfa_alpha1_beats": [
        4,
        5,
        6,
        7,
        8,
        9,
        10,
        11,
        12,
        13,
        14,
        15,
        16
    ],
    "dfa_alpha2": 1.374727991723516,
    "dfa_alpha2_beats": [
        17,
        18,
        19,
        20,
        21,
        22,
        23,
        24,
        25,
        26,
        27,
        28,
        29,
        30,
        31,
        32,
        33,
        34,
        35,
        36,
        37,
        38,
        39,
        40,
        41,
        42,
        43,
        44,
        45,
        46,
        47,
        48,
        49,
        50,
        51,
        52,
        53,
        54,
        55,
        56,
        57,
        58,
        59,
        60,
        61,
        62,
        63,
        64
    ],
    "ellipse_area": 8546.101083801439,
    "fft_abs": [
        6607.062100346425,
        951.3898668193387,
        185.37441717737164
    ],
    "fft_bands": {
        "hf": [
            0.15,
            0.4
        ],
        "lf": [
            0.04,
            0.15
        ],
        "ulf": null,
        "vlf": [
            0.0,
            0.04
        ]
    },
    "fft_interpolation": "cubic",
    "fft_log": [
        8.79589437116029,
        6.857923933131432,
        5.22237765643358
    ],
    "fft_nfft": 4096.0,
    "fft_norm": [
        83.69280071629098,
        16.30719928370903
    ],
    "fft_peak": [
        0.0048828125,
        0.078125,
        0.3427734375
    ],
    "fft_ratio": 5.13226086590482,
    "fft_rel": [
        85.32038003466764,
        12.28578508349448,
        2.393834881837887
    ],
    "fft_resampling_frequency": 4.0,
    "fft_total": 7743.826384343135,
    "fft_window": "hamming",
    "hr_max": 79.6812749003984,
    "hr_mean": 63.72228244066326,
    "hr_min": 50.04170141784821,
    "hr_std": 6.565278777294078,
    "lomb_abs": [
        390.82967580980153,
        941.5787298023265,
        2396.236181012447
    ],
    "lomb_bands": {
        "hf": [
            0.15,
            0.4
        ],
        "lf": [
            0.04,
            0.15
        ],
        "ulf": null,
        "vlf": [
            0.0,
            0.04
        ]
    },
    "lomb_log": [
        5.968271853339371,
        6.847557966271133,
        7.781654527420929
    ],
    "lomb_ma": "n/a",
    "lomb_nfft": 256.0,
    "lomb_norm": [
        28.20943506338653,
        71.79056493661346
    ],
    "lomb_peak": [
        0.00803921568627451,
        0.12701960784313726,
        0.36498039215686273
    ],
    "lomb_ratio": 0.3929407031173759,
    "lomb_rel": [
        10.481816293561177,
        25.252573902590917,
        64.26560980384791
    ],
    "lomb_total": 3728.644586624575,
    "nn20": 111.0,
    "nn50": 16.0,
    "nni_counter": 252.0,
    "nni_diff_max": 123.0,
    "nni_diff_mean": 21.824701195219124,
    "nni_diff_min": 0.0,
    "nni_max": 1199.0,
    "nni_mean": 951.4206349206349,
    "nni_min": 753.0,
    "pnn20": 44.223107569721115,
    "pnn50": 6.374501992031872,
    "rmssd": 28.53361755328775,
    "sampen": 0.9105406737515565,
    "sd1": 20.172990370380994,
    "sd2": 134.8490438628326,
    "sd_ratio": 6.684633333331918,
    "sdann": "n/a",
    "sdnn": 96.58465338610885,
    "sdnn_index": "n/a",
    "sdsd": 18.417414243328476,
    "tinn": 109.375,
    "tinn_m": 953.125,
    "tinn_n": 843.75,
    "tri_index": 14.0
}