{
    "Comment": "None",
    "Name": "C:\\Users\\Juan Pablo Botero T\\OneDrive - Universidad de los Andes\\Documentos\\JPB\\Personal\\Bienestar y Tecnolog\u00eda\\Codigo\\HRV-Bienestar-Tecnologia\\HRV_Reports\\Experiencia_Mindfullness\\JuanCarlosMejia-15-03-2022\\HRV_baseline.json",
    "ar_abs": [
        2545.5071556589737,
        5265.763833165208,
        9579.747270068357
    ],
    "ar_bands": {
        "hf": [
            0.15,
            0.4
        ],
        "lf": [
            0.04,
            0.15
        ],
        "ulf": null,
        "vlf": [
            0.0,
            0.04
        ]
    },
    "ar_interpolation": "cubic",
    "ar_log": [
        7.842085184439981,
        8.568981491569605,
        9.16740648962197
    ],
    "ar_nfft": 4096.0,
    "ar_norm": [
        35.470411200718104,
        64.5295887992819
    ],
    "ar_order": 16.0,
    "ar_peak": [
        0.0,
        0.0400390625,
        0.150390625
    ],
    "ar_ratio": 0.5496766965468843,
    "ar_rel": [
        14.636906923821904,
        30.278640127772093,
        55.084452948406
    ],
    "ar_resampling_frequency": 4.0,
    "ar_total": 17391.018258892538,
    "dfa_alpha1": 1.5507665117310654,
    "dfa_alpha1_beats": [
        4,
        5,
        6,
        7,
        8,
        9,
        10,
        11,
        12,
        13,
        14,
        15,
        16
    ],
    "dfa_alpha2": 0.2276400939650704,
    "dfa_alpha2_beats": [
        17,
        18,
        19,
        20,
        21,
        22,
        23,
        24,
        25,
        26,
        27,
        28,
        29,
        30,
        31,
        32,
        33,
        34,
        35,
        36,
        37,
        38,
        39,
        40,
        41,
        42,
        43,
        44,
        45,
        46,
        47,
        48,
        49,
        50,
        51,
        52,
        53,
        54,
        55,
        56,
        57,
        58,
        59,
        60,
        61,
        62,
        63,
        64
    ],
    "ellipse_area": 7705.601757775769,
    "fft_abs": [
        4910.170123248704,
        1583.83661157891,
        175.47404870050792
    ],
    "fft_bands": {
        "hf": [
            0.15,
            0.4
        ],
        "lf": [
            0.04,
            0.15
        ],
        "ulf": null,
        "vlf": [
            0.0,
            0.04
        ]
    },
    "fft_interpolation": "cubic",
    "fft_log": [
        8.499063868507818,
        7.367605417798382,
        5.167491161319601
    ],
    "fft_nfft": 4096.0,
    "fft_norm": [
        90.02597706805012,
        9.974022931949877
    ],
    "fft_peak": [
        0.00390625,
        0.0400390625,
        0.271484375
    ],
    "fft_ratio": 9.026044724608473,
    "fft_rel": [
        73.62147493363416,
        23.747524927136357,
        2.6310001392294744
    ],
    "fft_resampling_frequency": 4.0,
    "fft_total": 6669.480783528122,
    "fft_window": "hamming",
    "hr_max": 75.09386733416771,
    "hr_mean": 61.79794942362672,
    "hr_min": 52.35602094240838,
    "hr_std": 5.27215591381765,
    "lomb_abs": [
        470.27780004329594,
        950.1793851459583,
        1941.410549673453
    ],
    "lomb_bands": {
        "hf": [
            0.15,
            0.4
        ],
        "lf": [
            0.04,
            0.15
        ],
        "ulf": null,
        "vlf": [
            0.0,
            0.04
        ]
    },
    "lomb_log": [
        6.153323584016531,
        6.8566507932385425,
        7.571170075317886
    ],
    "lomb_ma": "n/a",
    "lomb_nfft": 256.0,
    "lomb_norm": [
        32.86010141701852,
        67.13989858298147
    ],
    "lomb_peak": [
        0.02572549019607843,
        0.09807843137254901,
        0.33925490196078434
    ],
    "lomb_ratio": 0.4894273317438083,
    "lomb_rel": [
        13.988587211998132,
        28.263437472347853,
        57.747975315654024
    ],
    "lomb_total": 3361.867734862707,
    "nn20": 128.0,
    "nn50": 27.0,
    "nni_counter": 246.0,
    "nni_diff_max": 107.0,
    "nni_diff_mean": 24.86938775510204,
    "nni_diff_min": 0.0,
    "nni_max": 1146.0,
    "nni_mean": 977.5772357723578,
    "nni_min": 799.0,
    "pnn20": 52.244897959183675,
    "pnn50": 11.020408163265307,
    "rmssd": 31.78158881734993,
    "sampen": 1.0602245618187203,
    "sd1": 22.472967888427323,
    "sd2": 109.14309274469707,
    "sd_ratio": 4.8566390201136445,
    "sdann": "n/a",
    "sdnn": 78.81261767105946,
    "sdnn_index": "n/a",
    "sdsd": 19.828963375780546,
    "tinn": 140.625,
    "tinn_m": 1078.125,
    "tinn_n": 937.5,
    "tri_index": 9.461538461538462
}