{
    "Comment": "None",
    "Name": "C:\\Users\\admin\\HRV-Bienestar-Tecnologia\\HRV_Reports\\Grupo_Control\\08-03-2022_MariaPaulaManrique\\Momento_1.json",
    "ar_abs": [
        2339.709082398936,
        4755.733667085497,
        8467.670212746396
    ],
    "ar_bands": {
        "hf": [
            0.15,
            0.4
        ],
        "lf": [
            0.04,
            0.15
        ],
        "ulf": null,
        "vlf": [
            0.0,
            0.04
        ]
    },
    "ar_interpolation": "cubic",
    "ar_log": [
        7.7577818768617695,
        8.467106256891409,
        9.044010686379039
    ],
    "ar_nfft": 4096.0,
    "ar_norm": [
        35.964519501206944,
        64.03548049879306
    ],
    "ar_order": 16.0,
    "ar_peak": [
        0.0,
        0.0400390625,
        0.150390625
    ],
    "ar_ratio": 0.5616342568380478,
    "ar_rel": [
        15.033683094616313,
        30.55772761289401,
        54.40858929248967
    ],
    "ar_resampling_frequency": 4.0,
    "ar_total": 15563.112962230829,
    "dfa_alpha1": 1.2717456735894574,
    "dfa_alpha1_beats": [
        4,
        5,
        6,
        7,
        8,
        9,
        10,
        11,
        12,
        13,
        14,
        15,
        16
    ],
    "dfa_alpha2": 0.8731511730927044,
    "dfa_alpha2_beats": [
        17,
        18,
        19,
        20,
        21,
        22,
        23,
        24,
        25,
        26,
        27,
        28,
        29,
        30,
        31,
        32,
        33,
        34,
        35,
        36,
        37,
        38,
        39,
        40,
        41,
        42,
        43,
        44,
        45,
        46,
        47,
        48,
        49,
        50,
        51,
        52,
        53,
        54,
        55,
        56,
        57,
        58,
        59,
        60,
        61,
        62,
        63,
        64
    ],
    "ellipse_area": 1731.1644227357901,
    "fft_abs": [
        335.2535330407174,
        259.9477239420182,
        105.0847286354497
    ],
    "fft_bands": {
        "hf": [
            0.15,
            0.4
        ],
        "lf": [
            0.04,
            0.15
        ],
        "ulf": null,
        "vlf": [
            0.0,
            0.04
        ]
    },
    "fft_interpolation": "cubic",
    "fft_log": [
        5.814887060631888,
        5.5604805490384335,
        4.654766964142214
    ],
    "fft_nfft": 4096.0,
    "fft_norm": [
        71.21222294252085,
        28.787777057479133
    ],
    "fft_peak": [
        0.033203125,
        0.14453125,
        0.1796875
    ],
    "fft_ratio": 2.473696485850051,
    "fft_rel": [
        47.87380297847438,
        37.1202236344265,
        15.005973387099125
    ],
    "fft_resampling_frequency": 4.0,
    "fft_total": 700.2859856181852,
    "fft_window": "hamming",
    "hr_max": 123.96694214876032,
    "hr_mean": 104.12736178672297,
    "hr_min": 86.70520231213872,
    "hr_std": 5.530270749867342,
    "lomb_abs": [
        222.391623565485,
        511.49817859714364,
        1224.6502981289261
    ],
    "lomb_bands": {
        "hf": [
            0.15,
            0.4
        ],
        "lf": [
            0.04,
            0.15
        ],
        "ulf": null,
        "vlf": [
            0.0,
            0.04
        ]
    },
    "lomb_log": [
        5.404439897842869,
        6.237344024480441,
        7.110410611309087
    ],
    "lomb_ma": "n/a",
    "lomb_nfft": 256.0,
    "lomb_norm": [
        29.461660995820928,
        70.53833900417908
    ],
    "lomb_peak": [
        0.02250980392156863,
        0.13988235294117646,
        0.28137254901960784
    ],
    "lomb_ratio": 0.41766876583350593,
    "lomb_rel": [
        11.354969118701172,
        26.116298487889033,
        62.528732393409804
    ],
    "lomb_total": 1958.5401002915546,
    "nn20": 96.0,
    "nn50": 8.0,
    "nni_counter": 416.0,
    "nni_diff_max": 169.0,
    "nni_diff_mean": 13.718072289156627,
    "nni_diff_min": 0.0,
    "nni_max": 692.0,
    "nni_mean": 577.8125,
    "nni_min": 484.0,
    "pnn20": 23.132530120481928,
    "pnn50": 1.9277108433734942,
    "rmssd": 19.34499717401506,
    "sampen": 1.9945420978933497,
    "sd1": 13.677575197720602,
    "sd2": 40.288336375462976,
    "sd_ratio": 2.9455759367477006,
    "sdann": "n/a",
    "sdnn": 30.217818688069798,
    "sdnn_index": "n/a",
    "sdsd": 13.656236251086398,
    "tinn": 117.1875,
    "tinn_m": 632.8125,
    "tinn_n": 515.625,
    "tri_index": 7.849056603773585
}