{
    "Comment": "None",
    "Name": "C:\\Users\\Juan Pablo Botero T\\OneDrive - Universidad de los Andes\\Documentos\\JPB\\Personal\\Bienestar y Tecnolog\u00eda\\Codigo\\HRV-Bienestar-Tecnologia\\HRV_Reports\\SamuelTorres-7-12\\HRV_olfative.json",
    "ar_abs": [
        2463.3240327596836,
        5163.353421682126,
        9534.496392393126
    ],
    "ar_bands": {
        "hf": [
            0.15,
            0.4
        ],
        "lf": [
            0.04,
            0.15
        ],
        "ulf": null,
        "vlf": [
            0.0,
            0.04
        ]
    },
    "ar_interpolation": "cubic",
    "ar_log": [
        7.80926694966201,
        8.549341535312795,
        9.162671699900613
    ],
    "ar_nfft": 4096.0,
    "ar_norm": [
        35.1299917130565,
        64.8700082869435
    ],
    "ar_order": 16.0,
    "ar_peak": [
        0.0,
        0.0400390625,
        0.150390625
    ],
    "ar_ratio": 0.5415444307894003,
    "ar_rel": [
        14.354053252680025,
        30.087413994902292,
        55.55853275241769
    ],
    "ar_resampling_frequency": 4.0,
    "ar_total": 17161.173846834936,
    "dfa_alpha1": 1.228787413282819,
    "dfa_alpha1_beats": [
        4,
        5,
        6,
        7,
        8,
        9,
        10,
        11,
        12,
        13,
        14,
        15,
        16
    ],
    "dfa_alpha2": 0.5699661994776801,
    "dfa_alpha2_beats": [
        17,
        18,
        19,
        20,
        21,
        22,
        23,
        24,
        25,
        26,
        27,
        28,
        29,
        30,
        31,
        32,
        33,
        34,
        35,
        36,
        37,
        38,
        39,
        40,
        41,
        42,
        43,
        44,
        45,
        46,
        47,
        48,
        49,
        50,
        51,
        52,
        53,
        54,
        55,
        56,
        57,
        58,
        59,
        60,
        61,
        62,
        63,
        64
    ],
    "ellipse_area": 15396.334522596637,
    "fft_abs": [
        612.3630883621081,
        4071.496526572812,
        711.579922311408
    ],
    "fft_bands": {
        "hf": [
            0.15,
            0.4
        ],
        "lf": [
            0.04,
            0.15
        ],
        "ulf": null,
        "vlf": [
            0.0,
            0.04
        ]
    },
    "fft_interpolation": "cubic",
    "fft_log": [
        6.417325388227784,
        8.311765907799321,
        6.567487740541762
    ],
    "fft_nfft": 4096.0,
    "fft_norm": [
        85.12296573312345,
        14.877034266876564
    ],
    "fft_peak": [
        0.0166015625,
        0.1337890625,
        0.2685546875
    ],
    "fft_ratio": 5.721769823616533,
    "fft_rel": [
        11.349642306892388,
        75.46181360139535,
        13.188544091712263
    ],
    "fft_resampling_frequency": 4.0,
    "fft_total": 5395.439537246328,
    "fft_window": "hamming",
    "hr_max": 147.42014742014743,
    "hr_mean": 90.09028727690578,
    "hr_min": 63.96588486140725,
    "hr_std": 10.857159204029887,
    "lomb_abs": [
        188.4454770050702,
        618.2765964441821,
        1460.8481861551832
    ],
    "lomb_bands": {
        "hf": [
            0.15,
            0.4
        ],
        "lf": [
            0.04,
            0.15
        ],
        "ulf": null,
        "vlf": [
            0.0,
            0.04
        ]
    },
    "lomb_log": [
        5.238808718390731,
        6.426935924391212,
        7.286772495437954
    ],
    "lomb_ma": "n/a",
    "lomb_nfft": 256.0,
    "lomb_norm": [
        29.737349177820864,
        70.26265082217914
    ],
    "lomb_peak": [
        0.036980392156862746,
        0.06431372549019608,
        0.2524313725490196
    ],
    "lomb_ratio": 0.423231244905351,
    "lomb_rel": [
        8.310458130542928,
        27.266039225264706,
        64.42350264419235
    ],
    "lomb_total": 2267.5702596044357,
    "nn20": 201.0,
    "nn50": 62.0,
    "nni_counter": 356.0,
    "nni_diff_max": 423.0,
    "nni_diff_mean": 39.28169014084507,
    "nni_diff_min": 0.0,
    "nni_max": 938.0,
    "nni_mean": 674.693820224719,
    "nni_min": 407.0,
    "pnn20": 56.61971830985916,
    "pnn50": 17.464788732394364,
    "rmssd": 76.28997682120688,
    "sampen": 1.1917394723855244,
    "sd1": 53.94514049384075,
    "sd2": 90.8479511717067,
    "sd_ratio": 1.684080351632032,
    "sdann": "n/a",
    "sdnn": 74.71647114454986,
    "sdnn_index": "n/a",
    "sdsd": 65.4919202112334,
    "tinn": 210.9375,
    "tinn_m": 757.8125,
    "tinn_n": 546.875,
    "tri_index": 13.185185185185185
}