{
    "Comment": "None",
    "Name": "C:\\Users\\Juan Pablo Botero T\\OneDrive - Universidad de los Andes\\Documentos\\JPB\\Personal\\Bienestar y Tecnolog\u00eda\\Codigo\\HRV-Bienestar-Tecnologia\\HRV_Reports\\MariaAngelaPaez-02-12\\HRV_video.json",
    "ar_abs": [
        2399.6408384110828,
        4916.538746070213,
        8679.117992457072
    ],
    "ar_bands": {
        "hf": [
            0.15,
            0.4
        ],
        "lf": [
            0.04,
            0.15
        ],
        "ulf": null,
        "vlf": [
            0.0,
            0.04
        ]
    },
    "ar_interpolation": "cubic",
    "ar_log": [
        7.78307435447521,
        8.500360055012958,
        9.06867518871914
    ],
    "ar_nfft": 4096.0,
    "ar_norm": [
        36.162568977913054,
        63.837431022086946
    ],
    "ar_order": 16.0,
    "ar_peak": [
        0.0,
        0.0400390625,
        0.150390625
    ],
    "ar_ratio": 0.566479076600079,
    "ar_rel": [
        15.002164397809183,
        30.73740092937539,
        54.26043467281543
    ],
    "ar_resampling_frequency": 4.0,
    "ar_total": 15995.297576938367,
    "dfa_alpha1": 1.6261410412986022,
    "dfa_alpha1_beats": [
        4,
        5,
        6,
        7,
        8,
        9,
        10,
        11,
        12,
        13,
        14,
        15,
        16
    ],
    "dfa_alpha2": 1.0268954511962982,
    "dfa_alpha2_beats": [
        17,
        18,
        19,
        20,
        21,
        22,
        23,
        24,
        25,
        26,
        27,
        28,
        29,
        30,
        31,
        32,
        33,
        34,
        35,
        36,
        37,
        38,
        39,
        40,
        41,
        42,
        43,
        44,
        45,
        46,
        47,
        48,
        49,
        50,
        51,
        52,
        53,
        54,
        55,
        56,
        57,
        58,
        59,
        60,
        61,
        62,
        63,
        64
    ],
    "ellipse_area": 2310.9743558170417,
    "fft_abs": [
        835.1242888608128,
        498.9537209185805,
        54.75494227546871
    ],
    "fft_bands": {
        "hf": [
            0.15,
            0.4
        ],
        "lf": [
            0.04,
            0.15
        ],
        "ulf": null,
        "vlf": [
            0.0,
            0.04
        ]
    },
    "fft_interpolation": "cubic",
    "fft_log": [
        6.727580562709057,
        6.212513347800421,
        4.002867634494105
    ],
    "fft_nfft": 4096.0,
    "fft_norm": [
        90.11123612196768,
        9.888763878032307
    ],
    "fft_peak": [
        0.00390625,
        0.06640625,
        0.1806640625
    ],
    "fft_ratio": 9.11248738804938,
    "fft_rel": [
        60.1313705600948,
        35.9261148131853,
        3.942514626719899
    ],
    "fft_resampling_frequency": 4.0,
    "fft_total": 1388.832952054862,
    "fft_window": "hamming",
    "hr_max": 118.34319526627219,
    "hr_mean": 102.11591152728685,
    "hr_min": 72.90400972053463,
    "hr_std": 7.281663918570375,
    "lomb_abs": [
        225.04311645317398,
        438.442706209621,
        1113.2462498259251
    ],
    "lomb_bands": {
        "hf": [
            0.15,
            0.4
        ],
        "lf": [
            0.04,
            0.15
        ],
        "ulf": null,
        "vlf": [
            0.0,
            0.04
        ]
    },
    "lomb_log": [
        5.416292012526763,
        6.0832291446887075,
        7.015035575524164
    ],
    "lomb_ma": "n/a",
    "lomb_nfft": 256.0,
    "lomb_norm": [
        28.25583726069757,
        71.74416273930242
    ],
    "lomb_peak": [
        0.00803921568627451,
        0.14792156862745098,
        0.3344313725490196
    ],
    "lomb_ratio": 0.3938416197478132,
    "lomb_rel": [
        12.666125632434245,
        24.676917414761448,
        62.6569569528043
    ],
    "lomb_total": 1776.7320724887202,
    "nn20": 71.0,
    "nn50": 5.0,
    "nni_counter": 408.0,
    "nni_diff_max": 116.0,
    "nni_diff_mean": 11.660933660933662,
    "nni_diff_min": 0.0,
    "nni_max": 823.0,
    "nni_mean": 590.7107843137255,
    "nni_min": 507.0,
    "pnn20": 17.444717444717444,
    "pnn50": 1.2285012285012284,
    "rmssd": 17.14786109254271,
    "sampen": 0.7233609591564419,
    "sd1": 12.119121967120911,
    "sd2": 60.697960311768064,
    "sd_ratio": 5.008445370583875,
    "sdann": "n/a",
    "sdnn": 44.5207036438778,
    "sdnn_index": "n/a",
    "sdsd": 12.588133520505375,
    "tinn": 171.875,
    "tinn_m": 671.875,
    "tinn_n": 500.0,
    "tri_index": 11.333333333333334
}