{
    "Comment": "None",
    "Name": "C:\\Users\\Juan Pablo Botero T\\OneDrive - Universidad de los Andes\\Documentos\\JPB\\Personal\\Bienestar y Tecnolog\u00eda\\Codigo\\HRV-Bienestar-Tecnologia\\HRV_Reports\\MariaAngelaPaez-02-12\\HRV_baseline.json",
    "ar_abs": [
        2369.5955397051757,
        4818.782273009525,
        8378.051224824201
    ],
    "ar_bands": {
        "hf": [
            0.15,
            0.4
        ],
        "lf": [
            0.04,
            0.15
        ],
        "ulf": null,
        "vlf": [
            0.0,
            0.04
        ]
    },
    "ar_interpolation": "cubic",
    "ar_log": [
        7.7704745612131365,
        8.480276534671216,
        9.033370615695045
    ],
    "ar_nfft": 4096.0,
    "ar_norm": [
        36.51468569184065,
        63.48531430815936
    ],
    "ar_order": 16.0,
    "ar_peak": [
        0.0,
        0.0400390625,
        0.150390625
    ],
    "ar_ratio": 0.5751674397420073,
    "ar_rel": [
        15.222473529354911,
        30.956247328073054,
        53.82127914257203
    ],
    "ar_resampling_frequency": 4.0,
    "ar_total": 15566.429037538903,
    "dfa_alpha1": 1.5818703406351424,
    "dfa_alpha1_beats": [
        4,
        5,
        6,
        7,
        8,
        9,
        10,
        11,
        12,
        13,
        14,
        15,
        16
    ],
    "dfa_alpha2": 0.9224104805026336,
    "dfa_alpha2_beats": [
        17,
        18,
        19,
        20,
        21,
        22,
        23,
        24,
        25,
        26,
        27,
        28,
        29,
        30,
        31,
        32,
        33,
        34,
        35,
        36,
        37,
        38,
        39,
        40,
        41,
        42,
        43,
        44,
        45,
        46,
        47,
        48,
        49,
        50,
        51,
        52,
        53,
        54,
        55,
        56,
        57,
        58,
        59,
        60,
        61,
        62,
        63,
        64
    ],
    "ellipse_area": 1468.0193544983626,
    "fft_abs": [
        525.3573582988931,
        431.75182404322385,
        19.54087384421648
    ],
    "fft_bands": {
        "hf": [
            0.15,
            0.4
        ],
        "lf": [
            0.04,
            0.15
        ],
        "ulf": null,
        "vlf": [
            0.0,
            0.04
        ]
    },
    "fft_interpolation": "cubic",
    "fft_log": [
        6.264078713506463,
        6.0678509417850295,
        2.9725083664036624
    ],
    "fft_nfft": 4096.0,
    "fft_norm": [
        95.67002215287553,
        4.32997784712446
    ],
    "fft_peak": [
        0.0166015625,
        0.091796875,
        0.19140625
    ],
    "fft_ratio": 22.094806377914853,
    "fft_rel": [
        53.791770652257156,
        44.20742325343711,
        2.0008060943057284
    ],
    "fft_resampling_frequency": 4.0,
    "fft_total": 976.6500561863335,
    "fft_window": "hamming",
    "hr_max": 109.89010989010988,
    "hr_mean": 98.90381608131132,
    "hr_min": 80.42895442359249,
    "hr_std": 5.335896524412181,
    "lomb_abs": [
        230.88893159696113,
        676.1475626588784,
        1093.1871241530973
    ],
    "lomb_bands": {
        "hf": [
            0.15,
            0.4
        ],
        "lf": [
            0.04,
            0.15
        ],
        "ulf": null,
        "vlf": [
            0.0,
            0.04
        ]
    },
    "lomb_log": [
        5.441936779295338,
        6.516411340178536,
        6.996852675858953
    ],
    "lomb_ma": "n/a",
    "lomb_nfft": 256.0,
    "lomb_norm": [
        38.214791565363775,
        61.78520843463623
    ],
    "lomb_peak": [
        0.00803921568627451,
        0.07396078431372549,
        0.3038823529411765
    ],
    "lomb_ratio": 0.6185103608704653,
    "lomb_rel": [
        11.543155948764369,
        33.803598579478574,
        54.65324547175705
    ],
    "lomb_total": 2000.223618408937,
    "nn20": 63.0,
    "nn50": 1.0,
    "nni_counter": 396.0,
    "nni_diff_max": 69.0,
    "nni_diff_mean": 10.620253164556962,
    "nni_diff_min": 0.0,
    "nni_max": 746.0,
    "nni_mean": 608.4545454545455,
    "nni_min": 546.0,
    "pnn20": 15.949367088607595,
    "pnn50": 0.25316455696202533,
    "rmssd": 14.251715419733278,
    "sampen": 1.6908175187024783,
    "sd1": 10.07633578547881,
    "sd2": 46.37450394610595,
    "sd_ratio": 4.602318236847276,
    "sdann": "n/a",
    "sdnn": 33.63144180704588,
    "sdnn_index": "n/a",
    "sdsd": 9.515821446610131,
    "tinn": 125.0,
    "tinn_m": 664.0625,
    "tinn_n": 539.0625,
    "tri_index": 7.92
}