{
    "Comment": "None",
    "Name": "C:\\Users\\Juan Pablo Botero T\\OneDrive - Universidad de los Andes\\Documentos\\JPB\\Personal\\Bienestar y Tecnolog\u00eda\\Codigo\\HRV-Bienestar-Tecnologia\\HRV_Reports\\MariaAngelaPaez-02-12\\HRV_sound.json",
    "ar_abs": [
        2329.9651732660686,
        4708.215259442325,
        8368.706381607966
    ],
    "ar_bands": {
        "hf": [
            0.15,
            0.4
        ],
        "lf": [
            0.04,
            0.15
        ],
        "ulf": null,
        "vlf": [
            0.0,
            0.04
        ]
    },
    "ar_interpolation": "cubic",
    "ar_log": [
        7.75360859935193,
        8.457064189391515,
        9.032254597370093
    ],
    "ar_nfft": 4096.0,
    "ar_norm": [
        36.004002996107104,
        63.99599700389289
    ],
    "ar_order": 16.0,
    "ar_peak": [
        0.0,
        0.0400390625,
        0.150390625
    ],
    "ar_ratio": 0.5625977355101909,
    "ar_rel": [
        15.122881094323498,
        30.559160433809158,
        54.31795847186734
    ],
    "ar_resampling_frequency": 4.0,
    "ar_total": 15406.88681431636,
    "dfa_alpha1": 1.3859958702034534,
    "dfa_alpha1_beats": [
        4,
        5,
        6,
        7,
        8,
        9,
        10,
        11,
        12,
        13,
        14,
        15,
        16
    ],
    "dfa_alpha2": 0.9376577038330774,
    "dfa_alpha2_beats": [
        17,
        18,
        19,
        20,
        21,
        22,
        23,
        24,
        25,
        26,
        27,
        28,
        29,
        30,
        31,
        32,
        33,
        34,
        35,
        36,
        37,
        38,
        39,
        40,
        41,
        42,
        43,
        44,
        45,
        46,
        47,
        48,
        49,
        50,
        51,
        52,
        53,
        54,
        55,
        56,
        57,
        58,
        59,
        60,
        61,
        62,
        63,
        64
    ],
    "ellipse_area": 553.5112324969521,
    "fft_abs": [
        41.48118814912047,
        126.76881414719935,
        28.142266473454832
    ],
    "fft_bands": {
        "hf": [
            0.15,
            0.4
        ],
        "lf": [
            0.04,
            0.15
        ],
        "ulf": null,
        "vlf": [
            0.0,
            0.04
        ]
    },
    "fft_interpolation": "cubic",
    "fft_log": [
        3.725240026854677,
        4.84236506654228,
        3.337272591209545
    ],
    "fft_nfft": 4096.0,
    "fft_norm": [
        81.83327728352141,
        18.16672271647858
    ],
    "fft_peak": [
        0.0087890625,
        0.099609375,
        0.16015625
    ],
    "fft_ratio": 4.504570172653788,
    "fft_rel": [
        21.121599342460748,
        64.54878032689108,
        14.329620330648174
    ],
    "fft_resampling_frequency": 4.0,
    "fft_total": 196.39226876977466,
    "fft_window": "hamming",
    "hr_max": 116.50485436893204,
    "hr_mean": 104.71663514339747,
    "hr_min": 95.23809523809524,
    "hr_std": 3.293476868858493,
    "lomb_abs": [
        125.52204547308013,
        602.0104976365319,
        1157.7063440370362
    ],
    "lomb_bands": {
        "hf": [
            0.15,
            0.4
        ],
        "lf": [
            0.04,
            0.15
        ],
        "ulf": null,
        "vlf": [
            0.0,
            0.04
        ]
    },
    "lomb_log": [
        4.832481404285308,
        6.40027488309122,
        7.054196037059358
    ],
    "lomb_ma": "n/a",
    "lomb_nfft": 256.0,
    "lomb_norm": [
        34.21064590505331,
        65.78935409494669
    ],
    "lomb_peak": [
        0.014470588235294117,
        0.07396078431372549,
        0.29584313725490197
    ],
    "lomb_ratio": 0.5200027629953741,
    "lomb_rel": [
        6.658150663498173,
        31.93284955773899,
        61.408999778762826
    ],
    "lomb_total": 1885.2388871466483,
    "nn20": 23.0,
    "nn50": 0.0,
    "nni_counter": 419.0,
    "nni_diff_max": 38.0,
    "nni_diff_mean": 7.899521531100478,
    "nni_diff_min": 0.0,
    "nni_max": 630.0,
    "nni_mean": 573.5393794749403,
    "nni_min": 515.0,
    "pnn20": 5.502392344497608,
    "pnn50": 0.0,
    "rmssd": 10.222641162855009,
    "sampen": 1.4291843327621696,
    "sd1": 7.228080029160319,
    "sd2": 24.375504519423835,
    "sd_ratio": 3.3723346201322455,
    "sdann": "n/a",
    "sdnn": 18.013558173856904,
    "sdnn_index": "n/a",
    "sdsd": 6.496222828806115,
    "tinn": 78.125,
    "tinn_m": 601.5625,
    "tinn_n": 523.4375,
    "tri_index": 5.371794871794871
}