{
    "Comment": "None",
    "Name": "C:\\Users\\admin\\HRV-Bienestar-Tecnologia\\HRV_Reports\\Grupo_Control\\11-03-2022_SantiagoTorres\\Momento_1.json",
    "ar_abs": [
        2473.3679097044705,
        5089.57084616079,
        9579.513648437121
    ],
    "ar_bands": {
        "hf": [
            0.15,
            0.4
        ],
        "lf": [
            0.04,
            0.15
        ],
        "ulf": null,
        "vlf": [
            0.0,
            0.04
        ]
    },
    "ar_interpolation": "cubic",
    "ar_log": [
        7.813336027060482,
        8.534948792858541,
        9.167382102289677
    ],
    "ar_nfft": 4096.0,
    "ar_norm": [
        34.69589972049785,
        65.30410027950215
    ],
    "ar_order": 16.0,
    "ar_peak": [
        0.0,
        0.0400390625,
        0.150390625
    ],
    "ar_ratio": 0.5312974158130819,
    "ar_rel": [
        14.428320122293059,
        29.68986423951464,
        55.881815638192315
    ],
    "ar_resampling_frequency": 4.0,
    "ar_total": 17142.45240430238,
    "dfa_alpha1": 1.021005841405811,
    "dfa_alpha1_beats": [
        4,
        5,
        6,
        7,
        8,
        9,
        10,
        11,
        12,
        13,
        14,
        15,
        16
    ],
    "dfa_alpha2": 0.95511321405991,
    "dfa_alpha2_beats": [
        17,
        18,
        19,
        20,
        21,
        22,
        23,
        24,
        25,
        26,
        27,
        28,
        29,
        30,
        31,
        32,
        33,
        34,
        35,
        36,
        37,
        38,
        39,
        40,
        41,
        42,
        43,
        44,
        45,
        46,
        47,
        48,
        49,
        50,
        51,
        52,
        53,
        54,
        55,
        56,
        57,
        58,
        59,
        60,
        61,
        62,
        63,
        64
    ],
    "ellipse_area": 6719.838390437315,
    "fft_abs": [
        691.2221671656276,
        797.9085265813524,
        555.4180208170474
    ],
    "fft_bands": {
        "hf": [
            0.15,
            0.4
        ],
        "lf": [
            0.04,
            0.15
        ],
        "ulf": null,
        "vlf": [
            0.0,
            0.04
        ]
    },
    "fft_interpolation": "cubic",
    "fft_log": [
        6.53846128752772,
        6.681993962535308,
        6.319721020902042
    ],
    "fft_nfft": 4096.0,
    "fft_norm": [
        58.95905375648111,
        41.04094624351889
    ],
    "fft_peak": [
        0.0078125,
        0.12109375,
        0.3994140625
    ],
    "fft_ratio": 1.4365909939464865,
    "fft_rel": [
        33.8080556477727,
        39.026144053089766,
        27.165800299137544
    ],
    "fft_resampling_frequency": 4.0,
    "fft_total": 2044.5487145640273,
    "fft_window": "hamming",
    "hr_max": 84.86562942008487,
    "hr_mean": 72.00932239297339,
    "hr_min": 61.919504643962846,
    "hr_std": 4.45851609544809,
    "lomb_abs": [
        256.2069436412166,
        785.3178639055164,
        2264.635493108101
    ],
    "lomb_bands": {
        "hf": [
            0.15,
            0.4
        ],
        "lf": [
            0.04,
            0.15
        ],
        "ulf": null,
        "vlf": [
            0.0,
            0.04
        ]
    },
    "lomb_log": [
        5.545985491520103,
        6.666088557996182,
        7.725169094771382
    ],
    "lomb_ma": "n/a",
    "lomb_nfft": 256.0,
    "lomb_norm": [
        25.74852045194769,
        74.25147954805232
    ],
    "lomb_peak": [
        0.011254901960784314,
        0.09968627450980393,
        0.36498039215686273
    ],
    "lomb_ratio": 0.3467745102006267,
    "lomb_rel": [
        7.74938056059989,
        23.75316961340237,
        68.49744982599775
    ],
    "lomb_total": 3306.160300654834,
    "nn20": 215.0,
    "nn50": 95.0,
    "nni_counter": 288.0,
    "nni_diff_max": 108.0,
    "nni_diff_mean": 39.383275261324044,
    "nni_diff_min": 0.0,
    "nni_max": 969.0,
    "nni_mean": 836.3888888888889,
    "nni_min": 707.0,
    "pnn20": 74.91289198606272,
    "pnn50": 33.10104529616725,
    "rmssd": 46.683715982975194,
    "sampen": 1.7945333961107803,
    "sd1": 33.01032350386782,
    "sd2": 64.79763801717796,
    "sd_ratio": 1.9629507117549336,
    "sdann": "n/a",
    "sdnn": 51.42968016183444,
    "sdnn_index": "n/a",
    "sdsd": 25.11023526590862,
    "tinn": 210.9375,
    "tinn_m": 953.125,
    "tinn_n": 742.1875,
    "tri_index": 12.521739130434783
}