{
    "Comment": "None",
    "Name": "C:\\Users\\admin\\HRV-Bienestar-Tecnologia\\HRV_Reports\\Grupo_Control\\11-03-2022_SantiagoTorres\\Momento_6.json",
    "ar_abs": [
        2487.072605633549,
        5344.291307217972,
        9977.381044221096
    ],
    "ar_bands": {
        "hf": [
            0.15,
            0.4
        ],
        "lf": [
            0.04,
            0.15
        ],
        "ulf": null,
        "vlf": [
            0.0,
            0.04
        ]
    },
    "ar_interpolation": "cubic",
    "ar_log": [
        7.818861637439811,
        8.583784224812014,
        9.20807591444852
    ],
    "ar_nfft": 4096.0,
    "ar_norm": [
        34.88060039814137,
        65.11939960185863
    ],
    "ar_order": 16.0,
    "ar_peak": [
        0.0,
        0.0400390625,
        0.150390625
    ],
    "ar_ratio": 0.5356406940389821,
    "ar_rel": [
        13.965456923711098,
        30.009365174807133,
        56.02517790148177
    ],
    "ar_resampling_frequency": 4.0,
    "ar_total": 17808.744957072617,
    "dfa_alpha1": 1.0539760093897126,
    "dfa_alpha1_beats": [
        4,
        5,
        6,
        7,
        8,
        9,
        10,
        11,
        12,
        13,
        14,
        15,
        16
    ],
    "dfa_alpha2": 0.6452181969675636,
    "dfa_alpha2_beats": [
        17,
        18,
        19,
        20,
        21,
        22,
        23,
        24,
        25,
        26,
        27,
        28,
        29,
        30,
        31,
        32,
        33,
        34,
        35,
        36,
        37,
        38,
        39,
        40,
        41,
        42,
        43,
        44,
        45,
        46,
        47,
        48,
        49,
        50,
        51,
        52,
        53,
        54,
        55,
        56,
        57,
        58,
        59,
        60,
        61,
        62,
        63,
        64
    ],
    "ellipse_area": 18246.23735499423,
    "fft_abs": [
        1056.2833078631465,
        3759.9673897547996,
        2193.398327123109
    ],
    "fft_bands": {
        "hf": [
            0.15,
            0.4
        ],
        "lf": [
            0.04,
            0.15
        ],
        "ulf": null,
        "vlf": [
            0.0,
            0.04
        ]
    },
    "fft_interpolation": "cubic",
    "fft_log": [
        6.9625117122458136,
        8.232165563408778,
        7.693207367639171
    ],
    "fft_nfft": 4096.0,
    "fft_norm": [
        63.15700342572973,
        36.84299657427028
    ],
    "fft_peak": [
        0.0087890625,
        0.0966796875,
        0.15625
    ],
    "fft_ratio": 1.714220049892362,
    "fft_rel": [
        15.06898996133643,
        53.639880919625604,
        31.291129119037965
    ],
    "fft_resampling_frequency": 4.0,
    "fft_total": 7009.649024741056,
    "fft_window": "hamming",
    "hr_max": 81.30081300813008,
    "hr_mean": 66.88366986658993,
    "hr_min": 52.35602094240838,
    "hr_std": 6.732722903430388,
    "lomb_abs": [
        263.82348470431225,
        898.4632061120667,
        1688.309619312116
    ],
    "lomb_bands": {
        "hf": [
            0.15,
            0.4
        ],
        "lf": [
            0.04,
            0.15
        ],
        "ulf": null,
        "vlf": [
            0.0,
            0.04
        ]
    },
    "lomb_log": [
        5.57528026097698,
        6.800685755036842,
        7.431483082098922
    ],
    "lomb_ma": "n/a",
    "lomb_nfft": 256.0,
    "lomb_norm": [
        34.73297683049285,
        65.26702316950714
    ],
    "lomb_peak": [
        0.00803921568627451,
        0.13988235294117646,
        0.21223529411764705
    ],
    "lomb_ratio": 0.5321673203983379,
    "lomb_rel": [
        9.255027931065413,
        31.51843012354026,
        59.22654194539432
    ],
    "lomb_total": 2850.596310128495,
    "nn20": 202.0,
    "nn50": 126.0,
    "nni_counter": 265.0,
    "nni_diff_max": 254.0,
    "nni_diff_mean": 54.708333333333336,
    "nni_diff_min": 0.0,
    "nni_max": 1146.0,
    "nni_mean": 906.0264150943397,
    "nni_min": 738.0,
    "pnn20": 76.51515151515152,
    "pnn50": 47.72727272727273,
    "rmssd": 70.75895381825926,
    "sampen": 1.4896590213520022,
    "sd1": 50.033051446886354,
    "sd2": 116.08242087565264,
    "sd_ratio": 2.3201147545214664,
    "sdann": "n/a",
    "sdnn": 89.70365383707056,
    "sdnn_index": "n/a",
    "sdsd": 44.96092691774621,
    "tinn": 257.8125,
    "tinn_m": 992.1875,
    "tinn_n": 734.375,
    "tri_index": 15.588235294117647
}