{
    "Comment": "None",
    "Name": "D:\\Users\\jp.botero\\Documents\\Bienestar & Tecnolog\u00eda\\HRV-Bienestar-Tecnologia\\HRV_Reports\\DarwinRodriguez1-10-12-2021\\HRV_sound.json",
    "ar_abs": [
        2094.3449593613204,
        4215.234562651785,
        7187.153574617718
    ],
    "ar_bands": {
        "hf": [
            0.15,
            0.4
        ],
        "lf": [
            0.04,
            0.15
        ],
        "ulf": null,
        "vlf": [
            0.0,
            0.04
        ]
    },
    "ar_interpolation": "cubic",
    "ar_log": [
        7.646996114902616,
        8.346460518389783,
        8.880050485629972
    ],
    "ar_nfft": 4096.0,
    "ar_norm": [
        36.96799750987248,
        63.03200249012752
    ],
    "ar_order": 16.0,
    "ar_peak": [
        0.0,
        0.0400390625,
        0.150390625
    ],
    "ar_ratio": 0.5864956855156657,
    "ar_rel": [
        15.517421470564086,
        31.231517527037933,
        53.25106100239798
    ],
    "ar_resampling_frequency": 4.0,
    "ar_total": 13496.733096630824,
    "dfa_alpha1": 0.8959024904583494,
    "dfa_alpha1_beats": [
        4,
        5,
        6,
        7,
        8,
        9,
        10,
        11,
        12,
        13,
        14,
        15,
        16
    ],
    "dfa_alpha2": 0.8199290620736751,
    "dfa_alpha2_beats": [
        17,
        18,
        19,
        20,
        21,
        22,
        23,
        24,
        25,
        26,
        27,
        28,
        29,
        30,
        31,
        32,
        33,
        34,
        35,
        36,
        37,
        38,
        39,
        40,
        41,
        42,
        43,
        44,
        45,
        46,
        47,
        48,
        49,
        50,
        51,
        52,
        53,
        54,
        55,
        56,
        57,
        58,
        59,
        60,
        61,
        62,
        63,
        64
    ],
    "ellipse_area": 65.81247969855859,
    "fft_abs": [
        3.2746743043281703,
        3.508307418967525,
        7.938759852438892
    ],
    "fft_bands": {
        "hf": [
            0.15,
            0.4
        ],
        "lf": [
            0.04,
            0.15
        ],
        "ulf": null,
        "vlf": [
            0.0,
            0.04
        ]
    },
    "fft_interpolation": "cubic",
    "fft_log": [
        1.186218415081729,
        1.2551337043554849,
        2.0717570731909793
    ],
    "fft_nfft": 4096.0,
    "fft_norm": [
        30.648089469439142,
        69.35191053056084
    ],
    "fft_peak": [
        0.037109375,
        0.0400390625,
        0.2587890625
    ],
    "fft_ratio": 0.441921343406014,
    "fft_rel": [
        22.2437969548774,
        23.830790677307938,
        53.925412367814666
    ],
    "fft_resampling_frequency": 4.0,
    "fft_total": 14.721741575734587,
    "fft_window": "hamming",
    "hr_max": 576.9230769230769,
    "hr_mean": 501.1496714017197,
    "hr_min": 441.1764705882353,
    "hr_std": 22.4189303259479,
    "lomb_abs": [
        329.23963371425333,
        880.9251116981434,
        1994.0962081285975
    ],
    "lomb_bands": {
        "hf": [
            0.15,
            0.4
        ],
        "lf": [
            0.04,
            0.15
        ],
        "ulf": null,
        "vlf": [
            0.0,
            0.04
        ]
    },
    "lomb_log": [
        5.796785855584852,
        6.780972618575305,
        7.597946198168578
    ],
    "lomb_ma": "n/a",
    "lomb_nfft": 256.0,
    "lomb_norm": [
        30.640646231841895,
        69.3593537681581
    ],
    "lomb_peak": [
        0.003215686274509804,
        0.0868235294117647,
        0.30870588235294116
    ],
    "lomb_ratio": 0.4417666048945886,
    "lomb_rel": [
        10.275056822398131,
        27.492302420770148,
        62.232640756831714
    ],
    "lomb_total": 3204.2609535409943,
    "nn20": 0.0,
    "nn50": 0.0,
    "nni_counter": 260.0,
    "nni_diff_max": 15.0,
    "nni_diff_mean": 3.629343629343629,
    "nni_diff_min": 0.0,
    "nni_max": 136.0,
    "nni_mean": 119.96153846153847,
    "nni_min": 104.0,
    "pnn20": 0.0,
    "pnn50": 0.0,
    "rmssd": 4.308562006482739,
    "sampen": 1.4915674603696014,
    "sd1": 3.046593839527475,
    "sd2": 6.876125937932823,
    "sd_ratio": 2.256988066055863,
    "sdann": "n/a",
    "sdnn": 5.328446057936346,
    "sdnn_index": "n/a",
    "sdsd": 2.3264713510706874,
    "tinn": 31.25,
    "tinn_m": 132.8125,
    "tinn_n": 101.5625,
    "tri_index": 1.9696969696969697
}