{
    "Comment": "None",
    "Name": "D:\\Users\\jp.botero\\Documents\\Bienestar & Tecnolog\u00eda\\HRV-Bienestar-Tecnologia\\HRV_Reports\\DarwinRodriguez1-10-12-2021\\HRV_video.json",
    "ar_abs": [
        2097.2503587036263,
        4191.571513207864,
        6997.411479555041
    ],
    "ar_bands": {
        "hf": [
            0.15,
            0.4
        ],
        "lf": [
            0.04,
            0.15
        ],
        "ulf": null,
        "vlf": [
            0.0,
            0.04
        ]
    },
    "ar_interpolation": "cubic",
    "ar_log": [
        7.648382412761615,
        8.340831005415813,
        8.85329557101378
    ],
    "ar_nfft": 4096.0,
    "ar_norm": [
        37.46159517731857,
        62.53840482268143
    ],
    "ar_order": 16.0,
    "ar_peak": [
        0.0,
        0.0400390625,
        0.150390625
    ],
    "ar_ratio": 0.5990174402998524,
    "ar_rel": [
        15.78513867116546,
        31.548230430148205,
        52.66663089868634
    ],
    "ar_resampling_frequency": 4.0,
    "ar_total": 13286.233351466532,
    "dfa_alpha1": 1.0270532769266438,
    "dfa_alpha1_beats": [
        4,
        5,
        6,
        7,
        8,
        9,
        10,
        11,
        12,
        13,
        14,
        15,
        16
    ],
    "dfa_alpha2": 0.7049115147159364,
    "dfa_alpha2_beats": [
        17,
        18,
        19,
        20,
        21,
        22,
        23,
        24,
        25,
        26,
        27,
        28,
        29,
        30,
        31,
        32,
        33,
        34,
        35,
        36,
        37,
        38,
        39,
        40,
        41,
        42,
        43,
        44,
        45,
        46,
        47,
        48,
        49,
        50,
        51,
        52,
        53,
        54,
        55,
        56,
        57,
        58,
        59,
        60,
        61,
        62,
        63,
        64
    ],
    "ellipse_area": 78.44768994838896,
    "fft_abs": [
        0.16422096459835056,
        4.625116338310608,
        6.31791727182372
    ],
    "fft_bands": {
        "hf": [
            0.15,
            0.4
        ],
        "lf": [
            0.04,
            0.15
        ],
        "ulf": null,
        "vlf": [
            0.0,
            0.04
        ]
    },
    "fft_interpolation": "cubic",
    "fft_log": [
        -1.8065424129009973,
        1.531501524877347,
        1.8433896082491705
    ],
    "fft_nfft": 4096.0,
    "fft_norm": [
        42.26539461623598,
        57.73460538376402
    ],
    "fft_peak": [
        0.0390625,
        0.0859375,
        0.3994140625
    ],
    "fft_ratio": 0.7320634537171661,
    "fft_rel": [
        1.478501852041173,
        41.64049997406242,
        56.880998173896415
    ],
    "fft_resampling_frequency": 4.0,
    "fft_total": 11.107254574732679,
    "fft_window": "hamming",
    "hr_max": 576.9230769230769,
    "hr_mean": 500.8293414770111,
    "hr_min": 447.76119402985074,
    "hr_std": 25.129197963841257,
    "lomb_abs": [
        333.3554723916507,
        796.4479593655166,
        1772.335829172191
    ],
    "lomb_bands": {
        "hf": [
            0.15,
            0.4
        ],
        "lf": [
            0.04,
            0.15
        ],
        "ulf": null,
        "vlf": [
            0.0,
            0.04
        ]
    },
    "lomb_log": [
        5.809209405283457,
        6.6801617905746635,
        7.480053633057275
    ],
    "lomb_ma": "n/a",
    "lomb_nfft": 256.0,
    "lomb_norm": [
        31.00486552894739,
        68.99513447105261
    ],
    "lomb_peak": [
        0.001607843137254902,
        0.13184313725490196,
        0.328
    ],
    "lomb_ratio": 0.4493775650507022,
    "lomb_rel": [
        11.486542940220572,
        27.4434783364072,
        61.06997872337222
    ],
    "lomb_total": 2902.1392609293584,
    "nn20": 0.0,
    "nn50": 0.0,
    "nni_counter": 262.0,
    "nni_diff_max": 15.0,
    "nni_diff_mean": 3.7624521072796937,
    "nni_diff_min": 0.0,
    "nni_max": 134.0,
    "nni_mean": 120.09541984732824,
    "nni_min": 104.0,
    "pnn20": 0.0,
    "pnn50": 0.0,
    "rmssd": 4.64692045679725,
    "sampen": 1.565342592568876,
    "sd1": 3.2853283494553653,
    "sd2": 7.600663496235491,
    "sd_ratio": 2.3135171549886366,
    "sdann": "n/a",
    "sdnn": 5.897793114051755,
    "sdnn_index": "n/a",
    "sdsd": 2.7324770606759983,
    "tinn": 31.25,
    "tinn_m": 132.8125,
    "tinn_n": 101.5625,
    "tri_index": 2.2203389830508473
}