{
    "Comment": "None",
    "Name": "C:\\Users\\facartesvirtual1\\Documents\\HRV-Bienestar-Tecnologia\\HRV_Reports\\Grupo_Control\\11-03-2022_AngelaRivera\\Momento_2.json",
    "ar_abs": [
        2456.6500960774933,
        5094.562588371363,
        9269.995429387734
    ],
    "ar_bands": {
        "hf": [
            0.15,
            0.4
        ],
        "lf": [
            0.04,
            0.15
        ],
        "ulf": null,
        "vlf": [
            0.0,
            0.04
        ]
    },
    "ar_interpolation": "cubic",
    "ar_log": [
        7.806553951340893,
        8.535929090817598,
        9.134538165505598
    ],
    "ar_nfft": 4096.0,
    "ar_norm": [
        35.46619799977755,
        64.53380200022245
    ],
    "ar_order": 16.0,
    "ar_peak": [
        0.0,
        0.0400390625,
        0.150390625
    ],
    "ar_ratio": 0.5495755232220054,
    "ar_rel": [
        14.604480721314728,
        30.28654395031673,
        55.10897532836855
    ],
    "ar_resampling_frequency": 4.0,
    "ar_total": 16821.20811383659,
    "dfa_alpha1": 1.027426133994857,
    "dfa_alpha1_beats": [
        4,
        5,
        6,
        7,
        8,
        9,
        10,
        11,
        12,
        13,
        14,
        15,
        16
    ],
    "dfa_alpha2": 0.7561850880487793,
    "dfa_alpha2_beats": [
        17,
        18,
        19,
        20,
        21,
        22,
        23,
        24,
        25,
        26,
        27,
        28,
        29,
        30,
        31,
        32,
        33,
        34,
        35,
        36,
        37,
        38,
        39,
        40,
        41,
        42,
        43,
        44,
        45,
        46,
        47,
        48,
        49,
        50,
        51,
        52,
        53,
        54,
        55,
        56,
        57,
        58,
        59,
        60,
        61,
        62,
        63,
        64
    ],
    "ellipse_area": 2693.395227431021,
    "fft_abs": [
        327.76613598335246,
        317.9451493512511,
        391.45475173774855
    ],
    "fft_bands": {
        "hf": [
            0.15,
            0.4
        ],
        "lf": [
            0.04,
            0.15
        ],
        "ulf": null,
        "vlf": [
            0.0,
            0.04
        ]
    },
    "fft_interpolation": "cubic",
    "fft_log": [
        5.792300354027966,
        5.761878881585881,
        5.969869932091715
    ],
    "fft_nfft": 4096.0,
    "fft_norm": [
        44.818888311539595,
        55.181111688460405
    ],
    "fft_peak": [
        0.0048828125,
        0.0400390625,
        0.203125
    ],
    "fft_ratio": 0.8122143055866019,
    "fft_rel": [
        31.602089180296566,
        30.655183257709336,
        37.7427275619941
    ],
    "fft_resampling_frequency": 4.0,
    "fft_total": 1037.166037072352,
    "fft_window": "hamming",
    "hr_max": 88.75739644970415,
    "hr_mean": 76.6523380794811,
    "hr_min": 67.87330316742081,
    "hr_std": 3.5525577705668208,
    "lomb_abs": [
        328.6297263269247,
        611.2218104691576,
        1469.6608227508261
    ],
    "lomb_bands": {
        "hf": [
            0.15,
            0.4
        ],
        "lf": [
            0.04,
            0.15
        ],
        "ulf": null,
        "vlf": [
            0.0,
            0.04
        ]
    },
    "lomb_log": [
        5.7949316650749605,
        6.415459921883753,
        7.292786920327302
    ],
    "lomb_ma": "n/a",
    "lomb_nfft": 256.0,
    "lomb_norm": [
        29.3731996563086,
        70.6268003436914
    ],
    "lomb_peak": [
        0.027333333333333334,
        0.04180392156862745,
        0.36498039215686273
    ],
    "lomb_ratio": 0.41589311017021463,
    "lomb_rel": [
        13.638847919780794,
        25.367033626011093,
        60.9941184542081
    ],
    "lomb_total": 2409.5123595469086,
    "nn20": 134.0,
    "nn50": 17.0,
    "nni_counter": 306.0,
    "nni_diff_max": 69.0,
    "nni_diff_mean": 20.022950819672133,
    "nni_diff_min": 0.0,
    "nni_max": 884.0,
    "nni_mean": 784.4215686274509,
    "nni_min": 676.0,
    "pnn20": 43.9344262295082,
    "pnn50": 5.573770491803279,
    "rmssd": 25.44096348314701,
    "sampen": 1.765016144252544,
    "sd1": 17.988766538599037,
    "sd2": 47.65942825773658,
    "sd_ratio": 2.649399454680359,
    "sdann": "n/a",
    "sdnn": 36.15588370807259,
    "sdnn_index": "n/a",
    "sdsd": 15.72050698763342,
    "tinn": 132.8125,
    "tinn_m": 851.5625,
    "tinn_n": 718.75,
    "tri_index": 8.5
}