{
    "Comment": "None",
    "Name": "C:\\Users\\facartesvirtual1\\Documents\\HRV-Bienestar-Tecnologia\\HRV_Reports\\Grupo_Control\\11-03-2022_AngelaRivera\\Momento_3.json",
    "ar_abs": [
        2454.917547864821,
        5119.726997409913,
        9232.589641400216
    ],
    "ar_bands": {
        "hf": [
            0.15,
            0.4
        ],
        "lf": [
            0.04,
            0.15
        ],
        "ulf": null,
        "vlf": [
            0.0,
            0.04
        ]
    },
    "ar_interpolation": "cubic",
    "ar_log": [
        7.805848454273508,
        8.540856395793572,
        9.130494856010774
    ],
    "ar_nfft": 4096.0,
    "ar_norm": [
        35.67178126188805,
        64.32821873811194
    ],
    "ar_order": 16.0,
    "ar_peak": [
        0.0,
        0.0400390625,
        0.150390625
    ],
    "ar_ratio": 0.5545277323333363,
    "ar_rel": [
        14.606314879643431,
        30.461448567599042,
        54.93223655275753
    ],
    "ar_resampling_frequency": 4.0,
    "ar_total": 16807.23418667495,
    "dfa_alpha1": 1.4244942378822747,
    "dfa_alpha1_beats": [
        4,
        5,
        6,
        7,
        8,
        9,
        10,
        11,
        12,
        13,
        14,
        15,
        16
    ],
    "dfa_alpha2": 1.0547329666782796,
    "dfa_alpha2_beats": [
        17,
        18,
        19,
        20,
        21,
        22,
        23,
        24,
        25,
        26,
        27,
        28,
        29,
        30,
        31,
        32,
        33,
        34,
        35,
        36,
        37,
        38,
        39,
        40,
        41,
        42,
        43,
        44,
        45,
        46,
        47,
        48,
        49,
        50,
        51,
        52,
        53,
        54,
        55,
        56,
        57,
        58,
        59,
        60,
        61,
        62,
        63,
        64
    ],
    "ellipse_area": 4137.652342419677,
    "fft_abs": [
        1015.850367300478,
        1389.606288944924,
        328.76597867812495
    ],
    "fft_bands": {
        "hf": [
            0.15,
            0.4
        ],
        "lf": [
            0.04,
            0.15
        ],
        "ulf": null,
        "vlf": [
            0.0,
            0.04
        ]
    },
    "fft_interpolation": "cubic",
    "fft_log": [
        6.923481341013154,
        7.236775740639829,
        5.795346186654927
    ],
    "fft_nfft": 4096.0,
    "fft_norm": [
        80.86759284512354,
        19.13240715487645
    ],
    "fft_peak": [
        0.005859375,
        0.0595703125,
        0.2294921875
    ],
    "fft_ratio": 4.22673384433553,
    "fft_rel": [
        37.153169399056274,
        50.82271908643568,
        12.02411151450804
    ],
    "fft_resampling_frequency": 4.0,
    "fft_total": 2734.222634923527,
    "fft_window": "hamming",
    "hr_max": 89.68609865470852,
    "hr_mean": 76.00140648597304,
    "hr_min": 66.1521499448732,
    "hr_std": 5.07696994709569,
    "lomb_abs": [
        524.338652056378,
        802.362842807692,
        1764.0593346508683
    ],
    "lomb_bands": {
        "hf": [
            0.15,
            0.4
        ],
        "lf": [
            0.04,
            0.15
        ],
        "ulf": null,
        "vlf": [
            0.0,
            0.04
        ]
    },
    "lomb_log": [
        6.262137758120751,
        6.687560928007815,
        7.4753728724244395
    ],
    "lomb_ma": "n/a",
    "lomb_nfft": 256.0,
    "lomb_norm": [
        31.263868036015978,
        68.73613196398402
    ],
    "lomb_peak": [
        0.00803921568627451,
        0.10450980392156863,
        0.36498039215686273
    ],
    "lomb_ratio": 0.45483892012424326,
    "lomb_rel": [
        16.96471131150796,
        25.96004307889505,
        57.07524560959699
    ],
    "lomb_total": 3090.7608295149385,
    "nn20": 132.0,
    "nn50": 22.0,
    "nni_counter": 303.0,
    "nni_diff_max": 77.0,
    "nni_diff_mean": 20.67549668874172,
    "nni_diff_min": 0.0,
    "nni_max": 907.0,
    "nni_mean": 792.8943894389439,
    "nni_min": 669.0,
    "pnn20": 43.70860927152318,
    "pnn50": 7.28476821192053,
    "rmssd": 26.33017557281691,
    "sampen": 1.276053686501464,
    "sd1": 18.617816378585413,
    "sd2": 70.74168202123886,
    "sd_ratio": 3.799676642133358,
    "sdann": "n/a",
    "sdnn": 51.75920497402563,
    "sdnn_index": "n/a",
    "sdsd": 16.3304943413708,
    "tinn": 234.375,
    "tinn_m": 906.25,
    "tinn_n": 671.875,
    "tri_index": 15.15
}