{
    "Comment": "None",
    "Name": "C:\\Users\\facartesvirtual1\\Documents\\HRV-Bienestar-Tecnologia\\HRV_Reports\\Grupo_Control\\11-03-2022_AngelaRivera\\Momento_6.json",
    "ar_abs": [
        2487.3967926362157,
        5155.407020109373,
        9459.64533288563
    ],
    "ar_bands": {
        "hf": [
            0.15,
            0.4
        ],
        "lf": [
            0.04,
            0.15
        ],
        "ulf": null,
        "vlf": [
            0.0,
            0.04
        ]
    },
    "ar_interpolation": "cubic",
    "ar_log": [
        7.8189919777744965,
        8.547801349708442,
        9.154790170104805
    ],
    "ar_nfft": 4096.0,
    "ar_norm": [
        35.27463943057923,
        64.72536056942077
    ],
    "ar_order": 16.0,
    "ar_peak": [
        0.0,
        0.0400390625,
        0.150390625
    ],
    "ar_ratio": 0.5449894619396618,
    "ar_rel": [
        14.544096997193034,
        30.14426165638569,
        55.31164134642128
    ],
    "ar_resampling_frequency": 4.0,
    "ar_total": 17102.449145631217,
    "dfa_alpha1": 1.3265376305561274,
    "dfa_alpha1_beats": [
        4,
        5,
        6,
        7,
        8,
        9,
        10,
        11,
        12,
        13,
        14,
        15,
        16
    ],
    "dfa_alpha2": 1.2374398909357536,
    "dfa_alpha2_beats": [
        17,
        18,
        19,
        20,
        21,
        22,
        23,
        24,
        25,
        26,
        27,
        28,
        29,
        30,
        31,
        32,
        33,
        34,
        35,
        36,
        37,
        38,
        39,
        40,
        41,
        42,
        43,
        44,
        45,
        46,
        47,
        48,
        49,
        50,
        51,
        52,
        53,
        54,
        55,
        56,
        57,
        58,
        59,
        60,
        61,
        62,
        63,
        64
    ],
    "ellipse_area": 4617.26175606324,
    "fft_abs": [
        1287.48442235402,
        657.4271807779986,
        215.3802883991869
    ],
    "fft_bands": {
        "hf": [
            0.15,
            0.4
        ],
        "lf": [
            0.04,
            0.15
        ],
        "ulf": null,
        "vlf": [
            0.0,
            0.04
        ]
    },
    "fft_interpolation": "cubic",
    "fft_log": [
        7.1604455333221875,
        6.488334006250057,
        5.372405248924757
    ],
    "fft_nfft": 4096.0,
    "fft_norm": [
        75.32327620864305,
        24.676723791356935
    ],
    "fft_peak": [
        0.00390625,
        0.0859375,
        0.1728515625
    ],
    "fft_ratio": 3.052401803639151,
    "fft_rel": [
        59.597706559989746,
        30.43233108244539,
        9.96996235756485
    ],
    "fft_resampling_frequency": 4.0,
    "fft_total": 2160.2918915312057,
    "fft_window": "hamming",
    "hr_max": 85.83690987124463,
    "hr_mean": 69.77808560295718,
    "hr_min": 61.47540983606557,
    "hr_std": 4.681003015763026,
    "lomb_abs": [
        393.09957962623196,
        742.4569080657335,
        1869.7777324309802
    ],
    "lomb_bands": {
        "hf": [
            0.15,
            0.4
        ],
        "lf": [
            0.04,
            0.15
        ],
        "ulf": null,
        "vlf": [
            0.0,
            0.04
        ]
    },
    "lomb_log": [
        5.974062963045996,
        6.609964832717578,
        7.533574843121685
    ],
    "lomb_ma": "n/a",
    "lomb_nfft": 256.0,
    "lomb_norm": [
        28.422290117267412,
        71.57770988273258
    ],
    "lomb_peak": [
        0.00803921568627451,
        0.09807843137254901,
        0.39231372549019605
    ],
    "lomb_ratio": 0.39708297686294114,
    "lomb_rel": [
        13.080062010878462,
        24.704636945017057,
        62.21530104410448
    ],
    "lomb_total": 3005.3342201229457,
    "nn20": 138.0,
    "nn50": 23.0,
    "nni_counter": 279.0,
    "nni_diff_max": 85.0,
    "nni_diff_mean": 22.384892086330936,
    "nni_diff_min": 0.0,
    "nni_max": 976.0,
    "nni_mean": 863.5448028673835,
    "nni_min": 699.0,
    "pnn20": 49.64028776978417,
    "pnn50": 8.273381294964029,
    "rmssd": 27.555111552339444,
    "sampen": 1.428494715610267,
    "sd1": 19.483206695765983,
    "sd2": 75.43522413959984,
    "sd_ratio": 3.8718074143304726,
    "sdann": "n/a",
    "sdnn": 55.24904992718592,
    "sdnn_index": "n/a",
    "sdsd": 16.097605776051438,
    "tinn": 218.75,
    "tinn_m": 960.9375,
    "tinn_n": 742.1875,
    "tri_index": 13.95
}