{
    "Comment": "None",
    "Name": "C:\\Users\\Juan Pablo Botero T\\OneDrive - Universidad de los Andes\\Documentos\\JPB\\Personal\\Bienestar y Tecnolog\u00eda\\Codigo\\HRV-Bienestar-Tecnologia\\HRV_Reports\\Experiencia_Mindfullness\\SofiaCerquera-17-03-2022\\HRV_final.json",
    "ar_abs": [
        2442.3129634599336,
        4986.285981951029,
        9450.068671809522
    ],
    "ar_bands": {
        "hf": [
            0.15,
            0.4
        ],
        "lf": [
            0.04,
            0.15
        ],
        "ulf": null,
        "vlf": [
            0.0,
            0.04
        ]
    },
    "ar_interpolation": "cubic",
    "ar_log": [
        7.800700805124031,
        8.514446619428432,
        9.153777287319535
    ],
    "ar_nfft": 4096.0,
    "ar_norm": [
        34.5397858499697,
        65.4602141500303
    ],
    "ar_order": 16.0,
    "ar_peak": [
        0.0,
        0.0400390625,
        0.150390625
    ],
    "ar_ratio": 0.5276454759345407,
    "ar_rel": [
        14.469820834484356,
        29.541940720864506,
        55.98823844465115
    ],
    "ar_resampling_frequency": 4.0,
    "ar_total": 16878.667617220482,
    "dfa_alpha1": 1.1397139430116001,
    "dfa_alpha1_beats": [
        4,
        5,
        6,
        7,
        8,
        9,
        10,
        11,
        12,
        13,
        14,
        15,
        16
    ],
    "dfa_alpha2": 0.7283011097268545,
    "dfa_alpha2_beats": [
        17,
        18,
        19,
        20,
        21,
        22,
        23,
        24,
        25,
        26,
        27,
        28,
        29,
        30,
        31,
        32,
        33,
        34,
        35,
        36,
        37,
        38,
        39,
        40,
        41,
        42,
        43,
        44,
        45,
        46,
        47,
        48,
        49,
        50,
        51,
        52,
        53,
        54,
        55,
        56,
        57,
        58,
        59,
        60,
        61,
        62,
        63,
        64
    ],
    "ellipse_area": 5187.382948510226,
    "fft_abs": [
        907.5341148971311,
        849.0361731050104,
        537.5654542499863
    ],
    "fft_bands": {
        "hf": [
            0.15,
            0.4
        ],
        "lf": [
            0.04,
            0.15
        ],
        "ulf": null,
        "vlf": [
            0.0,
            0.04
        ]
    },
    "fft_interpolation": "cubic",
    "fft_log": [
        6.810731157605585,
        6.74410179212339,
        6.287050527936613
    ],
    "fft_nfft": 4096.0,
    "fft_norm": [
        61.23144213558901,
        38.76855786441099
    ],
    "fft_peak": [
        0.0078125,
        0.1044921875,
        0.3154296875
    ],
    "fft_ratio": 1.5794098493356303,
    "fft_rel": [
        39.5588673408756,
        37.00897717026635,
        23.432155488858047
    ],
    "fft_resampling_frequency": 4.0,
    "fft_total": 2294.135742252128,
    "fft_window": "hamming",
    "hr_max": 109.89010989010988,
    "hr_mean": 90.74978528173635,
    "hr_min": 71.59904534606206,
    "hr_std": 6.70326392389097,
    "lomb_abs": [
        292.20072534911276,
        539.72873067631,
        1242.466786658167
    ],
    "lomb_bands": {
        "hf": [
            0.15,
            0.4
        ],
        "lf": [
            0.04,
            0.15
        ],
        "ulf": null,
        "vlf": [
            0.0,
            0.04
        ]
    },
    "lomb_log": [
        5.677440981685567,
        6.291066662738559,
        7.1248540265536775
    ],
    "lomb_ma": "n/a",
    "lomb_nfft": 256.0,
    "lomb_norm": [
        30.284484806894245,
        69.71551519310576
    ],
    "lomb_peak": [
        0.00803921568627451,
        0.10290196078431373,
        0.22509803921568627
    ],
    "lomb_ratio": 0.4344009324611448,
    "lomb_rel": [
        14.08606125178383,
        26.018593727207957,
        59.89534502100822
    ],
    "lomb_total": 2074.3962426835897,
    "nn20": 187.0,
    "nn50": 56.0,
    "nni_counter": 362.0,
    "nni_diff_max": 123.0,
    "nni_diff_mean": 26.343490304709142,
    "nni_diff_min": 0.0,
    "nni_max": 838.0,
    "nni_mean": 664.8563535911602,
    "nni_min": 546.0,
    "pnn20": 51.8005540166205,
    "pnn50": 15.512465373961218,
    "rmssd": 34.87166817055402,
    "sampen": 1.3842556244300424,
    "sd1": 24.65761182202461,
    "sd2": 66.96493106672845,
    "sd_ratio": 2.7157914379572725,
    "sdann": "n/a",
    "sdnn": 50.4930957236011,
    "sdnn_index": "n/a",
    "sdsd": 22.880207798336198,
    "tinn": 195.3125,
    "tinn_m": 773.4375,
    "tinn_n": 578.125,
    "tri_index": 12.482758620689655
}