{
    "Comment": "None",
    "Name": "C:\\Users\\facartesvirtual1\\Documents\\HRV-Bienestar-Tecnologia\\HRV_Reports\\Experiencia_Mindfullness\\31-03-2022_SilvanaEscobar\\HRV_sound.json",
    "ar_abs": [
        2363.0378958171127,
        4755.262355263192,
        8536.376287521904
    ],
    "ar_bands": {
        "hf": [
            0.15,
            0.4
        ],
        "lf": [
            0.04,
            0.15
        ],
        "ulf": null,
        "vlf": [
            0.0,
            0.04
        ]
    },
    "ar_interpolation": "cubic",
    "ar_log": [
        7.767703314221714,
        8.46700714806588,
        9.052091874428205
    ],
    "ar_nfft": 4096.0,
    "ar_norm": [
        35.776343933668564,
        64.22365606633144
    ],
    "ar_order": 16.0,
    "ar_peak": [
        0.0,
        0.0400390625,
        0.150390625
    ],
    "ar_ratio": 0.5570586622586242,
    "ar_rel": [
        15.094773053855166,
        30.375986009914612,
        54.52924093623022
    ],
    "ar_resampling_frequency": 4.0,
    "ar_total": 15654.676538602209,
    "dfa_alpha1": 1.0484553791243403,
    "dfa_alpha1_beats": [
        4,
        5,
        6,
        7,
        8,
        9,
        10,
        11,
        12,
        13,
        14,
        15,
        16
    ],
    "dfa_alpha2": 0.78511259274655,
    "dfa_alpha2_beats": [
        17,
        18,
        19,
        20,
        21,
        22,
        23,
        24,
        25,
        26,
        27,
        28,
        29,
        30,
        31,
        32,
        33,
        34,
        35,
        36,
        37,
        38,
        39,
        40,
        41,
        42,
        43,
        44,
        45,
        46,
        47,
        48,
        49,
        50,
        51,
        52,
        53,
        54,
        55,
        56,
        57,
        58,
        59,
        60,
        61,
        62,
        63,
        64
    ],
    "ellipse_area": 625.2184397955896,
    "fft_abs": [
        88.76317348503169,
        88.68186731563966,
        66.48134993390474
    ],
    "fft_bands": {
        "hf": [
            0.15,
            0.4
        ],
        "lf": [
            0.04,
            0.15
        ],
        "ulf": null,
        "vlf": [
            0.0,
            0.04
        ]
    },
    "fft_interpolation": "cubic",
    "fft_log": [
        4.4859718509745035,
        4.485055441310809,
        4.196921456206025
    ],
    "fft_nfft": 4096.0,
    "fft_norm": [
        57.15392403408035,
        42.84607596591965
    ],
    "fft_peak": [
        0.0029296875,
        0.0634765625,
        0.2001953125
    ],
    "fft_ratio": 1.3339360197078807,
    "fft_rel": [
        36.389327623683684,
        36.35599536752757,
        27.254677008788757
    ],
    "fft_resampling_frequency": 4.0,
    "fft_total": 243.92639073457607,
    "fft_window": "hamming",
    "hr_max": 106.95187165775401,
    "hr_mean": 100.83516018787378,
    "hr_min": 89.68609865470852,
    "hr_std": 3.10092723304772,
    "lomb_abs": [
        164.28542812947134,
        591.6888891216778,
        1322.6620610817233
    ],
    "lomb_bands": {
        "hf": [
            0.15,
            0.4
        ],
        "lf": [
            0.04,
            0.15
        ],
        "ulf": null,
        "vlf": [
            0.0,
            0.04
        ]
    },
    "lomb_log": [
        5.101605330479856,
        6.382980971614974,
        7.187401697685523
    ],
    "lomb_ma": "n/a",
    "lomb_nfft": 256.0,
    "lomb_norm": [
        30.908067774031213,
        69.09193222596878
    ],
    "lomb_peak": [
        0.00803921568627451,
        0.13184313725490196,
        0.28458823529411764
    ],
    "lomb_ratio": 0.4473469879658997,
    "lomb_rel": [
        7.90351933805917,
        28.465242660490226,
        63.631238001450605
    ],
    "lomb_total": 2078.6363783328725,
    "nn20": 31.0,
    "nn50": 0.0,
    "nni_counter": 405.0,
    "nni_diff_max": 39.0,
    "nni_diff_mean": 8.28960396039604,
    "nni_diff_min": 0.0,
    "nni_max": 669.0,
    "nni_mean": 595.6098765432099,
    "nni_min": 561.0,
    "pnn20": 7.673267326732673,
    "pnn50": 0.0,
    "rmssd": 11.079930120950607,
    "sampen": 1.5363347665756637,
    "sd1": 7.83414453410936,
    "sd2": 25.40331105008985,
    "sd_ratio": 3.242640078886147,
    "sdann": "n/a",
    "sdnn": 18.906646671238594,
    "sdnn_index": "n/a",
    "sdsd": 7.360803632465431,
    "tinn": 78.125,
    "tinn_m": 632.8125,
    "tinn_n": 554.6875,
    "tri_index": 5.1923076923076925
}