{
    "Comment": "None",
    "Name": "C:\\Users\\admin\\HRV-Bienestar-Tecnologia\\HRV_Reports\\Experiencia_Mindfullness\\25-03-2022_AlejandroVillaizan\\HRV_sound.json",
    "ar_abs": [
        2538.242113322252,
        5392.931762482788,
        10625.913869080803
    ],
    "ar_bands": {
        "hf": [
            0.15,
            0.4
        ],
        "lf": [
            0.04,
            0.15
        ],
        "ulf": null,
        "vlf": [
            0.0,
            0.04
        ]
    },
    "ar_interpolation": "cubic",
    "ar_log": [
        7.839227039044525,
        8.592844442277906,
        9.27105100130147
    ],
    "ar_nfft": 4096.0,
    "ar_norm": [
        33.66616975106206,
        66.33383024893794
    ],
    "ar_order": 16.0,
    "ar_peak": [
        0.0,
        0.0400390625,
        0.150390625
    ],
    "ar_ratio": 0.5075263952755251,
    "ar_rel": [
        13.678019677531392,
        29.061304427840668,
        57.26067589462793
    ],
    "ar_resampling_frequency": 4.0,
    "ar_total": 18557.087744885845,
    "dfa_alpha1": 0.8598273525446349,
    "dfa_alpha1_beats": [
        4,
        5,
        6,
        7,
        8,
        9,
        10,
        11,
        12,
        13,
        14,
        15,
        16
    ],
    "dfa_alpha2": 0.6227351950664681,
    "dfa_alpha2_beats": [
        17,
        18,
        19,
        20,
        21,
        22,
        23,
        24,
        25,
        26,
        27,
        28,
        29,
        30,
        31,
        32,
        33,
        34,
        35,
        36,
        37,
        38,
        39,
        40,
        41,
        42,
        43,
        44,
        45,
        46,
        47,
        48,
        49,
        50,
        51,
        52,
        53,
        54,
        55,
        56,
        57,
        58,
        59,
        60,
        61,
        62,
        63,
        64
    ],
    "ellipse_area": 29510.186328277196,
    "fft_abs": [
        4045.994007227611,
        4165.788359718796,
        4535.767073488514
    ],
    "fft_bands": {
        "hf": [
            0.15,
            0.4
        ],
        "lf": [
            0.04,
            0.15
        ],
        "ulf": null,
        "vlf": [
            0.0,
            0.04
        ]
    },
    "fft_interpolation": "cubic",
    "fft_log": [
        8.305482536566833,
        8.334660818734687,
        8.419749493447236
    ],
    "fft_nfft": 4096.0,
    "fft_norm": [
        47.87406563912822,
        52.12593436087178
    ],
    "fft_peak": [
        0.00390625,
        0.1259765625,
        0.349609375
    ],
    "fft_ratio": 0.9184308391997821,
    "fft_rel": [
        31.739386665124947,
        32.67913083360959,
        35.581482501265455
    ],
    "fft_resampling_frequency": 4.0,
    "fft_total": 12747.549440434921,
    "fft_window": "hamming",
    "hr_max": 75.0,
    "hr_mean": 58.740607008811395,
    "hr_min": 43.10344827586207,
    "hr_std": 5.542178206747232,
    "lomb_abs": [
        471.1632826657631,
        743.5374080245307,
        2404.9928747244385
    ],
    "lomb_bands": {
        "hf": [
            0.15,
            0.4
        ],
        "lf": [
            0.04,
            0.15
        ],
        "ulf": null,
        "vlf": [
            0.0,
            0.04
        ]
    },
    "lomb_log": [
        6.155204706265912,
        6.611419078050176,
        7.785302219842932
    ],
    "lomb_ma": "n/a",
    "lomb_nfft": 256.0,
    "lomb_norm": [
        23.61538055067875,
        76.38461944932126
    ],
    "lomb_peak": [
        0.02572549019607843,
        0.07556862745098039,
        0.36498039215686273
    ],
    "lomb_ratio": 0.30916407937787527,
    "lomb_rel": [
        13.016662160786499,
        20.541446246412814,
        66.44189159280069
    ],
    "lomb_total": 3619.6935654147323,
    "nn20": 206.0,
    "nn50": 150.0,
    "nni_counter": 233.0,
    "nni_diff_max": 407.0,
    "nni_diff_mean": 84.32758620689656,
    "nni_diff_min": 0.0,
    "nni_max": 1392.0,
    "nni_mean": 1031.0042918454935,
    "nni_min": 800.0,
    "pnn20": 88.79310344827587,
    "pnn50": 64.65517241379311,
    "rmssd": 107.34885123777043,
    "sampen": 2.157077509322807,
    "sd1": 75.90692223207795,
    "sd2": 123.74871454670529,
    "sd_ratio": 1.630269162651013,
    "sdann": "n/a",
    "sdnn": 102.72399821408274,
    "sdnn_index": "n/a",
    "sdsd": 66.57128794430798,
    "tinn": 156.25,
    "tinn_m": 1046.875,
    "tinn_n": 890.625,
    "tri_index": 12.263157894736842
}