{
    "Comment": "None",
    "Name": "C:\\Users\\admin\\HRV-Bienestar-Tecnologia\\HRV_Reports\\Experiencia_Mindfullness\\25-03-2022_AlejandroVillaizan\\HRV_video.json",
    "ar_abs": [
        2597.94988403541,
        5319.808487319974,
        10486.489233981498
    ],
    "ar_bands": {
        "hf": [
            0.15,
            0.4
        ],
        "lf": [
            0.04,
            0.15
        ],
        "ulf": null,
        "vlf": [
            0.0,
            0.04
        ]
    },
    "ar_interpolation": "cubic",
    "ar_log": [
        7.862477906834868,
        8.579192583063659,
        9.257842967964542
    ],
    "ar_nfft": 4096.0,
    "ar_norm": [
        33.656258923623184,
        66.34374107637682
    ],
    "ar_order": 16.0,
    "ar_peak": [
        0.0,
        0.0400390625,
        0.3095703125
    ],
    "ar_ratio": 0.507301191907118,
    "ar_rel": [
        14.11603418811891,
        28.905329907522713,
        56.97863590435838
    ],
    "ar_resampling_frequency": 4.0,
    "ar_total": 18404.24760533688,
    "dfa_alpha1": 0.9418901386306813,
    "dfa_alpha1_beats": [
        4,
        5,
        6,
        7,
        8,
        9,
        10,
        11,
        12,
        13,
        14,
        15,
        16
    ],
    "dfa_alpha2": 0.9306918213758872,
    "dfa_alpha2_beats": [
        17,
        18,
        19,
        20,
        21,
        22,
        23,
        24,
        25,
        26,
        27,
        28,
        29,
        30,
        31,
        32,
        33,
        34,
        35,
        36,
        37,
        38,
        39,
        40,
        41,
        42,
        43,
        44,
        45,
        46,
        47,
        48,
        49,
        50,
        51,
        52,
        53,
        54,
        55,
        56,
        57,
        58,
        59,
        60,
        61,
        62,
        63,
        64
    ],
    "ellipse_area": 19136.177674440078,
    "fft_abs": [
        1492.570394376706,
        2919.674055345615,
        2204.665076951052
    ],
    "fft_bands": {
        "hf": [
            0.15,
            0.4
        ],
        "lf": [
            0.04,
            0.15
        ],
        "ulf": null,
        "vlf": [
            0.0,
            0.04
        ]
    },
    "fft_interpolation": "cubic",
    "fft_log": [
        7.308255009566032,
        7.979227264150168,
        7.698330883804901
    ],
    "fft_nfft": 4096.0,
    "fft_norm": [
        56.976596980946745,
        43.02340301905326
    ],
    "fft_peak": [
        0.01953125,
        0.103515625,
        0.32421875
    ],
    "fft_ratio": 1.324316371620213,
    "fft_rel": [
        22.55691102258565,
        44.12443669625736,
        33.31865228115699
    ],
    "fft_resampling_frequency": 4.0,
    "fft_total": 6616.909526673373,
    "fft_window": "hamming",
    "hr_max": 73.61963190184049,
    "hr_mean": 59.73409281816725,
    "hr_min": 45.90665646518745,
    "hr_std": 4.648412194765235,
    "lomb_abs": [
        276.7347458406783,
        840.3580168320635,
        2717.2717282714775
    ],
    "lomb_bands": {
        "hf": [
            0.15,
            0.4
        ],
        "lf": [
            0.04,
            0.15
        ],
        "ulf": null,
        "vlf": [
            0.0,
            0.04
        ]
    },
    "lomb_log": [
        5.623059451156105,
        6.733828011549819,
        7.907383614831042
    ],
    "lomb_ma": "n/a",
    "lomb_nfft": 256.0,
    "lomb_norm": [
        23.621289370785995,
        76.37871062921401
    ],
    "lomb_peak": [
        0.02572549019607843,
        0.10933333333333334,
        0.36498039215686273
    ],
    "lomb_ratio": 0.3092653591058542,
    "lomb_rel": [
        7.217225866092136,
        21.916487564413153,
        70.86628656949472
    ],
    "lomb_total": 3834.364490944219,
    "nn20": 199.0,
    "nn50": 143.0,
    "nni_counter": 238.0,
    "nni_diff_max": 277.0,
    "nni_diff_mean": 73.90295358649789,
    "nni_diff_min": 0.0,
    "nni_max": 1307.0,
    "nni_mean": 1010.6974789915967,
    "nni_min": 815.0,
    "pnn20": 83.96624472573839,
    "pnn50": 60.337552742616026,
    "rmssd": 90.5484228335156,
    "sampen": 1.8630224892495457,
    "sd1": 64.02736703797352,
    "sd2": 95.13485903506249,
    "sd_ratio": 1.4858468095156818,
    "sdann": "n/a",
    "sdnn": 81.14601670675508,
    "sdnn_index": "n/a",
    "sdsd": 52.43061467927056,
    "tinn": 93.75,
    "tinn_m": 1007.8125,
    "tinn_n": 914.0625,
    "tri_index": 9.52
}