{
    "Comment": "None",
    "Name": "C:\\Users\\admin\\HRV-Bienestar-Tecnologia\\HRV_Reports\\Experiencia_Mindfullness\\28-03-2022_PaulaEugenio\\HRV_interactive.json",
    "ar_abs": [
        2445.4104116185003,
        5207.763746221849,
        9698.994603143685
    ],
    "ar_bands": {
        "hf": [
            0.15,
            0.4
        ],
        "lf": [
            0.04,
            0.15
        ],
        "ulf": null,
        "vlf": [
            0.0,
            0.04
        ]
    },
    "ar_interpolation": "cubic",
    "ar_log": [
        7.801968245335155,
        8.557905819230767,
        9.179777509959084
    ],
    "ar_nfft": 4096.0,
    "ar_norm": [
        34.935588436928704,
        65.0644115630713
    ],
    "ar_order": 16.0,
    "ar_peak": [
        0.0,
        0.0400390625,
        0.150390625
    ],
    "ar_ratio": 0.5369385136613937,
    "ar_rel": [
        14.09282289322215,
        30.012177831807342,
        55.894999274970516
    ],
    "ar_resampling_frequency": 4.0,
    "ar_total": 17352.168760984034,
    "dfa_alpha1": 1.0882258322395275,
    "dfa_alpha1_beats": [
        4,
        5,
        6,
        7,
        8,
        9,
        10,
        11,
        12,
        13,
        14,
        15,
        16
    ],
    "dfa_alpha2": 1.1501320650787907,
    "dfa_alpha2_beats": [
        17,
        18,
        19,
        20,
        21,
        22,
        23,
        24,
        25,
        26,
        27,
        28,
        29,
        30,
        31,
        32,
        33,
        34,
        35,
        36,
        37,
        38,
        39,
        40,
        41,
        42,
        43,
        44,
        45,
        46,
        47,
        48,
        49,
        50,
        51,
        52,
        53,
        54,
        55,
        56,
        57,
        58,
        59,
        60,
        61,
        62,
        63,
        64
    ],
    "ellipse_area": 14704.492534367673,
    "fft_abs": [
        2121.014128890518,
        979.4734226786223,
        1129.237684153551
    ],
    "fft_bands": {
        "hf": [
            0.15,
            0.4
        ],
        "lf": [
            0.04,
            0.15
        ],
        "ulf": null,
        "vlf": [
            0.0,
            0.04
        ]
    },
    "fft_interpolation": "cubic",
    "fft_log": [
        7.659649615971311,
        6.88701510345713,
        7.029298068257442
    ],
    "fft_nfft": 4096.0,
    "fft_norm": [
        46.448914671391066,
        53.551085328608934
    ],
    "fft_peak": [
        0.025390625,
        0.1015625,
        0.2138671875
    ],
    "fft_ratio": 0.867375784941867,
    "fft_rel": [
        50.1454352395569,
        23.15690424537161,
        26.69766051507148
    ],
    "fft_resampling_frequency": 4.0,
    "fft_total": 4229.725235722692,
    "fft_window": "hamming",
    "hr_max": 123.96694214876032,
    "hr_mean": 87.83482385570706,
    "hr_min": 55.762081784386616,
    "hr_std": 11.953148907743426,
    "lomb_abs": [
        200.56566113993446,
        552.6788740783354,
        1260.8666482456724
    ],
    "lomb_bands": {
        "hf": [
            0.15,
            0.4
        ],
        "lf": [
            0.04,
            0.15
        ],
        "ulf": null,
        "vlf": [
            0.0,
            0.04
        ]
    },
    "lomb_log": [
        5.301141680116683,
        6.314777134982831,
        7.139554579576457
    ],
    "lomb_ma": "n/a",
    "lomb_nfft": 256.0,
    "lomb_norm": [
        30.475048311447562,
        69.52495168855243
    ],
    "lomb_peak": [
        0.00803921568627451,
        0.05627450980392157,
        0.20258823529411765
    ],
    "lomb_ratio": 0.438332534885679,
    "lomb_rel": [
        9.958023310063464,
        27.440335896840512,
        62.601640793096024
    ],
    "lomb_total": 2014.1111834639423,
    "nn20": 194.0,
    "nn50": 70.0,
    "nni_counter": 346.0,
    "nni_diff_max": 238.0,
    "nni_diff_mean": 33.82028985507247,
    "nni_diff_min": 0.0,
    "nni_max": 1076.0,
    "nni_mean": 695.7803468208092,
    "nni_min": 484.0,
    "pnn20": 56.231884057971016,
    "pnn50": 20.28985507246377,
    "rmssd": 50.270745231068105,
    "sampen": 0.9807090534803597,
    "sd1": 35.545383482451186,
    "sd2": 131.67913485349754,
    "sd_ratio": 3.7045354966702706,
    "sdann": "n/a",
    "sdnn": 96.53515251246048,
    "sdnn_index": "n/a",
    "sdsd": 37.247243458604785,
    "tinn": 226.5625,
    "tinn_m": 789.0625,
    "tinn_n": 562.5,
    "tri_index": 15.727272727272727
}