{
    "Comment": "None",
    "Name": "C:\\Users\\Juan Pablo Botero T\\OneDrive - Universidad de los Andes\\Documentos\\JPB\\Personal\\Bienestar y Tecnolog\u00eda\\Codigo\\HRV-Bienestar-Tecnologia\\HRV_Reports\\JuanPabloSoto-10-12-2021\\HRV_baseline_1.json",
    "ar_abs": [
        2437.032070271401,
        4980.360475497725,
        8542.906089031369
    ],
    "ar_bands": {
        "hf": [
            0.15,
            0.4
        ],
        "lf": [
            0.04,
            0.15
        ],
        "ulf": null,
        "vlf": [
            0.0,
            0.04
        ]
    },
    "ar_interpolation": "cubic",
    "ar_log": [
        7.798536213272471,
        8.513257552037155,
        9.052856520352274
    ],
    "ar_nfft": 4096.0,
    "ar_norm": [
        36.828087738512686,
        63.17191226148731
    ],
    "ar_order": 16.0,
    "ar_peak": [
        0.0,
        0.0400390625,
        0.150390625
    ],
    "ar_ratio": 0.5829819997544208,
    "ar_rel": [
        15.269338788922129,
        31.2046822522377,
        53.525978958840184
    ],
    "ar_resampling_frequency": 4.0,
    "ar_total": 15960.298634800494,
    "dfa_alpha1": 1.711223713521087,
    "dfa_alpha1_beats": [
        4,
        5,
        6,
        7,
        8,
        9,
        10,
        11,
        12,
        13,
        14,
        15,
        16
    ],
    "dfa_alpha2": 0.8103384527401558,
    "dfa_alpha2_beats": [
        17,
        18,
        19,
        20,
        21,
        22,
        23,
        24,
        25,
        26,
        27,
        28,
        29,
        30,
        31,
        32,
        33,
        34,
        35,
        36,
        37,
        38,
        39,
        40,
        41,
        42,
        43,
        44,
        45,
        46,
        47,
        48,
        49,
        50,
        51,
        52,
        53,
        54,
        55,
        56,
        57,
        58,
        59,
        60,
        61,
        62,
        63,
        64
    ],
    "ellipse_area": 2491.685555875013,
    "fft_abs": [
        360.32991588956855,
        1441.6677637189198,
        156.31995061119966
    ],
    "fft_bands": {
        "hf": [
            0.15,
            0.4
        ],
        "lf": [
            0.04,
            0.15
        ],
        "ulf": null,
        "vlf": [
            0.0,
            0.04
        ]
    },
    "fft_interpolation": "cubic",
    "fft_log": [
        5.887020044808368,
        7.273555891658681,
        5.051904872347644
    ],
    "fft_nfft": 4096.0,
    "fft_norm": [
        90.21770009810562,
        9.782299901894389
    ],
    "fft_peak": [
        0.0283203125,
        0.0654296875,
        0.15625
    ],
    "fft_ratio": 9.222544902823367,
    "fft_rel": [
        18.399973034463567,
        73.61766760774097,
        7.982359357795465
    ],
    "fft_resampling_frequency": 4.0,
    "fft_total": 1958.317630219688,
    "fft_window": "hamming",
    "hr_max": 109.89010989010988,
    "hr_mean": 97.54587773409297,
    "hr_min": 75.75757575757575,
    "hr_std": 6.353095369455107,
    "lomb_abs": [
        211.621517445632,
        535.1915427282373,
        1226.6951219138634
    ],
    "lomb_bands": {
        "hf": [
            0.15,
            0.4
        ],
        "lf": [
            0.04,
            0.15
        ],
        "ulf": null,
        "vlf": [
            0.0,
            0.04
        ]
    },
    "lomb_log": [
        5.3547993840657115,
        6.28262470661188,
        7.112078939438204
    ],
    "lomb_ma": "n/a",
    "lomb_nfft": 256.0,
    "lomb_norm": [
        30.376048214029307,
        69.6239517859707
    ],
    "lomb_peak": [
        0.00803921568627451,
        0.14792156862745098,
        0.3344313725490196
    ],
    "lomb_ratio": 0.43628733266114483,
    "lomb_rel": [
        10.723113254172683,
        27.118790161896843,
        62.15809658393048
    ],
    "lomb_total": 1973.5081820877326,
    "nn20": 60.0,
    "nn50": 12.0,
    "nni_counter": 390.0,
    "nni_diff_max": 130.0,
    "nni_diff_mean": 11.7866323907455,
    "nni_diff_min": 0.0,
    "nni_max": 792.0,
    "nni_mean": 617.9384615384615,
    "nni_min": 546.0,
    "pnn20": 15.424164524421593,
    "pnn50": 3.0848329048843186,
    "rmssd": 18.441249727627177,
    "sampen": 0.5602335398995827,
    "sd1": 13.039904229161136,
    "sd2": 60.82315726849422,
    "sd_ratio": 4.664386808338316,
    "sdann": "n/a",
    "sdnn": 43.99060787457488,
    "sdnn_index": "n/a",
    "sdsd": 14.201177031989165,
    "tinn": 70.3125,
    "tinn_m": 640.625,
    "tinn_n": 570.3125,
    "tri_index": 5.82089552238806
}