{
    "Comment": "None",
    "Name": "C:\\Users\\Juan Pablo Botero T\\OneDrive - Universidad de los Andes\\Documentos\\JPB\\Personal\\Bienestar y Tecnolog\u00eda\\Codigo\\HRV-Bienestar-Tecnologia\\HRV_Reports\\JuanPabloSoto-10-12-2021\\HRV_interactive.json",
    "ar_abs": [
        2401.225651972136,
        4866.907859087615,
        8595.886222606125
    ],
    "ar_bands": {
        "hf": [
            0.15,
            0.4
        ],
        "lf": [
            0.04,
            0.15
        ],
        "ulf": null,
        "vlf": [
            0.0,
            0.04
        ]
    },
    "ar_interpolation": "cubic",
    "ar_log": [
        7.783734574300858,
        8.490214077886755,
        9.059039021588964
    ],
    "ar_nfft": 4096.0,
    "ar_norm": [
        36.150800714581784,
        63.84919928541821
    ],
    "ar_order": 16.0,
    "ar_peak": [
        0.0,
        0.0400390625,
        0.150390625
    ],
    "ar_ratio": 0.5661903535075006,
    "ar_rel": [
        15.136300208177175,
        30.678906990762833,
        54.18479280106
    ],
    "ar_resampling_frequency": 4.0,
    "ar_total": 15864.019733665875,
    "dfa_alpha1": 1.557648069567913,
    "dfa_alpha1_beats": [
        4,
        5,
        6,
        7,
        8,
        9,
        10,
        11,
        12,
        13,
        14,
        15,
        16
    ],
    "dfa_alpha2": 1.1372510531169622,
    "dfa_alpha2_beats": [
        17,
        18,
        19,
        20,
        21,
        22,
        23,
        24,
        25,
        26,
        27,
        28,
        29,
        30,
        31,
        32,
        33,
        34,
        35,
        36,
        37,
        38,
        39,
        40,
        41,
        42,
        43,
        44,
        45,
        46,
        47,
        48,
        49,
        50,
        51,
        52,
        53,
        54,
        55,
        56,
        57,
        58,
        59,
        60,
        61,
        62,
        63,
        64
    ],
    "ellipse_area": 2881.97788653761,
    "fft_abs": [
        1550.042027436846,
        810.2909440254011,
        76.3490063603527
    ],
    "fft_bands": {
        "hf": [
            0.15,
            0.4
        ],
        "lf": [
            0.04,
            0.15
        ],
        "ulf": null,
        "vlf": [
            0.0,
            0.04
        ]
    },
    "fft_interpolation": "cubic",
    "fft_log": [
        7.346037324021086,
        6.6973933733279605,
        4.335315017308216
    ],
    "fft_nfft": 4096.0,
    "fft_norm": [
        91.38895034820669,
        8.611049651793294
    ],
    "fft_peak": [
        0.0029296875,
        0.0908203125,
        0.353515625
    ],
    "fft_ratio": 10.612986110139834,
    "fft_rel": [
        63.6128161797278,
        33.25386535461927,
        3.1333184656529367
    ],
    "fft_resampling_frequency": 4.0,
    "fft_total": 2436.6819778225995,
    "fft_window": "hamming",
    "hr_max": 118.34319526627219,
    "hr_mean": 101.05107485722294,
    "hr_min": 79.6812749003984,
    "hr_std": 9.797145913675873,
    "lomb_abs": [
        224.2154483298904,
        518.9764802811861,
        1125.4895017539006
    ],
    "lomb_bands": {
        "hf": [
            0.15,
            0.4
        ],
        "lf": [
            0.04,
            0.15
        ],
        "ulf": null,
        "vlf": [
            0.0,
            0.04
        ]
    },
    "lomb_log": [
        5.412607412501071,
        6.251858564761735,
        7.025973332674586
    ],
    "lomb_ma": "n/a",
    "lomb_nfft": 256.0,
    "lomb_norm": [
        31.55896722405494,
        68.44103277594508
    ],
    "lomb_peak": [
        0.001607843137254902,
        0.06431372549019608,
        0.3746274509803922
    ],
    "lomb_ratio": 0.4611117913338524,
    "lomb_rel": [
        11.998591342885998,
        27.77233571480525,
        60.22907294230876
    ],
    "lomb_total": 1868.6814303649771,
    "nn20": 61.0,
    "nn50": 6.0,
    "nni_counter": 403.0,
    "nni_diff_max": 70.0,
    "nni_diff_mean": 10.402985074626866,
    "nni_diff_min": 0.0,
    "nni_max": 753.0,
    "nni_mean": 599.7196029776675,
    "nni_min": 507.0,
    "pnn20": 15.17412935323383,
    "pnn50": 1.4925373134328357,
    "rmssd": 14.962307534807897,
    "sampen": 0.5824799566471018,
    "sd1": 10.577981411887096,
    "sd2": 86.72373464535444,
    "sd_ratio": 8.198514562324519,
    "sdann": "n/a",
    "sdnn": 61.881312234163886,
    "sdnn_index": "n/a",
    "sdsd": 10.767402132041571,
    "tinn": 125.0,
    "tinn_m": 632.8125,
    "tinn_n": 507.8125,
    "tri_index": 10.605263157894736
}