{
    "Comment": "None",
    "Name": "C:\\Users\\admin\\HRV-Bienestar-Tecnologia\\HRV_Reports\\Experiencia_Mindfullness\\IdalyGuiza-14-03-2022\\HRV_video.json",
    "ar_abs": [
        2489.362659342389,
        5044.118084052197,
        9210.514452734977
    ],
    "ar_bands": {
        "hf": [
            0.15,
            0.4
        ],
        "lf": [
            0.04,
            0.15
        ],
        "ulf": null,
        "vlf": [
            0.0,
            0.04
        ]
    },
    "ar_interpolation": "cubic",
    "ar_log": [
        7.819781996591917,
        8.525978107606221,
        9.128100985749608
    ],
    "ar_nfft": 4096.0,
    "ar_norm": [
        35.385816302417865,
        64.61418369758213
    ],
    "ar_order": 16.0,
    "ar_peak": [
        0.0,
        0.0400390625,
        0.150390625
    ],
    "ar_ratio": 0.5476478116327578,
    "ar_rel": [
        14.867196449732706,
        30.124937477395864,
        55.00786607287144
    ],
    "ar_resampling_frequency": 4.0,
    "ar_total": 16743.995196129563,
    "dfa_alpha1": 1.3483519821293986,
    "dfa_alpha1_beats": [
        4,
        5,
        6,
        7,
        8,
        9,
        10,
        11,
        12,
        13,
        14,
        15,
        16
    ],
    "dfa_alpha2": 1.1636203108457208,
    "dfa_alpha2_beats": [
        17,
        18,
        19,
        20,
        21,
        22,
        23,
        24,
        25,
        26,
        27,
        28,
        29,
        30,
        31,
        32,
        33,
        34,
        35,
        36,
        37,
        38,
        39,
        40,
        41,
        42,
        43,
        44,
        45,
        46,
        47,
        48,
        49,
        50,
        51,
        52,
        53,
        54,
        55,
        56,
        57,
        58,
        59,
        60,
        61,
        62,
        63,
        64
    ],
    "ellipse_area": 5413.448075773321,
    "fft_abs": [
        2697.0524708886965,
        1068.2967361756937,
        224.12611002555926
    ],
    "fft_bands": {
        "hf": [
            0.15,
            0.4
        ],
        "lf": [
            0.04,
            0.15
        ],
        "ulf": null,
        "vlf": [
            0.0,
            0.04
        ]
    },
    "fft_interpolation": "cubic",
    "fft_log": [
        7.8999147782299355,
        6.9738208237900965,
        5.412208884620491
    ],
    "fft_nfft": 4096.0,
    "fft_norm": [
        82.6584534090897,
        17.3415465909103
    ],
    "fft_peak": [
        0.01171875,
        0.046875,
        0.3046875
    ],
    "fft_ratio": 4.766498361363902,
    "fft_rel": [
        67.60418993783905,
        26.777875566728493,
        5.617934495432446
    ],
    "fft_resampling_frequency": 4.0,
    "fft_total": 3989.4753170899494,
    "fft_window": "hamming",
    "hr_max": 85.71428571428571,
    "hr_mean": 72.51096827873607,
    "hr_min": 60.483870967741936,
    "hr_std": 5.040768559702498,
    "lomb_abs": [
        286.1953124907566,
        698.9368610242506,
        1764.5011062374758
    ],
    "lomb_bands": {
        "hf": [
            0.15,
            0.4
        ],
        "lf": [
            0.04,
            0.15
        ],
        "ulf": null,
        "vlf": [
            0.0,
            0.04
        ]
    },
    "lomb_log": [
        5.656674488549217,
        6.5495604105778495,
        7.475623270056174
    ],
    "lomb_ma": "n/a",
    "lomb_nfft": 256.0,
    "lomb_norm": [
        28.37241571790683,
        71.62758428209317
    ],
    "lomb_peak": [
        0.00803921568627451,
        0.10129411764705883,
        0.36498039215686273
    ],
    "lomb_ratio": 0.396110185793323,
    "lomb_rel": [
        10.408490273892793,
        25.419275587440072,
        64.17223413866714
    ],
    "lomb_total": 2749.633279752483,
    "nn20": 147.0,
    "nn50": 35.0,
    "nni_counter": 290.0,
    "nni_diff_max": 85.0,
    "nni_diff_mean": 24.802768166089965,
    "nni_diff_min": 0.0,
    "nni_max": 992.0,
    "nni_mean": 831.4413793103448,
    "nni_min": 700.0,
    "pnn20": 50.86505190311419,
    "pnn50": 12.110726643598616,
    "rmssd": 31.087442251557857,
    "sampen": 1.450759865573117,
    "sd1": 21.981744157014308,
    "sd2": 78.39023275645819,
    "sd_ratio": 3.566151630030873,
    "sdann": "n/a",
    "sdnn": 57.670028540504,
    "sdnn_index": "n/a",
    "sdsd": 18.77422118756298,
    "tinn": 250.0,
    "tinn_m": 945.3125,
    "tinn_n": 695.3125,
    "tri_index": 15.263157894736842
}