{
    "Comment": "None",
    "Name": "D:\\Users\\jp.botero\\Documents\\Bienestar & Tecnolog\u00eda\\HRV-Bienestar-Tecnologia\\HRV_Reports\\DanielShambo_test_1122021\\HRV_final.json",
    "ar_abs": [
        2035.5216112710614,
        4094.460407769426,
        7202.186508013356
    ],
    "ar_bands": {
        "hf": [
            0.15,
            0.4
        ],
        "lf": [
            0.04,
            0.15
        ],
        "ulf": null,
        "vlf": [
            0.0,
            0.04
        ]
    },
    "ar_interpolation": "cubic",
    "ar_log": [
        7.618507385067248,
        8.317390219050456,
        8.882139940570724
    ],
    "ar_nfft": 4096.0,
    "ar_norm": [
        36.24491796808281,
        63.75508203191719
    ],
    "ar_order": 16.0,
    "ar_peak": [
        0.0,
        0.0400390625,
        0.150390625
    ],
    "ar_ratio": 0.5685024128733426,
    "ar_rel": [
        15.267745882003736,
        30.711135997575212,
        54.02111812042104
    ],
    "ar_resampling_frequency": 4.0,
    "ar_total": 13332.168527053844,
    "dfa_alpha1": 1.2054980324517097,
    "dfa_alpha1_beats": [
        4,
        5,
        6,
        7,
        8,
        9,
        10,
        11,
        12,
        13,
        14,
        15,
        16
    ],
    "dfa_alpha2": 0.7967742920180775,
    "dfa_alpha2_beats": [
        17,
        18,
        19,
        20,
        21,
        22,
        23,
        24,
        25,
        26,
        27,
        28,
        29,
        30,
        31,
        32,
        33,
        34,
        35,
        36,
        37,
        38,
        39,
        40,
        41,
        42,
        43,
        44,
        45,
        46,
        47,
        48,
        49,
        50,
        51,
        52,
        53,
        54,
        55,
        56,
        57,
        58,
        59,
        60,
        61,
        62,
        63,
        64
    ],
    "ellipse_area": 408.06864911812823,
    "fft_abs": [
        10.374442443921565,
        15.294815835635166,
        46.221276462175084
    ],
    "fft_bands": {
        "hf": [
            0.15,
            0.4
        ],
        "lf": [
            0.04,
            0.15
        ],
        "ulf": null,
        "vlf": [
            0.0,
            0.04
        ]
    },
    "fft_interpolation": "cubic",
    "fft_log": [
        2.3393453243277884,
        2.727513936708876,
        3.8334402215608456
    ],
    "fft_nfft": 4096.0,
    "fft_norm": [
        24.86311347864924,
        75.13688652135076
    ],
    "fft_peak": [
        0.0390625,
        0.0400390625,
        0.1875
    ],
    "fft_ratio": 0.3309042286651601,
    "fft_rel": [
        14.430887850802554,
        21.275145456327593,
        64.29396669286986
    ],
    "fft_resampling_frequency": 4.0,
    "fft_total": 71.89053474173181,
    "fft_window": "hamming",
    "hr_max": 810.8108108108108,
    "hr_mean": 579.9651328569532,
    "hr_min": 397.35099337748346,
    "hr_std": 76.42922436114674,
    "lomb_abs": [
        251.53694623018038,
        803.5425984240333,
        1825.9001399429042
    ],
    "lomb_bands": {
        "hf": [
            0.15,
            0.4
        ],
        "lf": [
            0.04,
            0.15
        ],
        "ulf": null,
        "vlf": [
            0.0,
            0.04
        ]
    },
    "lomb_log": [
        5.527589882250255,
        6.689030199856935,
        7.509828371785931
    ],
    "lomb_ma": "n/a",
    "lomb_nfft": 256.0,
    "lomb_norm": [
        30.559425641764985,
        69.44057435823501
    ],
    "lomb_peak": [
        0.03376470588235294,
        0.13345098039215686,
        0.1672156862745098
    ],
    "lomb_ratio": 0.4400802545801656,
    "lomb_rel": [
        8.730951751412848,
        27.891296933473598,
        63.37775131511355
    ],
    "lomb_total": 2880.9796845971177,
    "nn20": 11.0,
    "nn50": 1.0,
    "nni_counter": 297.0,
    "nni_diff_max": 51.0,
    "nni_diff_mean": 7.577702702702703,
    "nni_diff_min": 0.0,
    "nni_max": 151.0,
    "nni_mean": 105.21548821548822,
    "nni_min": 74.0,
    "pnn20": 3.7162162162162162,
    "pnn50": 0.33783783783783783,
    "rmssd": 10.337056144267077,
    "sampen": 1.6606582114568242,
    "sd1": 7.309398983800429,
    "sd2": 17.770583538241713,
    "sd_ratio": 2.4311962690265023,
    "sdann": "n/a",
    "sdnn": 13.593048794180632,
    "sdnn_index": "n/a",
    "sdsd": 7.042777966413257,
    "tinn": 70.3125,
    "tinn_m": 140.625,
    "tinn_n": 70.3125,
    "tri_index": 4.569230769230769
}