{
    "Comment": "None",
    "Name": "C:\\Users\\Juan Pablo Botero T\\OneDrive - Universidad de los Andes\\Documentos\\JPB\\Personal\\Bienestar y Tecnolog\u00eda\\Codigo\\HRV-Bienestar-Tecnologia\\HRV_Reports\\DanielShambo_test_1122021\\HRV_video.json",
    "ar_abs": [
        2405.950510113846,
        5147.099573013984,
        9108.839930163624
    ],
    "ar_bands": {
        "hf": [
            0.15,
            0.4
        ],
        "lf": [
            0.04,
            0.15
        ],
        "ulf": null,
        "vlf": [
            0.0,
            0.04
        ]
    },
    "ar_interpolation": "cubic",
    "ar_log": [
        7.785700326960581,
        8.546188645300868,
        9.117000641878104
    ],
    "ar_nfft": 4096.0,
    "ar_norm": [
        36.104948199778136,
        63.895051800221864
    ],
    "ar_order": 16.0,
    "ar_peak": [
        0.0,
        0.0400390625,
        0.150390625
    ],
    "ar_ratio": 0.5650664203648517,
    "ar_rel": [
        14.439841507743608,
        30.891450903277246,
        54.668707588979146
    ],
    "ar_resampling_frequency": 4.0,
    "ar_total": 16661.890013291453,
    "dfa_alpha1": 1.0900775857475504,
    "dfa_alpha1_beats": [
        4,
        5,
        6,
        7,
        8,
        9,
        10,
        11,
        12,
        13,
        14,
        15,
        16
    ],
    "dfa_alpha2": 0.5341059836207914,
    "dfa_alpha2_beats": [
        17,
        18,
        19,
        20,
        21,
        22,
        23,
        24,
        25,
        26,
        27,
        28,
        29,
        30,
        31,
        32,
        33,
        34,
        35,
        36,
        37,
        38,
        39,
        40,
        41,
        42,
        43,
        44,
        45,
        46,
        47,
        48,
        49,
        50,
        51,
        52,
        53,
        54,
        55,
        56,
        57,
        58,
        59,
        60,
        61,
        62,
        63,
        64
    ],
    "ellipse_area": 6165.9141950691155,
    "fft_abs": [
        434.8923591590276,
        1267.520599269048,
        1167.9052082877715
    ],
    "fft_bands": {
        "hf": [
            0.15,
            0.4
        ],
        "lf": [
            0.04,
            0.15
        ],
        "ulf": null,
        "vlf": [
            0.0,
            0.04
        ]
    },
    "fft_interpolation": "cubic",
    "fft_log": [
        6.075098550258698,
        7.144817987222073,
        7.062967002806874
    ],
    "fft_nfft": 4096.0,
    "fft_norm": [
        52.045132942916645,
        47.954867057083355
    ],
    "fft_peak": [
        0.00390625,
        0.1357421875,
        0.197265625
    ],
    "fft_ratio": 1.0852940720482953,
    "fft_rel": [
        15.151364200736728,
        44.159585301977735,
        40.68905049728554
    ],
    "fft_resampling_frequency": 4.0,
    "fft_total": 2870.318166715847,
    "fft_window": "hamming",
    "hr_max": 105.4481546572935,
    "hr_mean": 87.58905933329463,
    "hr_min": 68.4931506849315,
    "hr_std": 7.347490141481258,
    "lomb_abs": [
        213.1685884480072,
        666.903451128589,
        1284.4974757709556
    ],
    "lomb_bands": {
        "hf": [
            0.15,
            0.4
        ],
        "lf": [
            0.04,
            0.15
        ],
        "ulf": null,
        "vlf": [
            0.0,
            0.04
        ]
    },
    "lomb_log": [
        5.362083347703459,
        6.502645284506546,
        7.15812285140278
    ],
    "lomb_ma": "n/a",
    "lomb_nfft": 256.0,
    "lomb_norm": [
        34.1756243904316,
        65.8243756095684
    ],
    "lomb_peak": [
        0.00803921568627451,
        0.12701960784313726,
        0.36498039215686273
    ],
    "lomb_ratio": 0.5191940534786287,
    "lomb_rel": [
        9.848082352475524,
        30.809980755989187,
        59.3419368915353
    ],
    "lomb_total": 2164.5695153475517,
    "nn20": 186.0,
    "nn50": 40.0,
    "nni_counter": 348.0,
    "nni_diff_max": 207.0,
    "nni_diff_mean": 26.498559077809798,
    "nni_diff_min": 0.0,
    "nni_max": 876.0,
    "nni_mean": 689.9022988505748,
    "nni_min": 569.0,
    "pnn20": 53.602305475504316,
    "pnn50": 11.527377521613833,
    "rmssd": 35.142484777136055,
    "sampen": 1.1439900997242256,
    "sd1": 24.846629517512422,
    "sd2": 78.99145613565565,
    "sd_ratio": 3.1791618287696055,
    "sdann": "n/a",
    "sdnn": 58.77546485120532,
    "sdnn_index": "n/a",
    "sdsd": 23.11623989862301,
    "tinn": 257.8125,
    "tinn_m": 820.3125,
    "tinn_n": 562.5,
    "tri_index": 15.818181818181818
}