{
    "Comment": "None",
    "Name": "D:\\Users\\jp.botero\\Documents\\Bienestar & Tecnolog\u00eda\\HRV-Bienestar-Tecnologia\\HRV_Reports\\DanielShambo_test_1122021\\HRV_video.json",
    "ar_abs": [
        1990.518660192101,
        3872.660473057387,
        6612.8945989630865
    ],
    "ar_bands": {
        "hf": [
            0.15,
            0.4
        ],
        "lf": [
            0.04,
            0.15
        ],
        "ulf": null,
        "vlf": [
            0.0,
            0.04
        ]
    },
    "ar_interpolation": "cubic",
    "ar_log": [
        7.596150517021952,
        8.26169701056928,
        8.796776749087503
    ],
    "ar_nfft": 4096.0,
    "ar_norm": [
        36.93329009726101,
        63.066709902738985
    ],
    "ar_order": 16.0,
    "ar_peak": [
        0.0,
        0.0400390625,
        0.150390625
    ],
    "ar_ratio": 0.58562259160529,
    "ar_rel": [
        15.954688172871927,
        31.040698830260826,
        53.00461299686724
    ],
    "ar_resampling_frequency": 4.0,
    "ar_total": 12476.073732212575,
    "dfa_alpha1": 1.2052732810223508,
    "dfa_alpha1_beats": [
        4,
        5,
        6,
        7,
        8,
        9,
        10,
        11,
        12,
        13,
        14,
        15,
        16
    ],
    "dfa_alpha2": 0.4964890514861147,
    "dfa_alpha2_beats": [
        17,
        18,
        19,
        20,
        21,
        22,
        23,
        24,
        25,
        26,
        27,
        28,
        29,
        30,
        31,
        32,
        33,
        34,
        35,
        36,
        37,
        38,
        39,
        40,
        41,
        42,
        43,
        44,
        45,
        46,
        47,
        48,
        49,
        50,
        51,
        52,
        53,
        54,
        55,
        56,
        57,
        58,
        59,
        60,
        61,
        62,
        63,
        64
    ],
    "ellipse_area": 104.27289542810324,
    "fft_abs": [
        2.9289062681823017,
        1.1254471213763606,
        4.1102850005205624
    ],
    "fft_bands": {
        "hf": [
            0.15,
            0.4
        ],
        "lf": [
            0.04,
            0.15
        ],
        "ulf": null,
        "vlf": [
            0.0,
            0.04
        ]
    },
    "fft_interpolation": "cubic",
    "fft_log": [
        1.0746290660301303,
        0.11818039792097237,
        1.4134923692963661
    ],
    "fft_nfft": 4096.0,
    "fft_norm": [
        21.495506171324276,
        78.50449382867572
    ],
    "fft_peak": [
        0.0263671875,
        0.0400390625,
        0.1962890625
    ],
    "fft_ratio": 0.2738124293653175,
    "fft_rel": [
        35.873067835327376,
        13.784408660938134,
        50.34252350373447
    ],
    "fft_resampling_frequency": 4.0,
    "fft_total": 8.164638390079226,
    "fft_window": "hamming",
    "hr_max": 810.8108108108108,
    "hr_mean": 673.282860387121,
    "hr_min": 526.3157894736842,
    "hr_std": 56.42641344567431,
    "lomb_abs": [
        166.70235981718085,
        632.6774745343284,
        1252.0595626394843
    ],
    "lomb_bands": {
        "hf": [
            0.15,
            0.4
        ],
        "lf": [
            0.04,
            0.15
        ],
        "ulf": null,
        "vlf": [
            0.0,
            0.04
        ]
    },
    "lomb_log": [
        5.116209945728423,
        6.449960773392196,
        7.132545124521636
    ],
    "lomb_ma": "n/a",
    "lomb_nfft": 256.0,
    "lomb_norm": [
        33.56847464954774,
        66.43152535045226
    ],
    "lomb_peak": [
        0.02250980392156863,
        0.12701960784313726,
        0.1752549019607843
    ],
    "lomb_ratio": 0.5053094065274116,
    "lomb_rel": [
        8.126116718909476,
        30.840661218767952,
        61.03322206232258
    ],
    "lomb_total": 2051.4393969909934,
    "nn20": 1.0,
    "nn50": 0.0,
    "nni_counter": 348.0,
    "nni_diff_max": 27.0,
    "nni_diff_mean": 3.4438040345821324,
    "nni_diff_min": 0.0,
    "nni_max": 114.0,
    "nni_mean": 89.75,
    "nni_min": 74.0,
    "pnn20": 0.2881844380403458,
    "pnn50": 0.0,
    "rmssd": 4.571242019660026,
    "sampen": 1.1139466526682165,
    "sd1": 3.2320164172699593,
    "sd2": 10.269469331411974,
    "sd_ratio": 3.1774186778687397,
    "sdann": "n/a",
    "sdnn": 7.639811168962642,
    "sdnn_index": "n/a",
    "sdsd": 3.0104126513534255,
    "tinn": 31.25,
    "tinn_m": 101.5625,
    "tinn_n": 70.3125,
    "tri_index": 2.4857142857142858
}