{
    "Comment": "None",
    "Name": "D:\\Users\\jp.botero\\Documents\\Bienestar & Tecnolog\u00eda\\HRV-Bienestar-Tecnologia\\HRV_Reports\\DanielShambo_test_1122021\\HRV_interactive.json",
    "ar_abs": [
        1964.114602225192,
        3781.3366492367118,
        6340.725927445186
    ],
    "ar_bands": {
        "hf": [
            0.15,
            0.4
        ],
        "lf": [
            0.04,
            0.15
        ],
        "ulf": null,
        "vlf": [
            0.0,
            0.04
        ]
    },
    "ar_interpolation": "cubic",
    "ar_log": [
        7.582796838650521,
        8.237832837017214,
        8.754748540473726
    ],
    "ar_nfft": 4096.0,
    "ar_norm": [
        37.35737277447525,
        62.64262722552475
    ],
    "ar_order": 16.0,
    "ar_peak": [
        0.0,
        0.0400390625,
        0.150390625
    ],
    "ar_ratio": 0.5963570563536867,
    "ar_rel": [
        16.250916837897954,
        31.286457192071747,
        52.462625970030295
    ],
    "ar_resampling_frequency": 4.0,
    "ar_total": 12086.17717890709,
    "dfa_alpha1": 1.3931119689187417,
    "dfa_alpha1_beats": [
        4,
        5,
        6,
        7,
        8,
        9,
        10,
        11,
        12,
        13,
        14,
        15,
        16
    ],
    "dfa_alpha2": 0.727804081306118,
    "dfa_alpha2_beats": [
        17,
        18,
        19,
        20,
        21,
        22,
        23,
        24,
        25,
        26,
        27,
        28,
        29,
        30,
        31,
        32,
        33,
        34,
        35,
        36,
        37,
        38,
        39,
        40,
        41,
        42,
        43,
        44,
        45,
        46,
        47,
        48,
        49,
        50,
        51,
        52,
        53,
        54,
        55,
        56,
        57,
        58,
        59,
        60,
        61,
        62,
        63,
        64
    ],
    "ellipse_area": 228.8867204834327,
    "fft_abs": [
        4.123035532289903,
        3.4971046055146466,
        8.32619002500797
    ],
    "fft_bands": {
        "hf": [
            0.15,
            0.4
        ],
        "lf": [
            0.04,
            0.15
        ],
        "ulf": null,
        "vlf": [
            0.0,
            0.04
        ]
    },
    "fft_interpolation": "cubic",
    "fft_log": [
        1.4165896717545456,
        1.2519353705634089,
        2.1194059715976126
    ],
    "fft_nfft": 4096.0,
    "fft_norm": [
        29.578088974342567,
        70.42191102565744
    ],
    "fft_peak": [
        0.017578125,
        0.0400390625,
        0.287109375
    ],
    "fft_ratio": 0.42001258619020043,
    "fft_rel": [
        25.855701532538106,
        21.930466570107992,
        52.2138318973539
    ],
    "fft_resampling_frequency": 4.0,
    "fft_total": 15.946330162812519,
    "fft_window": "hamming",
    "hr_max": 937.5,
    "hr_mean": 718.4057875329175,
    "hr_min": 397.35099337748346,
    "hr_std": 78.87781103142237,
    "lomb_abs": [
        298.30944252698185,
        695.6662419573487,
        1251.6706983942474
    ],
    "lomb_bands": {
        "hf": [
            0.15,
            0.4
        ],
        "lf": [
            0.04,
            0.15
        ],
        "ulf": null,
        "vlf": [
            0.0,
            0.04
        ]
    },
    "lomb_log": [
        5.698131345484954,
        6.544870007901979,
        7.132234496612219
    ],
    "lomb_ma": "n/a",
    "lomb_nfft": 256.0,
    "lomb_norm": [
        35.72397911949149,
        64.27602088050851
    ],
    "lomb_peak": [
        0.035372549019607846,
        0.14309803921568628,
        0.328
    ],
    "lomb_ratio": 0.5557901474004385,
    "lomb_rel": [
        13.283901009587911,
        30.978441096572386,
        55.737657893839696
    ],
    "lomb_total": 2245.646382878578,
    "nn20": 8.0,
    "nn50": 3.0,
    "nni_counter": 371.0,
    "nni_diff_max": 77.0,
    "nni_diff_mean": 3.735135135135135,
    "nni_diff_min": 0.0,
    "nni_max": 151.0,
    "nni_mean": 84.57681940700809,
    "nni_min": 64.0,
    "pnn20": 2.1621621621621623,
    "pnn50": 0.8108108108108109,
    "rmssd": 8.072977949491314,
    "sampen": 1.2103220320045949,
    "sd1": 5.708353803066066,
    "sd2": 12.763207828311158,
    "sd_ratio": 2.2358824047408894,
    "sdann": "n/a",
    "sdnn": 9.89847935999621,
    "sdnn_index": "n/a",
    "sdsd": 7.1666275747172135,
    "tinn": 46.875,
    "tinn_m": 101.5625,
    "tinn_n": 54.6875,
    "tri_index": 3.1709401709401708
}