{
    "Comment": "None",
    "Name": "C:\\Users\\admin\\HRV-Bienestar-Tecnologia\\HRV_Reports\\Grupo_Control\\10-03-2022_CatalinaAlarcon\\Momento_3.json",
    "ar_abs": [
        2614.6636787309853,
        5902.821811490525,
        10989.782400562963
    ],
    "ar_bands": {
        "hf": [
            0.15,
            0.4
        ],
        "lf": [
            0.04,
            0.15
        ],
        "ulf": null,
        "vlf": [
            0.0,
            0.04
        ]
    },
    "ar_interpolation": "cubic",
    "ar_log": [
        7.868890755887779,
        8.683185788691658,
        9.304721247434857
    ],
    "ar_nfft": 4096.0,
    "ar_norm": [
        34.94323159053621,
        65.0567684094638
    ],
    "ar_order": 16.0,
    "ar_peak": [
        0.0,
        0.0400390625,
        0.150390625
    ],
    "ar_ratio": 0.5371190799181016,
    "ar_rel": [
        13.403536022418555,
        30.25960295690155,
        56.33686102067988
    ],
    "ar_resampling_frequency": 4.0,
    "ar_total": 19507.267890784475,
    "dfa_alpha1": 0.7716910301895824,
    "dfa_alpha1_beats": [
        4,
        5,
        6,
        7,
        8,
        9,
        10,
        11,
        12,
        13,
        14,
        15,
        16
    ],
    "dfa_alpha2": 0.6057618698649793,
    "dfa_alpha2_beats": [
        17,
        18,
        19,
        20,
        21,
        22,
        23,
        24,
        25,
        26,
        27,
        28,
        29,
        30,
        31,
        32,
        33,
        34,
        35,
        36,
        37,
        38,
        39,
        40,
        41,
        42,
        43,
        44,
        45,
        46,
        47,
        48,
        49,
        50,
        51,
        52,
        53,
        54,
        55,
        56,
        57,
        58,
        59,
        60,
        61,
        62,
        63,
        64
    ],
    "ellipse_area": 83605.76914811092,
    "fft_abs": [
        9148.032996328631,
        20467.307141980713,
        6870.121869142802
    ],
    "fft_bands": {
        "hf": [
            0.15,
            0.4
        ],
        "lf": [
            0.04,
            0.15
        ],
        "ulf": null,
        "vlf": [
            0.0,
            0.04
        ]
    },
    "fft_interpolation": "cubic",
    "fft_log": [
        9.121294162080705,
        9.92658411855961,
        8.83493712438115
    ],
    "fft_nfft": 4096.0,
    "fft_norm": [
        74.86917344587388,
        25.130826554126102
    ],
    "fft_peak": [
        0.01171875,
        0.1435546875,
        0.162109375
    ],
    "fft_ratio": 2.9791767208540736,
    "fft_rel": [
        25.073090740800126,
        56.09715765090291,
        18.829751608296974
    ],
    "fft_resampling_frequency": 4.0,
    "fft_total": 36485.462007452144,
    "fft_window": "hamming",
    "hr_max": 91.88361408882082,
    "hr_mean": 64.32626595802964,
    "hr_min": 43.604651162790695,
    "hr_std": 11.609037507252761,
    "lomb_abs": [
        529.3985886121367,
        930.1530292708125,
        2317.8175525569504
    ],
    "lomb_bands": {
        "hf": [
            0.15,
            0.4
        ],
        "lf": [
            0.04,
            0.15
        ],
        "ulf": null,
        "vlf": [
            0.0,
            0.04
        ]
    },
    "lomb_log": [
        6.271741623775349,
        6.835349120213854,
        7.748381311810157
    ],
    "lomb_ma": "n/a",
    "lomb_nfft": 256.0,
    "lomb_norm": [
        28.637975801719794,
        71.36202419828021
    ],
    "lomb_peak": [
        0.00803921568627451,
        0.13666666666666666,
        0.36498039215686273
    ],
    "lomb_ratio": 0.40130554203659996,
    "lomb_rel": [
        14.015007925489176,
        24.624361223409093,
        61.360630851101725
    ],
    "lomb_total": 3777.3691704399,
    "nn20": 210.0,
    "nn50": 149.0,
    "nni_counter": 248.0,
    "nni_diff_max": 584.0,
    "nni_diff_mean": 110.16194331983806,
    "nni_diff_min": 0.0,
    "nni_max": 1376.0,
    "nni_mean": 964.8467741935484,
    "nni_min": 653.0,
    "pnn20": 85.02024291497976,
    "pnn50": 60.32388663967612,
    "rmssd": 165.25762001087853,
    "sampen": 1.3039341553059915,
    "sd1": 116.85431188885858,
    "sd2": 227.74121409533396,
    "sd_ratio": 1.9489329098265638,
    "sdann": "n/a",
    "sdnn": 181.22849086300758,
    "sdnn_index": "n/a",
    "sdsd": 123.43464618629157,
    "tinn": 140.625,
    "tinn_m": 843.75,
    "tinn_n": 703.125,
    "tri_index": 24.8
}