{
    "Comment": "None",
    "Name": "C:\\Users\\admin\\HRV-Bienestar-Tecnologia\\HRV_Reports\\Grupo_Control\\10-03-2022_CatalinaAlarcon\\Momento_6.json",
    "ar_abs": [
        2606.232669811142,
        5480.133725571686,
        11907.022934834116
    ],
    "ar_bands": {
        "hf": [
            0.15,
            0.4
        ],
        "lf": [
            0.04,
            0.15
        ],
        "ulf": null,
        "vlf": [
            0.0,
            0.04
        ]
    },
    "ar_interpolation": "cubic",
    "ar_log": [
        7.86566103605206,
        8.60888478212091,
        9.384883667613266
    ],
    "ar_nfft": 4096.0,
    "ar_norm": [
        31.518285781890366,
        68.48171421810963
    ],
    "ar_order": 16.0,
    "ar_peak": [
        0.0,
        0.0400390625,
        0.27734375
    ],
    "ar_ratio": 0.4602438204380626,
    "ar_rel": [
        13.035472009101632,
        27.409728461043386,
        59.554799529854975
    ],
    "ar_resampling_frequency": 4.0,
    "ar_total": 19993.389330216945,
    "dfa_alpha1": 0.36174007025901594,
    "dfa_alpha1_beats": [
        4,
        5,
        6,
        7,
        8,
        9,
        10,
        11,
        12,
        13,
        14,
        15,
        16
    ],
    "dfa_alpha2": 0.964701724982724,
    "dfa_alpha2_beats": [
        17,
        18,
        19,
        20,
        21,
        22,
        23,
        24,
        25,
        26,
        27,
        28,
        29,
        30,
        31,
        32,
        33,
        34,
        35,
        36,
        37,
        38,
        39,
        40,
        41,
        42,
        43,
        44,
        45,
        46,
        47,
        48,
        49,
        50,
        51,
        52,
        53,
        54,
        55,
        56,
        57,
        58,
        59,
        60,
        61,
        62,
        63,
        64
    ],
    "ellipse_area": 92822.39271844522,
    "fft_abs": [
        3759.1123643556684,
        3303.282849455052,
        20976.046681966145
    ],
    "fft_bands": {
        "hf": [
            0.15,
            0.4
        ],
        "lf": [
            0.04,
            0.15
        ],
        "ulf": null,
        "vlf": [
            0.0,
            0.04
        ]
    },
    "fft_interpolation": "cubic",
    "fft_log": [
        8.231938135204587,
        8.102672055831286,
        9.951136431495195
    ],
    "fft_nfft": 4096.0,
    "fft_norm": [
        13.605329773131068,
        86.39467022686893
    ],
    "fft_peak": [
        0.009765625,
        0.091796875,
        0.2802734375
    ],
    "fft_ratio": 0.1574788090214827,
    "fft_rel": [
        13.406994505361098,
        11.78126395801113,
        74.81174153662778
    ],
    "fft_resampling_frequency": 4.0,
    "fft_total": 28038.441895776865,
    "fft_window": "hamming",
    "hr_max": 82.98755186721992,
    "hr_mean": 62.63664387402275,
    "hr_min": 43.35260115606936,
    "hr_std": 10.147232105555158,
    "lomb_abs": [
        279.98760998701334,
        786.7145797652552,
        2176.7869072135177
    ],
    "lomb_bands": {
        "hf": [
            0.15,
            0.4
        ],
        "lf": [
            0.04,
            0.15
        ],
        "ulf": null,
        "vlf": [
            0.0,
            0.04
        ]
    },
    "lomb_log": [
        5.634745352143806,
        6.667865513978078,
        7.68560517275668
    ],
    "lomb_ma": "n/a",
    "lomb_nfft": 256.0,
    "lomb_norm": [
        26.546792138353002,
        73.453207861647
    ],
    "lomb_peak": [
        0.030549019607843137,
        0.09968627450980393,
        0.2636862745098039
    ],
    "lomb_ratio": 0.36141092964047655,
    "lomb_rel": [
        8.632296937545918,
        24.255194213577276,
        67.1125088488768
    ],
    "lomb_total": 3243.4890969657863,
    "nn20": 222.0,
    "nn50": 198.0,
    "nni_counter": 244.0,
    "nni_diff_max": 500.0,
    "nni_diff_mean": 192.70781893004116,
    "nni_diff_min": 0.0,
    "nni_max": 1384.0,
    "nni_mean": 985.3770491803278,
    "nni_min": 723.0,
    "pnn20": 91.35802469135803,
    "pnn50": 81.48148148148148,
    "rmssd": 238.27120834099918,
    "sampen": 1.6658792233390523,
    "sd1": 168.4827086268315,
    "sd2": 175.36687000300316,
    "sd_ratio": 1.040859750132693,
    "sdann": "n/a",
    "sdnn": 172.20214114080886,
    "sdnn_index": "n/a",
    "sdsd": 140.4208293622317,
    "tinn": 70.3125,
    "tinn_m": 851.5625,
    "tinn_n": 781.25,
    "tri_index": 16.266666666666666
}