{
    "Comment": "None",
    "Name": "C:\\Users\\admin\\HRV-Bienestar-Tecnologia\\HRV_Reports\\Grupo_Control\\10-03-2022_CatalinaAlarcon\\Momento_1.json",
    "ar_abs": [
        2596.75047949558,
        5558.199312214153,
        12249.261400752104
    ],
    "ar_bands": {
        "hf": [
            0.15,
            0.4
        ],
        "lf": [
            0.04,
            0.15
        ],
        "ulf": null,
        "vlf": [
            0.0,
            0.04
        ]
    },
    "ar_interpolation": "cubic",
    "ar_log": [
        7.862016126760095,
        8.623029470079443,
        9.413220920338974
    ],
    "ar_nfft": 4096.0,
    "ar_norm": [
        31.212756281231194,
        68.7872437187688
    ],
    "ar_order": 16.0,
    "ar_peak": [
        0.0,
        0.0400390625,
        0.2783203125
    ],
    "ar_ratio": 0.453757914895414,
    "ar_rel": [
        12.726541864333022,
        27.240451786088073,
        60.03300634957891
    ],
    "ar_resampling_frequency": 4.0,
    "ar_total": 20404.211192461837,
    "dfa_alpha1": 0.48774661031555694,
    "dfa_alpha1_beats": [
        4,
        5,
        6,
        7,
        8,
        9,
        10,
        11,
        12,
        13,
        14,
        15,
        16
    ],
    "dfa_alpha2": 0.8206009468576457,
    "dfa_alpha2_beats": [
        17,
        18,
        19,
        20,
        21,
        22,
        23,
        24,
        25,
        26,
        27,
        28,
        29,
        30,
        31,
        32,
        33,
        34,
        35,
        36,
        37,
        38,
        39,
        40,
        41,
        42,
        43,
        44,
        45,
        46,
        47,
        48,
        49,
        50,
        51,
        52,
        53,
        54,
        55,
        56,
        57,
        58,
        59,
        60,
        61,
        62,
        63,
        64
    ],
    "ellipse_area": 141682.6718668063,
    "fft_abs": [
        7518.957268069394,
        4744.328566416478,
        26246.07352191209
    ],
    "fft_bands": {
        "hf": [
            0.15,
            0.4
        ],
        "lf": [
            0.04,
            0.15
        ],
        "ulf": null,
        "vlf": [
            0.0,
            0.04
        ]
    },
    "fft_interpolation": "cubic",
    "fft_log": [
        8.925182746168552,
        8.464705197641907,
        10.175271676713914
    ],
    "fft_nfft": 4096.0,
    "fft_norm": [
        15.309025526336297,
        84.69097447366369
    ],
    "fft_peak": [
        0.01171875,
        0.083984375,
        0.279296875
    ],
    "fft_ratio": 0.18076336494506787,
    "fft_rel": [
        19.525012604033858,
        12.319936362764373,
        68.15505103320176
    ],
    "fft_resampling_frequency": 4.0,
    "fft_total": 38509.35935639797,
    "fft_window": "hamming",
    "hr_max": 102.73972602739725,
    "hr_mean": 67.70528570215302,
    "hr_min": 42.88777698355968,
    "hr_std": 15.441925434328297,
    "lomb_abs": [
        271.1412973342769,
        824.1042594629598,
        1997.543058041118
    ],
    "lomb_bands": {
        "hf": [
            0.15,
            0.4
        ],
        "lf": [
            0.04,
            0.15
        ],
        "ulf": null,
        "vlf": [
            0.0,
            0.04
        ]
    },
    "lomb_log": [
        5.602640077379329,
        6.714297050379885,
        7.599673233373619
    ],
    "lomb_ma": "n/a",
    "lomb_nfft": 256.0,
    "lomb_norm": [
        29.206494176314397,
        70.7935058236856
    ],
    "lomb_peak": [
        0.011254901960784314,
        0.0852156862745098,
        0.36498039215686273
    ],
    "lomb_ratio": 0.4125589464244711,
    "lomb_rel": [
        8.76688746309447,
        26.645993699961668,
        64.58711883694384
    ],
    "lomb_total": 3092.788614838355,
    "nn20": 213.0,
    "nn50": 186.0,
    "nni_counter": 257.0,
    "nni_diff_max": 653.0,
    "nni_diff_mean": 190.40625,
    "nni_diff_min": 0.0,
    "nni_max": 1399.0,
    "nni_mean": 934.9221789883269,
    "nni_min": 584.0,
    "pnn20": 83.203125,
    "pnn50": 72.65625,
    "rmssd": 253.6516588995625,
    "sampen": 1.1017818634293888,
    "sd1": 179.35788790327845,
    "sd2": 251.4469571611973,
    "sd_ratio": 1.4019286249445244,
    "sdann": "n/a",
    "sdnn": 219.17737219597618,
    "sdnn_index": "n/a",
    "sdsd": 167.91295305580678,
    "tinn": 203.125,
    "tinn_m": 937.5,
    "tinn_n": 734.375,
    "tri_index": 28.555555555555557
}