{
    "Comment": "None",
    "Name": "C:\\Users\\Juan Pablo Botero T\\OneDrive - Universidad de los Andes\\Documentos\\JPB\\Personal\\Bienestar y Tecnolog\u00eda\\Codigo\\HRV-Bienestar-Tecnologia\\HRV_Reports\\Experiencia_Mindfullness\\test-santiago\\HRV_baseline.json",
    "ar_abs": [
        2486.5230531773786,
        5137.356952205837,
        10288.53172732637
    ],
    "ar_bands": {
        "hf": [
            0.15,
            0.4
        ],
        "lf": [
            0.04,
            0.15
        ],
        "ulf": null,
        "vlf": [
            0.0,
            0.04
        ]
    },
    "ar_interpolation": "cubic",
    "ar_log": [
        7.818640649447981,
        8.544294014563965,
        9.238785129368718
    ],
    "ar_nfft": 4096.0,
    "ar_norm": [
        33.3034748203669,
        66.6965251796331
    ],
    "ar_order": 16.0,
    "ar_peak": [
        0.0,
        0.0400390625,
        0.2724609375
    ],
    "ar_ratio": 0.4993284842151968,
    "ar_rel": [
        13.881564862853038,
        28.680431361593744,
        57.43800377555323
    ],
    "ar_resampling_frequency": 4.0,
    "ar_total": 17912.411732709585,
    "dfa_alpha1": 0.8186797824928258,
    "dfa_alpha1_beats": [
        4,
        5,
        6,
        7,
        8,
        9,
        10,
        11,
        12,
        13,
        14,
        15,
        16
    ],
    "dfa_alpha2": 0.9853823490408539,
    "dfa_alpha2_beats": [
        17,
        18,
        19,
        20,
        21,
        22,
        23,
        24,
        25,
        26,
        27,
        28,
        29,
        30,
        31,
        32,
        33,
        34,
        35,
        36,
        37,
        38,
        39,
        40,
        41,
        42,
        43,
        44,
        45,
        46,
        47,
        48,
        49,
        50,
        51,
        52,
        53,
        54,
        55,
        56,
        57,
        58,
        59,
        60,
        61,
        62,
        63,
        64
    ],
    "ellipse_area": 14499.877206801384,
    "fft_abs": [
        1147.3834086485524,
        1788.0853161050234,
        2249.191144917724
    ],
    "fft_bands": {
        "hf": [
            0.15,
            0.4
        ],
        "lf": [
            0.04,
            0.15
        ],
        "ulf": null,
        "vlf": [
            0.0,
            0.04
        ]
    },
    "fft_interpolation": "cubic",
    "fft_log": [
        7.045239332109026,
        7.488900670537497,
        7.718325939418355
    ],
    "fft_nfft": 4096.0,
    "fft_norm": [
        44.28939492669904,
        55.71060507330096
    ],
    "fft_peak": [
        0.0126953125,
        0.1201171875,
        0.298828125
    ],
    "fft_ratio": 0.7949903769385647,
    "fft_rel": [
        22.130350639979298,
        34.48799653309534,
        43.38165282692536
    ],
    "fft_resampling_frequency": 4.0,
    "fft_total": 5184.6598696713,
    "fft_window": "hamming",
    "hr_max": 102.73972602739725,
    "hr_mean": 73.70842021565747,
    "hr_min": 56.98005698005698,
    "hr_std": 6.787149647060566,
    "lomb_abs": [
        444.5685415144242,
        788.9709941111955,
        1696.8308000013476
    ],
    "lomb_bands": {
        "hf": [
            0.15,
            0.4
        ],
        "lf": [
            0.04,
            0.15
        ],
        "ulf": null,
        "vlf": [
            0.0,
            0.04
        ]
    },
    "lomb_log": [
        6.097104242199058,
        6.670729557319908,
        7.436517554901706
    ],
    "lomb_ma": "n/a",
    "lomb_nfft": 256.0,
    "lomb_norm": [
        31.73909504691086,
        68.26090495308914
    ],
    "lomb_peak": [
        0.00803921568627451,
        0.09164705882352941,
        0.36498039215686273
    ],
    "lomb_ratio": 0.46496739339630616,
    "lomb_rel": [
        15.171070226497724,
        26.92393464808916,
        57.90499512541313
    ],
    "lomb_total": 2930.370335626967,
    "nn20": 226.0,
    "nn50": 135.0,
    "nni_counter": 293.0,
    "nni_diff_max": 408.0,
    "nni_diff_mean": 56.18150684931507,
    "nni_diff_min": 0.0,
    "nni_max": 1053.0,
    "nni_mean": 820.6279863481228,
    "nni_min": 584.0,
    "pnn20": 77.3972602739726,
    "pnn50": 46.23287671232877,
    "rmssd": 73.49962724721433,
    "sampen": 1.8394908720492449,
    "sd1": 51.971231312828394,
    "sd2": 88.80786825300072,
    "sd_ratio": 1.7087889974829151,
    "sdann": "n/a",
    "sdnn": 72.84949888677758,
    "sdnn_index": "n/a",
    "sdsd": 47.47158238874455,
    "tinn": 234.375,
    "tinn_m": 960.9375,
    "tinn_n": 726.5625,
    "tri_index": 15.421052631578947
}