{
    "Comment": "None",
    "Name": "C:\\Users\\Juan Pablo Botero T\\OneDrive - Universidad de los Andes\\Documentos\\JPB\\Personal\\Bienestar y Tecnolog\u00eda\\Codigo\\HRV-Bienestar-Tecnologia\\HRV_Reports\\Experiencia_Mindfullness\\test-santiago\\HRV_video.json",
    "ar_abs": [
        2533.9185122945087,
        5175.90897010067,
        9575.094030741902
    ],
    "ar_bands": {
        "hf": [
            0.15,
            0.4
        ],
        "lf": [
            0.04,
            0.15
        ],
        "ulf": null,
        "vlf": [
            0.0,
            0.04
        ]
    },
    "ar_interpolation": "cubic",
    "ar_log": [
        7.8375222026270395,
        8.551770249105813,
        9.166920634443645
    ],
    "ar_nfft": 4096.0,
    "ar_norm": [
        35.088522250351545,
        64.91147774964847
    ],
    "ar_order": 16.0,
    "ar_peak": [
        0.0,
        0.0400390625,
        0.150390625
    ],
    "ar_ratio": 0.5405595969588225,
    "ar_rel": [
        14.659705051993734,
        29.944648381346813,
        55.39564656665945
    ],
    "ar_resampling_frequency": 4.0,
    "ar_total": 17284.92151313708,
    "dfa_alpha1": 1.2529226296067713,
    "dfa_alpha1_beats": [
        4,
        5,
        6,
        7,
        8,
        9,
        10,
        11,
        12,
        13,
        14,
        15,
        16
    ],
    "dfa_alpha2": 0.5175220233890124,
    "dfa_alpha2_beats": [
        17,
        18,
        19,
        20,
        21,
        22,
        23,
        24,
        25,
        26,
        27,
        28,
        29,
        30,
        31,
        32,
        33,
        34,
        35,
        36,
        37,
        38,
        39,
        40,
        41,
        42,
        43,
        44,
        45,
        46,
        47,
        48,
        49,
        50,
        51,
        52,
        53,
        54,
        55,
        56,
        57,
        58,
        59,
        60,
        61,
        62,
        63,
        64
    ],
    "ellipse_area": 8240.015530465529,
    "fft_abs": [
        1101.5979253808187,
        1424.8106912802762,
        569.8696989016577
    ],
    "fft_bands": {
        "hf": [
            0.15,
            0.4
        ],
        "lf": [
            0.04,
            0.15
        ],
        "ulf": null,
        "vlf": [
            0.0,
            0.04
        ]
    },
    "fft_interpolation": "cubic",
    "fft_log": [
        7.004517064134547,
        7.2617942356532765,
        6.34540773627785
    ],
    "fft_nfft": 4096.0,
    "fft_norm": [
        71.43052582726398,
        28.56947417273602
    ],
    "fft_peak": [
        0.00390625,
        0.0869140625,
        0.3251953125
    ],
    "fft_ratio": 2.5002394302178113,
    "fft_rel": [
        35.57813003578788,
        46.016880463192955,
        18.404989501019166
    ],
    "fft_resampling_frequency": 4.0,
    "fft_total": 3096.2783155627526,
    "fft_window": "hamming",
    "hr_max": 92.87925696594428,
    "hr_mean": 75.15149459974431,
    "hr_min": 59.58291956305859,
    "hr_std": 5.8643410155878986,
    "lomb_abs": [
        433.9424663593465,
        846.3400776709911,
        1676.140537534283
    ],
    "lomb_bands": {
        "hf": [
            0.15,
            0.4
        ],
        "lf": [
            0.04,
            0.15
        ],
        "ulf": null,
        "vlf": [
            0.0,
            0.04
        ]
    },
    "lomb_log": [
        6.072911959320468,
        6.7409212618953145,
        7.42424913047065
    ],
    "lomb_ma": "n/a",
    "lomb_nfft": 256.0,
    "lomb_norm": [
        33.551896199690624,
        66.44810380030937
    ],
    "lomb_peak": [
        0.00803921568627451,
        0.05305882352941176,
        0.246
    ],
    "lomb_ratio": 0.5049338398055899,
    "lomb_rel": [
        14.677955569528708,
        28.627163782765646,
        56.694880647705645
    ],
    "lomb_total": 2956.4230815646206,
    "nn20": 198.0,
    "nn50": 78.0,
    "nni_counter": 299.0,
    "nni_diff_max": 161.0,
    "nni_diff_mean": 35.56375838926174,
    "nni_diff_min": 0.0,
    "nni_max": 1007.0,
    "nni_mean": 803.2207357859531,
    "nni_min": 646.0,
    "pnn20": 66.44295302013423,
    "pnn50": 26.174496644295303,
    "rmssd": 45.24934646715572,
    "sampen": 1.8228793779418595,
    "sd1": 31.992876076311905,
    "sd2": 81.98320149144628,
    "sd_ratio": 2.5625455271946653,
    "sdann": "n/a",
    "sdnn": 62.51790163593271,
    "sdnn_index": "n/a",
    "sdsd": 28.024237260672017,
    "tinn": 242.1875,
    "tinn_m": 953.125,
    "tinn_n": 710.9375,
    "tri_index": 15.736842105263158
}