{
    "Comment": "None",
    "Name": "C:\\Users\\Juan Pablo Botero T\\OneDrive - Universidad de los Andes\\Documentos\\JPB\\Personal\\Bienestar y Tecnolog\u00eda\\Codigo\\HRV-Bienestar-Tecnologia\\HRV_Reports\\Experiencia_Mindfullness\\test-santiago\\HRV_sound.json",
    "ar_abs": [
        2541.5347445797765,
        5362.887401876022,
        9770.656562703578
    ],
    "ar_bands": {
        "hf": [
            0.15,
            0.4
        ],
        "lf": [
            0.04,
            0.15
        ],
        "ulf": null,
        "vlf": [
            0.0,
            0.04
        ]
    },
    "ar_interpolation": "cubic",
    "ar_log": [
        7.840523407688564,
        8.587257803400972,
        9.18713894469327
    ],
    "ar_nfft": 4096.0,
    "ar_norm": [
        35.43708872441234,
        64.56291127558765
    ],
    "ar_order": 16.0,
    "ar_peak": [
        0.0,
        0.0400390625,
        0.150390625
    ],
    "ar_ratio": 0.5488768710126569,
    "ar_rel": [
        14.379199020272152,
        30.34151920973867,
        55.27928176998918
    ],
    "ar_resampling_frequency": 4.0,
    "ar_total": 17675.078709159374,
    "dfa_alpha1": 1.3610982750790086,
    "dfa_alpha1_beats": [
        4,
        5,
        6,
        7,
        8,
        9,
        10,
        11,
        12,
        13,
        14,
        15,
        16
    ],
    "dfa_alpha2": 0.8675844802265361,
    "dfa_alpha2_beats": [
        17,
        18,
        19,
        20,
        21,
        22,
        23,
        24,
        25,
        26,
        27,
        28,
        29,
        30,
        31,
        32,
        33,
        34,
        35,
        36,
        37,
        38,
        39,
        40,
        41,
        42,
        43,
        44,
        45,
        46,
        47,
        48,
        49,
        50,
        51,
        52,
        53,
        54,
        55,
        56,
        57,
        58,
        59,
        60,
        61,
        62,
        63,
        64
    ],
    "ellipse_area": 16697.90276126009,
    "fft_abs": [
        2241.9070997037006,
        4878.63549175889,
        1041.4707647438959
    ],
    "fft_bands": {
        "hf": [
            0.15,
            0.4
        ],
        "lf": [
            0.04,
            0.15
        ],
        "ulf": null,
        "vlf": [
            0.0,
            0.04
        ]
    },
    "fft_interpolation": "cubic",
    "fft_log": [
        7.715082166423775,
        8.492620847403883,
        6.948389189969934
    ],
    "fft_nfft": 4096.0,
    "fft_norm": [
        82.40790418922093,
        17.592095810779064
    ],
    "fft_peak": [
        0.0283203125,
        0.0419921875,
        0.216796875
    ],
    "fft_ratio": 4.684371042290924,
    "fft_rel": [
        27.46757450475047,
        59.7724517082433,
        12.75997378700624
    ],
    "fft_resampling_frequency": 4.0,
    "fft_total": 8162.013356206486,
    "fft_window": "hamming",
    "hr_max": 101.35135135135135,
    "hr_mean": 76.06004288848169,
    "hr_min": 53.42831700801425,
    "hr_std": 9.19464704684394,
    "lomb_abs": [
        314.5979699599832,
        683.6730290556523,
        1333.90737855936
    ],
    "lomb_bands": {
        "hf": [
            0.15,
            0.4
        ],
        "lf": [
            0.04,
            0.15
        ],
        "ulf": null,
        "vlf": [
            0.0,
            0.04
        ]
    },
    "lomb_log": [
        5.751295537837889,
        6.527479775634472,
        7.1958677927003025
    ],
    "lomb_ma": "n/a",
    "lomb_nfft": 256.0,
    "lomb_norm": [
        33.88578846598853,
        66.11421153401146
    ],
    "lomb_peak": [
        0.004823529411764706,
        0.07556862745098039,
        0.3971372549019608
    ],
    "lomb_ratio": 0.5125341084731305,
    "lomb_rel": [
        13.48944716171766,
        29.314782935537593,
        57.19576990274475
    ],
    "lomb_total": 2332.1783775749955,
    "nn20": 207.0,
    "nn50": 85.0,
    "nni_counter": 301.0,
    "nni_diff_max": 431.0,
    "nni_diff_mean": 42.196666666666665,
    "nni_diff_min": 0.0,
    "nni_max": 1123.0,
    "nni_mean": 799.9401993355482,
    "nni_min": 592.0,
    "pnn20": 69.0,
    "pnn50": 28.333333333333332,
    "rmssd": 60.47360305676078,
    "sampen": 1.3387656160105204,
    "sd1": 42.760312011646185,
    "sd2": 124.30001740859802,
    "sd_ratio": 2.9069015533549827,
    "sdann": "n/a",
    "sdnn": 93.02664355957455,
    "sdnn_index": "n/a",
    "sdsd": 43.3909426251056,
    "tinn": 367.1875,
    "tinn_m": 960.9375,
    "tinn_n": 593.75,
    "tri_index": 21.5
}