{
    "Comment": "None",
    "Name": "C:\\Users\\Juan Pablo Botero T\\OneDrive - Universidad de los Andes\\Documentos\\JPB\\Personal\\Bienestar y Tecnolog\u00eda\\Codigo\\HRV-Bienestar-Tecnologia\\HRV_Reports\\Experiencia_Mindfullness\\test-santiago\\HRV_olfative.json",
    "ar_abs": [
        2484.7228700219475,
        5426.965097050504,
        10088.05636917188
    ],
    "ar_bands": {
        "hf": [
            0.15,
            0.4
        ],
        "lf": [
            0.04,
            0.15
        ],
        "ulf": null,
        "vlf": [
            0.0,
            0.04
        ]
    },
    "ar_interpolation": "cubic",
    "ar_log": [
        7.817916411193858,
        8.59913534269032,
        9.219107465374176
    ],
    "ar_nfft": 4096.0,
    "ar_norm": [
        34.97877917130506,
        65.02122082869494
    ],
    "ar_order": 16.0,
    "ar_peak": [
        0.0,
        0.0400390625,
        0.1591796875
    ],
    "ar_ratio": 0.5379594342508615,
    "ar_rel": [
        13.804212013271231,
        30.15023433484415,
        56.045553651884624
    ],
    "ar_resampling_frequency": 4.0,
    "ar_total": 17999.74433624433,
    "dfa_alpha1": 1.0750882325603457,
    "dfa_alpha1_beats": [
        4,
        5,
        6,
        7,
        8,
        9,
        10,
        11,
        12,
        13,
        14,
        15,
        16
    ],
    "dfa_alpha2": 0.5684255314929633,
    "dfa_alpha2_beats": [
        17,
        18,
        19,
        20,
        21,
        22,
        23,
        24,
        25,
        26,
        27,
        28,
        29,
        30,
        31,
        32,
        33,
        34,
        35,
        36,
        37,
        38,
        39,
        40,
        41,
        42,
        43,
        44,
        45,
        46,
        47,
        48,
        49,
        50,
        51,
        52,
        53,
        54,
        55,
        56,
        57,
        58,
        59,
        60,
        61,
        62,
        63,
        64
    ],
    "ellipse_area": 22966.301948549186,
    "fft_abs": [
        1367.1083651870588,
        2473.6060510905154,
        2815.303326893104
    ],
    "fft_bands": {
        "hf": [
            0.15,
            0.4
        ],
        "lf": [
            0.04,
            0.15
        ],
        "ulf": null,
        "vlf": [
            0.0,
            0.04
        ]
    },
    "fft_interpolation": "cubic",
    "fft_log": [
        7.220453105847658,
        7.813432304658916,
        7.942825288549623
    ],
    "fft_nfft": 4096.0,
    "fft_norm": [
        46.769681125328155,
        53.23031887467185
    ],
    "fft_peak": [
        0.013671875,
        0.0849609375,
        0.2109375
    ],
    "fft_ratio": 0.8786286108006426,
    "fft_rel": [
        20.539433906854633,
        37.16345338214471,
        42.29711271100066
    ],
    "fft_resampling_frequency": 4.0,
    "fft_total": 6656.017743170678,
    "fft_window": "hamming",
    "hr_max": 102.73972602739725,
    "hr_mean": 77.87393551217116,
    "hr_min": 50.67567567567568,
    "hr_std": 9.651733373746044,
    "lomb_abs": [
        285.50341112536165,
        664.6528924173805,
        1703.0151382630925
    ],
    "lomb_bands": {
        "hf": [
            0.15,
            0.4
        ],
        "lf": [
            0.04,
            0.15
        ],
        "ulf": null,
        "vlf": [
            0.0,
            0.04
        ]
    },
    "lomb_log": [
        5.65425397692438,
        6.499264938094376,
        7.440155569797045
    ],
    "lomb_ma": "n/a",
    "lomb_nfft": 256.0,
    "lomb_norm": [
        28.072047424079035,
        71.92795257592097
    ],
    "lomb_peak": [
        0.00803921568627451,
        0.10290196078431373,
        0.2476078431372549
    ],
    "lomb_ratio": 0.3902800847062704,
    "lomb_rel": [
        10.760835377115274,
        25.051260613788163,
        64.18790400909657
    ],
    "lomb_total": 2653.1714418058345,
    "nn20": 228.0,
    "nn50": 129.0,
    "nni_counter": 306.0,
    "nni_diff_max": 500.0,
    "nni_diff_mean": 56.27540983606557,
    "nni_diff_min": 0.0,
    "nni_max": 1184.0,
    "nni_mean": 782.6437908496732,
    "nni_min": 584.0,
    "pnn20": 74.75409836065575,
    "pnn50": 42.295081967213115,
    "rmssd": 80.23955935351279,
    "sampen": 1.1975002898203184,
    "sd1": 56.73507006448229,
    "sd2": 128.8515366420914,
    "sd_ratio": 2.2711091481097156,
    "sdann": "n/a",
    "sdnn": 99.83544121190523,
    "sdnn_index": "n/a",
    "sdsd": 57.290719418529434,
    "tinn": 406.25,
    "tinn_m": 1007.8125,
    "tinn_n": 601.5625,
    "tri_index": 23.53846153846154
}