{
    "Comment": "None",
    "Name": "C:\\Users\\Juan Pablo Botero T\\OneDrive - Universidad de los Andes\\Documentos\\JPB\\Personal\\Bienestar y Tecnolog\u00eda\\Codigo\\HRV-Bienestar-Tecnologia\\HRV_Reports\\DarwinRodriguez-10-12-2021\\HRV_sound.json",
    "ar_abs": [
        2528.149317020639,
        5129.54878283092,
        9530.574101713953
    ],
    "ar_bands": {
        "hf": [
            0.15,
            0.4
        ],
        "lf": [
            0.04,
            0.15
        ],
        "ulf": null,
        "vlf": [
            0.0,
            0.04
        ]
    },
    "ar_interpolation": "cubic",
    "ar_log": [
        7.835242818799615,
        8.542772977733236,
        9.162260236356776
    ],
    "ar_nfft": 4096.0,
    "ar_norm": [
        34.989807542736486,
        65.01019245726351
    ],
    "ar_order": 16.0,
    "ar_peak": [
        0.0,
        0.0400390625,
        0.150390625
    ],
    "ar_ratio": 0.5382203346919505,
    "ar_rel": [
        14.70857156189541,
        29.843306660943608,
        55.44812177716098
    ],
    "ar_resampling_frequency": 4.0,
    "ar_total": 17188.272201565513,
    "dfa_alpha1": 0.8945309512427426,
    "dfa_alpha1_beats": [
        4,
        5,
        6,
        7,
        8,
        9,
        10,
        11,
        12,
        13,
        14,
        15,
        16
    ],
    "dfa_alpha2": 0.793016496717697,
    "dfa_alpha2_beats": [
        17,
        18,
        19,
        20,
        21,
        22,
        23,
        24,
        25,
        26,
        27,
        28,
        29,
        30,
        31,
        32,
        33,
        34,
        35,
        36,
        37,
        38,
        39,
        40,
        41,
        42,
        43,
        44,
        45,
        46,
        47,
        48,
        49,
        50,
        51,
        52,
        53,
        54,
        55,
        56,
        57,
        58,
        59,
        60,
        61,
        62,
        63,
        64
    ],
    "ellipse_area": 3878.350575716034,
    "fft_abs": [
        736.0856877056818,
        596.8348474675912,
        330.9092168472984
    ],
    "fft_bands": {
        "hf": [
            0.15,
            0.4
        ],
        "lf": [
            0.04,
            0.15
        ],
        "ulf": null,
        "vlf": [
            0.0,
            0.04
        ]
    },
    "fft_interpolation": "cubic",
    "fft_log": [
        6.60134653546534,
        6.391640437713696,
        5.801844068414838
    ],
    "fft_nfft": 4096.0,
    "fft_norm": [
        64.3318421992099,
        35.6681578007901
    ],
    "fft_peak": [
        0.0048828125,
        0.099609375,
        0.2880859375
    ],
    "fft_ratio": 1.8036211053710451,
    "fft_rel": [
        44.24044508230317,
        35.871148880634514,
        19.888406037062325
    ],
    "fft_resampling_frequency": 4.0,
    "fft_total": 1663.8297520205715,
    "fft_window": "hamming",
    "hr_max": 75.09386733416771,
    "hr_mean": 65.18141009280626,
    "hr_min": 57.361376673040155,
    "hr_std": 2.914807802280884,
    "lomb_abs": [
        266.7552540556179,
        795.9077811357088,
        2069.7138733499182
    ],
    "lomb_bands": {
        "hf": [
            0.15,
            0.4
        ],
        "lf": [
            0.04,
            0.15
        ],
        "ulf": null,
        "vlf": [
            0.0,
            0.04
        ]
    },
    "lomb_log": [
        5.586331586541283,
        6.679483326288337,
        7.635165651270577
    ],
    "lomb_ma": "n/a",
    "lomb_nfft": 256.0,
    "lomb_norm": [
        27.77434976071789,
        72.22565023928212
    ],
    "lomb_peak": [
        0.017686274509803923,
        0.10611764705882352,
        0.36498039215686273
    ],
    "lomb_ratio": 0.38454966717090167,
    "lomb_rel": [
        8.516065015300041,
        25.40906807751832,
        66.07486690718163
    ],
    "lomb_total": 3132.376908541245,
    "nn20": 171.0,
    "nn50": 26.0,
    "nni_counter": 260.0,
    "nni_diff_max": 116.0,
    "nni_diff_mean": 27.814671814671815,
    "nni_diff_min": 0.0,
    "nni_max": 1046.0,
    "nni_mean": 922.3269230769231,
    "nni_min": 799.0,
    "pnn20": 66.02316602316603,
    "pnn50": 10.038610038610038,
    "rmssd": 33.02800964105195,
    "sampen": 1.516260687579917,
    "sd1": 23.354185965621745,
    "sd2": 52.86064486059444,
    "sd_ratio": 2.2634334135391114,
    "sdann": "n/a",
    "sdnn": 40.94384569319912,
    "sdnn_index": "n/a",
    "sdsd": 17.844407658386945,
    "tinn": 109.375,
    "tinn_m": 953.125,
    "tinn_n": 843.75,
    "tri_index": 8.666666666666666
}