{
    "Comment": "None",
    "Name": "C:\\Users\\Juan Pablo Botero T\\OneDrive - Universidad de los Andes\\Documentos\\JPB\\Personal\\Bienestar y Tecnolog\u00eda\\Codigo\\HRV-Bienestar-Tecnologia\\HRV_Reports\\DarwinRodriguez-10-12-2021\\HRV_olfative.json",
    "ar_abs": [
        2498.3491321077076,
        5123.873912097802,
        9475.818442457943
    ],
    "ar_bands": {
        "hf": [
            0.15,
            0.4
        ],
        "lf": [
            0.04,
            0.15
        ],
        "ulf": null,
        "vlf": [
            0.0,
            0.04
        ]
    },
    "ar_interpolation": "cubic",
    "ar_log": [
        7.823385445574161,
        8.541666055394929,
        9.156498405371398
    ],
    "ar_nfft": 4096.0,
    "ar_norm": [
        35.09576631934254,
        64.90423368065747
    ],
    "ar_order": 16.0,
    "ar_peak": [
        0.0,
        0.0400390625,
        0.150390625
    ],
    "ar_ratio": 0.5407315413663323,
    "ar_rel": [
        14.611902386927946,
        29.967607202815866,
        55.420490410256185
    ],
    "ar_resampling_frequency": 4.0,
    "ar_total": 17098.041486663453,
    "dfa_alpha1": 1.2437701649002795,
    "dfa_alpha1_beats": [
        4,
        5,
        6,
        7,
        8,
        9,
        10,
        11,
        12,
        13,
        14,
        15,
        16
    ],
    "dfa_alpha2": 0.928833811870423,
    "dfa_alpha2_beats": [
        17,
        18,
        19,
        20,
        21,
        22,
        23,
        24,
        25,
        26,
        27,
        28,
        29,
        30,
        31,
        32,
        33,
        34,
        35,
        36,
        37,
        38,
        39,
        40,
        41,
        42,
        43,
        44,
        45,
        46,
        47,
        48,
        49,
        50,
        51,
        52,
        53,
        54,
        55,
        56,
        57,
        58,
        59,
        60,
        61,
        62,
        63,
        64
    ],
    "ellipse_area": 5602.237007331553,
    "fft_abs": [
        747.7655970618297,
        424.21793891402586,
        423.2998256470414
    ],
    "fft_bands": {
        "hf": [
            0.15,
            0.4
        ],
        "lf": [
            0.04,
            0.15
        ],
        "ulf": null,
        "vlf": [
            0.0,
            0.04
        ]
    },
    "fft_interpolation": "cubic",
    "fft_log": [
        6.617089555950933,
        6.050247330048378,
        6.048080735636979
    ],
    "fft_nfft": 4096.0,
    "fft_norm": [
        50.05416483909691,
        49.945835160903094
    ],
    "fft_peak": [
        0.01171875,
        0.0712890625,
        0.29296875
    ],
    "fft_ratio": 1.0021689431730358,
    "fft_rel": [
        46.87352824272677,
        26.592011746581807,
        26.53446001069142
    ],
    "fft_resampling_frequency": 4.0,
    "fft_total": 1595.283361622897,
    "fft_window": "hamming",
    "hr_max": 78.02340702210664,
    "hr_mean": 64.03063850172697,
    "hr_min": 56.12722170252572,
    "hr_std": 3.7238588570071354,
    "lomb_abs": [
        414.7796482359165,
        885.00732926612,
        2042.9368363060707
    ],
    "lomb_bands": {
        "hf": [
            0.15,
            0.4
        ],
        "lf": [
            0.04,
            0.15
        ],
        "ulf": null,
        "vlf": [
            0.0,
            0.04
        ]
    },
    "lomb_log": [
        6.02774741111099,
        6.785595926630269,
        7.62214367721098
    ],
    "lomb_ma": "n/a",
    "lomb_nfft": 256.0,
    "lomb_norm": [
        30.22623654072202,
        69.77376345927797
    ],
    "lomb_peak": [
        0.00803921568627451,
        0.11576470588235294,
        0.36498039215686273
    ],
    "lomb_ratio": 0.43320347136446125,
    "lomb_rel": [
        12.408433102446176,
        26.47563420017939,
        61.11593269737443
    ],
    "lomb_total": 3342.7238138081075,
    "nn20": 158.0,
    "nn50": 42.0,
    "nni_counter": 256.0,
    "nni_diff_max": 146.0,
    "nni_diff_mean": 28.847058823529412,
    "nni_diff_min": 0.0,
    "nni_max": 1069.0,
    "nni_mean": 940.08203125,
    "nni_min": 769.0,
    "pnn20": 61.96078431372549,
    "pnn50": 16.470588235294116,
    "rmssd": 36.4251582956443,
    "sampen": 1.7560413866259759,
    "sd1": 25.75521298244022,
    "sd2": 69.23831013916043,
    "sd_ratio": 2.6883221733156226,
    "sdann": "n/a",
    "sdnn": 52.50580835633293,
    "sdnn_index": "n/a",
    "sdsd": 22.284226554369067,
    "tinn": 148.4375,
    "tinn_m": 1015.625,
    "tinn_n": 867.1875,
    "tri_index": 8.533333333333333
}