{
    "Comment": "None",
    "Name": "D:\\Users\\jp.botero\\Documents\\Bienestar & Tecnolog\u00eda\\HRV-Bienestar-Tecnologia\\HRV_Reports\\Daniel Shambo test1\\HRV_interactive.json",
    "ar_abs": [
        1968.7128883616372,
        3802.6519393828926,
        6124.533396089065
    ],
    "ar_bands": {
        "hf": [
            0.15,
            0.4
        ],
        "lf": [
            0.04,
            0.15
        ],
        "ulf": null,
        "vlf": [
            0.0,
            0.04
        ]
    },
    "ar_interpolation": "cubic",
    "ar_log": [
        7.5851352520402795,
        8.243453981095287,
        8.72005785228071
    ],
    "ar_nfft": 4096.0,
    "ar_norm": [
        38.30543916406198,
        61.69456083593803
    ],
    "ar_order": 16.0,
    "ar_peak": [
        0.0,
        0.0400390625,
        0.150390625
    ],
    "ar_ratio": 0.6208884323842772,
    "ar_rel": [
        16.549510186774246,
        31.966076607516925,
        51.484413205708826
    ],
    "ar_resampling_frequency": 4.0,
    "ar_total": 11895.898223833596,
    "dfa_alpha1": 1.4791282839865936,
    "dfa_alpha1_beats": [
        4,
        5,
        6,
        7,
        8,
        9,
        10,
        11,
        12,
        13,
        14,
        15,
        16
    ],
    "dfa_alpha2": 0.8432986291564998,
    "dfa_alpha2_beats": [
        17,
        18,
        19,
        20,
        21,
        22,
        23,
        24,
        25,
        26,
        27,
        28,
        29,
        30,
        31,
        32,
        33,
        34,
        35,
        36,
        37,
        38,
        39,
        40,
        41,
        42,
        43,
        44,
        45,
        46,
        47,
        48,
        49,
        50,
        51,
        52,
        53,
        54,
        55,
        56,
        57,
        58,
        59,
        60,
        61,
        62,
        63,
        64
    ],
    "ellipse_area": 74.61898738562607,
    "fft_abs": [
        5.578071322938317,
        3.884036046180463,
        8.762449411301592
    ],
    "fft_bands": {
        "hf": [
            0.15,
            0.4
        ],
        "lf": [
            0.04,
            0.15
        ],
        "ulf": null,
        "vlf": [
            0.0,
            0.04
        ]
    },
    "fft_interpolation": "cubic",
    "fft_log": [
        1.718843075595103,
        1.3568748310709933,
        2.1704754790261074
    ],
    "fft_nfft": 4096.0,
    "fft_norm": [
        30.7123750645089,
        69.28762493549111
    ],
    "fft_peak": [
        0.0302734375,
        0.0400390625,
        0.3994140625
    ],
    "fft_ratio": 0.4432591691965638,
    "fft_rel": [
        30.607445712650428,
        21.312101539573757,
        48.08045274777582
    ],
    "fft_resampling_frequency": 4.0,
    "fft_total": 18.22455678042037,
    "fft_window": "hamming",
    "hr_max": 967.741935483871,
    "hr_mean": 731.6333403363345,
    "hr_min": 550.4587155963303,
    "hr_std": 63.53590310963856,
    "lomb_abs": [
        185.02973484478804,
        665.7701944660029,
        1155.9863908370994
    ],
    "lomb_bands": {
        "hf": [
            0.15,
            0.4
        ],
        "lf": [
            0.04,
            0.15
        ],
        "ulf": null,
        "vlf": [
            0.0,
            0.04
        ]
    },
    "lomb_log": [
        5.220516541053566,
        6.500944557641432,
        7.0527092765307575
    ],
    "lomb_ma": "n/a",
    "lomb_nfft": 256.0,
    "lomb_norm": [
        36.54550777184278,
        63.45449222815722
    ],
    "lomb_peak": [
        0.00803921568627451,
        0.14309803921568628,
        0.38266666666666665
    ],
    "lomb_ratio": 0.5759325540016869,
    "lomb_rel": [
        9.220201123911998,
        33.17593845352398,
        57.60386042256401
    ],
    "lomb_total": 2006.7863201478904,
    "nn20": 0.0,
    "nn50": 0.0,
    "nni_counter": 379.0,
    "nni_diff_max": 16.0,
    "nni_diff_mean": 2.505291005291005,
    "nni_diff_min": 0.0,
    "nni_max": 109.0,
    "nni_mean": 82.60686015831135,
    "nni_min": 62.0,
    "pnn20": 0.0,
    "pnn50": 0.0,
    "rmssd": 3.5092470438563903,
    "sampen": 1.093148672312962,
    "sd1": 2.481293214956367,
    "sd2": 9.572412175513897,
    "sd_ratio": 3.8578319232143734,
    "sdann": "n/a",
    "sdnn": 7.0053687204146495,
    "sdnn_index": "n/a",
    "sdsd": 2.460558592846622,
    "tinn": 31.25,
    "tinn_m": 93.75,
    "tinn_n": 62.5,
    "tri_index": 1.9536082474226804
}