{
    "Comment": "None",
    "Name": "D:\\Users\\jp.botero\\Documents\\Bienestar & Tecnolog\u00eda\\HRV-Bienestar-Tecnologia\\HRV_Reports\\Daniel Shambo test1\\HRV_video.json",
    "ar_abs": [
        1980.5577147919305,
        3905.2004441314575,
        6735.073343613911
    ],
    "ar_bands": {
        "hf": [
            0.15,
            0.4
        ],
        "lf": [
            0.04,
            0.15
        ],
        "ulf": null,
        "vlf": [
            0.0,
            0.04
        ]
    },
    "ar_interpolation": "cubic",
    "ar_log": [
        7.591133758163208,
        8.270064391079734,
        8.815083978705571
    ],
    "ar_nfft": 4096.0,
    "ar_norm": [
        36.702067277903694,
        63.29793272209629
    ],
    "ar_order": 16.0,
    "ar_peak": [
        0.0,
        0.0400390625,
        0.150390625
    ],
    "ar_ratio": 0.5798304257271832,
    "ar_rel": [
        15.692767266512972,
        30.94249727798326,
        53.36473545550378
    ],
    "ar_resampling_frequency": 4.0,
    "ar_total": 12620.831502537298,
    "dfa_alpha1": 1.339512846624842,
    "dfa_alpha1_beats": [
        4,
        5,
        6,
        7,
        8,
        9,
        10,
        11,
        12,
        13,
        14,
        15,
        16
    ],
    "dfa_alpha2": 0.7694650608061424,
    "dfa_alpha2_beats": [
        17,
        18,
        19,
        20,
        21,
        22,
        23,
        24,
        25,
        26,
        27,
        28,
        29,
        30,
        31,
        32,
        33,
        34,
        35,
        36,
        37,
        38,
        39,
        40,
        41,
        42,
        43,
        44,
        45,
        46,
        47,
        48,
        49,
        50,
        51,
        52,
        53,
        54,
        55,
        56,
        57,
        58,
        59,
        60,
        61,
        62,
        63,
        64
    ],
    "ellipse_area": 62.924212977320536,
    "fft_abs": [
        1.896152078657666,
        1.6946363299243756,
        7.689237832877312
    ],
    "fft_bands": {
        "hf": [
            0.15,
            0.4
        ],
        "lf": [
            0.04,
            0.15
        ],
        "ulf": null,
        "vlf": [
            0.0,
            0.04
        ]
    },
    "fft_interpolation": "cubic",
    "fft_log": [
        0.639826610878641,
        0.5274681631953915,
        2.0398216671463003
    ],
    "fft_nfft": 4096.0,
    "fft_norm": [
        18.059026586716485,
        81.94097341328352
    ],
    "fft_peak": [
        0.02734375,
        0.0400390625,
        0.1796875
    ],
    "fft_ratio": 0.2203906767818421,
    "fft_rel": [
        16.809819747479164,
        15.023336769340103,
        68.16684348318074
    ],
    "fft_resampling_frequency": 4.0,
    "fft_total": 11.280026241459353,
    "fft_window": "hamming",
    "hr_max": 789.4736842105264,
    "hr_mean": 668.6702428662518,
    "hr_min": 526.3157894736842,
    "hr_std": 48.19619977633166,
    "lomb_abs": [
        212.21831658854637,
        731.3888353521822,
        1340.3379946000844
    ],
    "lomb_bands": {
        "hf": [
            0.15,
            0.4
        ],
        "lf": [
            0.04,
            0.15
        ],
        "ulf": null,
        "vlf": [
            0.0,
            0.04
        ]
    },
    "lomb_log": [
        5.357615540025642,
        6.594945240835555,
        7.200677095915297
    ],
    "lomb_ma": "n/a",
    "lomb_nfft": 256.0,
    "lomb_norm": [
        35.3033433162148,
        64.6966566837852
    ],
    "lomb_peak": [
        0.020901960784313726,
        0.06592156862745098,
        0.26850980392156865
    ],
    "lomb_ratio": 0.5456749255029558,
    "lomb_rel": [
        9.291743144968484,
        32.023047333685724,
        58.6852095213458
    ],
    "lomb_total": 2283.945146540813,
    "nn20": 0.0,
    "nn50": 0.0,
    "nni_counter": 347.0,
    "nni_diff_max": 11.0,
    "nni_diff_mean": 2.3959537572254335,
    "nni_diff_min": 0.0,
    "nni_max": 114.0,
    "nni_mean": 90.21037463976946,
    "nni_min": 76.0,
    "pnn20": 0.0,
    "pnn50": 0.0,
    "rmssd": 3.0962404949086464,
    "sampen": 1.107914681330423,
    "sd1": 2.1883336895754124,
    "sd2": 9.152808443442495,
    "sd_ratio": 4.182546970347266,
    "sdann": "n/a",
    "sdnn": 6.71458653995851,
    "sdnn_index": "n/a",
    "sdsd": 1.9639905658589463,
    "tinn": 31.25,
    "tinn_m": 101.5625,
    "tinn_n": 70.3125,
    "tri_index": 2.16875
}