{
    "Comment": "None",
    "Name": "D:\\Users\\jp.botero\\Documents\\Bienestar & Tecnolog\u00eda\\HRV-Bienestar-Tecnologia\\HRV_Reports\\Daniel Shambo test1\\HRV_sound.json",
    "ar_abs": [
        1982.0671169350153,
        3999.028608590817,
        6844.521019349061
    ],
    "ar_bands": {
        "hf": [
            0.15,
            0.4
        ],
        "lf": [
            0.04,
            0.15
        ],
        "ulf": null,
        "vlf": [
            0.0,
            0.04
        ]
    },
    "ar_interpolation": "cubic",
    "ar_log": [
        7.591895577553224,
        8.293806762757418,
        8.831203760014716
    ],
    "ar_nfft": 4096.0,
    "ar_norm": [
        36.879331453298065,
        63.120668546701935
    ],
    "ar_order": 16.0,
    "ar_peak": [
        0.0,
        0.0400390625,
        0.150390625
    ],
    "ar_ratio": 0.5842671236286362,
    "ar_rel": [
        15.453971191888668,
        31.180010194744245,
        53.36601861336708
    ],
    "ar_resampling_frequency": 4.0,
    "ar_total": 12825.616744874893,
    "dfa_alpha1": 1.2367471235798349,
    "dfa_alpha1_beats": [
        4,
        5,
        6,
        7,
        8,
        9,
        10,
        11,
        12,
        13,
        14,
        15,
        16
    ],
    "dfa_alpha2": 0.7595845081263214,
    "dfa_alpha2_beats": [
        17,
        18,
        19,
        20,
        21,
        22,
        23,
        24,
        25,
        26,
        27,
        28,
        29,
        30,
        31,
        32,
        33,
        34,
        35,
        36,
        37,
        38,
        39,
        40,
        41,
        42,
        43,
        44,
        45,
        46,
        47,
        48,
        49,
        50,
        51,
        52,
        53,
        54,
        55,
        56,
        57,
        58,
        59,
        60,
        61,
        62,
        63,
        64
    ],
    "ellipse_area": 102.16345440118914,
    "fft_abs": [
        8.51787550048094,
        7.116584289546154,
        6.397872033210267
    ],
    "fft_bands": {
        "hf": [
            0.15,
            0.4
        ],
        "lf": [
            0.04,
            0.15
        ],
        "ulf": null,
        "vlf": [
            0.0,
            0.04
        ]
    },
    "fft_interpolation": "cubic",
    "fft_log": [
        2.1421669553436007,
        1.962427875700114,
        1.855965440266075
    ],
    "fft_nfft": 4096.0,
    "fft_norm": [
        52.65904983216261,
        47.3409501678374
    ],
    "fft_peak": [
        0.025390625,
        0.0400390625,
        0.2177734375
    ],
    "fft_ratio": 1.1123361412365196,
    "fft_rel": [
        38.660798905984116,
        32.300640470748256,
        29.038560623267628
    ],
    "fft_resampling_frequency": 4.0,
    "fft_total": 22.03233182323736,
    "fft_window": "hamming",
    "hr_max": 821.917808219178,
    "hr_mean": 686.5432130972243,
    "hr_min": 508.47457627118644,
    "hr_std": 59.57739190461928,
    "lomb_abs": [
        242.59853406117094,
        542.7135630663468,
        1318.8790666163973
    ],
    "lomb_bands": {
        "hf": [
            0.15,
            0.4
        ],
        "lf": [
            0.04,
            0.15
        ],
        "ulf": null,
        "vlf": [
            0.0,
            0.04
        ]
    },
    "lomb_log": [
        5.49140795387492,
        6.296581672587448,
        7.184537462855396
    ],
    "lomb_ma": "n/a",
    "lomb_nfft": 256.0,
    "lomb_norm": [
        29.153186062991505,
        70.84681393700849
    ],
    "lomb_peak": [
        0.030549019607843137,
        0.13827450980392156,
        0.2492156862745098
    ],
    "lomb_ratio": 0.4114960778463836,
    "lomb_rel": [
        11.529301055970773,
        25.792027474381896,
        62.67867146964732
    ],
    "lomb_total": 2104.1911637439152,
    "nn20": 0.0,
    "nn50": 0.0,
    "nni_counter": 354.0,
    "nni_diff_max": 16.0,
    "nni_diff_mean": 3.090651558073654,
    "nni_diff_min": 0.0,
    "nni_max": 118.0,
    "nni_mean": 88.09322033898304,
    "nni_min": 73.0,
    "pnn20": 0.0,
    "pnn50": 0.0,
    "rmssd": 4.15595412320937,
    "sampen": 1.1218001703945746,
    "sd1": 2.9385879629419778,
    "sd2": 11.066416235513419,
    "sd_ratio": 3.7658958571497845,
    "sdann": "n/a",
    "sdnn": 8.135175907776263,
    "sdnn_index": "n/a",
    "sdsd": 2.782401651319599,
    "tinn": 39.0625,
    "tinn_m": 109.375,
    "tinn_n": 70.3125,
    "tri_index": 2.6222222222222222
}