{
    "Comment": "None",
    "Name": "D:\\Users\\jp.botero\\Documents\\Bienestar & Tecnolog\u00eda\\HRV-Bienestar-Tecnologia\\HRV_Reports\\Daniel Shambo test1\\HRV_olfative.json",
    "ar_abs": [
        1983.3283982384091,
        3923.376660409869,
        6615.541131134129
    ],
    "ar_bands": {
        "hf": [
            0.15,
            0.4
        ],
        "lf": [
            0.04,
            0.15
        ],
        "ulf": null,
        "vlf": [
            0.0,
            0.04
        ]
    },
    "ar_interpolation": "cubic",
    "ar_log": [
        7.592531721585315,
        8.274707954960205,
        8.797176876851715
    ],
    "ar_nfft": 4096.0,
    "ar_norm": [
        37.22750986403773,
        62.77249013596227
    ],
    "ar_order": 16.0,
    "ar_peak": [
        0.0,
        0.0400390625,
        0.150390625
    ],
    "ar_ratio": 0.5930545336564583,
    "ar_rel": [
        15.838439591266912,
        31.331253202889187,
        52.83030720584391
    ],
    "ar_resampling_frequency": 4.0,
    "ar_total": 12522.246189782407,
    "dfa_alpha1": 1.3330213970619562,
    "dfa_alpha1_beats": [
        4,
        5,
        6,
        7,
        8,
        9,
        10,
        11,
        12,
        13,
        14,
        15,
        16
    ],
    "dfa_alpha2": 0.6389465774436972,
    "dfa_alpha2_beats": [
        17,
        18,
        19,
        20,
        21,
        22,
        23,
        24,
        25,
        26,
        27,
        28,
        29,
        30,
        31,
        32,
        33,
        34,
        35,
        36,
        37,
        38,
        39,
        40,
        41,
        42,
        43,
        44,
        45,
        46,
        47,
        48,
        49,
        50,
        51,
        52,
        53,
        54,
        55,
        56,
        57,
        58,
        59,
        60,
        61,
        62,
        63,
        64
    ],
    "ellipse_area": 233.52933865791172,
    "fft_abs": [
        5.27481292974579,
        5.47647149289288,
        16.097980268799912
    ],
    "fft_bands": {
        "hf": [
            0.15,
            0.4
        ],
        "lf": [
            0.04,
            0.15
        ],
        "ulf": null,
        "vlf": [
            0.0,
            0.04
        ]
    },
    "fft_interpolation": "cubic",
    "fft_log": [
        1.662943215177983,
        1.700461005416684,
        2.778693814978153
    ],
    "fft_nfft": 4096.0,
    "fft_norm": [
        25.384058669879177,
        74.61594133012082
    ],
    "fft_peak": [
        0.0234375,
        0.0400390625,
        0.298828125
    ],
    "fft_ratio": 0.3401961861952975,
    "fft_rel": [
        19.646023793820202,
        20.397100463757432,
        59.956875742422355
    ],
    "fft_resampling_frequency": 4.0,
    "fft_total": 26.849264691438584,
    "fft_window": "hamming",
    "hr_max": 833.3333333333334,
    "hr_mean": 651.7639078665903,
    "hr_min": 441.1764705882353,
    "hr_std": 74.15871860777622,
    "lomb_abs": [
        262.55443329155696,
        674.1269492053602,
        1548.3628400504674
    ],
    "lomb_bands": {
        "hf": [
            0.15,
            0.4
        ],
        "lf": [
            0.04,
            0.15
        ],
        "ulf": null,
        "vlf": [
            0.0,
            0.04
        ]
    },
    "lomb_log": [
        5.570458425454762,
        6.513418445113044,
        7.344953419481432
    ],
    "lomb_ma": "n/a",
    "lomb_nfft": 256.0,
    "lomb_norm": [
        30.33206057747888,
        69.66793942252113
    ],
    "lomb_peak": [
        0.03215686274509804,
        0.11737254901960785,
        0.20741176470588235
    ],
    "lomb_ratio": 0.4353804752789002,
    "lomb_rel": [
        10.56538273682776,
        27.12736228550179,
        62.30725497767047
    ],
    "lomb_total": 2485.0442225473844,
    "nn20": 8.0,
    "nn50": 1.0,
    "nni_counter": 335.0,
    "nni_diff_max": 53.0,
    "nni_diff_mean": 4.8562874251497,
    "nni_diff_min": 0.0,
    "nni_max": 136.0,
    "nni_mean": 93.3223880597015,
    "nni_min": 72.0,
    "pnn20": 2.3952095808383236,
    "pnn50": 0.29940119760479045,
    "rmssd": 6.9450365682357456,
    "sampen": 0.9548655991776123,
    "sd1": 4.91085324720858,
    "sd2": 15.136819095750623,
    "sd_ratio": 3.0823195753924577,
    "sdann": "n/a",
    "sdnn": 11.260016444392997,
    "sdnn_index": "n/a",
    "sdsd": 4.972326358822416,
    "tinn": 54.6875,
    "tinn_m": 125.0,
    "tinn_n": 70.3125,
    "tri_index": 3.764044943820225
}