{
    "Comment": "None",
    "Name": "D:\\Users\\jp.botero\\Documents\\Bienestar & Tecnolog\u00eda\\HRV-Bienestar-Tecnologia\\HRV_Reports\\CamilaCastro-7-12\\HRV_final.json",
    "ar_abs": [
        2058.9297899712615,
        4140.820467345313,
        6773.3489072048615
    ],
    "ar_bands": {
        "hf": [
            0.15,
            0.4
        ],
        "lf": [
            0.04,
            0.15
        ],
        "ulf": null,
        "vlf": [
            0.0,
            0.04
        ]
    },
    "ar_interpolation": "cubic",
    "ar_log": [
        7.629941607355223,
        8.328649227702387,
        8.820750912313722
    ],
    "ar_nfft": 4096.0,
    "ar_norm": [
        37.939858959866804,
        62.0601410401332
    ],
    "ar_order": 16.0,
    "ar_peak": [
        0.0,
        0.0400390625,
        0.150390625
    ],
    "ar_ratio": 0.6113401987812397,
    "ar_rel": [
        15.870762751910355,
        31.918513955936938,
        52.21072329215271
    ],
    "ar_resampling_frequency": 4.0,
    "ar_total": 12973.099164521436,
    "dfa_alpha1": 1.4524057039046632,
    "dfa_alpha1_beats": [
        4,
        5,
        6,
        7,
        8,
        9,
        10,
        11,
        12,
        13,
        14,
        15,
        16
    ],
    "dfa_alpha2": 1.2456597475333069,
    "dfa_alpha2_beats": [
        17,
        18,
        19,
        20,
        21,
        22,
        23,
        24,
        25,
        26,
        27,
        28,
        29,
        30,
        31,
        32,
        33,
        34,
        35,
        36,
        37,
        38,
        39,
        40,
        41,
        42,
        43,
        44,
        45,
        46,
        47,
        48,
        49,
        50,
        51,
        52,
        53,
        54,
        55,
        56,
        57,
        58,
        59,
        60,
        61,
        62,
        63,
        64
    ],
    "ellipse_area": 66.42296054631375,
    "fft_abs": [
        3.392012811638324,
        29.33406879151496,
        12.703885726081934
    ],
    "fft_bands": {
        "hf": [
            0.15,
            0.4
        ],
        "lf": [
            0.04,
            0.15
        ],
        "ulf": null,
        "vlf": [
            0.0,
            0.04
        ]
    },
    "fft_interpolation": "cubic",
    "fft_log": [
        1.221423494938539,
        3.3787495979337985,
        2.5419079093511256
    ],
    "fft_nfft": 4096.0,
    "fft_norm": [
        69.77996224634539,
        30.220037753654605
    ],
    "fft_peak": [
        0.0390625,
        0.0859375,
        0.150390625
    ],
    "fft_ratio": 2.3090627091591465,
    "fft_rel": [
        7.466465443516809,
        64.56986547872293,
        27.96366907776025
    ],
    "fft_resampling_frequency": 4.0,
    "fft_total": 45.42996732923522,
    "fft_window": "hamming",
    "hr_max": 674.1573033707865,
    "hr_mean": 551.4038821065977,
    "hr_min": 468.75,
    "hr_std": 35.74194053222725,
    "lomb_abs": [
        208.3644682073574,
        775.2594716741205,
        1446.7415632735251
    ],
    "lomb_bands": {
        "hf": [
            0.15,
            0.4
        ],
        "lf": [
            0.04,
            0.15
        ],
        "ulf": null,
        "vlf": [
            0.0,
            0.04
        ]
    },
    "lomb_log": [
        5.339288797297458,
        6.653197775479765,
        7.277069108934284
    ],
    "lomb_ma": "n/a",
    "lomb_nfft": 256.0,
    "lomb_norm": [
        34.89014899096962,
        65.10985100903038
    ],
    "lomb_peak": [
        0.035372549019607846,
        0.12541176470588236,
        0.27815686274509804
    ],
    "lomb_ratio": 0.5358659012463498,
    "lomb_rel": [
        8.573379927293528,
        31.898883960775027,
        59.52773611193145
    ],
    "lomb_total": 2430.365503155003,
    "nn20": 0.0,
    "nn50": 0.0,
    "nni_counter": 286.0,
    "nni_diff_max": 9.0,
    "nni_diff_mean": 2.4456140350877194,
    "nni_diff_min": 0.0,
    "nni_max": 128.0,
    "nni_mean": 109.25874125874125,
    "nni_min": 89.0,
    "pnn20": 0.0,
    "pnn50": 0.0,
    "rmssd": 3.1349753069902477,
    "sampen": 1.2272296664902034,
    "sd1": 2.216760909971815,
    "sd2": 9.53782833158871,
    "sd_ratio": 4.302596770217307,
    "sdann": "n/a",
    "sdnn": 6.924873333911083,
    "sdnn_index": "n/a",
    "sdsd": 1.964837929688647,
    "tinn": 39.0625,
    "tinn_m": 125.0,
    "tinn_n": 85.9375,
    "tri_index": 2.508771929824561
}