{
    "Comment": "None",
    "Name": "D:\\Users\\jp.botero\\Documents\\Bienestar & Tecnolog\u00eda\\HRV-Bienestar-Tecnologia\\HRV_Reports\\CamilaCastro-7-12\\HRV_olfative.json",
    "ar_abs": [
        2042.1355970700915,
        4064.7337158837795,
        6889.284791004986
    ],
    "ar_bands": {
        "hf": [
            0.15,
            0.4
        ],
        "lf": [
            0.04,
            0.15
        ],
        "ulf": null,
        "vlf": [
            0.0,
            0.04
        ]
    },
    "ar_interpolation": "cubic",
    "ar_log": [
        7.621751400569956,
        8.310103513288608,
        8.837722554701706
    ],
    "ar_nfft": 4096.0,
    "ar_norm": [
        37.10723798145446,
        62.89276201854553
    ],
    "ar_order": 16.0,
    "ar_peak": [
        0.0,
        0.0400390625,
        0.150390625
    ],
    "ar_ratio": 0.5900080834502459,
    "ar_rel": [
        15.713383980634866,
        31.276435192820546,
        53.010180826544584
    ],
    "ar_resampling_frequency": 4.0,
    "ar_total": 12996.154103958857,
    "dfa_alpha1": 1.368665589199769,
    "dfa_alpha1_beats": [
        4,
        5,
        6,
        7,
        8,
        9,
        10,
        11,
        12,
        13,
        14,
        15,
        16
    ],
    "dfa_alpha2": 0.9026243915543367,
    "dfa_alpha2_beats": [
        17,
        18,
        19,
        20,
        21,
        22,
        23,
        24,
        25,
        26,
        27,
        28,
        29,
        30,
        31,
        32,
        33,
        34,
        35,
        36,
        37,
        38,
        39,
        40,
        41,
        42,
        43,
        44,
        45,
        46,
        47,
        48,
        49,
        50,
        51,
        52,
        53,
        54,
        55,
        56,
        57,
        58,
        59,
        60,
        61,
        62,
        63,
        64
    ],
    "ellipse_area": 30.403939472019005,
    "fft_abs": [
        0.10794558899621681,
        3.9763928664080135,
        2.6895338944040885
    ],
    "fft_bands": {
        "hf": [
            0.15,
            0.4
        ],
        "lf": [
            0.04,
            0.15
        ],
        "ulf": null,
        "vlf": [
            0.0,
            0.04
        ]
    },
    "fft_interpolation": "cubic",
    "fft_log": [
        -2.2261279844011805,
        1.3803750933717505,
        0.989367905144439
    ],
    "fft_nfft": 4096.0,
    "fft_norm": [
        59.65251358272611,
        40.34748641727389
    ],
    "fft_peak": [
        0.0390625,
        0.1171875,
        0.3115234375
    ],
    "fft_ratio": 1.4784691409472086,
    "fft_rel": [
        1.5935580628305073,
        58.70191614284751,
        39.70452579432198
    ],
    "fft_resampling_frequency": 4.0,
    "fft_total": 6.773872349808319,
    "fft_window": "hamming",
    "hr_max": 722.8915662650602,
    "hr_mean": 579.4167714904931,
    "hr_min": 535.7142857142857,
    "hr_std": 25.114530744041826,
    "lomb_abs": [
        284.7876223793962,
        545.3763629334113,
        2203.943536993414
    ],
    "lomb_bands": {
        "hf": [
            0.15,
            0.4
        ],
        "lf": [
            0.04,
            0.15
        ],
        "ulf": null,
        "vlf": [
            0.0,
            0.04
        ]
    },
    "lomb_log": [
        5.651743717846873,
        6.301476130516353,
        7.698003551520607
    ],
    "lomb_ma": "n/a",
    "lomb_nfft": 256.0,
    "lomb_norm": [
        19.83677355799617,
        80.16322644200383
    ],
    "lomb_peak": [
        0.009647058823529411,
        0.12219607843137255,
        0.3344313725490196
    ],
    "lomb_ratio": 0.24745477993388407,
    "lomb_rel": [
        9.386207320791634,
        17.974852866086678,
        72.63893981312168
    ],
    "lomb_total": 3034.1075223062217,
    "nn20": 0.0,
    "nn50": 0.0,
    "nni_counter": 302.0,
    "nni_diff_max": 10.0,
    "nni_diff_mean": 1.8604651162790697,
    "nni_diff_min": 0.0,
    "nni_max": 112.0,
    "nni_mean": 103.73509933774834,
    "nni_min": 83.0,
    "pnn20": 0.0,
    "pnn50": 0.0,
    "rmssd": 2.383498085361847,
    "sampen": 2.060189610180515,
    "sd1": 1.6853811102092775,
    "sd2": 5.742246934092852,
    "sd_ratio": 3.4070910723449512,
    "sdann": "n/a",
    "sdnn": 4.242957012434645,
    "sdnn_index": "n/a",
    "sdsd": 1.4923577932070236,
    "tinn": 23.4375,
    "tinn_m": 109.375,
    "tinn_n": 85.9375,
    "tri_index": 1.3981481481481481
}