{
    "Comment": "None",
    "Name": "D:\\Users\\jp.botero\\Documents\\Bienestar & Tecnolog\u00eda\\HRV-Bienestar-Tecnologia\\HRV_Reports\\CamilaCastro-7-12\\HRV_sound.json",
    "ar_abs": [
        2037.5072970688727,
        4027.922254212137,
        6700.730960196712
    ],
    "ar_bands": {
        "hf": [
            0.15,
            0.4
        ],
        "lf": [
            0.04,
            0.15
        ],
        "ulf": null,
        "vlf": [
            0.0,
            0.04
        ]
    },
    "ar_interpolation": "cubic",
    "ar_log": [
        7.619482426492101,
        8.301005952314577,
        8.809971897965067
    ],
    "ar_nfft": 4096.0,
    "ar_norm": [
        37.54359632765963,
        62.45640367234037
    ],
    "ar_order": 16.0,
    "ar_peak": [
        0.0,
        0.0400390625,
        0.150390625
    ],
    "ar_ratio": 0.6011168450335589,
    "ar_rel": [
        15.960219952091336,
        31.551555775839862,
        52.4882242720688
    ],
    "ar_resampling_frequency": 4.0,
    "ar_total": 12766.160511477721,
    "dfa_alpha1": 1.4070225260716915,
    "dfa_alpha1_beats": [
        4,
        5,
        6,
        7,
        8,
        9,
        10,
        11,
        12,
        13,
        14,
        15,
        16
    ],
    "dfa_alpha2": 1.1821263574522027,
    "dfa_alpha2_beats": [
        17,
        18,
        19,
        20,
        21,
        22,
        23,
        24,
        25,
        26,
        27,
        28,
        29,
        30,
        31,
        32,
        33,
        34,
        35,
        36,
        37,
        38,
        39,
        40,
        41,
        42,
        43,
        44,
        45,
        46,
        47,
        48,
        49,
        50,
        51,
        52,
        53,
        54,
        55,
        56,
        57,
        58,
        59,
        60,
        61,
        62,
        63,
        64
    ],
    "ellipse_area": 24.495473347106962,
    "fft_abs": [
        0.8750234633717525,
        6.420142815538131,
        2.7394414505944793
    ],
    "fft_bands": {
        "hf": [
            0.15,
            0.4
        ],
        "lf": [
            0.04,
            0.15
        ],
        "ulf": null,
        "vlf": [
            0.0,
            0.04
        ]
    },
    "fft_interpolation": "cubic",
    "fft_log": [
        -0.133504577702043,
        1.8594403628653682,
        1.007754049471713
    ],
    "fft_nfft": 4096.0,
    "fft_norm": [
        70.09207655064093,
        29.907923449359075
    ],
    "fft_peak": [
        0.0390625,
        0.1142578125,
        0.150390625
    ],
    "fft_ratio": 2.3435955581912187,
    "fft_rel": [
        8.720056498062755,
        63.980007874759636,
        27.299935627177607
    ],
    "fft_resampling_frequency": 4.0,
    "fft_total": 10.034607729504362,
    "fft_window": "hamming",
    "hr_max": 674.1573033707865,
    "hr_mean": 588.2893909678613,
    "hr_min": 540.5405405405405,
    "hr_std": 23.88848461482519,
    "lomb_abs": [
        277.88440665309,
        626.0294096588984,
        1701.5531785084033
    ],
    "lomb_bands": {
        "hf": [
            0.15,
            0.4
        ],
        "lf": [
            0.04,
            0.15
        ],
        "ulf": null,
        "vlf": [
            0.0,
            0.04
        ]
    },
    "lomb_log": [
        5.627205223814279,
        6.43939735028234,
        7.43929674735113
    ],
    "lomb_ma": "n/a",
    "lomb_nfft": 256.0,
    "lomb_norm": [
        26.896120156656746,
        73.10387984334325
    ],
    "lomb_peak": [
        0.02411764705882353,
        0.07556862745098039,
        0.3312156862745098
    ],
    "lomb_ratio": 0.36791645278326324,
    "lomb_rel": [
        10.665435686021654,
        24.027531759313415,
        65.30703255466493
    ],
    "lomb_total": 2605.466994820392,
    "nn20": 0.0,
    "nn50": 0.0,
    "nni_counter": 306.0,
    "nni_diff_max": 6.0,
    "nni_diff_mean": 1.4950819672131148,
    "nni_diff_min": 0.0,
    "nni_max": 111.0,
    "nni_mean": 102.15686274509804,
    "nni_min": 89.0,
    "pnn20": 0.0,
    "pnn50": 0.0,
    "rmssd": 1.958587647712119,
    "sampen": 1.7443572303334711,
    "sd1": 1.384806410057061,
    "sd2": 5.630499163283346,
    "sd_ratio": 4.0659106734286,
    "sdann": "n/a",
    "sdnn": 4.113341184381878,
    "sdnn_index": "n/a",
    "sdsd": 1.2673047225141407,
    "tinn": 31.25,
    "tinn_m": 109.375,
    "tinn_n": 78.125,
    "tri_index": 1.9870129870129871
}