{
    "Comment": "None",
    "Name": "D:\\Users\\jp.botero\\Documents\\Bienestar & Tecnolog\u00eda\\HRV-Bienestar-Tecnologia\\HRV_Reports\\CamilaCastro-7-12\\HRV_video.json",
    "ar_abs": [
        2040.9978628916717,
        4039.651074173869,
        6875.679226279048
    ],
    "ar_bands": {
        "hf": [
            0.15,
            0.4
        ],
        "lf": [
            0.04,
            0.15
        ],
        "ulf": null,
        "vlf": [
            0.0,
            0.04
        ]
    },
    "ar_interpolation": "cubic",
    "ar_log": [
        7.621194115720454,
        8.303913599446538,
        8.835745714204394
    ],
    "ar_nfft": 4096.0,
    "ar_norm": [
        37.00896778182012,
        62.99103221817988
    ],
    "ar_order": 16.0,
    "ar_peak": [
        0.0,
        0.0400390625,
        0.150390625
    ],
    "ar_ratio": 0.5875275650926536,
    "ar_rel": [
        15.75290342418127,
        31.178980828863633,
        53.0681157469551
    ],
    "ar_resampling_frequency": 4.0,
    "ar_total": 12956.328163344588,
    "dfa_alpha1": 1.3814296804714694,
    "dfa_alpha1_beats": [
        4,
        5,
        6,
        7,
        8,
        9,
        10,
        11,
        12,
        13,
        14,
        15,
        16
    ],
    "dfa_alpha2": 1.0769141652317085,
    "dfa_alpha2_beats": [
        17,
        18,
        19,
        20,
        21,
        22,
        23,
        24,
        25,
        26,
        27,
        28,
        29,
        30,
        31,
        32,
        33,
        34,
        35,
        36,
        37,
        38,
        39,
        40,
        41,
        42,
        43,
        44,
        45,
        46,
        47,
        48,
        49,
        50,
        51,
        52,
        53,
        54,
        55,
        56,
        57,
        58,
        59,
        60,
        61,
        62,
        63,
        64
    ],
    "ellipse_area": 34.75594126842738,
    "fft_abs": [
        0.670726226321879,
        10.502418469968575,
        4.857480870903942
    ],
    "fft_bands": {
        "hf": [
            0.15,
            0.4
        ],
        "lf": [
            0.04,
            0.15
        ],
        "ulf": null,
        "vlf": [
            0.0,
            0.04
        ]
    },
    "fft_interpolation": "cubic",
    "fft_log": [
        -0.39939423373073274,
        2.351605561114684,
        1.5805199642079606
    ],
    "fft_nfft": 4096.0,
    "fft_norm": [
        68.37556833475959,
        31.624431665240415
    ],
    "fft_peak": [
        0.0009765625,
        0.08203125,
        0.150390625
    ],
    "fft_ratio": 2.162112162474487,
    "fft_rel": [
        4.18403027074923,
        65.51471385783643,
        30.30125587141435
    ],
    "fft_resampling_frequency": 4.0,
    "fft_total": 16.030625567194395,
    "fft_window": "hamming",
    "hr_max": 659.3406593406594,
    "hr_mean": 570.6796819854278,
    "hr_min": 512.8205128205128,
    "hr_std": 28.385059960519502,
    "lomb_abs": [
        235.78293290469932,
        760.4331852597995,
        1650.364768961009
    ],
    "lomb_bands": {
        "hf": [
            0.15,
            0.4
        ],
        "lf": [
            0.04,
            0.15
        ],
        "ulf": null,
        "vlf": [
            0.0,
            0.04
        ]
    },
    "lomb_log": [
        5.4629116059447265,
        6.63388825150813,
        7.408751614559372
    ],
    "lomb_ma": "n/a",
    "lomb_nfft": 256.0,
    "lomb_norm": [
        31.542800338304513,
        68.45719966169548
    ],
    "lomb_peak": [
        0.019294117647058823,
        0.06752941176470588,
        0.3263921568627451
    ],
    "lomb_ratio": 0.4607667344586688,
    "lomb_rel": [
        8.908963789910338,
        28.73266367784125,
        62.35837253224841
    ],
    "lomb_total": 2646.580887125508,
    "nn20": 0.0,
    "nn50": 0.0,
    "nni_counter": 297.0,
    "nni_diff_max": 8.0,
    "nni_diff_mean": 1.7432432432432432,
    "nni_diff_min": 0.0,
    "nni_max": 117.0,
    "nni_mean": 105.38720538720538,
    "nni_min": 91.0,
    "pnn20": 0.0,
    "pnn50": 0.0,
    "rmssd": 2.2571208639757407,
    "sampen": 0.9376774188621078,
    "sd1": 1.5958466797515112,
    "sd2": 6.932470299143195,
    "sd_ratio": 4.344070384144076,
    "sdann": "n/a",
    "sdnn": 5.040535478200496,
    "sdnn_index": "n/a",
    "sdsd": 1.4361984737098124,
    "tinn": 23.4375,
    "tinn_m": 109.375,
    "tinn_n": 85.9375,
    "tri_index": 1.7470588235294118
}