{
    "Comment": "None",
    "Name": "D:\\Users\\jp.botero\\Documents\\Bienestar & Tecnolog\u00eda\\HRV-Bienestar-Tecnologia\\HRV_Reports\\CamilaCastro-7-12\\HRV_interactive.json",
    "ar_abs": [
        2043.0075213163339,
        4108.57567744641,
        6957.639314701833
    ],
    "ar_bands": {
        "hf": [
            0.15,
            0.4
        ],
        "lf": [
            0.04,
            0.15
        ],
        "ulf": null,
        "vlf": [
            0.0,
            0.04
        ]
    },
    "ar_interpolation": "cubic",
    "ar_log": [
        7.622178276316638,
        8.320831696928122,
        8.847595516872135
    ],
    "ar_nfft": 4096.0,
    "ar_norm": [
        37.127199140460824,
        62.87280085953917
    ],
    "ar_order": 16.0,
    "ar_peak": [
        0.0,
        0.0400390625,
        0.150390625
    ],
    "ar_ratio": 0.5905128868587349,
    "ar_rel": [
        15.584505635005783,
        31.341108698295887,
        53.07438566669832
    ],
    "ar_resampling_frequency": 4.0,
    "ar_total": 13109.222513464578,
    "dfa_alpha1": 1.1596695492609943,
    "dfa_alpha1_beats": [
        4,
        5,
        6,
        7,
        8,
        9,
        10,
        11,
        12,
        13,
        14,
        15,
        16
    ],
    "dfa_alpha2": 1.3101905480444953,
    "dfa_alpha2_beats": [
        17,
        18,
        19,
        20,
        21,
        22,
        23,
        24,
        25,
        26,
        27,
        28,
        29,
        30,
        31,
        32,
        33,
        34,
        35,
        36,
        37,
        38,
        39,
        40,
        41,
        42,
        43,
        44,
        45,
        46,
        47,
        48,
        49,
        50,
        51,
        52,
        53,
        54,
        55,
        56,
        57,
        58,
        59,
        60,
        61,
        62,
        63,
        64
    ],
    "ellipse_area": 32.07109668626251,
    "fft_abs": [
        0.5749621044974907,
        1.0109332107956035,
        5.069194982620204
    ],
    "fft_bands": {
        "hf": [
            0.15,
            0.4
        ],
        "lf": [
            0.04,
            0.15
        ],
        "ulf": null,
        "vlf": [
            0.0,
            0.04
        ]
    },
    "fft_interpolation": "cubic",
    "fft_log": [
        -0.5534511455783864,
        0.010873875339397534,
        1.6231820244478428
    ],
    "fft_nfft": 4096.0,
    "fft_norm": [
        16.626840399357807,
        83.3731596006422
    ],
    "fft_peak": [
        0.0146484375,
        0.1494140625,
        0.2099609375
    ],
    "fft_ratio": 0.1994267757033612,
    "fft_rel": [
        8.639433557765097,
        15.190375570299643,
        76.17019087193525
    ],
    "fft_resampling_frequency": 4.0,
    "fft_total": 6.655090297913299,
    "fft_window": "hamming",
    "hr_max": 625.0,
    "hr_mean": 566.6766234376848,
    "hr_min": 504.20168067226894,
    "hr_std": 20.055508847406355,
    "lomb_abs": [
        202.86559702523883,
        710.5631274950182,
        1844.5837356828406
    ],
    "lomb_bands": {
        "hf": [
            0.15,
            0.4
        ],
        "lf": [
            0.04,
            0.15
        ],
        "ulf": null,
        "vlf": [
            0.0,
            0.04
        ]
    },
    "lomb_log": [
        5.312543676148124,
        6.5660577929851,
        7.520008913503092
    ],
    "lomb_ma": "n/a",
    "lomb_nfft": 256.0,
    "lomb_norm": [
        27.809091435600866,
        72.19090856439912
    ],
    "lomb_peak": [
        0.014470588235294117,
        0.04823529411764706,
        0.2476078431372549
    ],
    "lomb_ratio": 0.3852159778650423,
    "lomb_rel": [
        7.355499656092925,
        25.76359381069268,
        66.8809065332144
    ],
    "lomb_total": 2758.0124602030974,
    "nn20": 0.0,
    "nn50": 0.0,
    "nni_counter": 295.0,
    "nni_diff_max": 9.0,
    "nni_diff_mean": 2.3333333333333335,
    "nni_diff_min": 0.0,
    "nni_max": 119.0,
    "nni_mean": 106.0135593220339,
    "nni_min": 96.0,
    "pnn20": 0.0,
    "pnn50": 0.0,
    "rmssd": 2.9335033964307504,
    "sampen": 1.802629141464959,
    "sd1": 2.07429456681742,
    "sd2": 4.921454888471548,
    "sd_ratio": 2.372592093331523,
    "sdann": "n/a",
    "sdnn": 3.776919596956902,
    "sdnn_index": "n/a",
    "sdsd": 1.780950903475888,
    "tinn": 23.4375,
    "tinn_m": 117.1875,
    "tinn_n": 93.75,
    "tri_index": 1.4390243902439024
}