{
    "Comment": "None",
    "Name": "C:\\Users\\Juan Pablo Botero T\\OneDrive - Universidad de los Andes\\Documentos\\JPB\\Personal\\Bienestar y Tecnolog\u00eda\\Codigo\\HRV-Bienestar-Tecnologia\\HRV_Reports\\CamilaCastro-7-12\\HRV_video.json",
    "ar_abs": [
        2465.610723200395,
        5049.270619471932,
        8975.183032858886
    ],
    "ar_bands": {
        "hf": [
            0.15,
            0.4
        ],
        "lf": [
            0.04,
            0.15
        ],
        "ulf": null,
        "vlf": [
            0.0,
            0.04
        ]
    },
    "ar_interpolation": "cubic",
    "ar_log": [
        7.8101948136805,
        8.526999080050395,
        9.102218606781834
    ],
    "ar_nfft": 4096.0,
    "ar_norm": [
        36.00333207014278,
        63.996667929857225
    ],
    "ar_order": 16.0,
    "ar_peak": [
        0.0,
        0.0400390625,
        0.150390625
    ],
    "ar_ratio": 0.5625813536042814,
    "ar_rel": [
        14.952098833883223,
        30.62007827552386,
        54.42782289059293
    ],
    "ar_resampling_frequency": 4.0,
    "ar_total": 16490.064375531212,
    "dfa_alpha1": 1.3815571750986024,
    "dfa_alpha1_beats": [
        4,
        5,
        6,
        7,
        8,
        9,
        10,
        11,
        12,
        13,
        14,
        15,
        16
    ],
    "dfa_alpha2": 1.0911630528832112,
    "dfa_alpha2_beats": [
        17,
        18,
        19,
        20,
        21,
        22,
        23,
        24,
        25,
        26,
        27,
        28,
        29,
        30,
        31,
        32,
        33,
        34,
        35,
        36,
        37,
        38,
        39,
        40,
        41,
        42,
        43,
        44,
        45,
        46,
        47,
        48,
        49,
        50,
        51,
        52,
        53,
        54,
        55,
        56,
        57,
        58,
        59,
        60,
        61,
        62,
        63,
        64
    ],
    "ellipse_area": 2055.848675101373,
    "fft_abs": [
        787.3931714971012,
        426.03418212372077,
        79.96783831659131
    ],
    "fft_bands": {
        "hf": [
            0.15,
            0.4
        ],
        "lf": [
            0.04,
            0.15
        ],
        "ulf": null,
        "vlf": [
            0.0,
            0.04
        ]
    },
    "fft_interpolation": "cubic",
    "fft_log": [
        6.668727706256007,
        6.05451958277738,
        4.381624532799149
    ],
    "fft_nfft": 4096.0,
    "fft_norm": [
        84.19614248832346,
        15.803857511676538
    ],
    "fft_peak": [
        0.0107421875,
        0.0478515625,
        0.158203125
    ],
    "fft_ratio": 5.327569071419171,
    "fft_rel": [
        60.87800359901158,
        32.93921183405298,
        6.182784566935433
    ],
    "fft_resampling_frequency": 4.0,
    "fft_total": 1293.3951919374133,
    "fft_window": "hamming",
    "hr_max": 85.83690987124463,
    "hr_mean": 74.23449467272373,
    "hr_min": 66.66666666666667,
    "hr_std": 3.6969688905444738,
    "lomb_abs": [
        285.85988392527656,
        717.4489883154567,
        1787.446349411107
    ],
    "lomb_bands": {
        "hf": [
            0.15,
            0.4
        ],
        "lf": [
            0.04,
            0.15
        ],
        "ulf": null,
        "vlf": [
            0.0,
            0.04
        ]
    },
    "lomb_log": [
        5.655501774426442,
        6.575701848681855,
        7.48854325980226
    ],
    "lomb_ma": "n/a",
    "lomb_nfft": 256.0,
    "lomb_norm": [
        28.641874872369385,
        71.35812512763063
    ],
    "lomb_peak": [
        0.00803921568627451,
        0.10290196078431373,
        0.2524313725490196
    ],
    "lomb_ratio": 0.401382110602552,
    "lomb_rel": [
        10.243101283389407,
        25.708058619730924,
        64.04884009687967
    ],
    "lomb_total": 2790.75522165184,
    "nn20": 76.0,
    "nn50": 3.0,
    "nni_counter": 297.0,
    "nni_diff_max": 62.0,
    "nni_diff_mean": 13.402027027027026,
    "nni_diff_min": 0.0,
    "nni_max": 900.0,
    "nni_mean": 810.1717171717172,
    "nni_min": 699.0,
    "pnn20": 25.675675675675674,
    "pnn50": 1.0135135135135136,
    "rmssd": 17.3449696734521,
    "sampen": 1.4734017396456187,
    "sd1": 12.2633662320841,
    "sd2": 53.361935491296435,
    "sd_ratio": 4.351328540746665,
    "sdann": "n/a",
    "sdnn": 38.796255845757436,
    "sdnn_index": "n/a",
    "sdsd": 11.029261355445552,
    "tinn": 140.625,
    "tinn_m": 882.8125,
    "tinn_n": 742.1875,
    "tri_index": 9.9
}