{
    "Comment": "None",
    "Name": "C:\\Users\\Juan Pablo Botero T\\OneDrive - Universidad de los Andes\\Documentos\\JPB\\Personal\\Bienestar y Tecnolog\u00eda\\Codigo\\HRV-Bienestar-Tecnologia\\HRV_Reports\\Experiencia_Mindfullness\\save-test\\HRV_final.json",
    "ar_abs": [
        2841.1735896635305,
        6313.283567192314,
        11777.710188455852
    ],
    "ar_bands": {
        "hf": [
            0.15,
            0.4
        ],
        "lf": [
            0.04,
            0.15
        ],
        "ulf": null,
        "vlf": [
            0.0,
            0.04
        ]
    },
    "ar_interpolation": "cubic",
    "ar_log": [
        7.951972481593872,
        8.7504111953364,
        9.373964057025505
    ],
    "ar_nfft": 4096.0,
    "ar_norm": [
        34.89738403796226,
        65.10261596203773
    ],
    "ar_order": 16.0,
    "ar_peak": [
        0.0,
        0.0400390625,
        0.150390625
    ],
    "ar_ratio": 0.5360365865837317,
    "ar_rel": [
        13.573241331361155,
        30.160677884157742,
        56.2660807844811
    ],
    "ar_resampling_frequency": 4.0,
    "ar_total": 20932.167345311696,
    "dfa_alpha1": "nan",
    "dfa_alpha1_beats": [
        4,
        5,
        6,
        7,
        8,
        9,
        10,
        11,
        12,
        13,
        14,
        15,
        16
    ],
    "dfa_alpha2": "nan",
    "dfa_alpha2_beats": [
        17,
        18,
        19,
        20,
        21,
        22,
        23,
        24,
        25,
        26,
        27,
        28,
        29,
        30,
        31,
        32,
        33,
        34,
        35,
        36,
        37,
        38,
        39,
        40,
        41,
        42,
        43,
        44,
        45,
        46,
        47,
        48,
        49,
        50,
        51,
        52,
        53,
        54,
        55,
        56,
        57,
        58,
        59,
        60,
        61,
        62,
        63,
        64
    ],
    "ellipse_area": 12929.910469212216,
    "fft_abs": [
        633.3089572408446,
        779.6779947676331,
        2508.738401534517
    ],
    "fft_bands": {
        "hf": [
            0.15,
            0.4
        ],
        "lf": [
            0.04,
            0.15
        ],
        "ulf": null,
        "vlf": [
            0.0,
            0.04
        ]
    },
    "fft_interpolation": "cubic",
    "fft_log": [
        6.4509583871786305,
        6.658881007226038,
        7.827535276894885
    ],
    "fft_nfft": 4096.0,
    "fft_norm": [
        23.709831748935052,
        76.29016825106494
    ],
    "fft_peak": [
        0.037109375,
        0.0400390625,
        0.2958984375
    ],
    "fft_ratio": 0.3107848926339743,
    "fft_rel": [
        16.148733023048027,
        19.88099431958565,
        63.97027265736632
    ],
    "fft_resampling_frequency": 4.0,
    "fft_total": 3921.7253535429945,
    "fft_window": "hamming",
    "hr_max": 65.00541711809318,
    "hr_mean": 56.76574454736024,
    "hr_min": 50.67567567567568,
    "hr_std": 3.5103031559789857,
    "lomb_abs": [
        2111.4731406188116,
        7898.228274840031,
        15588.311220095755
    ],
    "lomb_bands": {
        "hf": [
            0.15,
            0.4
        ],
        "lf": [
            0.04,
            0.15
        ],
        "ulf": null,
        "vlf": [
            0.0,
            0.04
        ]
    },
    "lomb_log": [
        7.655141153771572,
        8.974393744295467,
        9.654276631623405
    ],
    "lomb_ma": "n/a",
    "lomb_nfft": 256.0,
    "lomb_norm": [
        33.62874414318492,
        66.37125585681507
    ],
    "lomb_peak": [
        0.00803921568627451,
        0.12862745098039216,
        0.1736470588235294
    ],
    "lomb_ratio": 0.5066763271096351,
    "lomb_rel": [
        8.24858230472963,
        30.854849504487365,
        60.89656819078301
    ],
    "lomb_total": 25598.012635554598,
    "nn20": 29.0,
    "nn50": 24.0,
    "nni_counter": 32.0,
    "nni_diff_max": 185.0,
    "nni_diff_mean": 80.83870967741936,
    "nni_diff_min": 15.0,
    "nni_max": 1184.0,
    "nni_mean": 1060.84375,
    "nni_min": 923.0,
    "pnn20": 93.54838709677419,
    "pnn50": 77.41935483870968,
    "rmssd": 91.73102335176083,
    "sampen": Infinity,
    "sd1": 64.82967357994971,
    "sd2": 63.48510030281008,
    "sd_ratio": 0.9792599098084079,
    "sdann": "n/a",
    "sdnn": 64.72478179980415,
    "sdnn_index": "n/a",
    "sdsd": 44.07198412763188,
    "tinn": 23.4375,
    "tinn_m": 1101.5625,
    "tinn_n": 1078.125,
    "tri_index": 8.0
}