{
    "Comment": "None",
    "Name": "C:\\Users\\Juan Pablo Botero T\\OneDrive - Universidad de los Andes\\Documentos\\JPB\\Personal\\Bienestar y Tecnolog\u00eda\\Codigo\\HRV-Bienestar-Tecnologia\\HRV_Reports\\Experiencia_Mindfullness\\save-test\\HRV_baseline.json",
    "ar_abs": [
        2877.3109832735117,
        6313.022192001199,
        12052.009474160743
    ],
    "ar_bands": {
        "hf": [
            0.15,
            0.4
        ],
        "lf": [
            0.04,
            0.15
        ],
        "ulf": null,
        "vlf": [
            0.0,
            0.04
        ]
    },
    "ar_interpolation": "cubic",
    "ar_log": [
        7.964611450610005,
        8.750369793647556,
        9.396986686356815
    ],
    "ar_nfft": 4096.0,
    "ar_norm": [
        34.37523172711491,
        65.62476827288509
    ],
    "ar_order": 16.0,
    "ar_peak": [
        0.0,
        0.0400390625,
        0.150390625
    ],
    "ar_ratio": 0.5238149045216225,
    "ar_rel": [
        13.545167925958395,
        29.719048864739868,
        56.73578320930174
    ],
    "ar_resampling_frequency": 4.0,
    "ar_total": 21242.342649435453,
    "dfa_alpha1": "nan",
    "dfa_alpha1_beats": [
        4,
        5,
        6,
        7,
        8,
        9,
        10,
        11,
        12,
        13,
        14,
        15,
        16
    ],
    "dfa_alpha2": "nan",
    "dfa_alpha2_beats": [
        17,
        18,
        19,
        20,
        21,
        22,
        23,
        24,
        25,
        26,
        27,
        28,
        29,
        30,
        31,
        32,
        33,
        34,
        35,
        36,
        37,
        38,
        39,
        40,
        41,
        42,
        43,
        44,
        45,
        46,
        47,
        48,
        49,
        50,
        51,
        52,
        53,
        54,
        55,
        56,
        57,
        58,
        59,
        60,
        61,
        62,
        63,
        64
    ],
    "ellipse_area": 24619.207599881356,
    "fft_abs": [
        1428.0515083389805,
        6604.621928488396,
        1322.067441441165
    ],
    "fft_bands": {
        "hf": [
            0.15,
            0.4
        ],
        "lf": [
            0.04,
            0.15
        ],
        "ulf": null,
        "vlf": [
            0.0,
            0.04
        ]
    },
    "fft_interpolation": "cubic",
    "fft_log": [
        7.264066212514406,
        8.795524975119566,
        7.1869520338163
    ],
    "fft_nfft": 4096.0,
    "fft_norm": [
        83.32131638138215,
        16.67868361861786
    ],
    "fft_peak": [
        0.0390625,
        0.0712890625,
        0.2021484375
    ],
    "fft_ratio": 4.995677014244297,
    "fft_rel": [
        15.265537837145276,
        70.60186930277472,
        14.13259286008
    ],
    "fft_resampling_frequency": 4.0,
    "fft_total": 9354.740878268542,
    "fft_window": "hamming",
    "hr_max": 69.04487917146145,
    "hr_mean": 55.84161122173123,
    "hr_min": 45.35147392290249,
    "hr_std": 5.25560597522518,
    "lomb_abs": [
        2336.072625627729,
        6263.921501452604,
        15317.897436366957
    ],
    "lomb_bands": {
        "hf": [
            0.15,
            0.4
        ],
        "lf": [
            0.04,
            0.15
        ],
        "ulf": null,
        "vlf": [
            0.0,
            0.04
        ]
    },
    "lomb_log": [
        7.756226433202739,
        8.742561705895534,
        9.636777190818904
    ],
    "lomb_ma": "n/a",
    "lomb_nfft": 256.0,
    "lomb_norm": [
        29.02406659744434,
        70.97593340255567
    ],
    "lomb_peak": [
        0.038588235294117645,
        0.14149019607843139,
        0.19294117647058823
    ],
    "lomb_ratio": 0.40892828323691,
    "lomb_rel": [
        9.767050826494467,
        26.18927126095635,
        64.04367791254919
    ],
    "lomb_total": 23917.89156344729,
    "nn20": 24.0,
    "nn50": 14.0,
    "nni_counter": 32.0,
    "nni_diff_max": 247.0,
    "nni_diff_mean": 68.80645161290323,
    "nni_diff_min": 0.0,
    "nni_max": 1323.0,
    "nni_mean": 1083.5,
    "nni_min": 869.0,
    "pnn20": 77.41935483870968,
    "pnn50": 45.16129032258064,
    "rmssd": 92.63159775813978,
    "sampen": 1.0986122886681098,
    "sd1": 65.21240409832349,
    "sd2": 120.16942600732632,
    "sd_ratio": 1.842738780587537,
    "sdann": "n/a",
    "sdnn": 99.74645276254027,
    "sdnn_index": "n/a",
    "sdsd": 63.04359304208409,
    "tinn": 78.125,
    "tinn_m": 1140.625,
    "tinn_n": 1062.5,
    "tri_index": 10.666666666666666
}