{
    "Comment": "None",
    "Name": "C:\\Users\\Juan Pablo Botero T\\OneDrive - Universidad de los Andes\\Documentos\\JPB\\Personal\\Bienestar y Tecnolog\u00eda\\Codigo\\HRV-Bienestar-Tecnologia\\HRV_Reports\\Experiencia_Mindfullness\\LuisaChavarro-17-03-2022\\HRV_video.json",
    "ar_abs": [
        2550.0986805508674,
        5478.79926013246,
        9084.150094219012
    ],
    "ar_bands": {
        "hf": [
            0.15,
            0.4
        ],
        "lf": [
            0.04,
            0.15
        ],
        "ulf": null,
        "vlf": [
            0.0,
            0.04
        ]
    },
    "ar_interpolation": "cubic",
    "ar_log": [
        7.843887335658955,
        8.608641242818761,
        9.114286426010459
    ],
    "ar_nfft": 4096.0,
    "ar_norm": [
        37.62149497893688,
        62.37850502106311
    ],
    "ar_order": 16.0,
    "ar_peak": [
        0.0,
        0.0400390625,
        0.150390625
    ],
    "ar_ratio": 0.6031163293546932,
    "ar_rel": [
        14.901487305767503,
        32.015332680410644,
        53.08318001382185
    ],
    "ar_resampling_frequency": 4.0,
    "ar_total": 17113.048034902342,
    "dfa_alpha1": 1.5793821799557404,
    "dfa_alpha1_beats": [
        4,
        5,
        6,
        7,
        8,
        9,
        10,
        11,
        12,
        13,
        14,
        15,
        16
    ],
    "dfa_alpha2": 0.13776642509689746,
    "dfa_alpha2_beats": [
        17,
        18,
        19,
        20,
        21,
        22,
        23,
        24,
        25,
        26,
        27,
        28,
        29,
        30,
        31,
        32,
        33,
        34,
        35,
        36,
        37,
        38,
        39,
        40,
        41,
        42,
        43,
        44,
        45,
        46,
        47,
        48,
        49,
        50,
        51,
        52,
        53,
        54,
        55,
        56,
        57,
        58,
        59,
        60,
        61,
        62,
        63,
        64
    ],
    "ellipse_area": 13898.558819045058,
    "fft_abs": [
        181.03997146380263,
        8583.711797255437,
        417.1417211504771
    ],
    "fft_bands": {
        "hf": [
            0.15,
            0.4
        ],
        "lf": [
            0.04,
            0.15
        ],
        "ulf": null,
        "vlf": [
            0.0,
            0.04
        ]
    },
    "fft_interpolation": "cubic",
    "fft_log": [
        5.198717843701554,
        9.057621709335839,
        6.033426022933901
    ],
    "fft_nfft": 4096.0,
    "fft_norm": [
        95.36553149879107,
        4.6344685012089215
    ],
    "fft_peak": [
        0.009765625,
        0.09375,
        0.1884765625
    ],
    "fft_ratio": 20.577447332723168,
    "fft_rel": [
        1.9717062898142093,
        93.48520331591466,
        4.543090394271127
    ],
    "fft_resampling_frequency": 4.0,
    "fft_total": 9181.893489869717,
    "fft_window": "hamming",
    "hr_max": 109.89010989010988,
    "hr_mean": 83.01010146779969,
    "hr_min": 65.57377049180327,
    "hr_std": 11.440092641206006,
    "lomb_abs": [
        238.02475670888097,
        752.8611196394698,
        1545.6978902712865
    ],
    "lomb_bands": {
        "hf": [
            0.15,
            0.4
        ],
        "lf": [
            0.04,
            0.15
        ],
        "ulf": null,
        "vlf": [
            0.0,
            0.04
        ]
    },
    "lomb_log": [
        5.472374688047006,
        6.623880774719709,
        7.343230796255541
    ],
    "lomb_ma": "n/a",
    "lomb_nfft": 256.0,
    "lomb_norm": [
        32.753612867598314,
        67.2463871324017
    ],
    "lomb_peak": [
        0.00803921568627451,
        0.0836078431372549,
        0.2588627450980392
    ],
    "lomb_ratio": 0.4870687372856119,
    "lomb_rel": [
        9.383674209430236,
        29.68012054428486,
        60.93620524628489
    ],
    "lomb_total": 2536.5837666196376,
    "nn20": 236.0,
    "nn50": 92.0,
    "nni_counter": 326.0,
    "nni_diff_max": 185.0,
    "nni_diff_mean": 37.52923076923077,
    "nni_diff_min": 0.0,
    "nni_max": 915.0,
    "nni_mean": 736.2515337423313,
    "nni_min": 546.0,
    "pnn20": 72.61538461538461,
    "pnn50": 28.307692307692307,
    "rmssd": 46.33055147524148,
    "sampen": 0.8176860063405591,
    "sd1": 32.75679171637991,
    "sd2": 135.05744744827143,
    "sd_ratio": 4.123036487139749,
    "sdann": "n/a",
    "sdnn": 98.49925223040066,
    "sdnn_index": "n/a",
    "sdsd": 27.209462559953653,
    "tinn": 429.6875,
    "tinn_m": 914.0625,
    "tinn_n": 484.375,
    "tri_index": 25.076923076923077
}