{
    "Comment": "None",
    "Name": "C:\\Users\\Juan Pablo Botero T\\OneDrive - Universidad de los Andes\\Documentos\\JPB\\Personal\\Bienestar y Tecnolog\u00eda\\Codigo\\HRV-Bienestar-Tecnologia\\HRV_Reports\\Experiencia_Mindfullness\\LuisaChavarro-17-03-2022\\HRV_final.json",
    "ar_abs": [
        2439.71668257522,
        5178.827591732512,
        9604.923576605785
    ],
    "ar_bands": {
        "hf": [
            0.15,
            0.4
        ],
        "lf": [
            0.04,
            0.15
        ],
        "ulf": null,
        "vlf": [
            0.0,
            0.04
        ]
    },
    "ar_interpolation": "cubic",
    "ar_log": [
        7.79963719784685,
        8.552333975993832,
        9.170031118544848
    ],
    "ar_nfft": 4096.0,
    "ar_norm": [
        35.03053814125184,
        64.96946185874816
    ],
    "ar_order": 16.0,
    "ar_peak": [
        0.0,
        0.0400390625,
        0.150390625
    ],
    "ar_ratio": 0.5391846744461678,
    "ar_rel": [
        14.165072351825014,
        30.068437068309862,
        55.76649057986513
    ],
    "ar_resampling_frequency": 4.0,
    "ar_total": 17223.467850913516,
    "dfa_alpha1": 1.3264175245250875,
    "dfa_alpha1_beats": [
        4,
        5,
        6,
        7,
        8,
        9,
        10,
        11,
        12,
        13,
        14,
        15,
        16
    ],
    "dfa_alpha2": 0.35664032099485965,
    "dfa_alpha2_beats": [
        17,
        18,
        19,
        20,
        21,
        22,
        23,
        24,
        25,
        26,
        27,
        28,
        29,
        30,
        31,
        32,
        33,
        34,
        35,
        36,
        37,
        38,
        39,
        40,
        41,
        42,
        43,
        44,
        45,
        46,
        47,
        48,
        49,
        50,
        51,
        52,
        53,
        54,
        55,
        56,
        57,
        58,
        59,
        60,
        61,
        62,
        63,
        64
    ],
    "ellipse_area": 10228.0857973188,
    "fft_abs": [
        392.9404565113499,
        2390.812451980821,
        1902.7761765694133
    ],
    "fft_bands": {
        "hf": [
            0.15,
            0.4
        ],
        "lf": [
            0.04,
            0.15
        ],
        "ulf": null,
        "vlf": [
            0.0,
            0.04
        ]
    },
    "fft_interpolation": "cubic",
    "fft_log": [
        5.973658090241202,
        7.779388525226992,
        7.551069244282887
    ],
    "fft_nfft": 4096.0,
    "fft_norm": [
        55.68331432785862,
        44.316685672141375
    ],
    "fft_peak": [
        0.0029296875,
        0.12109375,
        0.1533203125
    ],
    "fft_ratio": 1.2564864335706087,
    "fft_rel": [
        8.38446640102707,
        51.01456554706102,
        40.600968051911906
    ],
    "fft_resampling_frequency": 4.0,
    "fft_total": 4686.529085061585,
    "fft_window": "hamming",
    "hr_max": 104.16666666666667,
    "hr_mean": 85.0312079770458,
    "hr_min": 69.68641114982579,
    "hr_std": 8.672553605423877,
    "lomb_abs": [
        280.2750883394199,
        619.60674423668,
        1356.9443823860795
    ],
    "lomb_bands": {
        "hf": [
            0.15,
            0.4
        ],
        "lf": [
            0.04,
            0.15
        ],
        "ulf": null,
        "vlf": [
            0.0,
            0.04
        ]
    },
    "lomb_log": [
        5.635771579227976,
        6.429084993307038,
        7.212990673280915
    ],
    "lomb_ma": "n/a",
    "lomb_nfft": 256.0,
    "lomb_norm": [
        31.34787336846546,
        68.65212663153454
    ],
    "lomb_peak": [
        0.00803921568627451,
        0.10290196078431373,
        0.26207843137254905
    ],
    "lomb_ratio": 0.45661911591921733,
    "lomb_rel": [
        12.418992941559605,
        27.45478318750669,
        60.12622387093369
    ],
    "lomb_total": 2256.8262149621796,
    "nn20": 216.0,
    "nn50": 81.0,
    "nni_counter": 338.0,
    "nni_diff_max": 207.0,
    "nni_diff_mean": 36.160237388724035,
    "nni_diff_min": 0.0,
    "nni_max": 861.0,
    "nni_mean": 712.8639053254437,
    "nni_min": 576.0,
    "pnn20": 64.09495548961425,
    "pnn50": 24.03560830860534,
    "rmssd": 48.46100331947297,
    "sampen": 1.4226164503172933,
    "sd1": 34.26588066959137,
    "sd2": 95.01290386830202,
    "sd_ratio": 2.7728137147404324,
    "sdann": "n/a",
    "sdnn": 71.52808042823243,
    "sdnn_index": "n/a",
    "sdsd": 32.31105088769612,
    "tinn": 320.3125,
    "tinn_m": 859.375,
    "tinn_n": 539.0625,
    "tri_index": 21.125
}