{
    "Comment": "None",
    "Name": "C:\\Users\\admin\\HRV-Bienestar-Tecnologia\\HRV_Reports\\Grupo_Control\\10-03-2022_MarthaMillan\\Momento_4.json",
    "ar_abs": [
        2379.1651924510634,
        4839.875577287244,
        8607.450710052772
    ],
    "ar_bands": {
        "hf": [
            0.15,
            0.4
        ],
        "lf": [
            0.04,
            0.15
        ],
        "ulf": null,
        "vlf": [
            0.0,
            0.04
        ]
    },
    "ar_interpolation": "cubic",
    "ar_log": [
        7.774504945660684,
        8.484644292208186,
        9.06038346880102
    ],
    "ar_nfft": 4096.0,
    "ar_norm": [
        35.99135972363327,
        64.00864027636673
    ],
    "ar_order": 16.0,
    "ar_peak": [
        0.0,
        0.0400390625,
        0.150390625
    ],
    "ar_ratio": 0.5622890842273055,
    "ar_rel": [
        15.032802409106468,
        30.580849732028753,
        54.38634785886478
    ],
    "ar_resampling_frequency": 4.0,
    "ar_total": 15826.491479791079,
    "dfa_alpha1": 1.337702292166034,
    "dfa_alpha1_beats": [
        4,
        5,
        6,
        7,
        8,
        9,
        10,
        11,
        12,
        13,
        14,
        15,
        16
    ],
    "dfa_alpha2": 0.731697801401478,
    "dfa_alpha2_beats": [
        17,
        18,
        19,
        20,
        21,
        22,
        23,
        24,
        25,
        26,
        27,
        28,
        29,
        30,
        31,
        32,
        33,
        34,
        35,
        36,
        37,
        38,
        39,
        40,
        41,
        42,
        43,
        44,
        45,
        46,
        47,
        48,
        49,
        50,
        51,
        52,
        53,
        54,
        55,
        56,
        57,
        58,
        59,
        60,
        61,
        62,
        63,
        64
    ],
    "ellipse_area": 849.5046709589482,
    "fft_abs": [
        133.63381363273857,
        271.7274332614812,
        70.00047156371016
    ],
    "fft_bands": {
        "hf": [
            0.15,
            0.4
        ],
        "lf": [
            0.04,
            0.15
        ],
        "ulf": null,
        "vlf": [
            0.0,
            0.04
        ]
    },
    "fft_interpolation": "cubic",
    "fft_log": [
        4.895103325132575,
        5.60479948027706,
        4.248501978651099
    ],
    "fft_nfft": 4096.0,
    "fft_norm": [
        79.51572857372639,
        20.48427142627361
    ],
    "fft_peak": [
        0.0390625,
        0.0595703125,
        0.162109375
    ],
    "fft_ratio": 3.8817943249735323,
    "fft_rel": [
        28.11202678798909,
        57.16224565641572,
        14.725727555595178
    ],
    "fft_resampling_frequency": 4.0,
    "fft_total": 475.36171845792995,
    "fft_window": "hamming",
    "hr_max": 100.1669449081803,
    "hr_mean": 90.41322718858207,
    "hr_min": 80.42895442359249,
    "hr_std": 3.3383470398729798,
    "lomb_abs": [
        187.83246413340723,
        441.957610719476,
        1577.3346126361298
    ],
    "lomb_bands": {
        "hf": [
            0.15,
            0.4
        ],
        "lf": [
            0.04,
            0.15
        ],
        "ulf": null,
        "vlf": [
            0.0,
            0.04
        ]
    },
    "lomb_log": [
        5.235550417294753,
        6.091213974129076,
        7.363491747484021
    ],
    "lomb_ma": "n/a",
    "lomb_nfft": 256.0,
    "lomb_norm": [
        21.886758419989487,
        78.11324158001052
    ],
    "lomb_peak": [
        0.00803921568627451,
        0.06752941176470588,
        0.3328235294117647
    ],
    "lomb_ratio": 0.28019267895278843,
    "lomb_rel": [
        8.510278789328355,
        20.024134260501587,
        71.46558695017006
    ],
    "lomb_total": 2207.124687489013,
    "nn20": 31.0,
    "nn50": 0.0,
    "nni_counter": 364.0,
    "nni_diff_max": 39.0,
    "nni_diff_mean": 8.46831955922865,
    "nni_diff_min": 0.0,
    "nni_max": 746.0,
    "nni_mean": 664.521978021978,
    "nni_min": 599.0,
    "pnn20": 8.539944903581267,
    "pnn50": 0.0,
    "rmssd": 11.373208090022498,
    "sampen": 1.564880024670815,
    "sd1": 8.041165649188265,
    "sd2": 33.62767873745246,
    "sd_ratio": 4.1819408036752845,
    "sdann": "n/a",
    "sdnn": 24.542582557894878,
    "sdnn_index": "n/a",
    "sdsd": 7.6024105065998295,
    "tinn": 93.75,
    "tinn_m": 703.125,
    "tinn_n": 609.375,
    "tri_index": 6.5
}