{
    "Comment": "None",
    "Name": "C:\\Users\\admin\\HRV-Bienestar-Tecnologia\\HRV_Reports\\Grupo_Control\\10-03-2022_MarthaMillan\\Momento_6.json",
    "ar_abs": [
        2378.393617494912,
        4828.318964459402,
        8688.542175758246
    ],
    "ar_bands": {
        "hf": [
            0.15,
            0.4
        ],
        "lf": [
            0.04,
            0.15
        ],
        "ulf": null,
        "vlf": [
            0.0,
            0.04
        ]
    },
    "ar_interpolation": "cubic",
    "ar_log": [
        7.774180588151407,
        8.482253645581876,
        9.069760445355309
    ],
    "ar_nfft": 4096.0,
    "ar_norm": [
        35.72071144604254,
        64.27928855395746
    ],
    "ar_order": 16.0,
    "ar_peak": [
        0.0,
        0.0400390625,
        0.150390625
    ],
    "ar_ratio": 0.5557110579414362,
    "ar_rel": [
        14.962916000706992,
        30.375851397516268,
        54.661232601776746
    ],
    "ar_resampling_frequency": 4.0,
    "ar_total": 15895.25475771256,
    "dfa_alpha1": 1.3217632732956615,
    "dfa_alpha1_beats": [
        4,
        5,
        6,
        7,
        8,
        9,
        10,
        11,
        12,
        13,
        14,
        15,
        16
    ],
    "dfa_alpha2": 0.8329189251414015,
    "dfa_alpha2_beats": [
        17,
        18,
        19,
        20,
        21,
        22,
        23,
        24,
        25,
        26,
        27,
        28,
        29,
        30,
        31,
        32,
        33,
        34,
        35,
        36,
        37,
        38,
        39,
        40,
        41,
        42,
        43,
        44,
        45,
        46,
        47,
        48,
        49,
        50,
        51,
        52,
        53,
        54,
        55,
        56,
        57,
        58,
        59,
        60,
        61,
        62,
        63,
        64
    ],
    "ellipse_area": 899.1362187551216,
    "fft_abs": [
        113.40390268213515,
        258.66258637752367,
        97.00436726082862
    ],
    "fft_bands": {
        "hf": [
            0.15,
            0.4
        ],
        "lf": [
            0.04,
            0.15
        ],
        "ulf": null,
        "vlf": [
            0.0,
            0.04
        ]
    },
    "fft_interpolation": "cubic",
    "fft_log": [
        4.73095580588784,
        5.555524457076996,
        4.574756000797375
    ],
    "fft_nfft": 4096.0,
    "fft_norm": [
        72.72606682501512,
        27.27393317498487
    ],
    "fft_peak": [
        0.0263671875,
        0.0546875,
        0.169921875
    ],
    "fft_ratio": 2.6665045469759416,
    "fft_rel": [
        24.176284063287273,
        55.14360632134334,
        20.68010961536938
    ],
    "fft_resampling_frequency": 4.0,
    "fft_total": 469.07085632048745,
    "fft_window": "hamming",
    "hr_max": 98.84678747940691,
    "hr_mean": 90.68767783989985,
    "hr_min": 82.1917808219178,
    "hr_std": 3.237253332991973,
    "lomb_abs": [
        293.30264773257016,
        657.1195648392385,
        1222.3290811446875
    ],
    "lomb_bands": {
        "hf": [
            0.15,
            0.4
        ],
        "lf": [
            0.04,
            0.15
        ],
        "ulf": null,
        "vlf": [
            0.0,
            0.04
        ]
    },
    "lomb_log": [
        5.6812050033295325,
        6.487865987983836,
        7.1085134006499775
    ],
    "lomb_ma": "n/a",
    "lomb_nfft": 256.0,
    "lomb_norm": [
        34.96342218466013,
        65.03657781533987
    ],
    "lomb_peak": [
        0.00803921568627451,
        0.12701960784313726,
        0.3167450980392157
    ],
    "lomb_ratio": 0.5375962782656359,
    "lomb_rel": [
        13.49913579988602,
        30.243662343665388,
        56.25720185644859
    ],
    "lomb_total": 2172.751293716496,
    "nn20": 42.0,
    "nn50": 0.0,
    "nni_counter": 364.0,
    "nni_diff_max": 39.0,
    "nni_diff_mean": 9.597796143250688,
    "nni_diff_min": 0.0,
    "nni_max": 730.0,
    "nni_mean": 662.4532967032967,
    "nni_min": 607.0,
    "pnn20": 11.570247933884298,
    "pnn50": 0.0,
    "rmssd": 12.569805089976535,
    "sampen": 1.4965896770635652,
    "sd1": 8.887373845417372,
    "sd2": 32.20343291885297,
    "sd_ratio": 3.6235038020211268,
    "sdann": "n/a",
    "sdnn": 23.67876185966003,
    "sdnn_index": "n/a",
    "sdsd": 8.127995110841512,
    "tinn": 101.5625,
    "tinn_m": 710.9375,
    "tinn_n": 609.375,
    "tri_index": 6.275862068965517
}