{
    "Comment": "None",
    "Name": "C:\\Users\\admin\\HRV-Bienestar-Tecnologia\\HRV_Reports\\Experiencia_Mindfullness\\28-03-2022_PaulaEugenio\\HRV_olfative.json",
    "ar_abs": [
        2392.1972982229418,
        5117.100595919643,
        8947.036623456297
    ],
    "ar_bands": {
        "hf": [
            0.15,
            0.4
        ],
        "lf": [
            0.04,
            0.15
        ],
        "ulf": null,
        "vlf": [
            0.0,
            0.04
        ]
    },
    "ar_interpolation": "cubic",
    "ar_log": [
        7.7799675942037,
        8.540343267771448,
        9.09907765291759
    ],
    "ar_nfft": 4096.0,
    "ar_norm": [
        36.38403491164672,
        63.61596508835327
    ],
    "ar_order": 16.0,
    "ar_peak": [
        0.0,
        0.0400390625,
        0.150390625
    ],
    "ar_ratio": 0.5719324521936375,
    "ar_rel": [
        14.536635091275379,
        31.095020525058402,
        54.368344383666226
    ],
    "ar_resampling_frequency": 4.0,
    "ar_total": 16456.33451759888,
    "dfa_alpha1": 1.2187119512665001,
    "dfa_alpha1_beats": [
        4,
        5,
        6,
        7,
        8,
        9,
        10,
        11,
        12,
        13,
        14,
        15,
        16
    ],
    "dfa_alpha2": 0.6858554038025961,
    "dfa_alpha2_beats": [
        17,
        18,
        19,
        20,
        21,
        22,
        23,
        24,
        25,
        26,
        27,
        28,
        29,
        30,
        31,
        32,
        33,
        34,
        35,
        36,
        37,
        38,
        39,
        40,
        41,
        42,
        43,
        44,
        45,
        46,
        47,
        48,
        49,
        50,
        51,
        52,
        53,
        54,
        55,
        56,
        57,
        58,
        59,
        60,
        61,
        62,
        63,
        64
    ],
    "ellipse_area": 4865.141940173639,
    "fft_abs": [
        306.47334201829216,
        1129.1154714324794,
        854.2736990446009
    ],
    "fft_bands": {
        "hf": [
            0.15,
            0.4
        ],
        "lf": [
            0.04,
            0.15
        ],
        "ulf": null,
        "vlf": [
            0.0,
            0.04
        ]
    },
    "fft_interpolation": "cubic",
    "fft_log": [
        5.725130776123182,
        7.02918983653922,
        6.750251633126945
    ],
    "fft_nfft": 4096.0,
    "fft_norm": [
        56.92858911601722,
        43.07141088398278
    ],
    "fft_peak": [
        0.025390625,
        0.1162109375,
        0.158203125
    ],
    "fft_ratio": 1.3217256632098762,
    "fft_rel": [
        13.383918918534263,
        49.30931290726396,
        37.306768174201785
    ],
    "fft_resampling_frequency": 4.0,
    "fft_total": 2289.8625124953724,
    "fft_window": "hamming",
    "hr_max": 105.4481546572935,
    "hr_mean": 88.12651599396031,
    "hr_min": 73.61963190184049,
    "hr_std": 6.637890293553777,
    "lomb_abs": [
        187.88345033284696,
        721.5205979317074,
        1381.3535789712896
    ],
    "lomb_bands": {
        "hf": [
            0.15,
            0.4
        ],
        "lf": [
            0.04,
            0.15
        ],
        "ulf": null,
        "vlf": [
            0.0,
            0.04
        ]
    },
    "lomb_log": [
        5.235821825546518,
        6.581360926568313,
        7.230819151754987
    ],
    "lomb_ma": "n/a",
    "lomb_nfft": 256.0,
    "lomb_norm": [
        34.311163542572245,
        65.68883645742775
    ],
    "lomb_peak": [
        0.030549019607843137,
        0.04984313725490196,
        0.36176470588235293
    ],
    "lomb_ratio": 0.5223286846435308,
    "lomb_rel": [
        8.201803983931622,
        31.497029164204264,
        60.30116685186412
    ],
    "lomb_total": 2290.7576272358438,
    "nn20": 186.0,
    "nn50": 35.0,
    "nni_counter": 350.0,
    "nni_diff_max": 108.0,
    "nni_diff_mean": 25.226361031518625,
    "nni_diff_min": 0.0,
    "nni_max": 815.0,
    "nni_mean": 684.6628571428571,
    "nni_min": 569.0,
    "pnn20": 53.29512893982808,
    "pnn50": 10.028653295128938,
    "rmssd": 31.906291876651093,
    "sampen": 1.2151121600166428,
    "sd1": 22.561132058576625,
    "sd2": 68.64118224315557,
    "sd_ratio": 3.0424529258965793,
    "sdann": "n/a",
    "sdnn": 51.09298835321785,
    "sdnn_index": "n/a",
    "sdsd": 19.56371241173443,
    "tinn": 257.8125,
    "tinn_m": 796.875,
    "tinn_n": 539.0625,
    "tri_index": 16.666666666666668
}