{
    "Comment": "None",
    "Name": "C:\\Users\\admin\\HRV-Bienestar-Tecnologia\\HRV_Reports\\Experiencia_Mindfullness\\28-03-2022_PaulaEugenio\\HRV_final.json",
    "ar_abs": [
        2487.5041535749438,
        5410.999412120807,
        10704.94584789754
    ],
    "ar_bands": {
        "hf": [
            0.15,
            0.4
        ],
        "lf": [
            0.04,
            0.15
        ],
        "ulf": null,
        "vlf": [
            0.0,
            0.04
        ]
    },
    "ar_interpolation": "cubic",
    "ar_log": [
        7.819035138810226,
        8.596189088997527,
        9.278461142430656
    ],
    "ar_nfft": 4096.0,
    "ar_norm": [
        33.57543926104554,
        66.42456073895445
    ],
    "ar_order": 16.0,
    "ar_peak": [
        0.0,
        0.0400390625,
        0.1875
    ],
    "ar_ratio": 0.5054672381349349,
    "ar_rel": [
        13.371198524921715,
        29.08600062183663,
        57.54280085324165
    ],
    "ar_resampling_frequency": 4.0,
    "ar_total": 18603.44941359329,
    "dfa_alpha1": 0.5943052181595344,
    "dfa_alpha1_beats": [
        4,
        5,
        6,
        7,
        8,
        9,
        10,
        11,
        12,
        13,
        14,
        15,
        16
    ],
    "dfa_alpha2": 0.704020579076624,
    "dfa_alpha2_beats": [
        17,
        18,
        19,
        20,
        21,
        22,
        23,
        24,
        25,
        26,
        27,
        28,
        29,
        30,
        31,
        32,
        33,
        34,
        35,
        36,
        37,
        38,
        39,
        40,
        41,
        42,
        43,
        44,
        45,
        46,
        47,
        48,
        49,
        50,
        51,
        52,
        53,
        54,
        55,
        56,
        57,
        58,
        59,
        60,
        61,
        62,
        63,
        64
    ],
    "ellipse_area": 30177.7241862271,
    "fft_abs": [
        689.8794635478052,
        1970.5347749215546,
        7711.117458042131
    ],
    "fft_bands": {
        "hf": [
            0.15,
            0.4
        ],
        "lf": [
            0.04,
            0.15
        ],
        "ulf": null,
        "vlf": [
            0.0,
            0.04
        ]
    },
    "fft_interpolation": "cubic",
    "fft_log": [
        6.536516891820713,
        7.5860602442446545,
        8.950418392247375
    ],
    "fft_nfft": 4096.0,
    "fft_norm": [
        20.353290197848253,
        79.64670980215173
    ],
    "fft_peak": [
        0.0185546875,
        0.1435546875,
        0.1982421875
    ],
    "fft_ratio": 0.2555446452013814,
    "fft_rel": [
        6.651664226026028,
        18.99945767493872,
        74.34887809903526
    ],
    "fft_resampling_frequency": 4.0,
    "fft_total": 10371.53169651149,
    "fft_window": "hamming",
    "hr_max": 88.75739644970415,
    "hr_mean": 68.7716866121362,
    "hr_min": 54.54545454545455,
    "hr_std": 8.345545588998958,
    "lomb_abs": [
        353.64864374054747,
        714.0688638138733,
        2076.2442051379985
    ],
    "lomb_bands": {
        "hf": [
            0.15,
            0.4
        ],
        "lf": [
            0.04,
            0.15
        ],
        "ulf": null,
        "vlf": [
            0.0,
            0.04
        ]
    },
    "lomb_log": [
        5.868303888441554,
        6.570979405607373,
        7.63831586990037
    ],
    "lomb_ma": "n/a",
    "lomb_nfft": 256.0,
    "lomb_norm": [
        25.590994493033705,
        74.40900550696628
    ],
    "lomb_peak": [
        0.012862745098039216,
        0.11576470588235294,
        0.36498039215686273
    ],
    "lomb_ratio": 0.343923350657305,
    "lomb_rel": [
        11.248503514302996,
        22.712390578139726,
        66.03910590755727
    ],
    "lomb_total": 3143.9617126924195,
    "nn20": 216.0,
    "nn50": 162.0,
    "nni_counter": 271.0,
    "nni_diff_max": 285.0,
    "nni_diff_mean": 82.5962962962963,
    "nni_diff_min": 0.0,
    "nni_max": 1100.0,
    "nni_mean": 885.1365313653137,
    "nni_min": 676.0,
    "pnn20": 80.0,
    "pnn50": 60.0,
    "rmssd": 105.46252625669672,
    "sampen": 1.7864261232526923,
    "sd1": 74.57257174585119,
    "sd2": 128.81234649840533,
    "sd_ratio": 1.7273421511786837,
    "sdann": "n/a",
    "sdnn": 105.48747421410829,
    "sdnn_index": "n/a",
    "sdsd": 65.69765705385096,
    "tinn": 140.625,
    "tinn_m": 1046.875,
    "tinn_n": 906.25,
    "tri_index": 16.9375
}