{
    "Comment": "None",
    "Name": "C:\\Users\\Juan Pablo Botero T\\OneDrive - Universidad de los Andes\\Documentos\\JPB\\Personal\\Bienestar y Tecnolog\u00eda\\Codigo\\HRV-Bienestar-Tecnologia\\HRV_Reports\\ECG_save_test\\HRV_interactive.json",
    "ar_abs": [
        2016.2075849894345,
        5302.590487728755,
        9405.843989446692
    ],
    "ar_bands": {
        "hf": [
            0.15,
            0.4
        ],
        "lf": [
            0.04,
            0.15
        ],
        "ulf": null,
        "vlf": [
            0.0,
            0.04
        ]
    },
    "ar_interpolation": "cubic",
    "ar_log": [
        7.608973592635101,
        8.57595075140002,
        9.149086476087053
    ],
    "ar_nfft": 4096.0,
    "ar_norm": [
        36.051358803394855,
        63.94864119660514
    ],
    "ar_order": 16.0,
    "ar_peak": [
        0.0390625,
        0.060546875,
        0.150390625
    ],
    "ar_ratio": 0.5637548840570005,
    "ar_rel": [
        12.055310825160054,
        31.70525544295191,
        56.23943373188804
    ],
    "ar_resampling_frequency": 4.0,
    "ar_total": 16724.64206216488,
    "dfa_alpha1": "nan",
    "dfa_alpha1_beats": [
        4,
        5,
        6,
        7,
        8,
        9,
        10,
        11,
        12,
        13,
        14,
        15,
        16
    ],
    "dfa_alpha2": "nan",
    "dfa_alpha2_beats": [
        17,
        18,
        19,
        20,
        21,
        22,
        23,
        24,
        25,
        26,
        27,
        28,
        29,
        30,
        31,
        32,
        33,
        34,
        35,
        36,
        37,
        38,
        39,
        40,
        41,
        42,
        43,
        44,
        45,
        46,
        47,
        48,
        49,
        50,
        51,
        52,
        53,
        54,
        55,
        56,
        57,
        58,
        59,
        60,
        61,
        62,
        63,
        64
    ],
    "ellipse_area": 206.97639992555204,
    "fft_abs": [
        0.08994308536864296,
        1.06449299641841,
        5.326147175794953
    ],
    "fft_bands": {
        "hf": [
            0.15,
            0.4
        ],
        "lf": [
            0.04,
            0.15
        ],
        "ulf": null,
        "vlf": [
            0.0,
            0.04
        ]
    },
    "fft_interpolation": "cubic",
    "fft_log": [
        -2.40857819348433,
        0.06249862610796906,
        1.6726281204675013
    ],
    "fft_nfft": 4096.0,
    "fft_norm": [
        16.657063576304104,
        83.34293642369589
    ],
    "fft_peak": [
        0.0390625,
        0.1494140625,
        0.3994140625
    ],
    "fft_ratio": 0.1998617314324457,
    "fft_rel": [
        1.3878856546347642,
        16.42588258044519,
        82.18623176492005
    ],
    "fft_resampling_frequency": 4.0,
    "fft_total": 6.480583257582006,
    "fft_window": "hamming",
    "hr_max": 545.4545454545455,
    "hr_mean": 474.79987312967063,
    "hr_min": 389.61038961038963,
    "hr_std": 34.392926542909194,
    "lomb_abs": [
        2393.9784250711523,
        7180.528498665687,
        14688.162426830679
    ],
    "lomb_bands": {
        "hf": [
            0.15,
            0.4
        ],
        "lf": [
            0.04,
            0.15
        ],
        "ulf": null,
        "vlf": [
            0.0,
            0.04
        ]
    },
    "lomb_log": [
        7.780711873993413,
        8.879128266389905,
        9.594797171270715
    ],
    "lomb_ma": "n/a",
    "lomb_nfft": 256.0,
    "lomb_norm": [
        32.83474316377128,
        67.16525683622874
    ],
    "lomb_peak": [
        0.03376470588235294,
        0.04501960784313726,
        0.15756862745098038
    ],
    "lomb_ratio": 0.488864998221228,
    "lomb_rel": [
        9.866921031980992,
        29.594964984748184,
        60.538113983270826
    ],
    "lomb_total": 24262.669350567518,
    "nn20": 0.0,
    "nn50": 0.0,
    "nni_counter": 36.0,
    "nni_diff_max": 17.0,
    "nni_diff_mean": 7.0,
    "nni_diff_min": 0.0,
    "nni_max": 154.0,
    "nni_mean": 127.02777777777777,
    "nni_min": 110.0,
    "pnn20": 0.0,
    "pnn50": 0.0,
    "rmssd": 8.07642070651173,
    "sampen": Infinity,
    "sd1": 5.709998391650656,
    "sd2": 11.538117838941764,
    "sd_ratio": 2.0206867055887745,
    "sdann": "n/a",
    "sdnn": 9.403604509855663,
    "sdnn_index": "n/a",
    "sdsd": 4.087283003774167,
    "tinn": 46.875,
    "tinn_m": 148.4375,
    "tinn_n": 101.5625,
    "tri_index": 3.272727272727273
}