{
    "Comment": "None",
    "Name": "C:\\Users\\Juan Pablo Botero T\\OneDrive - Universidad de los Andes\\Documentos\\JPB\\Personal\\Bienestar y Tecnolog\u00eda\\Codigo\\HRV-Bienestar-Tecnologia\\HRV_Reports\\ECG_save_test\\HRV_final.json",
    "ar_abs": [
        2024.5520547601488,
        5264.368705125137,
        9113.471322518086
    ],
    "ar_bands": {
        "hf": [
            0.15,
            0.4
        ],
        "lf": [
            0.04,
            0.15
        ],
        "ulf": null,
        "vlf": [
            0.0,
            0.04
        ]
    },
    "ar_interpolation": "cubic",
    "ar_log": [
        7.613103747544794,
        8.568716513319206,
        9.117508962956585
    ],
    "ar_nfft": 4096.0,
    "ar_norm": [
        36.614461525540136,
        63.385538474459864
    ],
    "ar_order": 16.0,
    "ar_peak": [
        0.0390625,
        0.0576171875,
        0.150390625
    ],
    "ar_ratio": 0.5776469271503202,
    "ar_rel": [
        12.34302926420169,
        32.09512782451285,
        55.56184291128547
    ],
    "ar_resampling_frequency": 4.0,
    "ar_total": 16402.39208240337,
    "dfa_alpha1": "nan",
    "dfa_alpha1_beats": [
        4,
        5,
        6,
        7,
        8,
        9,
        10,
        11,
        12,
        13,
        14,
        15,
        16
    ],
    "dfa_alpha2": "nan",
    "dfa_alpha2_beats": [
        17,
        18,
        19,
        20,
        21,
        22,
        23,
        24,
        25,
        26,
        27,
        28,
        29,
        30,
        31,
        32,
        33,
        34,
        35,
        36,
        37,
        38,
        39,
        40,
        41,
        42,
        43,
        44,
        45,
        46,
        47,
        48,
        49,
        50,
        51,
        52,
        53,
        54,
        55,
        56,
        57,
        58,
        59,
        60,
        61,
        62,
        63,
        64
    ],
    "ellipse_area": 158.4709048895408,
    "fft_abs": [
        1.2966341375200923,
        4.9679163389830805,
        6.498626546231366
    ],
    "fft_bands": {
        "hf": [
            0.15,
            0.4
        ],
        "lf": [
            0.04,
            0.15
        ],
        "ulf": null,
        "vlf": [
            0.0,
            0.04
        ]
    },
    "fft_interpolation": "cubic",
    "fft_log": [
        0.25977178190213746,
        1.6030005045101325,
        1.8715908539946888
    ],
    "fft_nfft": 4096.0,
    "fft_norm": [
        43.32531948569232,
        56.67468051430768
    ],
    "fft_peak": [
        0.0390625,
        0.1376953125,
        0.150390625
    ],
    "fft_ratio": 0.7644563514522983,
    "fft_rel": [
        10.159180078834993,
        38.923822259410244,
        50.916997661754756
    ],
    "fft_resampling_frequency": 4.0,
    "fft_total": 12.763177022734538,
    "fft_window": "hamming",
    "hr_max": 566.0377358490566,
    "hr_mean": 478.4119693705938,
    "hr_min": 434.7826086956522,
    "hr_std": 33.970988015686125,
    "lomb_abs": [
        1758.4534856756393,
        6236.26582706982,
        12151.284474599046
    ],
    "lomb_bands": {
        "hf": [
            0.15,
            0.4
        ],
        "lf": [
            0.04,
            0.15
        ],
        "ulf": null,
        "vlf": [
            0.0,
            0.04
        ]
    },
    "lomb_log": [
        7.47219000042723,
        8.73813685708661,
        9.405190161254929
    ],
    "lomb_ma": "n/a",
    "lomb_nfft": 256.0,
    "lomb_norm": [
        33.91569689684989,
        66.0843031031501
    ],
    "lomb_peak": [
        0.014470588235294117,
        0.061098039215686274,
        0.19454901960784313
    ],
    "lomb_ratio": 0.5132186510904311,
    "lomb_rel": [
        8.728547379606272,
        30.955349224084692,
        60.31610339630904
    ],
    "lomb_total": 20146.003787344504,
    "nn20": 0.0,
    "nn50": 0.0,
    "nni_counter": 37.0,
    "nni_diff_max": 16.0,
    "nni_diff_mean": 5.611111111111111,
    "nni_diff_min": 1.0,
    "nni_max": 138.0,
    "nni_mean": 126.0,
    "nni_min": 106.0,
    "pnn20": 0.0,
    "pnn50": 0.0,
    "rmssd": 6.591239977761729,
    "sampen": 1.2039728043259361,
    "sd1": 4.6565697648922475,
    "sd2": 10.832621059205646,
    "sd_ratio": 2.3263091945657366,
    "sdann": "n/a",
    "sdnn": 8.488554385497896,
    "sdnn_index": "n/a",
    "sdsd": 3.5073618720610082,
    "tinn": 31.25,
    "tinn_m": 132.8125,
    "tinn_n": 101.5625,
    "tri_index": 2.8461538461538463
}