{
    "Comment": "None",
    "Name": "D:\\Users\\jp.botero\\Documents\\Bienestar & Tecnolog\u00eda\\HRV-Bienestar-Tecnologia\\HRV_Reports\\GabrielNarvaez-9-12\\HRV_sound.json",
    "ar_abs": [
        2010.5695793677664,
        4044.8192966131724,
        6971.251076443935
    ],
    "ar_bands": {
        "hf": [
            0.15,
            0.4
        ],
        "lf": [
            0.04,
            0.15
        ],
        "ulf": null,
        "vlf": [
            0.0,
            0.04
        ]
    },
    "ar_interpolation": "cubic",
    "ar_log": [
        7.606173333730411,
        8.305192155222318,
        8.849549982115649
    ],
    "ar_nfft": 4096.0,
    "ar_norm": [
        36.71744242398736,
        63.28255757601264
    ],
    "ar_order": 16.0,
    "ar_peak": [
        0.0,
        0.0400390625,
        0.150390625
    ],
    "ar_ratio": 0.5802142617242316,
    "ar_rel": [
        15.43429147278692,
        31.050365338916425,
        53.51534318829665
    ],
    "ar_resampling_frequency": 4.0,
    "ar_total": 13026.639952424874,
    "dfa_alpha1": 1.6400934243578467,
    "dfa_alpha1_beats": [
        4,
        5,
        6,
        7,
        8,
        9,
        10,
        11,
        12,
        13,
        14,
        15,
        16
    ],
    "dfa_alpha2": 0.5855708276832852,
    "dfa_alpha2_beats": [
        17,
        18,
        19,
        20,
        21,
        22,
        23,
        24,
        25,
        26,
        27,
        28,
        29,
        30,
        31,
        32,
        33,
        34,
        35,
        36,
        37,
        38,
        39,
        40,
        41,
        42,
        43,
        44,
        45,
        46,
        47,
        48,
        49,
        50,
        51,
        52,
        53,
        54,
        55,
        56,
        57,
        58,
        59,
        60,
        61,
        62,
        63,
        64
    ],
    "ellipse_area": 290.7893844560298,
    "fft_abs": [
        4.530712837507342,
        18.442297602812193,
        28.850716183727236
    ],
    "fft_bands": {
        "hf": [
            0.15,
            0.4
        ],
        "lf": [
            0.04,
            0.15
        ],
        "ulf": null,
        "vlf": [
            0.0,
            0.04
        ]
    },
    "fft_interpolation": "cubic",
    "fft_log": [
        1.5108792863884148,
        2.914646809217642,
        3.3621348170386134
    ],
    "fft_nfft": 4096.0,
    "fft_norm": [
        38.995818042074646,
        61.00418195792535
    ],
    "fft_peak": [
        0.033203125,
        0.1083984375,
        0.3359375
    ],
    "fft_ratio": 0.6392318819875349,
    "fft_rel": [
        8.74254541819276,
        35.586590938550465,
        55.67086364325677
    ],
    "fft_resampling_frequency": 4.0,
    "fft_total": 51.82372662404677,
    "fft_window": "hamming",
    "hr_max": 750.0,
    "hr_mean": 621.980444232175,
    "hr_min": 266.6666666666667,
    "hr_std": 55.01099745817365,
    "lomb_abs": [
        199.20445534306054,
        574.733163941504,
        1498.9326274529958
    ],
    "lomb_bands": {
        "hf": [
            0.15,
            0.4
        ],
        "lf": [
            0.04,
            0.15
        ],
        "ulf": null,
        "vlf": [
            0.0,
            0.04
        ]
    },
    "lomb_log": [
        5.294331711080401,
        6.353905870376499,
        7.312508552097875
    ],
    "lomb_ma": "n/a",
    "lomb_nfft": 256.0,
    "lomb_norm": [
        27.71580484794549,
        72.2841951520545
    ],
    "lomb_peak": [
        0.02411764705882353,
        0.10129411764705883,
        0.28458823529411764
    ],
    "lomb_ratio": 0.38342828317647437,
    "lomb_rel": [
        8.764444676461194,
        25.286668465411356,
        65.94888685812744
    ],
    "lomb_total": 2272.8702467375606,
    "nn20": 3.0,
    "nn50": 2.0,
    "nni_counter": 321.0,
    "nni_diff_max": 131.0,
    "nni_diff_mean": 3.359375,
    "nni_diff_min": 0.0,
    "nni_max": 225.0,
    "nni_mean": 97.3613707165109,
    "nni_min": 80.0,
    "pnn20": 0.9375,
    "pnn50": 0.625,
    "rmssd": 9.472163163712922,
    "sampen": 0.7544165149078309,
    "sd1": 6.697821692885493,
    "sd2": 13.81958793677248,
    "sd_ratio": 2.0632958849071503,
    "sdann": "n/a",
    "sdnn": 10.867394035152346,
    "sdnn_index": "n/a",
    "sdsd": 8.870307603173726,
    "tinn": 46.875,
    "tinn_m": 117.1875,
    "tinn_n": 70.3125,
    "tri_index": 2.9722222222222223
}