{
    "Comment": "None",
    "Name": "D:\\Users\\jp.botero\\Documents\\Bienestar & Tecnolog\u00eda\\HRV-Bienestar-Tecnologia\\HRV_Reports\\GabrielNarvaez-9-12\\HRV_video.json",
    "ar_abs": [
        2031.2909192058257,
        4017.066908352817,
        6916.872393212473
    ],
    "ar_bands": {
        "hf": [
            0.15,
            0.4
        ],
        "lf": [
            0.04,
            0.15
        ],
        "ulf": null,
        "vlf": [
            0.0,
            0.04
        ]
    },
    "ar_interpolation": "cubic",
    "ar_log": [
        7.616426790714934,
        8.298307290519501,
        8.841718980145387
    ],
    "ar_nfft": 4096.0,
    "ar_norm": [
        36.739429381849035,
        63.26057061815097
    ],
    "ar_order": 16.0,
    "ar_peak": [
        0.0,
        0.0400390625,
        0.150390625
    ],
    "ar_ratio": 0.5807634838391358,
    "ar_rel": [
        15.667218280100956,
        30.9833827857312,
        53.349398934167844
    ],
    "ar_resampling_frequency": 4.0,
    "ar_total": 12965.230220771115,
    "dfa_alpha1": 1.600307787505419,
    "dfa_alpha1_beats": [
        4,
        5,
        6,
        7,
        8,
        9,
        10,
        11,
        12,
        13,
        14,
        15,
        16
    ],
    "dfa_alpha2": 0.5366465166676078,
    "dfa_alpha2_beats": [
        17,
        18,
        19,
        20,
        21,
        22,
        23,
        24,
        25,
        26,
        27,
        28,
        29,
        30,
        31,
        32,
        33,
        34,
        35,
        36,
        37,
        38,
        39,
        40,
        41,
        42,
        43,
        44,
        45,
        46,
        47,
        48,
        49,
        50,
        51,
        52,
        53,
        54,
        55,
        56,
        57,
        58,
        59,
        60,
        61,
        62,
        63,
        64
    ],
    "ellipse_area": 104.7566712824363,
    "fft_abs": [
        1.9767126030345403,
        2.542776587334007,
        22.088112795515997
    ],
    "fft_bands": {
        "hf": [
            0.15,
            0.4
        ],
        "lf": [
            0.04,
            0.15
        ],
        "ulf": null,
        "vlf": [
            0.0,
            0.04
        ]
    },
    "fft_interpolation": "cubic",
    "fft_log": [
        0.6814351633807068,
        0.9332566286026198,
        3.095039581257154
    ],
    "fft_nfft": 4096.0,
    "fft_norm": [
        10.323527290510636,
        89.67647270948937
    ],
    "fft_peak": [
        0.0361328125,
        0.0400390625,
        0.3173828125
    ],
    "fft_ratio": 0.11511968500315718,
    "fft_rel": [
        7.429127224930664,
        9.556579313998165,
        83.01429346107118
    ],
    "fft_resampling_frequency": 4.0,
    "fft_total": 26.607601985884543,
    "fft_window": "hamming",
    "hr_max": 750.0,
    "hr_mean": 608.3810919474957,
    "hr_min": 495.8677685950413,
    "hr_std": 50.78158663764459,
    "lomb_abs": [
        118.11984652423962,
        578.9257209753505,
        1733.1375608701514
    ],
    "lomb_bands": {
        "hf": [
            0.15,
            0.4
        ],
        "lf": [
            0.04,
            0.15
        ],
        "ulf": null,
        "vlf": [
            0.0,
            0.04
        ]
    },
    "lomb_log": [
        4.771699757554184,
        6.361174180872428,
        7.457688663870733
    ],
    "lomb_ma": "n/a",
    "lomb_nfft": 256.0,
    "lomb_norm": [
        25.039354481389832,
        74.96064551861018
    ],
    "lomb_peak": [
        0.00803921568627451,
        0.09968627450980393,
        0.3344313725490196
    ],
    "lomb_ratio": 0.3340333358678643,
    "lomb_rel": [
        4.860532737031997,
        23.82230845968039,
        71.31715880328761
    ],
    "lomb_total": 2430.1831283697416,
    "nn20": 0.0,
    "nn50": 0.0,
    "nni_counter": 316.0,
    "nni_diff_max": 20.0,
    "nni_diff_mean": 3.123809523809524,
    "nni_diff_min": 0.0,
    "nni_max": 121.0,
    "nni_mean": 99.31012658227849,
    "nni_min": 80.0,
    "pnn20": 0.0,
    "pnn50": 0.0,
    "rmssd": 4.150349000433195,
    "sampen": 1.2523178316084274,
    "sd1": 2.934739922497122,
    "sd2": 11.36219392297369,
    "sd_ratio": 3.8716186861647985,
    "sdann": "n/a",
    "sdnn": 8.305593371563969,
    "sdnn_index": "n/a",
    "sdsd": 2.736967630560697,
    "tinn": 46.875,
    "tinn_m": 117.1875,
    "tinn_n": 70.3125,
    "tri_index": 3.2916666666666665
}