{
    "Comment": "None",
    "Name": "D:\\Users\\jp.botero\\Documents\\Bienestar & Tecnolog\u00eda\\HRV-Bienestar-Tecnologia\\HRV_Reports\\GabrielNarvaez-9-12\\HRV_final.json",
    "ar_abs": [
        2065.654281255542,
        4152.40122440466,
        6937.5345109132795
    ],
    "ar_bands": {
        "hf": [
            0.15,
            0.4
        ],
        "lf": [
            0.04,
            0.15
        ],
        "ulf": null,
        "vlf": [
            0.0,
            0.04
        ]
    },
    "ar_interpolation": "cubic",
    "ar_log": [
        7.633202298433942,
        8.33144205418579,
        8.844701732588375
    ],
    "ar_nfft": 4096.0,
    "ar_norm": [
        37.442969224614835,
        62.55703077538515
    ],
    "ar_order": 16.0,
    "ar_peak": [
        0.0,
        0.0400390625,
        0.150390625
    ],
    "ar_ratio": 0.5985413431634266,
    "ar_rel": [
        15.701722831535644,
        31.56377797706863,
        52.73449919139572
    ],
    "ar_resampling_frequency": 4.0,
    "ar_total": 13155.590016573482,
    "dfa_alpha1": 0.9946317607912445,
    "dfa_alpha1_beats": [
        4,
        5,
        6,
        7,
        8,
        9,
        10,
        11,
        12,
        13,
        14,
        15,
        16
    ],
    "dfa_alpha2": 1.1604725064912553,
    "dfa_alpha2_beats": [
        17,
        18,
        19,
        20,
        21,
        22,
        23,
        24,
        25,
        26,
        27,
        28,
        29,
        30,
        31,
        32,
        33,
        34,
        35,
        36,
        37,
        38,
        39,
        40,
        41,
        42,
        43,
        44,
        45,
        46,
        47,
        48,
        49,
        50,
        51,
        52,
        53,
        54,
        55,
        56,
        57,
        58,
        59,
        60,
        61,
        62,
        63,
        64
    ],
    "ellipse_area": 102.59355154195299,
    "fft_abs": [
        3.5379964892913773,
        33.31677445546181,
        6.9036994386588235
    ],
    "fft_bands": {
        "hf": [
            0.15,
            0.4
        ],
        "lf": [
            0.04,
            0.15
        ],
        "ulf": null,
        "vlf": [
            0.0,
            0.04
        ]
    },
    "fft_interpolation": "cubic",
    "fft_log": [
        1.263560603450888,
        3.506061007554561,
        1.9320574184561352
    ],
    "fft_nfft": 4096.0,
    "fft_norm": [
        82.83536027737357,
        17.164639722626426
    ],
    "fft_peak": [
        0.0390625,
        0.0732421875,
        0.150390625
    ],
    "fft_ratio": 4.825930611766934,
    "fft_rel": [
        8.08528373659186,
        76.1378863647198,
        15.776829898688327
    ],
    "fft_resampling_frequency": 4.0,
    "fft_total": 43.75847038341202,
    "fft_window": "hamming",
    "hr_max": 674.1573033707865,
    "hr_mean": 536.5085254836972,
    "hr_min": 468.75,
    "hr_std": 34.05761700937527,
    "lomb_abs": [
        206.69823874329026,
        875.3435608861952,
        1647.8380662474528
    ],
    "lomb_bands": {
        "hf": [
            0.15,
            0.4
        ],
        "lf": [
            0.04,
            0.15
        ],
        "ulf": null,
        "vlf": [
            0.0,
            0.04
        ]
    },
    "lomb_log": [
        5.331259945815862,
        6.774616450307098,
        7.407219444869335
    ],
    "lomb_ma": "n/a",
    "lomb_nfft": 256.0,
    "lomb_norm": [
        34.69205512092253,
        65.30794487907747
    ],
    "lomb_peak": [
        0.004823529411764706,
        0.12541176470588236,
        0.37623529411764706
    ],
    "lomb_ratio": 0.5312072701898285,
    "lomb_rel": [
        7.571697250380326,
        32.06527773723121,
        60.36302501238846
    ],
    "lomb_total": 2729.8798658769383,
    "nn20": 0.0,
    "nn50": 0.0,
    "nni_counter": 279.0,
    "nni_diff_max": 15.0,
    "nni_diff_mean": 4.467625899280575,
    "nni_diff_min": 0.0,
    "nni_max": 128.0,
    "nni_mean": 112.25806451612904,
    "nni_min": 89.0,
    "pnn20": 0.0,
    "pnn50": 0.0,
    "rmssd": 5.276525999055159,
    "sampen": 1.6516904621695019,
    "sd1": 3.731011826851947,
    "sd2": 8.752730688088969,
    "sd_ratio": 2.345940215224167,
    "sdann": "n/a",
    "sdnn": 6.732670094408254,
    "sdnn_index": "n/a",
    "sdsd": 2.8125611958643746,
    "tinn": 31.25,
    "tinn_m": 125.0,
    "tinn_n": 93.75,
    "tri_index": 1.8979591836734695
}