{
    "Comment": "None",
    "Name": "D:\\Users\\jp.botero\\Documents\\Bienestar & Tecnolog\u00eda\\HRV-Bienestar-Tecnologia\\HRV_Reports\\GabrielNarvaez-9-12\\HRV_olfative.json",
    "ar_abs": [
        2015.6624126134798,
        3988.3464756323347,
        6689.498275555397
    ],
    "ar_bands": {
        "hf": [
            0.15,
            0.4
        ],
        "lf": [
            0.04,
            0.15
        ],
        "ulf": null,
        "vlf": [
            0.0,
            0.04
        ]
    },
    "ar_interpolation": "cubic",
    "ar_log": [
        7.6087031611084885,
        8.291132006854644,
        8.80829415412986
    ],
    "ar_nfft": 4096.0,
    "ar_norm": [
        37.351605764718556,
        62.64839423528145
    ],
    "ar_order": 16.0,
    "ar_peak": [
        0.0,
        0.0400390625,
        0.150390625
    ],
    "ar_ratio": 0.5962101059516607,
    "ar_rel": [
        15.879475913179123,
        31.42036652412445,
        52.700157562696425
    ],
    "ar_resampling_frequency": 4.0,
    "ar_total": 12693.507163801212,
    "dfa_alpha1": 1.6247267135069783,
    "dfa_alpha1_beats": [
        4,
        5,
        6,
        7,
        8,
        9,
        10,
        11,
        12,
        13,
        14,
        15,
        16
    ],
    "dfa_alpha2": 0.4253269026843791,
    "dfa_alpha2_beats": [
        17,
        18,
        19,
        20,
        21,
        22,
        23,
        24,
        25,
        26,
        27,
        28,
        29,
        30,
        31,
        32,
        33,
        34,
        35,
        36,
        37,
        38,
        39,
        40,
        41,
        42,
        43,
        44,
        45,
        46,
        47,
        48,
        49,
        50,
        51,
        52,
        53,
        54,
        55,
        56,
        57,
        58,
        59,
        60,
        61,
        62,
        63,
        64
    ],
    "ellipse_area": 124.38783967711578,
    "fft_abs": [
        6.400393685777964,
        2.634522946971626,
        6.2952105744271485
    ],
    "fft_bands": {
        "hf": [
            0.15,
            0.4
        ],
        "lf": [
            0.04,
            0.15
        ],
        "ulf": null,
        "vlf": [
            0.0,
            0.04
        ]
    },
    "fft_interpolation": "cubic",
    "fft_log": [
        1.8563595018765613,
        0.9687021208101871,
        1.839789117997543
    ],
    "fft_nfft": 4096.0,
    "fft_norm": [
        29.5028170847247,
        70.49718291527532
    ],
    "fft_peak": [
        0.0263671875,
        0.0400390625,
        0.236328125
    ],
    "fft_ratio": 0.418496397511113,
    "fft_rel": [
        41.75042776410652,
        17.185264749390235,
        41.064307486503246
    ],
    "fft_resampling_frequency": 4.0,
    "fft_total": 15.330127207176739,
    "fft_window": "hamming",
    "hr_max": 722.8915662650602,
    "hr_mean": 611.3215600880977,
    "hr_min": 480.0,
    "hr_std": 56.940491575356134,
    "lomb_abs": [
        218.52962457117377,
        474.8549728954475,
        1478.3547332418725
    ],
    "lomb_bands": {
        "hf": [
            0.15,
            0.4
        ],
        "lf": [
            0.04,
            0.15
        ],
        "ulf": null,
        "vlf": [
            0.0,
            0.04
        ]
    },
    "lomb_log": [
        5.386921586906731,
        6.163009437194822,
        7.298685081669923
    ],
    "lomb_ma": "n/a",
    "lomb_nfft": 256.0,
    "lomb_norm": [
        24.31152023274161,
        75.68847976725839
    ],
    "lomb_peak": [
        0.03376470588235294,
        0.09164705882352941,
        0.19294117647058823
    ],
    "lomb_ratio": 0.321205027601286,
    "lomb_rel": [
        10.062424227491524,
        21.86519193077071,
        68.07238384173775
    ],
    "lomb_total": 2171.739330708494,
    "nn20": 0.0,
    "nn50": 0.0,
    "nni_counter": 315.0,
    "nni_diff_max": 16.0,
    "nni_diff_mean": 3.321656050955414,
    "nni_diff_min": 0.0,
    "nni_max": 125.0,
    "nni_mean": 99.01904761904763,
    "nni_min": 83.0,
    "pnn20": 0.0,
    "pnn50": 0.0,
    "rmssd": 4.321844970500977,
    "sampen": 1.1124876351617268,
    "sd1": 3.0559652297988906,
    "sd2": 12.95625967998201,
    "sd_ratio": 4.239662007160548,
    "sdann": "n/a",
    "sdnn": 9.42213914652354,
    "sdnn_index": "n/a",
    "sdsd": 2.7693627015425224,
    "tinn": 39.0625,
    "tinn_m": 117.1875,
    "tinn_n": 78.125,
    "tri_index": 3.351063829787234
}