{
    "Comment": "None",
    "Name": "D:\\Users\\jp.botero\\Documents\\Bienestar & Tecnolog\u00eda\\HRV-Bienestar-Tecnologia\\HRV_Reports\\GabrielNarvaez-9-12\\HRV_baseline.json",
    "ar_abs": [
        2038.6104706636304,
        4139.434924578695,
        6809.191547312689
    ],
    "ar_bands": {
        "hf": [
            0.15,
            0.4
        ],
        "lf": [
            0.04,
            0.15
        ],
        "ulf": null,
        "vlf": [
            0.0,
            0.04
        ]
    },
    "ar_interpolation": "cubic",
    "ar_log": [
        7.620023712924217,
        8.32831456585587,
        8.826028676576884
    ],
    "ar_nfft": 4096.0,
    "ar_norm": [
        37.80780114479149,
        62.1921988552085
    ],
    "ar_order": 16.0,
    "ar_peak": [
        0.0,
        0.0400390625,
        0.150390625
    ],
    "ar_ratio": 0.6079187075024144,
    "ar_rel": [
        15.697029935472703,
        31.87309928114958,
        52.429870783377716
    ],
    "ar_resampling_frequency": 4.0,
    "ar_total": 12987.236942555015,
    "dfa_alpha1": 1.1775211376069947,
    "dfa_alpha1_beats": [
        4,
        5,
        6,
        7,
        8,
        9,
        10,
        11,
        12,
        13,
        14,
        15,
        16
    ],
    "dfa_alpha2": 0.88452745191973,
    "dfa_alpha2_beats": [
        17,
        18,
        19,
        20,
        21,
        22,
        23,
        24,
        25,
        26,
        27,
        28,
        29,
        30,
        31,
        32,
        33,
        34,
        35,
        36,
        37,
        38,
        39,
        40,
        41,
        42,
        43,
        44,
        45,
        46,
        47,
        48,
        49,
        50,
        51,
        52,
        53,
        54,
        55,
        56,
        57,
        58,
        59,
        60,
        61,
        62,
        63,
        64
    ],
    "ellipse_area": 86.34495768087541,
    "fft_abs": [
        7.5347767156562195,
        10.502639289941998,
        3.662010382553915
    ],
    "fft_bands": {
        "hf": [
            0.15,
            0.4
        ],
        "lf": [
            0.04,
            0.15
        ],
        "ulf": null,
        "vlf": [
            0.0,
            0.04
        ]
    },
    "fft_interpolation": "cubic",
    "fft_log": [
        2.019529198680697,
        2.3516265865244645,
        1.2980122814623674
    ],
    "fft_nfft": 4096.0,
    "fft_norm": [
        74.14683407479826,
        25.853165925201754
    ],
    "fft_peak": [
        0.0390625,
        0.0400390625,
        0.2587890625
    ],
    "fft_ratio": 2.867998228507854,
    "fft_rel": [
        34.72339121263685,
        48.400538807221324,
        16.87606998014182
    ],
    "fft_resampling_frequency": 4.0,
    "fft_total": 21.699426388152133,
    "fft_window": "hamming",
    "hr_max": 674.1573033707865,
    "hr_mean": 573.8114091880225,
    "hr_min": 487.8048780487805,
    "hr_std": 35.72139487211714,
    "lomb_abs": [
        268.67292819876786,
        602.5696548970827,
        1698.4058467938355
    ],
    "lomb_bands": {
        "hf": [
            0.15,
            0.4
        ],
        "lf": [
            0.04,
            0.15
        ],
        "ulf": null,
        "vlf": [
            0.0,
            0.04
        ]
    },
    "lomb_log": [
        5.593494759517688,
        6.401203268470203,
        7.437445352913641
    ],
    "lomb_ma": "n/a",
    "lomb_nfft": 256.0,
    "lomb_norm": [
        26.187573681435207,
        73.81242631856477
    ],
    "lomb_peak": [
        0.009647058823529411,
        0.13827450980392156,
        0.3344313725490196
    ],
    "lomb_ratio": 0.3547854336668607,
    "lomb_rel": [
        10.455629847009922,
        23.449497911391358,
        66.09487224159872
    ],
    "lomb_total": 2569.648429889686,
    "nn20": 0.0,
    "nn50": 0.0,
    "nni_counter": 298.0,
    "nni_diff_max": 13.0,
    "nni_diff_mean": 3.622895622895623,
    "nni_diff_min": 0.0,
    "nni_max": 123.0,
    "nni_mean": 104.96644295302013,
    "nni_min": 89.0,
    "pnn20": 0.0,
    "pnn50": 0.0,
    "rmssd": 4.510369645986273,
    "sampen": 1.4308237604284677,
    "sd1": 3.189256088329004,
    "sd2": 8.61782587874404,
    "sd_ratio": 2.7021429575005715,
    "sdann": "n/a",
    "sdnn": 6.511234639483107,
    "sdnn_index": "n/a",
    "sdsd": 2.6911794797907835,
    "tinn": 31.25,
    "tinn_m": 117.1875,
    "tinn_n": 85.9375,
    "tri_index": 2.0839160839160837
}