{
    "Comment": "None",
    "Name": "C:\\Users\\Juan Pablo Botero T\\OneDrive - Universidad de los Andes\\Documentos\\JPB\\Personal\\Bienestar y Tecnolog\u00eda\\Codigo\\HRV-Bienestar-Tecnologia\\HRV_Reports\\GabrielNarvaez-9-12\\HRV_olfative.json",
    "ar_abs": [
        2499.457590716184,
        5231.470083226627,
        8834.715419672855
    ],
    "ar_bands": {
        "hf": [
            0.15,
            0.4
        ],
        "lf": [
            0.04,
            0.15
        ],
        "ulf": null,
        "vlf": [
            0.0,
            0.04
        ]
    },
    "ar_interpolation": "cubic",
    "ar_log": [
        7.823829023602734,
        8.562447604220527,
        9.086444173671682
    ],
    "ar_nfft": 4096.0,
    "ar_norm": [
        37.19181779700159,
        62.80818220299841
    ],
    "ar_order": 16.0,
    "ar_peak": [
        0.0,
        0.0400390625,
        0.150390625
    ],
    "ar_ratio": 0.592149247000912,
    "ar_rel": [
        15.088201385187785,
        31.580241428977875,
        53.331557185834335
    ],
    "ar_resampling_frequency": 4.0,
    "ar_total": 16565.64309361567,
    "dfa_alpha1": 1.626033575659994,
    "dfa_alpha1_beats": [
        4,
        5,
        6,
        7,
        8,
        9,
        10,
        11,
        12,
        13,
        14,
        15,
        16
    ],
    "dfa_alpha2": 0.40371910740435185,
    "dfa_alpha2_beats": [
        17,
        18,
        19,
        20,
        21,
        22,
        23,
        24,
        25,
        26,
        27,
        28,
        29,
        30,
        31,
        32,
        33,
        34,
        35,
        36,
        37,
        38,
        39,
        40,
        41,
        42,
        43,
        44,
        45,
        46,
        47,
        48,
        49,
        50,
        51,
        52,
        53,
        54,
        55,
        56,
        57,
        58,
        59,
        60,
        61,
        62,
        63,
        64
    ],
    "ellipse_area": 7371.753533199551,
    "fft_abs": [
        684.1074021703137,
        4522.8418460956045,
        214.66371070247908
    ],
    "fft_bands": {
        "hf": [
            0.15,
            0.4
        ],
        "lf": [
            0.04,
            0.15
        ],
        "ulf": null,
        "vlf": [
            0.0,
            0.04
        ]
    },
    "fft_interpolation": "cubic",
    "fft_log": [
        6.528114926012921,
        8.416895802272556,
        5.369072667321929
    ],
    "fft_nfft": 4096.0,
    "fft_norm": [
        95.46884519439882,
        4.531154805601175
    ],
    "fft_peak": [
        0.0029296875,
        0.0712890625,
        0.1513671875
    ],
    "fft_ratio": 21.06942916105741,
    "fft_rel": [
        12.6181527037755,
        83.42244052323855,
        3.9594067729859574
    ],
    "fft_resampling_frequency": 4.0,
    "fft_total": 5421.612958968397,
    "fft_window": "hamming",
    "hr_max": 94.04388714733543,
    "hr_mean": 79.5281307332041,
    "hr_min": 62.43496357960458,
    "hr_std": 7.417157239742186,
    "lomb_abs": [
        258.5232368806309,
        736.1241489177349,
        1608.68999753533
    ],
    "lomb_bands": {
        "hf": [
            0.15,
            0.4
        ],
        "lf": [
            0.04,
            0.15
        ],
        "ulf": null,
        "vlf": [
            0.0,
            0.04
        ]
    },
    "lomb_log": [
        5.55498558112952,
        6.601398785098653,
        7.383175460645428
    ],
    "lomb_ma": "n/a",
    "lomb_nfft": 256.0,
    "lomb_norm": [
        31.393709818377268,
        68.60629018162273
    ],
    "lomb_peak": [
        0.00803921568627451,
        0.12701960784313726,
        0.36658823529411766
    ],
    "lomb_ratio": 0.4575922956228664,
    "lomb_rel": [
        9.930454597843164,
        28.276171718284687,
        61.79337368387217
    ],
    "lomb_total": 2603.3373833336955,
    "nn20": 169.0,
    "nn50": 39.0,
    "nni_counter": 315.0,
    "nni_diff_max": 123.0,
    "nni_diff_mean": 25.605095541401273,
    "nni_diff_min": 0.0,
    "nni_max": 961.0,
    "nni_mean": 761.1619047619048,
    "nni_min": 638.0,
    "pnn20": 53.82165605095541,
    "pnn50": 12.420382165605096,
    "rmssd": 33.28280671653063,
    "sampen": 1.120591195386885,
    "sd1": 23.534184155113795,
    "sd2": 99.70611314426336,
    "sd_ratio": 4.2366505032466995,
    "sdann": "n/a",
    "sdnn": 72.51173291525356,
    "sdnn_index": "n/a",
    "sdsd": 21.29715454805824,
    "tinn": 304.6875,
    "tinn_m": 929.6875,
    "tinn_n": 625.0,
    "tri_index": 17.5
}