{
    "Comment": "None",
    "Name": "C:\\Users\\Juan Pablo Botero T\\OneDrive - Universidad de los Andes\\Documentos\\JPB\\Personal\\Bienestar y Tecnolog\u00eda\\Codigo\\HRV-Bienestar-Tecnologia\\HRV_Reports\\GabrielNarvaez-9-12\\HRV_sound.json",
    "ar_abs": [
        2519.5858344304847,
        5376.630607629574,
        10016.944750941093
    ],
    "ar_bands": {
        "hf": [
            0.15,
            0.4
        ],
        "lf": [
            0.04,
            0.15
        ],
        "ulf": null,
        "vlf": [
            0.0,
            0.04
        ]
    },
    "ar_interpolation": "cubic",
    "ar_log": [
        7.831849815581821,
        8.58981717585015,
        9.212033413067063
    ],
    "ar_nfft": 4096.0,
    "ar_norm": [
        34.92775708299653,
        65.07224291700348
    ],
    "ar_order": 16.0,
    "ar_peak": [
        0.0,
        0.0400390625,
        0.150390625
    ],
    "ar_ratio": 0.5367535452488583,
    "ar_rel": [
        14.065556644546422,
        30.01497362581808,
        55.91946972963551
    ],
    "ar_resampling_frequency": 4.0,
    "ar_total": 17913.16119300115,
    "dfa_alpha1": 1.6395335190382099,
    "dfa_alpha1_beats": [
        4,
        5,
        6,
        7,
        8,
        9,
        10,
        11,
        12,
        13,
        14,
        15,
        16
    ],
    "dfa_alpha2": 0.5859412675894956,
    "dfa_alpha2_beats": [
        17,
        18,
        19,
        20,
        21,
        22,
        23,
        24,
        25,
        26,
        27,
        28,
        29,
        30,
        31,
        32,
        33,
        34,
        35,
        36,
        37,
        38,
        39,
        40,
        41,
        42,
        43,
        44,
        45,
        46,
        47,
        48,
        49,
        50,
        51,
        52,
        53,
        54,
        55,
        56,
        57,
        58,
        59,
        60,
        61,
        62,
        63,
        64
    ],
    "ellipse_area": 17192.687123728945,
    "fft_abs": [
        2270.413106586843,
        5935.61091007579,
        2289.715369453419
    ],
    "fft_bands": {
        "hf": [
            0.15,
            0.4
        ],
        "lf": [
            0.04,
            0.15
        ],
        "ulf": null,
        "vlf": [
            0.0,
            0.04
        ]
    },
    "fft_interpolation": "cubic",
    "fft_log": [
        7.727717079198683,
        8.688725235204915,
        7.736182796008192
    ],
    "fft_nfft": 4096.0,
    "fft_norm": [
        72.16261955283218,
        27.8373804471678
    ],
    "fft_peak": [
        0.0146484375,
        0.099609375,
        0.1640625
    ],
    "fft_ratio": 2.5922920330017645,
    "fft_rel": [
        21.631759546070523,
        56.55257520901786,
        21.81566524491161
    ],
    "fft_resampling_frequency": 4.0,
    "fft_total": 10495.739386116053,
    "fft_window": "hamming",
    "hr_max": 97.5609756097561,
    "hr_mean": 80.9130374220315,
    "hr_min": 34.68208092485549,
    "hr_std": 7.158889917004284,
    "lomb_abs": [
        457.7428798455606,
        626.7607937180824,
        1514.436080772153
    ],
    "lomb_bands": {
        "hf": [
            0.15,
            0.4
        ],
        "lf": [
            0.04,
            0.15
        ],
        "ulf": null,
        "vlf": [
            0.0,
            0.04
        ]
    },
    "lomb_log": [
        6.126307628754367,
        6.440564958618204,
        7.322798424738183
    ],
    "lomb_ma": "n/a",
    "lomb_nfft": 256.0,
    "lomb_norm": [
        29.271516374097935,
        70.72848362590207
    ],
    "lomb_peak": [
        0.00803921568627451,
        0.082,
        0.18168627450980393
    ],
    "lomb_ratio": 0.41385754187692164,
    "lomb_rel": [
        17.612677596004712,
        24.116018567666334,
        58.27130383632896
    ],
    "lomb_total": 2598.939754335796,
    "nn20": 142.0,
    "nn50": 20.0,
    "nni_counter": 321.0,
    "nni_diff_max": 1007.0,
    "nni_diff_mean": 25.846875,
    "nni_diff_min": 0.0,
    "nni_max": 1730.0,
    "nni_mean": 748.4236760124611,
    "nni_min": 615.0,
    "pnn20": 44.375,
    "pnn50": 6.25,
    "rmssd": 72.82725708826332,
    "sampen": 0.7544165149078309,
    "sd1": 51.49657523313747,
    "sd2": 106.27118904066702,
    "sd_ratio": 2.0636554675636507,
    "sdann": "n/a",
    "sdnn": 83.56693387754935,
    "sdnn_index": "n/a",
    "sdsd": 68.19296557906164,
    "tinn": 218.75,
    "tinn_m": 859.375,
    "tinn_n": 640.625,
    "tri_index": 13.375
}