{
    "Comment": "None",
    "Name": "C:\\Users\\Juan Pablo Botero T\\OneDrive - Universidad de los Andes\\Documentos\\JPB\\Personal\\Bienestar y Tecnolog\u00eda\\Codigo\\HRV-Bienestar-Tecnologia\\HRV_Reports\\GabrielNarvaez-9-12\\HRV_video.json",
    "ar_abs": [
        2522.0790470850366,
        5122.889955504259,
        8992.975611093303
    ],
    "ar_bands": {
        "hf": [
            0.15,
            0.4
        ],
        "lf": [
            0.04,
            0.15
        ],
        "ulf": null,
        "vlf": [
            0.0,
            0.04
        ]
    },
    "ar_interpolation": "cubic",
    "ar_log": [
        7.832838859049161,
        8.541474003229137,
        9.104199063922993
    ],
    "ar_nfft": 4096.0,
    "ar_norm": [
        36.29171680145904,
        63.708283198540954
    ],
    "ar_order": 16.0,
    "ar_peak": [
        0.0,
        0.0400390625,
        0.150390625
    ],
    "ar_ratio": 0.5696546034423698,
    "ar_rel": [
        15.158597444848724,
        30.79040154570133,
        54.05100100944993
    ],
    "ar_resampling_frequency": 4.0,
    "ar_total": 16637.9446136826,
    "dfa_alpha1": 1.598626252810978,
    "dfa_alpha1_beats": [
        4,
        5,
        6,
        7,
        8,
        9,
        10,
        11,
        12,
        13,
        14,
        15,
        16
    ],
    "dfa_alpha2": 0.5475502285623951,
    "dfa_alpha2_beats": [
        17,
        18,
        19,
        20,
        21,
        22,
        23,
        24,
        25,
        26,
        27,
        28,
        29,
        30,
        31,
        32,
        33,
        34,
        35,
        36,
        37,
        38,
        39,
        40,
        41,
        42,
        43,
        44,
        45,
        46,
        47,
        48,
        49,
        50,
        51,
        52,
        53,
        54,
        55,
        56,
        57,
        58,
        59,
        60,
        61,
        62,
        63,
        64
    ],
    "ellipse_area": 6202.113183729625,
    "fft_abs": [
        867.0634997308467,
        3973.5192588765913,
        269.2353898849173
    ],
    "fft_bands": {
        "hf": [
            0.15,
            0.4
        ],
        "lf": [
            0.04,
            0.15
        ],
        "ulf": null,
        "vlf": [
            0.0,
            0.04
        ]
    },
    "fft_interpolation": "cubic",
    "fft_log": [
        6.765112214849258,
        8.28740744419788,
        5.595586052298389
    ],
    "fft_nfft": 4096.0,
    "fft_norm": [
        93.65423145636035,
        6.3457685436396645
    ],
    "fft_peak": [
        0.0390625,
        0.0830078125,
        0.15625
    ],
    "fft_ratio": 14.758532526407627,
    "fft_rel": [
        16.968578421654254,
        77.76243974649024,
        5.2689818318555
    ],
    "fft_resampling_frequency": 4.0,
    "fft_total": 5109.818148492355,
    "fft_window": "hamming",
    "hr_max": 97.5609756097561,
    "hr_mean": 79.14548079304839,
    "hr_min": 64.51612903225806,
    "hr_std": 6.611358377554086,
    "lomb_abs": [
        250.79281462298238,
        703.2625440124572,
        1375.0238010853604
    ],
    "lomb_bands": {
        "hf": [
            0.15,
            0.4
        ],
        "lf": [
            0.04,
            0.15
        ],
        "ulf": null,
        "vlf": [
            0.0,
            0.04
        ]
    },
    "lomb_log": [
        5.524627158519732,
        6.5557302844131,
        7.226226319831119
    ],
    "lomb_ma": "n/a",
    "lomb_nfft": 256.0,
    "lomb_norm": [
        33.838577906807025,
        66.16142209319298
    ],
    "lomb_peak": [
        0.017686274509803923,
        0.06270588235294118,
        0.1623921568627451
    ],
    "lomb_ratio": 0.5114548151510864,
    "lomb_rel": [
        10.767895697158114,
        30.19487513240045,
        59.03722917044144
    ],
    "lomb_total": 2329.0791597208,
    "nn20": 147.0,
    "nn50": 35.0,
    "nni_counter": 316.0,
    "nni_diff_max": 154.0,
    "nni_diff_mean": 24.057142857142857,
    "nni_diff_min": 0.0,
    "nni_max": 930.0,
    "nni_mean": 763.3924050632911,
    "nni_min": 615.0,
    "pnn20": 46.666666666666664,
    "pnn50": 11.11111111111111,
    "rmssd": 31.941315236658916,
    "sampen": 1.2505352999421442,
    "sd1": 22.585920603858714,
    "sd2": 87.40816795728404,
    "sd_ratio": 3.8700290101237096,
    "sdann": "n/a",
    "sdnn": 63.895334598103936,
    "sdnn_index": "n/a",
    "sdsd": 21.045368904352596,
    "tinn": 281.25,
    "tinn_m": 890.625,
    "tinn_n": 609.375,
    "tri_index": 16.63157894736842
}