{
    "Comment": "None",
    "Name": "D:\\Users\\jp.botero\\Documents\\Bienestar & Tecnolog\u00eda\\HRV-Bienestar-Tecnologia\\HRV_Reports\\GabrielNarvaez-9-12\\HRV_interactive.json",
    "ar_abs": [
        1989.5929002449475,
        4009.5601482069405,
        6848.846833870008
    ],
    "ar_bands": {
        "hf": [
            0.15,
            0.4
        ],
        "lf": [
            0.04,
            0.15
        ],
        "ulf": null,
        "vlf": [
            0.0,
            0.04
        ]
    },
    "ar_interpolation": "cubic",
    "ar_log": [
        7.595685324049448,
        8.296436825557917,
        8.831835571664154
    ],
    "ar_nfft": 4096.0,
    "ar_norm": [
        36.925859887414255,
        63.07414011258575
    ],
    "ar_order": 16.0,
    "ar_peak": [
        0.0,
        0.0400390625,
        0.150390625
    ],
    "ar_ratio": 0.5854358033498757,
    "ar_rel": [
        15.485623587080758,
        31.20766021895644,
        53.3067161939628
    ],
    "ar_resampling_frequency": 4.0,
    "ar_total": 12847.999882321896,
    "dfa_alpha1": 1.5574781192009246,
    "dfa_alpha1_beats": [
        4,
        5,
        6,
        7,
        8,
        9,
        10,
        11,
        12,
        13,
        14,
        15,
        16
    ],
    "dfa_alpha2": 1.022767211642377,
    "dfa_alpha2_beats": [
        17,
        18,
        19,
        20,
        21,
        22,
        23,
        24,
        25,
        26,
        27,
        28,
        29,
        30,
        31,
        32,
        33,
        34,
        35,
        36,
        37,
        38,
        39,
        40,
        41,
        42,
        43,
        44,
        45,
        46,
        47,
        48,
        49,
        50,
        51,
        52,
        53,
        54,
        55,
        56,
        57,
        58,
        59,
        60,
        61,
        62,
        63,
        64
    ],
    "ellipse_area": 57.31551850626158,
    "fft_abs": [
        1.9909343061336497,
        22.19409810158561,
        7.208952111973285
    ],
    "fft_bands": {
        "hf": [
            0.15,
            0.4
        ],
        "lf": [
            0.04,
            0.15
        ],
        "ulf": null,
        "vlf": [
            0.0,
            0.04
        ]
    },
    "fft_interpolation": "cubic",
    "fft_log": [
        0.6886040291251672,
        3.09982640225359,
        1.9753236025890706
    ],
    "fft_nfft": 4096.0,
    "fft_norm": [
        75.48229840233053,
        24.51770159766947
    ],
    "fft_peak": [
        0.0390625,
        0.11328125,
        0.150390625
    ],
    "fft_ratio": 3.0786857447316964,
    "fft_rel": [
        6.341770044782923,
        70.69538461313788,
        22.962845342079202
    ],
    "fft_resampling_frequency": 4.0,
    "fft_total": 31.393984519692545,
    "fft_window": "hamming",
    "hr_max": 769.2307692307693,
    "hr_mean": 635.8933235588457,
    "hr_min": 504.20168067226894,
    "hr_std": 45.411068195954755,
    "lomb_abs": [
        238.56511888383338,
        773.0205760609401,
        1545.5774243246753
    ],
    "lomb_bands": {
        "hf": [
            0.15,
            0.4
        ],
        "lf": [
            0.04,
            0.15
        ],
        "ulf": null,
        "vlf": [
            0.0,
            0.04
        ]
    },
    "lomb_log": [
        5.474642308213423,
        6.65030566668198,
        7.343152856936384
    ],
    "lomb_ma": "n/a",
    "lomb_nfft": 256.0,
    "lomb_norm": [
        33.34000011784603,
        66.65999988215395
    ],
    "lomb_peak": [
        0.036980392156862746,
        0.09968627450980393,
        0.31192156862745096
    ],
    "lomb_ratio": 0.5001500176535665,
    "lomb_rel": [
        9.329288268164472,
        30.22961539824581,
        60.44109633358972
    ],
    "lomb_total": 2557.163119269449,
    "nn20": 0.0,
    "nn50": 0.0,
    "nni_counter": 329.0,
    "nni_diff_max": 10.0,
    "nni_diff_mean": 2.067073170731707,
    "nni_diff_min": 0.0,
    "nni_max": 119.0,
    "nni_mean": 94.83282674772036,
    "nni_min": 78.0,
    "pnn20": 0.0,
    "pnn50": 0.0,
    "rmssd": 2.766304217614224,
    "sampen": 0.9992511995140778,
    "sd1": 1.95606771919333,
    "sd2": 9.32692462192302,
    "sd_ratio": 4.768201289968317,
    "sdann": "n/a",
    "sdnn": 6.738994069629523,
    "sdnn_index": "n/a",
    "sdsd": 1.8411906052287406,
    "tinn": 39.0625,
    "tinn_m": 109.375,
    "tinn_n": 70.3125,
    "tri_index": 2.164473684210526
}