{
    "Comment": "None",
    "Name": "C:\\Users\\admin\\HRV-Bienestar-Tecnologia\\HRV_Reports\\Experiencia_Mindfullness\\23-03-2022_SandraBenitez\\HRV_olfative.json",
    "ar_abs": [
        2516.977623002182,
        5165.392889850811,
        9118.755581334943
    ],
    "ar_bands": {
        "hf": [
            0.15,
            0.4
        ],
        "lf": [
            0.04,
            0.15
        ],
        "ulf": null,
        "vlf": [
            0.0,
            0.04
        ]
    },
    "ar_interpolation": "cubic",
    "ar_log": [
        7.830814104751014,
        8.549736446395645,
        9.118088624343281
    ],
    "ar_nfft": 4096.0,
    "ar_norm": [
        36.16171380653552,
        63.83828619346448
    ],
    "ar_order": 16.0,
    "ar_peak": [
        0.0,
        0.0400390625,
        0.150390625
    ],
    "ar_ratio": 0.5664580922010657,
    "ar_rel": [
        14.981005492678776,
        30.74432547493165,
        54.27466903238957
    ],
    "ar_resampling_frequency": 4.0,
    "ar_total": 16801.126094187937,
    "dfa_alpha1": 1.499566527552768,
    "dfa_alpha1_beats": [
        4,
        5,
        6,
        7,
        8,
        9,
        10,
        11,
        12,
        13,
        14,
        15,
        16
    ],
    "dfa_alpha2": 1.0759022327820875,
    "dfa_alpha2_beats": [
        17,
        18,
        19,
        20,
        21,
        22,
        23,
        24,
        25,
        26,
        27,
        28,
        29,
        30,
        31,
        32,
        33,
        34,
        35,
        36,
        37,
        38,
        39,
        40,
        41,
        42,
        43,
        44,
        45,
        46,
        47,
        48,
        49,
        50,
        51,
        52,
        53,
        54,
        55,
        56,
        57,
        58,
        59,
        60,
        61,
        62,
        63,
        64
    ],
    "ellipse_area": 8827.481357008948,
    "fft_abs": [
        5239.597243643755,
        2449.460914310468,
        266.640388468816
    ],
    "fft_bands": {
        "hf": [
            0.15,
            0.4
        ],
        "lf": [
            0.04,
            0.15
        ],
        "ulf": null,
        "vlf": [
            0.0,
            0.04
        ]
    },
    "fft_interpolation": "cubic",
    "fft_log": [
        8.563999912461014,
        7.803623244352207,
        5.585900890902173
    ],
    "fft_nfft": 4096.0,
    "fft_norm": [
        90.18297335979432,
        9.817026640205686
    ],
    "fft_peak": [
        0.0107421875,
        0.0400390625,
        0.150390625
    ],
    "fft_ratio": 9.186383684694249,
    "fft_rel": [
        65.85967546494744,
        30.788759780393764,
        3.351564754658787
    ],
    "fft_resampling_frequency": 4.0,
    "fft_total": 7955.698546423039,
    "fft_window": "hamming",
    "hr_max": 92.87925696594428,
    "hr_mean": 72.33411570311449,
    "hr_min": 56.98005698005698,
    "hr_std": 7.2622779168448925,
    "lomb_abs": [
        436.8783813848413,
        787.0227239174592,
        2139.367001322014
    ],
    "lomb_bands": {
        "hf": [
            0.15,
            0.4
        ],
        "lf": [
            0.04,
            0.15
        ],
        "ulf": null,
        "vlf": [
            0.0,
            0.04
        ]
    },
    "lomb_log": [
        6.079654852894811,
        6.668257122101519,
        7.66826527048553
    ],
    "lomb_ma": "n/a",
    "lomb_nfft": 256.0,
    "lomb_norm": [
        26.893981930347824,
        73.10601806965218
    ],
    "lomb_peak": [
        0.00803921568627451,
        0.09807843137254901,
        0.36498039215686273
    ],
    "lomb_ratio": 0.36787644356069876,
    "lomb_rel": [
        12.9896983390757,
        23.400534806230112,
        63.609766854694186
    ],
    "lomb_total": 3363.2681066243144,
    "nn20": 167.0,
    "nn50": 33.0,
    "nni_counter": 287.0,
    "nni_diff_max": 100.0,
    "nni_diff_mean": 26.8986013986014,
    "nni_diff_min": 0.0,
    "nni_max": 1053.0,
    "nni_mean": 837.9477351916377,
    "nni_min": 646.0,
    "pnn20": 58.39160839160839,
    "pnn50": 11.538461538461538,
    "rmssd": 33.648377178004985,
    "sampen": 1.1127513416922847,
    "sd1": 23.79292772447699,
    "sd2": 118.09705045875428,
    "sd_ratio": 4.963535880339008,
    "sdann": "n/a",
    "sdnn": 85.2249638406255,
    "sdnn_index": "n/a",
    "sdsd": 20.251234265227414,
    "tinn": 304.6875,
    "tinn_m": 1023.4375,
    "tinn_n": 718.75,
    "tri_index": 19.133333333333333
}