{
    "Comment": "None",
    "Name": "C:\\Users\\admin\\HRV-Bienestar-Tecnologia\\HRV_Reports\\Experiencia_Mindfullness\\23-03-2022_SandraBenitez\\HRV_video.json",
    "ar_abs": [
        2473.2702174115957,
        5010.893493251131,
        9067.632309158158
    ],
    "ar_bands": {
        "hf": [
            0.15,
            0.4
        ],
        "lf": [
            0.04,
            0.15
        ],
        "ulf": null,
        "vlf": [
            0.0,
            0.04
        ]
    },
    "ar_interpolation": "cubic",
    "ar_log": [
        7.813296528600972,
        8.519369520144167,
        9.11246646263132
    ],
    "ar_nfft": 4096.0,
    "ar_norm": [
        35.592458781398875,
        64.40754121860112
    ],
    "ar_order": 16.0,
    "ar_peak": [
        0.0,
        0.0400390625,
        0.150390625
    ],
    "ar_ratio": 0.5526132205636759,
    "ar_rel": [
        14.942609336472238,
        30.27401671244953,
        54.78337395107823
    ],
    "ar_resampling_frequency": 4.0,
    "ar_total": 16551.796019820886,
    "dfa_alpha1": 1.2261681637519597,
    "dfa_alpha1_beats": [
        4,
        5,
        6,
        7,
        8,
        9,
        10,
        11,
        12,
        13,
        14,
        15,
        16
    ],
    "dfa_alpha2": 0.9769017013297732,
    "dfa_alpha2_beats": [
        17,
        18,
        19,
        20,
        21,
        22,
        23,
        24,
        25,
        26,
        27,
        28,
        29,
        30,
        31,
        32,
        33,
        34,
        35,
        36,
        37,
        38,
        39,
        40,
        41,
        42,
        43,
        44,
        45,
        46,
        47,
        48,
        49,
        50,
        51,
        52,
        53,
        54,
        55,
        56,
        57,
        58,
        59,
        60,
        61,
        62,
        63,
        64
    ],
    "ellipse_area": 1744.861795124153,
    "fft_abs": [
        480.2481170735855,
        133.21396534045252,
        77.12141299054397
    ],
    "fft_bands": {
        "hf": [
            0.15,
            0.4
        ],
        "lf": [
            0.04,
            0.15
        ],
        "ulf": null,
        "vlf": [
            0.0,
            0.04
        ]
    },
    "fft_interpolation": "cubic",
    "fft_log": [
        6.174302880919659,
        4.891956597508739,
        4.345380972107266
    ],
    "fft_nfft": 4096.0,
    "fft_norm": [
        63.3340745610655,
        36.66592543893451
    ],
    "fft_peak": [
        0.00390625,
        0.0400390625,
        0.3427734375
    ],
    "fft_ratio": 1.727327861028508,
    "fft_rel": [
        69.54236819578632,
        19.29005923641549,
        11.167572567798189
    ],
    "fft_resampling_frequency": 4.0,
    "fft_total": 690.583495404582,
    "fft_window": "hamming",
    "hr_max": 78.84362680683311,
    "hr_mean": 71.6846456182484,
    "hr_min": 65.00541711809318,
    "hr_std": 2.8692266108062108,
    "lomb_abs": [
        273.5939066441199,
        670.1853954738132,
        1755.0347970222642
    ],
    "lomb_bands": {
        "hf": [
            0.15,
            0.4
        ],
        "lf": [
            0.04,
            0.15
        ],
        "ulf": null,
        "vlf": [
            0.0,
            0.04
        ]
    },
    "lomb_log": [
        5.611644914462818,
        6.507554383770362,
        7.47024396306652
    ],
    "lomb_ma": "n/a",
    "lomb_nfft": 256.0,
    "lomb_norm": [
        27.63400195773758,
        72.36599804226242
    ],
    "lomb_peak": [
        0.00803921568627451,
        0.11576470588235294,
        0.36498039215686273
    ],
    "lomb_ratio": 0.3818644488479115,
    "lomb_rel": [
        10.13756029847639,
        24.832588346389787,
        65.02985135513381
    ],
    "lomb_total": 2698.8140991401974,
    "nn20": 72.0,
    "nn50": 0.0,
    "nni_counter": 287.0,
    "nni_diff_max": 46.0,
    "nni_diff_mean": 13.646853146853147,
    "nni_diff_min": 0.0,
    "nni_max": 923.0,
    "nni_mean": 838.3449477351917,
    "nni_min": 761.0,
    "pnn20": 25.174825174825177,
    "pnn50": 0.0,
    "rmssd": 17.112237472892648,
    "sampen": 2.063693184711697,
    "sd1": 12.099936416938347,
    "sd2": 45.901626279202276,
    "sd_ratio": 3.793542767294705,
    "sdann": "n/a",
    "sdnn": 33.77790740382203,
    "sdnn_index": "n/a",
    "sdsd": 10.342440610507138,
    "tinn": 164.0625,
    "tinn_m": 914.0625,
    "tinn_n": 750.0,
    "tri_index": 10.25
}