{
    "Comment": "None",
    "Name": "D:\\Users\\jp.botero\\Documents\\Bienestar & Tecnolog\u00eda\\HRV-Bienestar-Tecnologia\\HRV_Reports\\DSR_test2\\HRV_sound.json",
    "ar_abs": [
        1976.4719297592296,
        3967.3091193260816,
        6215.449266014075
    ],
    "ar_bands": {
        "hf": [
            0.15,
            0.4
        ],
        "lf": [
            0.04,
            0.15
        ],
        "ulf": null,
        "vlf": [
            0.0,
            0.04
        ]
    },
    "ar_interpolation": "cubic",
    "ar_log": [
        7.589068680642079,
        8.285843340172258,
        8.734793288703738
    ],
    "ar_nfft": 4096.0,
    "ar_norm": [
        38.96104541808348,
        61.03895458191653
    ],
    "ar_order": 16.0,
    "ar_peak": [
        0.0,
        0.0400390625,
        0.150390625
    ],
    "ar_ratio": 0.6382980456488047,
    "ar_rel": [
        16.254909879491613,
        32.627962597266205,
        51.117127523242175
    ],
    "ar_resampling_frequency": 4.0,
    "ar_total": 12159.230315099387,
    "dfa_alpha1": 1.3502704191552224,
    "dfa_alpha1_beats": [
        4,
        5,
        6,
        7,
        8,
        9,
        10,
        11,
        12,
        13,
        14,
        15,
        16
    ],
    "dfa_alpha2": 0.9936983351696863,
    "dfa_alpha2_beats": [
        17,
        18,
        19,
        20,
        21,
        22,
        23,
        24,
        25,
        26,
        27,
        28,
        29,
        30,
        31,
        32,
        33,
        34,
        35,
        36,
        37,
        38,
        39,
        40,
        41,
        42,
        43,
        44,
        45,
        46,
        47,
        48,
        49,
        50,
        51,
        52,
        53,
        54,
        55,
        56,
        57,
        58,
        59,
        60,
        61,
        62,
        63,
        64
    ],
    "ellipse_area": 147.04741380299487,
    "fft_abs": [
        7.043577258909411,
        20.82119875282714,
        10.883296194251965
    ],
    "fft_bands": {
        "hf": [
            0.15,
            0.4
        ],
        "lf": [
            0.04,
            0.15
        ],
        "ulf": null,
        "vlf": [
            0.0,
            0.04
        ]
    },
    "fft_interpolation": "cubic",
    "fft_log": [
        1.952116174481722,
        3.035971638514305,
        2.387229154575488
    ],
    "fft_nfft": 4096.0,
    "fft_norm": [
        65.6727028378207,
        34.3272971621793
    ],
    "fft_peak": [
        0.0341796875,
        0.1259765625,
        0.150390625
    ],
    "fft_ratio": 1.9131335195879258,
    "fft_rel": [
        18.177877912132168,
        53.734799094364284,
        28.087322993503534
    ],
    "fft_resampling_frequency": 4.0,
    "fft_total": 38.74807220598852,
    "fft_window": "hamming",
    "hr_max": 857.1428571428571,
    "hr_mean": 671.4093390588371,
    "hr_min": 434.7826086956522,
    "hr_std": 65.34436965995347,
    "lomb_abs": [
        260.47648450780116,
        614.936436456815,
        1313.8626136226549
    ],
    "lomb_bands": {
        "hf": [
            0.15,
            0.4
        ],
        "lf": [
            0.04,
            0.15
        ],
        "ulf": null,
        "vlf": [
            0.0,
            0.04
        ]
    },
    "lomb_log": [
        5.562512586515335,
        6.421518907110213,
        7.180726637735484
    ],
    "lomb_ma": "n/a",
    "lomb_nfft": 256.0,
    "lomb_norm": [
        31.881830117630894,
        68.1181698823691
    ],
    "lomb_peak": [
        0.011254901960784314,
        0.14309803921568628,
        0.20258823529411765
    ],
    "lomb_ratio": 0.4680370916113354,
    "lomb_rel": [
        11.89783928028534,
        28.088581210621566,
        60.0135795090931
    ],
    "lomb_total": 2189.275534587271,
    "nn20": 2.0,
    "nn50": 1.0,
    "nni_counter": 347.0,
    "nni_diff_max": 57.0,
    "nni_diff_mean": 3.6040462427745665,
    "nni_diff_min": 0.0,
    "nni_max": 138.0,
    "nni_mean": 90.22190201729107,
    "nni_min": 70.0,
    "pnn20": 0.5780346820809248,
    "pnn50": 0.2890173410404624,
    "rmssd": 5.510106321687502,
    "sampen": 1.4943869902111402,
    "sd1": 3.896207282363568,
    "sd2": 12.013386906575878,
    "sd_ratio": 3.0833541533981634,
    "sdann": "n/a",
    "sdnn": 8.94199573369135,
    "sdnn_index": "n/a",
    "sdsd": 4.174023997785266,
    "tinn": 46.875,
    "tinn_m": 109.375,
    "tinn_n": 62.5,
    "tri_index": 2.7109375
}