{
    "Comment": "None",
    "Name": "D:\\Users\\jp.botero\\Documents\\Bienestar & Tecnolog\u00eda\\HRV-Bienestar-Tecnologia\\HRV_Reports\\DSR_test2\\HRV_interactive.json",
    "ar_abs": [
        1947.688376324052,
        3905.2866364646793,
        6510.296235545263
    ],
    "ar_bands": {
        "hf": [
            0.15,
            0.4
        ],
        "lf": [
            0.04,
            0.15
        ],
        "ulf": null,
        "vlf": [
            0.0,
            0.04
        ]
    },
    "ar_interpolation": "cubic",
    "ar_log": [
        7.574398500319526,
        8.270086462003693,
        8.781140238859361
    ],
    "ar_nfft": 4096.0,
    "ar_norm": [
        37.49465281448102,
        62.50534718551897
    ],
    "ar_order": 16.0,
    "ar_peak": [
        0.0,
        0.0400390625,
        0.150390625
    ],
    "ar_ratio": 0.5998631237611565,
    "ar_rel": [
        15.753827099656265,
        31.587810038471286,
        52.658362861872455
    ],
    "ar_resampling_frequency": 4.0,
    "ar_total": 12363.271248333993,
    "dfa_alpha1": 1.4608776113081818,
    "dfa_alpha1_beats": [
        4,
        5,
        6,
        7,
        8,
        9,
        10,
        11,
        12,
        13,
        14,
        15,
        16
    ],
    "dfa_alpha2": 1.0249813653033628,
    "dfa_alpha2_beats": [
        17,
        18,
        19,
        20,
        21,
        22,
        23,
        24,
        25,
        26,
        27,
        28,
        29,
        30,
        31,
        32,
        33,
        34,
        35,
        36,
        37,
        38,
        39,
        40,
        41,
        42,
        43,
        44,
        45,
        46,
        47,
        48,
        49,
        50,
        51,
        52,
        53,
        54,
        55,
        56,
        57,
        58,
        59,
        60,
        61,
        62,
        63,
        64
    ],
    "ellipse_area": 88.4824174247183,
    "fft_abs": [
        11.830641020769555,
        11.935982719193497,
        19.0279821641932
    ],
    "fft_bands": {
        "hf": [
            0.15,
            0.4
        ],
        "lf": [
            0.04,
            0.15
        ],
        "ulf": null,
        "vlf": [
            0.0,
            0.04
        ]
    },
    "fft_interpolation": "cubic",
    "fft_log": [
        2.470692862555215,
        2.4795575956716083,
        2.9459106412242733
    ],
    "fft_nfft": 4096.0,
    "fft_norm": [
        38.54797912394478,
        61.45202087605522
    ],
    "fft_peak": [
        0.0390625,
        0.0400390625,
        0.2197265625
    ],
    "fft_ratio": 0.62728578449346,
    "fft_rel": [
        27.64516875623465,
        27.891325243012137,
        44.4635060007532
    ],
    "fft_resampling_frequency": 4.0,
    "fft_total": 42.794605904156256,
    "fft_window": "hamming",
    "hr_max": 895.5223880597015,
    "hr_mean": 712.9607810909555,
    "hr_min": 545.4545454545455,
    "hr_std": 65.86244268932542,
    "lomb_abs": [
        263.3320527334068,
        608.6173971762096,
        1433.0457283875048
    ],
    "lomb_bands": {
        "hf": [
            0.15,
            0.4
        ],
        "lf": [
            0.04,
            0.15
        ],
        "ulf": null,
        "vlf": [
            0.0,
            0.04
        ]
    },
    "lomb_log": [
        5.573415793743437,
        6.41118982262153,
        7.267557338266345
    ],
    "lomb_ma": "n/a",
    "lomb_nfft": 256.0,
    "lomb_norm": [
        29.80988340121816,
        70.19011659878184
    ],
    "lomb_peak": [
        0.009647058823529411,
        0.14309803921568628,
        0.3360392156862745
    ],
    "lomb_ratio": 0.4247020071446286,
    "lomb_rel": [
        11.424407964616682,
        26.404280707686446,
        62.17131132769688
    ],
    "lomb_total": 2304.995178297121,
    "nn20": 0.0,
    "nn50": 0.0,
    "nni_counter": 370.0,
    "nni_diff_max": 16.0,
    "nni_diff_mean": 2.5853658536585367,
    "nni_diff_min": 0.0,
    "nni_max": 110.0,
    "nni_mean": 84.88648648648649,
    "nni_min": 67.0,
    "pnn20": 0.0,
    "pnn50": 0.0,
    "rmssd": 3.6209268304000717,
    "sampen": 1.054391820188743,
    "sd1": 2.5603561000594506,
    "sd2": 11.0003558563884,
    "sd_ratio": 4.296416368071994,
    "sdann": "n/a",
    "sdnn": 7.988004630323624,
    "sdnn_index": "n/a",
    "sdsd": 2.5385939361884167,
    "tinn": 39.0625,
    "tinn_m": 101.5625,
    "tinn_n": 62.5,
    "tri_index": 2.8244274809160306
}