{
    "Comment": "None",
    "Name": "D:\\Users\\jp.botero\\Documents\\Bienestar & Tecnolog\u00eda\\HRV-Bienestar-Tecnologia\\HRV_Reports\\DSR_test2\\HRV_olfative.json",
    "ar_abs": [
        2012.6963046893463,
        4044.5893571608017,
        6684.143285221377
    ],
    "ar_bands": {
        "hf": [
            0.15,
            0.4
        ],
        "lf": [
            0.04,
            0.15
        ],
        "ulf": null,
        "vlf": [
            0.0,
            0.04
        ]
    },
    "ar_interpolation": "cubic",
    "ar_log": [
        7.607230547238519,
        8.305135305713963,
        8.807493326532398
    ],
    "ar_nfft": 4096.0,
    "ar_norm": [
        37.69866853782231,
        62.30133146217769
    ],
    "ar_order": 16.0,
    "ar_peak": [
        0.0,
        0.0400390625,
        0.150390625
    ],
    "ar_ratio": 0.605102132700144,
    "ar_rel": [
        15.796472381945371,
        31.743608773884073,
        52.45991884417055
    ],
    "ar_resampling_frequency": 4.0,
    "ar_total": 12741.428947071525,
    "dfa_alpha1": 1.3255723065485165,
    "dfa_alpha1_beats": [
        4,
        5,
        6,
        7,
        8,
        9,
        10,
        11,
        12,
        13,
        14,
        15,
        16
    ],
    "dfa_alpha2": 1.0194077433249857,
    "dfa_alpha2_beats": [
        17,
        18,
        19,
        20,
        21,
        22,
        23,
        24,
        25,
        26,
        27,
        28,
        29,
        30,
        31,
        32,
        33,
        34,
        35,
        36,
        37,
        38,
        39,
        40,
        41,
        42,
        43,
        44,
        45,
        46,
        47,
        48,
        49,
        50,
        51,
        52,
        53,
        54,
        55,
        56,
        57,
        58,
        59,
        60,
        61,
        62,
        63,
        64
    ],
    "ellipse_area": 115.56273241154027,
    "fft_abs": [
        18.054008605603855,
        21.802261093738153,
        18.736220279011768
    ],
    "fft_bands": {
        "hf": [
            0.15,
            0.4
        ],
        "lf": [
            0.04,
            0.15
        ],
        "ulf": null,
        "vlf": [
            0.0,
            0.04
        ]
    },
    "fft_interpolation": "cubic",
    "fft_log": [
        2.8933677435349754,
        3.082013684312752,
        2.930458563778764
    ],
    "fft_nfft": 4096.0,
    "fft_norm": [
        53.781642418390376,
        46.218357581609624
    ],
    "fft_peak": [
        0.0322265625,
        0.0400390625,
        0.236328125
    ],
    "fft_ratio": 1.1636424406346755,
    "fft_rel": [
        30.812837297533648,
        37.20999244407041,
        31.977170258395944
    ],
    "fft_resampling_frequency": 4.0,
    "fft_total": 58.592489978353775,
    "fft_window": "hamming",
    "hr_max": 923.0769230769231,
    "hr_mean": 652.1134536127255,
    "hr_min": 483.8709677419355,
    "hr_std": 68.90100687010579,
    "lomb_abs": [
        273.84111672701897,
        643.3456617603866,
        1289.5039501073509
    ],
    "lomb_bands": {
        "hf": [
            0.15,
            0.4
        ],
        "lf": [
            0.04,
            0.15
        ],
        "ulf": null,
        "vlf": [
            0.0,
            0.04
        ]
    },
    "lomb_log": [
        5.612548072240999,
        6.46668215640532,
        7.162012888602749
    ],
    "lomb_ma": "n/a",
    "lomb_nfft": 256.0,
    "lomb_norm": [
        33.28482763533338,
        66.71517236466661
    ],
    "lomb_peak": [
        0.017686274509803923,
        0.0836078431372549,
        0.3183529411764706
    ],
    "lomb_ratio": 0.49890941528859084,
    "lomb_rel": [
        12.409582964143047,
        29.15431933545467,
        58.43609770040229
    ],
    "lomb_total": 2206.6907285947564,
    "nn20": 1.0,
    "nn50": 0.0,
    "nni_counter": 336.0,
    "nni_diff_max": 26.0,
    "nni_diff_mean": 3.1074626865671644,
    "nni_diff_min": 0.0,
    "nni_max": 124.0,
    "nni_mean": 92.94047619047619,
    "nni_min": 65.0,
    "pnn20": 0.2985074626865672,
    "pnn50": 0.0,
    "rmssd": 4.220419445802451,
    "sampen": 1.3848688441286696,
    "sd1": 2.984286463112827,
    "sd2": 12.326149200380739,
    "sd_ratio": 4.130350538642216,
    "sdann": "n/a",
    "sdnn": 8.969735103795834,
    "sdnn_index": "n/a",
    "sdsd": 2.8600758664634918,
    "tinn": 39.0625,
    "tinn_m": 109.375,
    "tinn_n": 70.3125,
    "tri_index": 2.5074626865671643
}