{
    "Comment": "None",
    "Name": "D:\\Users\\jp.botero\\Documents\\Bienestar & Tecnolog\u00eda\\HRV-Bienestar-Tecnologia\\HRV_Reports\\DSR_test2\\HRV_final.json",
    "ar_abs": [
        2013.0670194390261,
        3955.412958443958,
        6458.716365902854
    ],
    "ar_bands": {
        "hf": [
            0.15,
            0.4
        ],
        "lf": [
            0.04,
            0.15
        ],
        "ulf": null,
        "vlf": [
            0.0,
            0.04
        ]
    },
    "ar_interpolation": "cubic",
    "ar_log": [
        7.6074147183985605,
        8.282840289022507,
        8.773185872063602
    ],
    "ar_nfft": 4096.0,
    "ar_norm": [
        37.98121605035903,
        62.01878394964096
    ],
    "ar_order": 16.0,
    "ar_peak": [
        0.0,
        0.0400390625,
        0.150390625
    ],
    "ar_ratio": 0.6124147174701079,
    "ar_rel": [
        16.198883189333777,
        31.828683228472883,
        51.97243358219335
    ],
    "ar_resampling_frequency": 4.0,
    "ar_total": 12427.196343785838,
    "dfa_alpha1": 0.8987912455673799,
    "dfa_alpha1_beats": [
        4,
        5,
        6,
        7,
        8,
        9,
        10,
        11,
        12,
        13,
        14,
        15,
        16
    ],
    "dfa_alpha2": 0.9869323254873907,
    "dfa_alpha2_beats": [
        17,
        18,
        19,
        20,
        21,
        22,
        23,
        24,
        25,
        26,
        27,
        28,
        29,
        30,
        31,
        32,
        33,
        34,
        35,
        36,
        37,
        38,
        39,
        40,
        41,
        42,
        43,
        44,
        45,
        46,
        47,
        48,
        49,
        50,
        51,
        52,
        53,
        54,
        55,
        56,
        57,
        58,
        59,
        60,
        61,
        62,
        63,
        64
    ],
    "ellipse_area": 131.01262503177495,
    "fft_abs": [
        4.849729093530657,
        3.5392112170059633,
        6.395091568189905
    ],
    "fft_bands": {
        "hf": [
            0.15,
            0.4
        ],
        "lf": [
            0.04,
            0.15
        ],
        "ulf": null,
        "vlf": [
            0.0,
            0.04
        ]
    },
    "fft_interpolation": "cubic",
    "fft_log": [
        1.578922846385343,
        1.263903882262794,
        1.8555307536444638
    ],
    "fft_nfft": 4096.0,
    "fft_norm": [
        35.626166159140105,
        64.3738338408599
    ],
    "fft_peak": [
        0.03125,
        0.0400390625,
        0.259765625
    ],
    "fft_ratio": 0.5534261987131668,
    "fft_rel": [
        32.80383276573674,
        23.93941819145229,
        43.25674904281097
    ],
    "fft_resampling_frequency": 4.0,
    "fft_total": 14.784031878726525,
    "fft_window": "hamming",
    "hr_max": 740.7407407407408,
    "hr_mean": 616.333241248926,
    "hr_min": 504.20168067226894,
    "hr_std": 46.07429318280172,
    "lomb_abs": [
        233.88970001233605,
        804.2382125626332,
        1625.986900024254
    ],
    "lomb_bands": {
        "hf": [
            0.15,
            0.4
        ],
        "lf": [
            0.04,
            0.15
        ],
        "ulf": null,
        "vlf": [
            0.0,
            0.04
        ]
    },
    "lomb_log": [
        5.454849636760484,
        6.689895509577329,
        7.393870233509652
    ],
    "lomb_ma": "n/a",
    "lomb_nfft": 256.0,
    "lomb_norm": [
        33.09315702472313,
        66.90684297527687
    ],
    "lomb_peak": [
        0.036980392156862746,
        0.13345098039215686,
        0.3344313725490196
    ],
    "lomb_ratio": 0.49461543174218486,
    "lomb_rel": [
        8.779265026650386,
        30.187821063837124,
        61.0329139095125
    ],
    "lomb_total": 2664.114812599223,
    "nn20": 0.0,
    "nn50": 0.0,
    "nni_counter": 320.0,
    "nni_diff_max": 20.0,
    "nni_diff_mean": 5.169278996865204,
    "nni_diff_min": 0.0,
    "nni_max": 119.0,
    "nni_mean": 97.8875,
    "nni_min": 81.0,
    "pnn20": 0.0,
    "pnn50": 0.0,
    "rmssd": 6.423653390712526,
    "sampen": 1.7943807027079293,
    "sd1": 4.54216506201991,
    "sd2": 9.18121935092308,
    "sd_ratio": 2.0213310669163955,
    "sdann": "n/a",
    "sdnn": 7.247948580163194,
    "sdnn_index": "n/a",
    "sdsd": 3.819372554651372,
    "tinn": 39.0625,
    "tinn_m": 117.1875,
    "tinn_n": 78.125,
    "tri_index": 2.5396825396825395
}