{
    "Comment": "None",
    "Name": "C:\\Users\\Juan Pablo Botero T\\OneDrive - Universidad de los Andes\\Documentos\\JPB\\Personal\\Bienestar y Tecnolog\u00eda\\Codigo\\HRV-Bienestar-Tecnologia\\HRV_Reports\\PaulinaPardo_02_12_2021\\HRV_olfative.json",
    "ar_abs": [
        2376.2477347518043,
        4987.9170265806015,
        8836.306863796115
    ],
    "ar_bands": {
        "hf": [
            0.15,
            0.4
        ],
        "lf": [
            0.04,
            0.15
        ],
        "ulf": null,
        "vlf": [
            0.0,
            0.04
        ]
    },
    "ar_interpolation": "cubic",
    "ar_log": [
        7.7732779405152,
        8.514773672054634,
        9.08662429275048
    ],
    "ar_nfft": 4096.0,
    "ar_norm": [
        36.080991353538316,
        63.91900864646168
    ],
    "ar_order": 16.0,
    "ar_peak": [
        0.0,
        0.0400390625,
        0.150390625
    ],
    "ar_ratio": 0.564479833426447,
    "ar_rel": [
        14.66776887572835,
        30.78871493372979,
        54.543516190541865
    ],
    "ar_resampling_frequency": 4.0,
    "ar_total": 16200.47162512852,
    "dfa_alpha1": 1.298616675958276,
    "dfa_alpha1_beats": [
        4,
        5,
        6,
        7,
        8,
        9,
        10,
        11,
        12,
        13,
        14,
        15,
        16
    ],
    "dfa_alpha2": 0.6846927499994889,
    "dfa_alpha2_beats": [
        17,
        18,
        19,
        20,
        21,
        22,
        23,
        24,
        25,
        26,
        27,
        28,
        29,
        30,
        31,
        32,
        33,
        34,
        35,
        36,
        37,
        38,
        39,
        40,
        41,
        42,
        43,
        44,
        45,
        46,
        47,
        48,
        49,
        50,
        51,
        52,
        53,
        54,
        55,
        56,
        57,
        58,
        59,
        60,
        61,
        62,
        63,
        64
    ],
    "ellipse_area": 4395.498144871075,
    "fft_abs": [
        770.0275520806786,
        1167.8585900719252,
        634.3626379098724
    ],
    "fft_bands": {
        "hf": [
            0.15,
            0.4
        ],
        "lf": [
            0.04,
            0.15
        ],
        "ulf": null,
        "vlf": [
            0.0,
            0.04
        ]
    },
    "fft_interpolation": "cubic",
    "fft_log": [
        6.646426296130531,
        7.0629270859146915,
        6.452620775001653
    ],
    "fft_nfft": 4096.0,
    "fft_norm": [
        64.80106725741666,
        35.19893274258333
    ],
    "fft_peak": [
        0.005859375,
        0.0615234375,
        0.1611328125
    ],
    "fft_ratio": 1.8409952293531031,
    "fft_rel": [
        29.935967238051354,
        45.40224099332878,
        24.661791768619857
    ],
    "fft_resampling_frequency": 4.0,
    "fft_total": 2572.2487800624763,
    "fft_window": "hamming",
    "hr_max": 109.89010989010988,
    "hr_mean": 92.5073191490922,
    "hr_min": 72.90400972053463,
    "hr_std": 7.242624544131041,
    "lomb_abs": [
        236.13576776078523,
        616.8104804946872,
        1331.207770493499
    ],
    "lomb_bands": {
        "hf": [
            0.15,
            0.4
        ],
        "lf": [
            0.04,
            0.15
        ],
        "ulf": null,
        "vlf": [
            0.0,
            0.04
        ]
    },
    "lomb_log": [
        5.464406926733383,
        6.424561813827666,
        7.193841907259568
    ],
    "lomb_ma": "n/a",
    "lomb_nfft": 256.0,
    "lomb_norm": [
        31.663485708195648,
        68.33651429180435
    ],
    "lomb_peak": [
        0.00803921568627451,
        0.12541176470588236,
        0.3408627450980392
    ],
    "lomb_ratio": 0.4633465144708599,
    "lomb_rel": [
        10.811314849308925,
        28.24024657601668,
        60.94843857467438
    ],
    "lomb_total": 2184.154018748972,
    "nn20": 149.0,
    "nn50": 27.0,
    "nni_counter": 367.0,
    "nni_diff_max": 123.0,
    "nni_diff_mean": 19.740437158469945,
    "nni_diff_min": 0.0,
    "nni_max": 823.0,
    "nni_mean": 652.6948228882834,
    "nni_min": 546.0,
    "pnn20": 40.7103825136612,
    "pnn50": 7.377049180327869,
    "rmssd": 27.509809477463467,
    "sampen": 1.1031066782559489,
    "sd1": 19.45235124387708,
    "sd2": 71.92603591585734,
    "sd_ratio": 3.697549721065064,
    "sdann": "n/a",
    "sdnn": 52.761547829915266,
    "sdnn_index": "n/a",
    "sdsd": 19.18620662715472,
    "tinn": 171.875,
    "tinn_m": 726.5625,
    "tinn_n": 554.6875,
    "tri_index": 11.46875
}