{
    "Comment": "None",
    "Name": "C:\\Users\\admin\\HRV-Bienestar-Tecnologia\\HRV_Reports\\Experiencia_Mindfullness\\16-03-2022_LouisGualtero\\HRV_final.json",
    "ar_abs": [
        2573.009005877101,
        5665.980431891833,
        11313.042633047982
    ],
    "ar_bands": {
        "hf": [
            0.15,
            0.4
        ],
        "lf": [
            0.04,
            0.15
        ],
        "ulf": null,
        "vlf": [
            0.0,
            0.04
        ]
    },
    "ar_interpolation": "cubic",
    "ar_log": [
        7.85283131242218,
        8.642235226782633,
        9.333711554420027
    ],
    "ar_nfft": 4096.0,
    "ar_norm": [
        33.37047373232906,
        66.62952626767094
    ],
    "ar_order": 16.0,
    "ar_peak": [
        0.0,
        0.0400390625,
        0.177734375
    ],
    "ar_ratio": 0.500836124787527,
    "ar_rel": [
        13.159803526087385,
        28.978984953429954,
        57.861211520482655
    ],
    "ar_resampling_frequency": 4.0,
    "ar_total": 19552.032070816917,
    "dfa_alpha1": 0.8822721436229453,
    "dfa_alpha1_beats": [
        4,
        5,
        6,
        7,
        8,
        9,
        10,
        11,
        12,
        13,
        14,
        15,
        16
    ],
    "dfa_alpha2": 0.9911570866935572,
    "dfa_alpha2_beats": [
        17,
        18,
        19,
        20,
        21,
        22,
        23,
        24,
        25,
        26,
        27,
        28,
        29,
        30,
        31,
        32,
        33,
        34,
        35,
        36,
        37,
        38,
        39,
        40,
        41,
        42,
        43,
        44,
        45,
        46,
        47,
        48,
        49,
        50,
        51,
        52,
        53,
        54,
        55,
        56,
        57,
        58,
        59,
        60,
        61,
        62,
        63,
        64
    ],
    "ellipse_area": 68809.84981039175,
    "fft_abs": [
        10000.974151351704,
        13039.40337729089,
        14265.217836857482
    ],
    "fft_bands": {
        "hf": [
            0.15,
            0.4
        ],
        "lf": [
            0.04,
            0.15
        ],
        "ulf": null,
        "vlf": [
            0.0,
            0.04
        ]
    },
    "fft_interpolation": "cubic",
    "fft_log": [
        9.210437782366807,
        9.475731081158692,
        9.565579534253576
    ],
    "fft_nfft": 4096.0,
    "fft_norm": [
        47.755298544607875,
        52.24470145539213
    ],
    "fft_peak": [
        0.017578125,
        0.095703125,
        0.1728515625
    ],
    "fft_ratio": 0.9140696992092601,
    "fft_rel": [
        26.808241641414803,
        34.95294271419034,
        38.23881564439485
    ],
    "fft_resampling_frequency": 4.0,
    "fft_total": 37305.59536550008,
    "fft_window": "hamming",
    "hr_max": 85.83690987124463,
    "hr_mean": 67.40712745650428,
    "hr_min": 38.43689942344651,
    "hr_std": 9.227758593599443,
    "lomb_abs": [
        380.55727918017385,
        749.4817667421894,
        1757.842957324502
    ],
    "lomb_bands": {
        "hf": [
            0.15,
            0.4
        ],
        "lf": [
            0.04,
            0.15
        ],
        "ulf": null,
        "vlf": [
            0.0,
            0.04
        ]
    },
    "lomb_log": [
        5.941636702582423,
        6.619381990018174,
        7.471842743950327
    ],
    "lomb_ma": "n/a",
    "lomb_nfft": 256.0,
    "lomb_norm": [
        29.89169131338467,
        70.10830868661533
    ],
    "lomb_peak": [
        0.028941176470588234,
        0.059490196078431375,
        0.36498039215686273
    ],
    "lomb_ratio": 0.42636446197840483,
    "lomb_rel": [
        13.177729517768064,
        25.95264508382067,
        60.86962539841127
    ],
    "lomb_total": 2887.882003246865,
    "nn20": 200.0,
    "nn50": 119.0,
    "nni_counter": 263.0,
    "nni_diff_max": 685.0,
    "nni_diff_mean": 93.64503816793894,
    "nni_diff_min": 0.0,
    "nni_max": 1561.0,
    "nni_mean": 911.0760456273764,
    "nni_min": 699.0,
    "pnn20": 76.33587786259542,
    "pnn50": 45.41984732824427,
    "rmssd": 162.70676804119802,
    "sampen": 1.0214076124960583,
    "sd1": 115.05083031691218,
    "sd2": 190.37546622772933,
    "sd_ratio": 1.6547074515093232,
    "sdann": "n/a",
    "sdnn": 157.36970230201194,
    "sdnn_index": "n/a",
    "sdsd": 133.31140607844313,
    "tinn": 257.8125,
    "tinn_m": 992.1875,
    "tinn_n": 734.375,
    "tri_index": 16.4375
}