{
    "Comment": "None",
    "Name": "C:\\Users\\facartesvirtual1\\Documents\\HRV-Bienestar-Tecnologia\\HRV_Reports\\Experiencia_Mindfullness\\31-03-2022_PaulaRestrepo\\HRV_interactive.json",
    "ar_abs": [
        2432.7355936822137,
        5095.608861231456,
        9339.849490607074
    ],
    "ar_bands": {
        "hf": [
            0.15,
            0.4
        ],
        "lf": [
            0.04,
            0.15
        ],
        "ulf": null,
        "vlf": [
            0.0,
            0.04
        ]
    },
    "ar_interpolation": "cubic",
    "ar_log": [
        7.7967716618603795,
        8.536134440230795,
        9.142045416597018
    ],
    "ar_nfft": 4096.0,
    "ar_norm": [
        35.299252278903,
        64.700747721097
    ],
    "ar_order": 16.0,
    "ar_peak": [
        0.0,
        0.0400390625,
        0.150390625
    ],
    "ar_ratio": 0.5455771922616122,
    "ar_rel": [
        14.42202764290728,
        30.208384357500034,
        55.36958799959268
    ],
    "ar_resampling_frequency": 4.0,
    "ar_total": 16868.193945520743,
    "dfa_alpha1": 1.2979251740387092,
    "dfa_alpha1_beats": [
        4,
        5,
        6,
        7,
        8,
        9,
        10,
        11,
        12,
        13,
        14,
        15,
        16
    ],
    "dfa_alpha2": 1.1669740171163017,
    "dfa_alpha2_beats": [
        17,
        18,
        19,
        20,
        21,
        22,
        23,
        24,
        25,
        26,
        27,
        28,
        29,
        30,
        31,
        32,
        33,
        34,
        35,
        36,
        37,
        38,
        39,
        40,
        41,
        42,
        43,
        44,
        45,
        46,
        47,
        48,
        49,
        50,
        51,
        52,
        53,
        54,
        55,
        56,
        57,
        58,
        59,
        60,
        61,
        62,
        63,
        64
    ],
    "ellipse_area": 6153.678607474514,
    "fft_abs": [
        3760.654949400475,
        874.8410350138329,
        618.747656311989
    ],
    "fft_bands": {
        "hf": [
            0.15,
            0.4
        ],
        "lf": [
            0.04,
            0.15
        ],
        "ulf": null,
        "vlf": [
            0.0,
            0.04
        ]
    },
    "fft_interpolation": "cubic",
    "fft_log": [
        8.232348409885194,
        6.77404219558294,
        6.4276975260971225
    ],
    "fft_nfft": 4096.0,
    "fft_norm": [
        58.57308910375172,
        41.42691089624828
    ],
    "fft_peak": [
        0.0048828125,
        0.1181640625,
        0.18359375
    ],
    "fft_ratio": 1.4138898565342037,
    "fft_rel": [
        71.57366895305672,
        16.650180213053524,
        11.776150833889751
    ],
    "fft_resampling_frequency": 4.0,
    "fft_total": 5254.243640726297,
    "fft_window": "hamming",
    "hr_max": 97.5609756097561,
    "hr_mean": 78.52733978507005,
    "hr_min": 62.43496357960458,
    "hr_std": 6.869386578839502,
    "lomb_abs": [
        300.5406368846323,
        511.07962175486705,
        1626.8361805096035
    ],
    "lomb_bands": {
        "hf": [
            0.15,
            0.4
        ],
        "lf": [
            0.04,
            0.15
        ],
        "ulf": null,
        "vlf": [
            0.0,
            0.04
        ]
    },
    "lomb_log": [
        5.705582975729667,
        6.2365253936329745,
        7.394392414079342
    ],
    "lomb_ma": "n/a",
    "lomb_nfft": 256.0,
    "lomb_norm": [
        23.905507467297536,
        76.09449253270246
    ],
    "lomb_peak": [
        0.00803921568627451,
        0.12380392156862745,
        0.36498039215686273
    ],
    "lomb_ratio": 0.3141555541227097,
    "lomb_rel": [
        12.325036119550516,
        20.959145037391266,
        66.7158188430582
    ],
    "lomb_total": 2438.456439149103,
    "nn20": 128.0,
    "nn50": 30.0,
    "nni_counter": 313.0,
    "nni_diff_max": 123.0,
    "nni_diff_mean": 21.759615384615383,
    "nni_diff_min": 0.0,
    "nni_max": 961.0,
    "nni_mean": 769.9424920127796,
    "nni_min": 615.0,
    "pnn20": 41.02564102564102,
    "pnn50": 9.615384615384617,
    "rmssd": 29.61359052174767,
    "sampen": 1.1700712526502546,
    "sd1": 20.939243490166962,
    "sd2": 93.54572614223999,
    "sd_ratio": 4.467483564349826,
    "sdann": "n/a",
    "sdnn": 67.82984378481594,
    "sdnn_index": "n/a",
    "sdsd": 20.119176368067578,
    "tinn": 281.25,
    "tinn_m": 921.875,
    "tinn_n": 640.625,
    "tri_index": 17.38888888888889
}