{
    "Comment": "None",
    "Name": "C:\\Users\\facartesvirtual1\\Documents\\HRV-Bienestar-Tecnologia\\HRV_Reports\\Experiencia_Mindfullness\\31-03-2022_PaulaRestrepo\\HRV_sound.json",
    "ar_abs": [
        2429.9614647136077,
        5102.072451084223,
        9085.589543848191
    ],
    "ar_bands": {
        "hf": [
            0.15,
            0.4
        ],
        "lf": [
            0.04,
            0.15
        ],
        "ulf": null,
        "vlf": [
            0.0,
            0.04
        ]
    },
    "ar_interpolation": "cubic",
    "ar_log": [
        7.7956306780663045,
        8.537402099127043,
        9.11444487072798
    ],
    "ar_nfft": 4096.0,
    "ar_norm": [
        35.961333536889974,
        64.03866646311003
    ],
    "ar_order": 16.0,
    "ar_peak": [
        0.0,
        0.0400390625,
        0.150390625
    ],
    "ar_ratio": 0.5615565645422329,
    "ar_rel": [
        14.622797722035816,
        30.702780475643927,
        54.674421802320275
    ],
    "ar_resampling_frequency": 4.0,
    "ar_total": 16617.62345964602,
    "dfa_alpha1": 1.037934608993843,
    "dfa_alpha1_beats": [
        4,
        5,
        6,
        7,
        8,
        9,
        10,
        11,
        12,
        13,
        14,
        15,
        16
    ],
    "dfa_alpha2": 0.630030782505893,
    "dfa_alpha2_beats": [
        17,
        18,
        19,
        20,
        21,
        22,
        23,
        24,
        25,
        26,
        27,
        28,
        29,
        30,
        31,
        32,
        33,
        34,
        35,
        36,
        37,
        38,
        39,
        40,
        41,
        42,
        43,
        44,
        45,
        46,
        47,
        48,
        49,
        50,
        51,
        52,
        53,
        54,
        55,
        56,
        57,
        58,
        59,
        60,
        61,
        62,
        63,
        64
    ],
    "ellipse_area": 3267.7804865871717,
    "fft_abs": [
        315.45239227315665,
        578.265614636736,
        713.162123118218
    ],
    "fft_bands": {
        "hf": [
            0.15,
            0.4
        ],
        "lf": [
            0.04,
            0.15
        ],
        "ulf": null,
        "vlf": [
            0.0,
            0.04
        ]
    },
    "fft_interpolation": "cubic",
    "fft_log": [
        5.754007774472186,
        6.3600333040098045,
        6.5697087762194855
    ],
    "fft_nfft": 4096.0,
    "fft_norm": [
        44.77723357886098,
        55.22276642113902
    ],
    "fft_peak": [
        0.0087890625,
        0.0673828125,
        0.1611328125
    ],
    "fft_ratio": 0.8108473457736892,
    "fft_rel": [
        19.631358081927253,
        35.98685451581382,
        44.38178740225893
    ],
    "fft_resampling_frequency": 4.0,
    "fft_total": 1606.8801300281107,
    "fft_window": "hamming",
    "hr_max": 92.87925696594428,
    "hr_mean": 80.00677560032847,
    "hr_min": 68.4931506849315,
    "hr_std": 4.310647244004331,
    "lomb_abs": [
        372.71635613860985,
        721.7202127263165,
        1787.3919716513174
    ],
    "lomb_bands": {
        "hf": [
            0.15,
            0.4
        ],
        "lf": [
            0.04,
            0.15
        ],
        "ulf": null,
        "vlf": [
            0.0,
            0.04
        ]
    },
    "lomb_log": [
        5.920817691056507,
        6.581637546789149,
        7.4885128373020455
    ],
    "lomb_ma": "n/a",
    "lomb_nfft": 256.0,
    "lomb_norm": [
        28.763967479012255,
        71.23603252098776
    ],
    "lomb_peak": [
        0.00803921568627451,
        0.10450980392156863,
        0.36498039215686273
    ],
    "lomb_ratio": 0.4037839624285327,
    "lomb_rel": [
        12.933328645285828,
        25.043829033528457,
        62.02284232118571
    ],
    "lomb_total": 2881.8285405162437,
    "nn20": 166.0,
    "nn50": 16.0,
    "nni_counter": 319.0,
    "nni_diff_max": 70.0,
    "nni_diff_mean": 22.361635220125788,
    "nni_diff_min": 0.0,
    "nni_max": 876.0,
    "nni_mean": 752.1222570532915,
    "nni_min": 646.0,
    "pnn20": 52.20125786163522,
    "pnn50": 5.031446540880504,
    "rmssd": 27.05509170972044,
    "sampen": 0.9636593438402915,
    "sd1": 19.130223556060535,
    "sd2": 54.37295762441028,
    "sd_ratio": 2.8422541673426864,
    "sdann": "n/a",
    "sdnn": 40.80811948954936,
    "sdnn_index": "n/a",
    "sdsd": 15.253423047558135,
    "tinn": 164.0625,
    "tinn_m": 835.9375,
    "tinn_n": 671.875,
    "tri_index": 10.633333333333333
}