{
    "Comment": "None",
    "Name": "C:\\Users\\facartesvirtual1\\Documents\\HRV-Bienestar-Tecnologia\\HRV_Reports\\Experiencia_Mindfullness\\31-03-2022_PaulaRestrepo\\HRV_olfative.json",
    "ar_abs": [
        2417.5441666036522,
        5172.335217280224,
        9200.13662392029
    ],
    "ar_bands": {
        "hf": [
            0.15,
            0.4
        ],
        "lf": [
            0.04,
            0.15
        ],
        "ulf": null,
        "vlf": [
            0.0,
            0.04
        ]
    },
    "ar_interpolation": "cubic",
    "ar_log": [
        7.790507496696717,
        8.551079551650707,
        9.126973613352984
    ],
    "ar_nfft": 4096.0,
    "ar_norm": [
        35.987791622962646,
        64.01220837703735
    ],
    "ar_order": 16.0,
    "ar_peak": [
        0.0,
        0.0400390625,
        0.150390625
    ],
    "ar_ratio": 0.5622020007650962,
    "ar_rel": [
        14.39870078432298,
        30.806017188286607,
        54.79528202739042
    ],
    "ar_resampling_frequency": 4.0,
    "ar_total": 16790.016007804166,
    "dfa_alpha1": 0.7517589002706088,
    "dfa_alpha1_beats": [
        4,
        5,
        6,
        7,
        8,
        9,
        10,
        11,
        12,
        13,
        14,
        15,
        16
    ],
    "dfa_alpha2": 0.70312405042671,
    "dfa_alpha2_beats": [
        17,
        18,
        19,
        20,
        21,
        22,
        23,
        24,
        25,
        26,
        27,
        28,
        29,
        30,
        31,
        32,
        33,
        34,
        35,
        36,
        37,
        38,
        39,
        40,
        41,
        42,
        43,
        44,
        45,
        46,
        47,
        48,
        49,
        50,
        51,
        52,
        53,
        54,
        55,
        56,
        57,
        58,
        59,
        60,
        61,
        62,
        63,
        64
    ],
    "ellipse_area": 5625.219325678224,
    "fft_abs": [
        558.8803403167287,
        1482.3386481926516,
        814.1085987373899
    ],
    "fft_bands": {
        "hf": [
            0.15,
            0.4
        ],
        "lf": [
            0.04,
            0.15
        ],
        "ulf": null,
        "vlf": [
            0.0,
            0.04
        ]
    },
    "fft_interpolation": "cubic",
    "fft_log": [
        6.325935389984633,
        7.301376287304555,
        6.702093770786024
    ],
    "fft_nfft": 4096.0,
    "fft_norm": [
        64.54921401631522,
        35.45078598368476
    ],
    "fft_peak": [
        0.00390625,
        0.1455078125,
        0.1689453125
    ],
    "fft_ratio": 1.8208119291352862,
    "fft_rel": [
        19.573247665625125,
        51.91483649068744,
        28.51191584368743
    ],
    "fft_resampling_frequency": 4.0,
    "fft_total": 2855.3275872467702,
    "fft_window": "hamming",
    "hr_max": 94.04388714733543,
    "hr_mean": 79.27098249552596,
    "hr_min": 65.57377049180327,
    "hr_std": 5.5326147238363275,
    "lomb_abs": [
        257.0562093409155,
        870.3169254545154,
        1436.7094647154943
    ],
    "lomb_bands": {
        "hf": [
            0.15,
            0.4
        ],
        "lf": [
            0.04,
            0.15
        ],
        "ulf": null,
        "vlf": [
            0.0,
            0.04
        ]
    },
    "lomb_log": [
        5.549294774369709,
        6.76885742744563,
        7.270110683811146
    ],
    "lomb_ma": "n/a",
    "lomb_nfft": 256.0,
    "lomb_norm": [
        37.724619413234365,
        62.27538058676564
    ],
    "lomb_peak": [
        0.017686274509803923,
        0.12541176470588236,
        0.35854901960784313
    ],
    "lomb_ratio": 0.6057709974276955,
    "lomb_rel": [
        10.025270222961872,
        33.94262437647369,
        56.03210540056443
    ],
    "lomb_total": 2564.0825995109253,
    "nn20": 197.0,
    "nn50": 52.0,
    "nni_counter": 317.0,
    "nni_diff_max": 108.0,
    "nni_diff_mean": 29.20253164556962,
    "nni_diff_min": 0.0,
    "nni_max": 915.0,
    "nni_mean": 760.6309148264984,
    "nni_min": 638.0,
    "pnn20": 62.34177215189873,
    "pnn50": 16.455696202531644,
    "rmssd": 35.240224427797266,
    "sampen": 1.1678354157397763,
    "sd1": 24.917596929819094,
    "sd2": 71.8593742550155,
    "sd_ratio": 2.8838805948024944,
    "sdann": "n/a",
    "sdnn": 53.86433430019795,
    "sdnn_index": "n/a",
    "sdsd": 19.756537031453306,
    "tinn": 210.9375,
    "tinn_m": 875.0,
    "tinn_n": 664.0625,
    "tri_index": 12.68
}