{
    "Comment": "None",
    "Name": "C:\\Users\\Juan Pablo Botero T\\OneDrive - Universidad de los Andes\\Documentos\\JPB\\Personal\\Bienestar y Tecnolog\u00eda\\Codigo\\HRV-Bienestar-Tecnologia\\HRV_Reports\\Experiencia_Mindfullness\\SofiaCerquera-17-03-2022\\HRV_video.json",
    "ar_abs": [
        2392.863605774592,
        4916.151487661065,
        8739.773495393612
    ],
    "ar_bands": {
        "hf": [
            0.15,
            0.4
        ],
        "lf": [
            0.04,
            0.15
        ],
        "ulf": null,
        "vlf": [
            0.0,
            0.04
        ]
    },
    "ar_interpolation": "cubic",
    "ar_log": [
        7.780246089114977,
        8.50028128543919,
        9.075639552454906
    ],
    "ar_nfft": 4096.0,
    "ar_norm": [
        36.00013542664744,
        63.99986457335256
    ],
    "ar_order": 16.0,
    "ar_peak": [
        0.0,
        0.0400390625,
        0.150390625
    ],
    "ar_ratio": 0.562503306321631,
    "ar_rel": [
        14.909932874560642,
        30.632539399783383,
        54.45752772565597
    ],
    "ar_resampling_frequency": 4.0,
    "ar_total": 16048.78858882927,
    "dfa_alpha1": 1.6118608855855814,
    "dfa_alpha1_beats": [
        4,
        5,
        6,
        7,
        8,
        9,
        10,
        11,
        12,
        13,
        14,
        15,
        16
    ],
    "dfa_alpha2": 0.7230095122765824,
    "dfa_alpha2_beats": [
        17,
        18,
        19,
        20,
        21,
        22,
        23,
        24,
        25,
        26,
        27,
        28,
        29,
        30,
        31,
        32,
        33,
        34,
        35,
        36,
        37,
        38,
        39,
        40,
        41,
        42,
        43,
        44,
        45,
        46,
        47,
        48,
        49,
        50,
        51,
        52,
        53,
        54,
        55,
        56,
        57,
        58,
        59,
        60,
        61,
        62,
        63,
        64
    ],
    "ellipse_area": 3552.627054128353,
    "fft_abs": [
        731.8289686115368,
        1898.6993028730471,
        254.84937493981695
    ],
    "fft_bands": {
        "hf": [
            0.15,
            0.4
        ],
        "lf": [
            0.04,
            0.15
        ],
        "ulf": null,
        "vlf": [
            0.0,
            0.04
        ]
    },
    "fft_interpolation": "cubic",
    "fft_log": [
        6.595546837223238,
        7.548924353289165,
        5.540672684123898
    ],
    "fft_nfft": 4096.0,
    "fft_norm": [
        88.16607316261636,
        11.833926837383634
    ],
    "fft_peak": [
        0.033203125,
        0.0419921875,
        0.2802734375
    ],
    "fft_ratio": 7.450280399241425,
    "fft_rel": [
        25.363368622420328,
        65.80418702646917,
        8.832444351110496
    ],
    "fft_resampling_frequency": 4.0,
    "fft_total": 2885.377646424401,
    "fft_window": "hamming",
    "hr_max": 120.0,
    "hr_mean": 103.30399711402502,
    "hr_min": 77.31958762886597,
    "hr_std": 8.048837716556658,
    "lomb_abs": [
        187.21380881673443,
        449.40077410558314,
        1063.9943169008427
    ],
    "lomb_bands": {
        "hf": [
            0.15,
            0.4
        ],
        "lf": [
            0.04,
            0.15
        ],
        "ulf": null,
        "vlf": [
            0.0,
            0.04
        ]
    },
    "lomb_log": [
        5.232251326369643,
        6.107915082281083,
        6.969785328628719
    ],
    "lomb_ma": "n/a",
    "lomb_nfft": 256.0,
    "lomb_norm": [
        29.694874575463714,
        70.30512542453627
    ],
    "lomb_peak": [
        0.02411764705882353,
        0.09968627450980393,
        0.3987450980392157
    ],
    "lomb_ratio": 0.42237140459037276,
    "lomb_rel": [
        11.008633956708215,
        26.425874529547304,
        62.565491513744476
    ],
    "lomb_total": 1700.6088998231603,
    "nn20": 128.0,
    "nn50": 22.0,
    "nni_counter": 411.0,
    "nni_diff_max": 93.0,
    "nni_diff_mean": 16.929268292682927,
    "nni_diff_min": 0.0,
    "nni_max": 776.0,
    "nni_mean": 584.5717761557178,
    "nni_min": 500.0,
    "pnn20": 31.21951219512195,
    "pnn50": 5.365853658536586,
    "rmssd": 23.952646373473705,
    "sampen": 0.8691675192771707,
    "sd1": 16.93694512164279,
    "sd2": 66.76743091102173,
    "sd_ratio": 3.9421176860107616,
    "sdann": "n/a",
    "sdnn": 48.719571682090525,
    "sdnn_index": "n/a",
    "sdsd": 16.965587835746796,
    "tinn": 171.875,
    "tinn_m": 671.875,
    "tinn_n": 500.0,
    "tri_index": 11.108108108108109
}