{
    "Comment": "None",
    "Name": "C:\\Users\\Juan Pablo Botero T\\OneDrive - Universidad de los Andes\\Documentos\\JPB\\Personal\\Bienestar y Tecnolog\u00eda\\Codigo\\HRV-Bienestar-Tecnologia\\HRV_Reports\\Experiencia_Mindfullness\\SofiaCerquera-17-03-2022\\HRV_sound.json",
    "ar_abs": [
        2352.358709296774,
        4859.559088401788,
        8558.132709172649
    ],
    "ar_bands": {
        "hf": [
            0.15,
            0.4
        ],
        "lf": [
            0.04,
            0.15
        ],
        "ulf": null,
        "vlf": [
            0.0,
            0.04
        ]
    },
    "ar_interpolation": "cubic",
    "ar_log": [
        7.763173809845787,
        8.488702990227928,
        9.054637303887688
    ],
    "ar_nfft": 4096.0,
    "ar_norm": [
        36.21754890271267,
        63.782451097287336
    ],
    "ar_order": 16.0,
    "ar_peak": [
        0.0,
        0.0400390625,
        0.150390625
    ],
    "ar_ratio": 0.5678293681042464,
    "ar_rel": [
        14.916621276969414,
        30.815114297093828,
        54.26826442593675
    ],
    "ar_resampling_frequency": 4.0,
    "ar_total": 15770.050506871212,
    "dfa_alpha1": 1.5811612537367092,
    "dfa_alpha1_beats": [
        4,
        5,
        6,
        7,
        8,
        9,
        10,
        11,
        12,
        13,
        14,
        15,
        16
    ],
    "dfa_alpha2": 0.7555404957219006,
    "dfa_alpha2_beats": [
        17,
        18,
        19,
        20,
        21,
        22,
        23,
        24,
        25,
        26,
        27,
        28,
        29,
        30,
        31,
        32,
        33,
        34,
        35,
        36,
        37,
        38,
        39,
        40,
        41,
        42,
        43,
        44,
        45,
        46,
        47,
        48,
        49,
        50,
        51,
        52,
        53,
        54,
        55,
        56,
        57,
        58,
        59,
        60,
        61,
        62,
        63,
        64
    ],
    "ellipse_area": 2848.0874299063707,
    "fft_abs": [
        810.9971777668007,
        1336.417272772441,
        267.2421734343764
    ],
    "fft_bands": {
        "hf": [
            0.15,
            0.4
        ],
        "lf": [
            0.04,
            0.15
        ],
        "ulf": null,
        "vlf": [
            0.0,
            0.04
        ]
    },
    "fft_interpolation": "cubic",
    "fft_log": [
        6.698264574167065,
        7.197747635251247,
        5.588155263917396
    ],
    "fft_nfft": 4096.0,
    "fft_norm": [
        83.33547848537967,
        16.664521514620336
    ],
    "fft_peak": [
        0.0166015625,
        0.107421875,
        0.1630859375
    ],
    "fft_ratio": 5.000772354145704,
    "fft_rel": [
        33.586439153083546,
        55.346058710956584,
        11.067502135959858
    ],
    "fft_resampling_frequency": 4.0,
    "fft_total": 2414.6566239736185,
    "fft_window": "hamming",
    "hr_max": 121.95121951219512,
    "hr_mean": 108.2959072806885,
    "hr_min": 77.31958762886597,
    "hr_std": 8.348188137687243,
    "lomb_abs": [
        227.98164009094654,
        422.5798743876715,
        1145.239460524194
    ],
    "lomb_bands": {
        "hf": [
            0.15,
            0.4
        ],
        "lf": [
            0.04,
            0.15
        ],
        "ulf": null,
        "vlf": [
            0.0,
            0.04
        ]
    },
    "lomb_log": [
        5.4292650997951535,
        6.046378480734328,
        7.0433690299514815
    ],
    "lomb_ma": "n/a",
    "lomb_nfft": 256.0,
    "lomb_norm": [
        26.953352658546383,
        73.04664734145362
    ],
    "lomb_peak": [
        0.001607843137254902,
        0.04341176470588235,
        0.34890196078431374
    ],
    "lomb_ratio": 0.3689882238202394,
    "lomb_rel": [
        12.695262073270092,
        23.531553901011204,
        63.7731840257187
    ],
    "lomb_total": 1795.8009750028123,
    "nn20": 92.0,
    "nn50": 15.0,
    "nni_counter": 432.0,
    "nni_diff_max": 100.0,
    "nni_diff_mean": 13.517401392111369,
    "nni_diff_min": 0.0,
    "nni_max": 776.0,
    "nni_mean": 557.625,
    "nni_min": 492.0,
    "pnn20": 21.34570765661253,
    "pnn50": 3.480278422273782,
    "rmssd": 19.793012430332208,
    "sampen": 0.7075536861555408,
    "sd1": 13.993941943557736,
    "sd2": 64.78334620162785,
    "sd_ratio": 4.629385091271696,
    "sdann": "n/a",
    "sdnn": 46.98647803708495,
    "sdnn_index": "n/a",
    "sdsd": 14.475128588380057,
    "tinn": 132.8125,
    "tinn_m": 609.375,
    "tinn_n": 476.5625,
    "tri_index": 9.191489361702128
}