{
    "Comment": "None",
    "Name": "C:\\Users\\Juan Pablo Botero T\\OneDrive - Universidad de los Andes\\Documentos\\JPB\\Personal\\Bienestar y Tecnolog\u00eda\\Codigo\\HRV-Bienestar-Tecnologia\\HRV_Reports\\Experiencia_Mindfullness\\SofiaCerquera-17-03-2022\\HRV_baseline.json",
    "ar_abs": [
        2424.963622516248,
        5000.354949561663,
        9008.376788473151
    ],
    "ar_bands": {
        "hf": [
            0.15,
            0.4
        ],
        "lf": [
            0.04,
            0.15
        ],
        "ulf": null,
        "vlf": [
            0.0,
            0.04
        ]
    },
    "ar_interpolation": "cubic",
    "ar_log": [
        7.7935718022348395,
        8.517264178808905,
        9.105910177709976
    ],
    "ar_nfft": 4096.0,
    "ar_norm": [
        35.694558530129484,
        64.30544146987052
    ],
    "ar_order": 16.0,
    "ar_peak": [
        0.0,
        0.0400390625,
        0.150390625
    ],
    "ar_ratio": 0.555078352845983,
    "ar_rel": [
        14.756045851606517,
        30.42745310689505,
        54.81650104149842
    ],
    "ar_resampling_frequency": 4.0,
    "ar_total": 16433.695360551064,
    "dfa_alpha1": 1.4556269217604012,
    "dfa_alpha1_beats": [
        4,
        5,
        6,
        7,
        8,
        9,
        10,
        11,
        12,
        13,
        14,
        15,
        16
    ],
    "dfa_alpha2": 0.7068190628261822,
    "dfa_alpha2_beats": [
        17,
        18,
        19,
        20,
        21,
        22,
        23,
        24,
        25,
        26,
        27,
        28,
        29,
        30,
        31,
        32,
        33,
        34,
        35,
        36,
        37,
        38,
        39,
        40,
        41,
        42,
        43,
        44,
        45,
        46,
        47,
        48,
        49,
        50,
        51,
        52,
        53,
        54,
        55,
        56,
        57,
        58,
        59,
        60,
        61,
        62,
        63,
        64
    ],
    "ellipse_area": 10300.947176333802,
    "fft_abs": [
        2318.3436635974417,
        1699.5104314013895,
        399.53004677361156
    ],
    "fft_bands": {
        "hf": [
            0.15,
            0.4
        ],
        "lf": [
            0.04,
            0.15
        ],
        "ulf": null,
        "vlf": [
            0.0,
            0.04
        ]
    },
    "fft_interpolation": "cubic",
    "fft_log": [
        7.748608271580631,
        7.43809550704107,
        5.990288973325842
    ],
    "fft_nfft": 4096.0,
    "fft_norm": [
        80.96606278307787,
        19.03393721692212
    ],
    "fft_peak": [
        0.0048828125,
        0.0849609375,
        0.1513671875
    ],
    "fft_ratio": 4.253773765266758,
    "fft_rel": [
        52.48227433232066,
        38.473231597183975,
        9.044494070495375
    ],
    "fft_resampling_frequency": 4.0,
    "fft_total": 4417.3841417724425,
    "fft_window": "hamming",
    "hr_max": 279.06976744186045,
    "hr_mean": 100.0798004242907,
    "hr_min": 72.28915662650603,
    "hr_std": 19.08324711142793,
    "lomb_abs": [
        191.22606790900352,
        624.682261838854,
        1188.7333654146619
    ],
    "lomb_bands": {
        "hf": [
            0.15,
            0.4
        ],
        "lf": [
            0.04,
            0.15
        ],
        "ulf": null,
        "vlf": [
            0.0,
            0.04
        ]
    },
    "lomb_log": [
        5.253456329760271,
        6.437243139409104,
        7.0806436204196626
    ],
    "lomb_ma": "n/a",
    "lomb_nfft": 256.0,
    "lomb_norm": [
        34.44782610509197,
        65.55217389490802
    ],
    "lomb_peak": [
        0.017686274509803923,
        0.06752941176470588,
        0.37141176470588233
    ],
    "lomb_ratio": 0.5255024213280562,
    "lomb_rel": [
        9.539164448712146,
        31.161791323920855,
        59.299044227367006
    ],
    "lomb_total": 2004.6416951625192,
    "nn20": 170.0,
    "nn50": 54.0,
    "nni_counter": 394.0,
    "nni_diff_max": 308.0,
    "nni_diff_mean": 25.671755725190838,
    "nni_diff_min": 0.0,
    "nni_max": 830.0,
    "nni_mean": 612.9137055837564,
    "nni_min": 215.0,
    "pnn20": 43.25699745547074,
    "pnn50": 13.740458015267176,
    "rmssd": 44.17358196378748,
    "sampen": 0.8846853924588239,
    "sd1": 31.229483446361296,
    "sd2": 104.99351770949939,
    "sd_ratio": 3.3619998194921377,
    "sdann": "n/a",
    "sdnn": 78.23184480733468,
    "sdnn_index": "n/a",
    "sdsd": 35.993928643668276,
    "tinn": 257.8125,
    "tinn_m": 750.0,
    "tinn_n": 492.1875,
    "tri_index": 14.592592592592593
}