{
    "Comment": "None",
    "Name": "C:\\Users\\Juan Pablo Botero T\\OneDrive - Universidad de los Andes\\Documentos\\JPB\\Personal\\Bienestar y Tecnolog\u00eda\\Codigo\\HRV-Bienestar-Tecnologia\\HRV_Reports\\Experiencia_Mindfullness\\SofiaCerquera-17-03-2022\\HRV_olfative.json",
    "ar_abs": [
        2375.7919658990804,
        4862.596894143181,
        8467.941238264197
    ],
    "ar_bands": {
        "hf": [
            0.15,
            0.4
        ],
        "lf": [
            0.04,
            0.15
        ],
        "ulf": null,
        "vlf": [
            0.0,
            0.04
        ]
    },
    "ar_interpolation": "cubic",
    "ar_log": [
        7.773086120209466,
        8.489327914544244,
        9.04404269296098
    ],
    "ar_nfft": 4096.0,
    "ar_norm": [
        36.47712377283481,
        63.522876227165185
    ],
    "ar_order": 16.0,
    "ar_peak": [
        0.0,
        0.0400390625,
        0.150390625
    ],
    "ar_ratio": 0.5742360223486791,
    "ar_rel": [
        15.12633410242187,
        30.959472160001862,
        53.91419373757627
    ],
    "ar_resampling_frequency": 4.0,
    "ar_total": 15706.330098306458,
    "dfa_alpha1": 1.5611611941356371,
    "dfa_alpha1_beats": [
        4,
        5,
        6,
        7,
        8,
        9,
        10,
        11,
        12,
        13,
        14,
        15,
        16
    ],
    "dfa_alpha2": 0.6851432245966289,
    "dfa_alpha2_beats": [
        17,
        18,
        19,
        20,
        21,
        22,
        23,
        24,
        25,
        26,
        27,
        28,
        29,
        30,
        31,
        32,
        33,
        34,
        35,
        36,
        37,
        38,
        39,
        40,
        41,
        42,
        43,
        44,
        45,
        46,
        47,
        48,
        49,
        50,
        51,
        52,
        53,
        54,
        55,
        56,
        57,
        58,
        59,
        60,
        61,
        62,
        63,
        64
    ],
    "ellipse_area": 3777.328849012181,
    "fft_abs": [
        736.5864308456756,
        1269.546781102917,
        401.8583322363526
    ],
    "fft_bands": {
        "hf": [
            0.15,
            0.4
        ],
        "lf": [
            0.04,
            0.15
        ],
        "ulf": null,
        "vlf": [
            0.0,
            0.04
        ]
    },
    "fft_interpolation": "cubic",
    "fft_log": [
        6.602026582507698,
        7.146415250487778,
        5.996099619136693
    ],
    "fft_nfft": 4096.0,
    "fft_norm": [
        75.95685635821185,
        24.04314364178815
    ],
    "fft_peak": [
        0.0126953125,
        0.087890625,
        0.197265625
    ],
    "fft_ratio": 3.159189891715955,
    "fft_rel": [
        30.589244909287867,
        52.72222754140243,
        16.688527549309697
    ],
    "fft_resampling_frequency": 4.0,
    "fft_total": 2407.9915441849453,
    "fft_window": "hamming",
    "hr_max": 269.05829596412553,
    "hr_mean": 110.91501440891106,
    "hr_min": 82.98755186721992,
    "hr_std": 12.565376541372952,
    "lomb_abs": [
        195.82460554171715,
        456.3909193894531,
        1104.284347336713
    ],
    "lomb_bands": {
        "hf": [
            0.15,
            0.4
        ],
        "lf": [
            0.04,
            0.15
        ],
        "ulf": null,
        "vlf": [
            0.0,
            0.04
        ]
    },
    "lomb_log": [
        5.2772193889104955,
        6.123349721623146,
        7.006952754667301
    ],
    "lomb_ma": "n/a",
    "lomb_nfft": 256.0,
    "lomb_norm": [
        29.243169871386883,
        70.75683012861312
    ],
    "lomb_peak": [
        0.00803921568627451,
        0.10933333333333334,
        0.3070980392156863
    ],
    "lomb_ratio": 0.4132911242382145,
    "lomb_rel": [
        11.148569301566793,
        25.98297481230042,
        62.86845588613279
    ],
    "lomb_total": 1756.4998722678831,
    "nn20": 115.0,
    "nn50": 20.0,
    "nni_counter": 440.0,
    "nni_diff_max": 269.0,
    "nni_diff_mean": 15.186788154897494,
    "nni_diff_min": 0.0,
    "nni_max": 723.0,
    "nni_mean": 546.1431818181818,
    "nni_min": 223.0,
    "pnn20": 26.195899772209568,
    "pnn50": 4.555808656036446,
    "rmssd": 25.12279637091192,
    "sampen": 0.7070244574306519,
    "sd1": 17.75952459908492,
    "sd2": 67.70232554928691,
    "sd_ratio": 3.8121699244570633,
    "sdann": "n/a",
    "sdnn": 50.373411550337885,
    "sdnn_index": "n/a",
    "sdsd": 20.03573766929324,
    "tinn": 85.9375,
    "tinn_m": 578.125,
    "tinn_n": 492.1875,
    "tri_index": 6.984126984126984
}