{
    "Comment": "None",
    "Name": "C:\\Users\\Juan Pablo Botero T\\OneDrive - Universidad de los Andes\\Documentos\\JPB\\Personal\\Bienestar y Tecnolog\u00eda\\Codigo\\HRV-Bienestar-Tecnologia\\HRV_Reports\\Experiencia_Mindfullness\\SofiaCerquera-17-03-2022\\HRV_interactive.json",
    "ar_abs": [
        2392.536751700345,
        4977.73625371522,
        9329.882483968806
    ],
    "ar_bands": {
        "hf": [
            0.15,
            0.4
        ],
        "lf": [
            0.04,
            0.15
        ],
        "ulf": null,
        "vlf": [
            0.0,
            0.04
        ]
    },
    "ar_interpolation": "cubic",
    "ar_log": [
        7.780109484421392,
        8.512730499144496,
        9.140977698260329
    ],
    "ar_nfft": 4096.0,
    "ar_norm": [
        34.79080862425166,
        65.20919137574835
    ],
    "ar_order": 16.0,
    "ar_peak": [
        0.0,
        0.0400390625,
        0.150390625
    ],
    "ar_ratio": 0.533526147008634,
    "ar_rel": [
        14.326433985726577,
        29.80652639359778,
        55.867039620675655
    ],
    "ar_resampling_frequency": 4.0,
    "ar_total": 16700.15548938437,
    "dfa_alpha1": 1.44902767935436,
    "dfa_alpha1_beats": [
        4,
        5,
        6,
        7,
        8,
        9,
        10,
        11,
        12,
        13,
        14,
        15,
        16
    ],
    "dfa_alpha2": 0.6532594141805916,
    "dfa_alpha2_beats": [
        17,
        18,
        19,
        20,
        21,
        22,
        23,
        24,
        25,
        26,
        27,
        28,
        29,
        30,
        31,
        32,
        33,
        34,
        35,
        36,
        37,
        38,
        39,
        40,
        41,
        42,
        43,
        44,
        45,
        46,
        47,
        48,
        49,
        50,
        51,
        52,
        53,
        54,
        55,
        56,
        57,
        58,
        59,
        60,
        61,
        62,
        63,
        64
    ],
    "ellipse_area": 9855.951320785925,
    "fft_abs": [
        608.5649790530039,
        1554.7294910888916,
        735.7952069530974
    ],
    "fft_bands": {
        "hf": [
            0.15,
            0.4
        ],
        "lf": [
            0.04,
            0.15
        ],
        "ulf": null,
        "vlf": [
            0.0,
            0.04
        ]
    },
    "fft_interpolation": "cubic",
    "fft_log": [
        6.411103692351717,
        7.349056848765875,
        6.600951828587345
    ],
    "fft_nfft": 4096.0,
    "fft_norm": [
        67.87656524367199,
        32.12343475632801
    ],
    "fft_peak": [
        0.0205078125,
        0.08984375,
        0.1640625
    ],
    "fft_ratio": 2.112992142918371,
    "fft_rel": [
        20.99158863077361,
        53.62819589102171,
        25.380215478204676
    ],
    "fft_resampling_frequency": 4.0,
    "fft_total": 2899.089677094993,
    "fft_window": "hamming",
    "hr_max": 269.05829596412553,
    "hr_mean": 102.09556386402515,
    "hr_min": 73.61963190184049,
    "hr_std": 19.827586741342092,
    "lomb_abs": [
        155.71398909208673,
        485.0767723928219,
        1047.0872420465269
    ],
    "lomb_bands": {
        "hf": [
            0.15,
            0.4
        ],
        "lf": [
            0.04,
            0.15
        ],
        "ulf": null,
        "vlf": [
            0.0,
            0.04
        ]
    },
    "lomb_log": [
        5.048020921252857,
        6.184307172003821,
        6.953767533136033
    ],
    "lomb_ma": "n/a",
    "lomb_nfft": 256.0,
    "lomb_norm": [
        31.65958525467143,
        68.34041474532857
    ],
    "lomb_peak": [
        0.038588235294117645,
        0.14470588235294118,
        0.3135294117647059
    ],
    "lomb_ratio": 0.463262995588354,
    "lomb_rel": [
        9.225429134469236,
        28.73885265273485,
        62.03571821279592
    ],
    "lomb_total": 1687.8780035314355,
    "nn20": 153.0,
    "nn50": 42.0,
    "nni_counter": 400.0,
    "nni_diff_max": 362.0,
    "nni_diff_mean": 25.50877192982456,
    "nni_diff_min": 0.0,
    "nni_max": 815.0,
    "nni_mean": 599.6825,
    "nni_min": 223.0,
    "pnn20": 38.34586466165413,
    "pnn50": 10.526315789473683,
    "rmssd": 49.889753143022055,
    "sampen": 1.07430801874206,
    "sd1": 35.277252955720755,
    "sd2": 88.93115195477816,
    "sd_ratio": 2.5209205508831034,
    "sdann": "n/a",
    "sdnn": 67.66448773915684,
    "sdnn_index": "n/a",
    "sdsd": 42.92911415878394,
    "tinn": 164.0625,
    "tinn_m": 687.5,
    "tinn_n": 523.4375,
    "tri_index": 10.81081081081081
}