{
    "Comment": "None",
    "Name": "C:\\Users\\Juan Pablo Botero T\\OneDrive - Universidad de los Andes\\Documentos\\JPB\\Personal\\Bienestar y Tecnolog\u00eda\\Codigo\\HRV-Bienestar-Tecnologia\\HRV_Reports\\MariaFernandaSantoyo-6-12-2021\\HRV_baseline.json",
    "ar_abs": [
        2552.9717840646363,
        5349.364360599906,
        9733.627920759489
    ],
    "ar_bands": {
        "hf": [
            0.15,
            0.4
        ],
        "lf": [
            0.04,
            0.15
        ],
        "ulf": null,
        "vlf": [
            0.0,
            0.04
        ]
    },
    "ar_interpolation": "cubic",
    "ar_log": [
        7.8450133651101535,
        8.584733021728633,
        9.183341964961716
    ],
    "ar_nfft": 4096.0,
    "ar_norm": [
        35.46620100847642,
        64.53379899152358
    ],
    "ar_order": 16.0,
    "ar_peak": [
        0.0,
        0.0400390625,
        0.150390625
    ],
    "ar_ratio": 0.5495755954664137,
    "ar_rel": [
        14.475941176756155,
        30.332134612859274,
        55.19192421038457
    ],
    "ar_resampling_frequency": 4.0,
    "ar_total": 17635.964065424032,
    "dfa_alpha1": 1.2651575073211785,
    "dfa_alpha1_beats": [
        4,
        5,
        6,
        7,
        8,
        9,
        10,
        11,
        12,
        13,
        14,
        15,
        16
    ],
    "dfa_alpha2": 1.0154138221106626,
    "dfa_alpha2_beats": [
        17,
        18,
        19,
        20,
        21,
        22,
        23,
        24,
        25,
        26,
        27,
        28,
        29,
        30,
        31,
        32,
        33,
        34,
        35,
        36,
        37,
        38,
        39,
        40,
        41,
        42,
        43,
        44,
        45,
        46,
        47,
        48,
        49,
        50,
        51,
        52,
        53,
        54,
        55,
        56,
        57,
        58,
        59,
        60,
        61,
        62,
        63,
        64
    ],
    "ellipse_area": 10424.734206426352,
    "fft_abs": [
        2629.0343619299047,
        1357.259435711679,
        717.1281948031211
    ],
    "fft_bands": {
        "hf": [
            0.15,
            0.4
        ],
        "lf": [
            0.04,
            0.15
        ],
        "ulf": null,
        "vlf": [
            0.0,
            0.04
        ]
    },
    "fft_interpolation": "cubic",
    "fft_log": [
        7.874371894986764,
        7.213222824842204,
        6.5752546179277935
    ],
    "fft_nfft": 4096.0,
    "fft_norm": [
        65.42940267026411,
        34.5705973297359
    ],
    "fft_peak": [
        0.0185546875,
        0.0625,
        0.1962890625
    ],
    "fft_ratio": 1.8926315344278135,
    "fft_rel": [
        55.896204213719884,
        28.856850137876194,
        15.246945648403923
    ],
    "fft_resampling_frequency": 4.0,
    "fft_total": 4703.421992444705,
    "fft_window": "hamming",
    "hr_max": 83.91608391608392,
    "hr_mean": 63.19835491590664,
    "hr_min": 50.33557046979866,
    "hr_std": 6.003836503266361,
    "lomb_abs": [
        266.980526089462,
        942.5579533618217,
        2460.2377091416843
    ],
    "lomb_bands": {
        "hf": [
            0.15,
            0.4
        ],
        "lf": [
            0.04,
            0.15
        ],
        "ulf": null,
        "vlf": [
            0.0,
            0.04
        ]
    },
    "lomb_log": [
        5.587175719745766,
        6.848597406409856,
        7.808013253990449
    ],
    "lomb_ma": "n/a",
    "lomb_nfft": 256.0,
    "lomb_norm": [
        27.699516716450812,
        72.3004832835492
    ],
    "lomb_peak": [
        0.00803921568627451,
        0.09164705882352941,
        0.36498039215686273
    ],
    "lomb_ratio": 0.38311661912159567,
    "lomb_rel": [
        7.275117401419111,
        25.684344355703303,
        67.04053824287759
    ],
    "lomb_total": 3669.7761885929676,
    "nn20": 152.0,
    "nn50": 48.0,
    "nni_counter": 251.0,
    "nni_diff_max": 238.0,
    "nni_diff_mean": 31.712,
    "nni_diff_min": 0.0,
    "nni_max": 1192.0,
    "nni_mean": 957.1474103585657,
    "nni_min": 715.0,
    "pnn20": 60.8,
    "pnn50": 19.2,
    "rmssd": 41.51317863040603,
    "sampen": 1.0965900432873419,
    "sd1": 29.35372630518994,
    "sd2": 113.04513519829148,
    "sd_ratio": 3.8511340612419733,
    "sdann": "n/a",
    "sdnn": 82.66959648665845,
    "sdnn_index": "n/a",
    "sdsd": 26.843534741716095,
    "tinn": 132.8125,
    "tinn_m": 1031.25,
    "tinn_n": 898.4375,
    "tri_index": 10.458333333333334
}