{
    "Comment": "None",
    "Name": "C:\\Users\\Juan Pablo Botero T\\OneDrive - Universidad de los Andes\\Documentos\\JPB\\Personal\\Bienestar y Tecnolog\u00eda\\Codigo\\HRV-Bienestar-Tecnologia\\HRV_Reports\\MariaFernandaSantoyo-6-12-2021\\HRV_sound.json",
    "ar_abs": [
        2554.4125308097755,
        5352.255360194421,
        9464.321945586713
    ],
    "ar_bands": {
        "hf": [
            0.15,
            0.4
        ],
        "lf": [
            0.04,
            0.15
        ],
        "ulf": null,
        "vlf": [
            0.0,
            0.04
        ]
    },
    "ar_interpolation": "cubic",
    "ar_log": [
        7.8455775469670614,
        8.585273313710644,
        9.155284422998763
    ],
    "ar_nfft": 4096.0,
    "ar_norm": [
        36.12342614448532,
        63.87657385551468
    ],
    "ar_order": 16.0,
    "ar_peak": [
        0.0,
        0.0400390625,
        0.150390625
    ],
    "ar_ratio": 0.5655191561493974,
    "ar_rel": [
        14.705048790190784,
        30.81145870525022,
        54.483492504558996
    ],
    "ar_resampling_frequency": 4.0,
    "ar_total": 17370.98983659091,
    "dfa_alpha1": 1.4383224597182462,
    "dfa_alpha1_beats": [
        4,
        5,
        6,
        7,
        8,
        9,
        10,
        11,
        12,
        13,
        14,
        15,
        16
    ],
    "dfa_alpha2": 0.41082796799500604,
    "dfa_alpha2_beats": [
        17,
        18,
        19,
        20,
        21,
        22,
        23,
        24,
        25,
        26,
        27,
        28,
        29,
        30,
        31,
        32,
        33,
        34,
        35,
        36,
        37,
        38,
        39,
        40,
        41,
        42,
        43,
        44,
        45,
        46,
        47,
        48,
        49,
        50,
        51,
        52,
        53,
        54,
        55,
        56,
        57,
        58,
        59,
        60,
        61,
        62,
        63,
        64
    ],
    "ellipse_area": 7342.177228136829,
    "fft_abs": [
        590.192186292324,
        3587.7412450669362,
        323.36061336697395
    ],
    "fft_bands": {
        "hf": [
            0.15,
            0.4
        ],
        "lf": [
            0.04,
            0.15
        ],
        "ulf": null,
        "vlf": [
            0.0,
            0.04
        ]
    },
    "fft_interpolation": "cubic",
    "fft_log": [
        6.380448223336694,
        8.185278103818655,
        5.77876815050833
    ],
    "fft_nfft": 4096.0,
    "fft_norm": [
        91.73223748520692,
        8.26776251479307
    ],
    "fft_peak": [
        0.0146484375,
        0.0595703125,
        0.1787109375
    ],
    "fft_ratio": 11.095170830206515,
    "fft_rel": [
        13.111611470568107,
        79.70466291288777,
        7.183725616544133
    ],
    "fft_resampling_frequency": 4.0,
    "fft_total": 4501.294044726234,
    "fft_window": "hamming",
    "hr_max": 74.34944237918215,
    "hr_mean": 62.33149315282975,
    "hr_min": 53.097345132743364,
    "hr_std": 4.52730259667775,
    "lomb_abs": [
        367.619981185981,
        964.7880570612141,
        2517.9497766414406
    ],
    "lomb_bands": {
        "hf": [
            0.15,
            0.4
        ],
        "lf": [
            0.04,
            0.15
        ],
        "ulf": null,
        "vlf": [
            0.0,
            0.04
        ]
    },
    "lomb_log": [
        5.907049744787718,
        6.871908447228408,
        7.831200268671235
    ],
    "lomb_ma": "n/a",
    "lomb_nfft": 256.0,
    "lomb_norm": [
        27.702000642279312,
        72.29799935772068
    ],
    "lomb_peak": [
        0.017686274509803923,
        0.13827450980392156,
        0.36498039215686273
    ],
    "lomb_ratio": 0.3831641385429433,
    "lomb_rel": [
        9.547683588378753,
        25.05710127330384,
        65.39521513831743
    ],
    "lomb_total": 3850.3578148886354,
    "nn20": 144.0,
    "nn50": 26.0,
    "nni_counter": 248.0,
    "nni_diff_max": 139.0,
    "nni_diff_mean": 26.93522267206478,
    "nni_diff_min": 0.0,
    "nni_max": 1130.0,
    "nni_mean": 967.5887096774194,
    "nni_min": 807.0,
    "pnn20": 58.2995951417004,
    "pnn50": 10.526315789473683,
    "rmssd": 35.23621848492555,
    "sampen": 1.0541605260972757,
    "sd1": 24.902406833182443,
    "sd2": 93.84986814669199,
    "sd_ratio": 3.768706726838833,
    "sdann": "n/a",
    "sdnn": 69.2664294776289,
    "sdnn_index": "n/a",
    "sdsd": 22.763628417068713,
    "tinn": 101.5625,
    "tinn_m": 1039.0625,
    "tinn_n": 937.5,
    "tri_index": 9.185185185185185
}