{
    "Comment": "None",
    "Name": "D:\\Users\\jp.botero\\Documents\\Bienestar & Tecnolog\u00eda\\HRV-Bienestar-Tecnologia\\HRV_Reports\\MariaFernandaSantoyo-6-12-2021\\HRV_sound.json",
    "ar_abs": [
        2112.5467869519334,
        4216.444887601406,
        7355.848405899544
    ],
    "ar_bands": {
        "hf": [
            0.15,
            0.4
        ],
        "lf": [
            0.04,
            0.15
        ],
        "ulf": null,
        "vlf": [
            0.0,
            0.04
        ]
    },
    "ar_interpolation": "cubic",
    "ar_log": [
        7.655649506655627,
        8.346747608278594,
        8.903250977287218
    ],
    "ar_nfft": 4096.0,
    "ar_norm": [
        36.435689803760674,
        63.56431019623933
    ],
    "ar_order": 16.0,
    "ar_peak": [
        0.0,
        0.0400390625,
        0.150390625
    ],
    "ar_ratio": 0.5732098671609014,
    "ar_rel": [
        15.437131705831533,
        30.811064380825908,
        53.751803913342556
    ],
    "ar_resampling_frequency": 4.0,
    "ar_total": 13684.840080452883,
    "dfa_alpha1": 1.4381882214360626,
    "dfa_alpha1_beats": [
        4,
        5,
        6,
        7,
        8,
        9,
        10,
        11,
        12,
        13,
        14,
        15,
        16
    ],
    "dfa_alpha2": 0.4313400048809106,
    "dfa_alpha2_beats": [
        17,
        18,
        19,
        20,
        21,
        22,
        23,
        24,
        25,
        26,
        27,
        28,
        29,
        30,
        31,
        32,
        33,
        34,
        35,
        36,
        37,
        38,
        39,
        40,
        41,
        42,
        43,
        44,
        45,
        46,
        47,
        48,
        49,
        50,
        51,
        52,
        53,
        54,
        55,
        56,
        57,
        58,
        59,
        60,
        61,
        62,
        63,
        64
    ],
    "ellipse_area": 123.63431982422928,
    "fft_abs": [
        1.3836107473091217,
        5.575444636961835,
        9.337860981147141
    ],
    "fft_bands": {
        "hf": [
            0.15,
            0.4
        ],
        "lf": [
            0.04,
            0.15
        ],
        "ulf": null,
        "vlf": [
            0.0,
            0.04
        ]
    },
    "fft_interpolation": "cubic",
    "fft_log": [
        0.32469656569245603,
        1.7183720696747304,
        2.234077209004551
    ],
    "fft_nfft": 4096.0,
    "fft_norm": [
        37.385706292987564,
        62.614293707012436
    ],
    "fft_peak": [
        0.0390625,
        0.056640625,
        0.3720703125
    ],
    "fft_ratio": 0.5970794219595355,
    "fft_rel": [
        8.490015634154755,
        34.211653983773736,
        57.298330382071505
    ],
    "fft_resampling_frequency": 4.0,
    "fft_total": 16.2969163654181,
    "fft_window": "hamming",
    "hr_max": 571.4285714285714,
    "hr_mean": 479.22105143093216,
    "hr_min": 408.16326530612247,
    "hr_std": 34.76135505639972,
    "lomb_abs": [
        448.0904428331653,
        843.8895847248332,
        2101.6740343433607
    ],
    "lomb_bands": {
        "hf": [
            0.15,
            0.4
        ],
        "lf": [
            0.04,
            0.15
        ],
        "ulf": null,
        "vlf": [
            0.0,
            0.04
        ]
    },
    "lomb_log": [
        6.104995093363723,
        6.738021662252036,
        7.650489465359989
    ],
    "lomb_ma": "n/a",
    "lomb_nfft": 256.0,
    "lomb_norm": [
        28.6495113961175,
        71.3504886038825
    ],
    "lomb_peak": [
        0.009647058823529411,
        0.09968627450980393,
        0.2733333333333333
    ],
    "lomb_ratio": 0.401532098191666,
    "lomb_rel": [
        13.20377488865539,
        24.86669440467447,
        61.929530706670135
    ],
    "lomb_total": 3393.6540619013595,
    "nn20": 0.0,
    "nn50": 0.0,
    "nni_counter": 248.0,
    "nni_diff_max": 18.0,
    "nni_diff_mean": 3.5020242914979756,
    "nni_diff_min": 0.0,
    "nni_max": 147.0,
    "nni_mean": 125.8508064516129,
    "nni_min": 105.0,
    "pnn20": 0.0,
    "pnn50": 0.0,
    "rmssd": 4.568418254071047,
    "sampen": 1.0818051703517284,
    "sd1": 3.228622464139848,
    "sd2": 12.189107493602627,
    "sd_ratio": 3.775327598375607,
    "sdann": "n/a",
    "sdnn": 8.995158355522701,
    "sdnn_index": "n/a",
    "sdsd": 2.939601341710813,
    "tinn": 46.875,
    "tinn_m": 140.625,
    "tinn_n": 93.75,
    "tri_index": 3.4444444444444446
}