{
    "Comment": "None",
    "Name": "C:\\Users\\Juan Pablo Botero T\\OneDrive - Universidad de los Andes\\Documentos\\JPB\\Personal\\Bienestar y Tecnolog\u00eda\\Codigo\\HRV-Bienestar-Tecnologia\\HRV_Reports\\MariaFernandaSantoyo-6-12-2021\\HRV_video.json",
    "ar_abs": [
        2529.5374914284466,
        5317.353172798805,
        9364.882298731563
    ],
    "ar_bands": {
        "hf": [
            0.15,
            0.4
        ],
        "lf": [
            0.04,
            0.15
        ],
        "ulf": null,
        "vlf": [
            0.0,
            0.04
        ]
    },
    "ar_interpolation": "cubic",
    "ar_log": [
        7.835791755297757,
        8.578730934619605,
        9.144722046591154
    ],
    "ar_nfft": 4096.0,
    "ar_norm": [
        36.21623684696676,
        63.78376315303324
    ],
    "ar_order": 16.0,
    "ar_peak": [
        0.0,
        0.0400390625,
        0.150390625
    ],
    "ar_ratio": 0.5677971172706591,
    "ar_rel": [
        14.696553904540947,
        30.89369807655607,
        54.409748018902995
    ],
    "ar_resampling_frequency": 4.0,
    "ar_total": 17211.772962958814,
    "dfa_alpha1": 1.4113351408595622,
    "dfa_alpha1_beats": [
        4,
        5,
        6,
        7,
        8,
        9,
        10,
        11,
        12,
        13,
        14,
        15,
        16
    ],
    "dfa_alpha2": 0.4888181411073275,
    "dfa_alpha2_beats": [
        17,
        18,
        19,
        20,
        21,
        22,
        23,
        24,
        25,
        26,
        27,
        28,
        29,
        30,
        31,
        32,
        33,
        34,
        35,
        36,
        37,
        38,
        39,
        40,
        41,
        42,
        43,
        44,
        45,
        46,
        47,
        48,
        49,
        50,
        51,
        52,
        53,
        54,
        55,
        56,
        57,
        58,
        59,
        60,
        61,
        62,
        63,
        64
    ],
    "ellipse_area": 6637.725992725617,
    "fft_abs": [
        1175.7140759037877,
        2849.6547330575318,
        330.8342222496725
    ],
    "fft_bands": {
        "hf": [
            0.15,
            0.4
        ],
        "lf": [
            0.04,
            0.15
        ],
        "ulf": null,
        "vlf": [
            0.0,
            0.04
        ]
    },
    "fft_interpolation": "cubic",
    "fft_log": [
        7.069630966162142,
        7.954953119628288,
        5.801617410790399
    ],
    "fft_nfft": 4096.0,
    "fft_norm": [
        89.59800751083831,
        10.40199248916169
    ],
    "fft_peak": [
        0.00390625,
        0.0712890625,
        0.1513671875
    ],
    "fft_ratio": 8.613542800015916,
    "fft_rel": [
        26.98942330006478,
        65.41602199531432,
        7.594554704620897
    ],
    "fft_resampling_frequency": 4.0,
    "fft_total": 4356.203031210992,
    "fft_window": "hamming",
    "hr_max": 71.59904534606206,
    "hr_mean": 62.098394966032025,
    "hr_min": 53.81165919282511,
    "hr_std": 4.083028755369766,
    "lomb_abs": [
        333.3939688183963,
        795.3930377117969,
        2150.569742048681
    ],
    "lomb_bands": {
        "hf": [
            0.15,
            0.4
        ],
        "lf": [
            0.04,
            0.15
        ],
        "ulf": null,
        "vlf": [
            0.0,
            0.04
        ]
    },
    "lomb_log": [
        5.809324880226243,
        6.678836379544178,
        7.673488082318102
    ],
    "lomb_ma": "n/a",
    "lomb_nfft": 256.0,
    "lomb_norm": [
        26.999425898261574,
        73.00057410173844
    ],
    "lomb_peak": [
        0.012862745098039216,
        0.13505882352941176,
        0.36498039215686273
    ],
    "lomb_ratio": 0.3698522406225653,
    "lomb_rel": [
        10.166444043115293,
        24.25454437235243,
        65.57901158453228
    ],
    "lomb_total": 3279.356748578874,
    "nn20": 129.0,
    "nn50": 31.0,
    "nni_counter": 249.0,
    "nni_diff_max": 139.0,
    "nni_diff_mean": 25.951612903225808,
    "nni_diff_min": 0.0,
    "nni_max": 1115.0,
    "nni_mean": 970.3172690763053,
    "nni_min": 838.0,
    "pnn20": 52.016129032258064,
    "pnn50": 12.5,
    "rmssd": 35.21993112411063,
    "sampen": 1.0740208855307876,
    "sd1": 24.904210347411052,
    "sd2": 84.83922099073197,
    "sd_ratio": 3.406621603625812,
    "sdann": "n/a",
    "sdnn": 62.90943105046038,
    "sdnn_index": "n/a",
    "sdsd": 23.85901737160645,
    "tinn": 171.875,
    "tinn_m": 1085.9375,
    "tinn_n": 914.0625,
    "tri_index": 12.45
}