{
    "Comment": "None",
    "Name": "C:\\Users\\Juan Pablo Botero T\\OneDrive - Universidad de los Andes\\Documentos\\JPB\\Personal\\Bienestar y Tecnolog\u00eda\\Codigo\\HRV-Bienestar-Tecnologia\\HRV_Reports\\MariaFernandaSantoyo-6-12-2021\\HRV_olfative.json",
    "ar_abs": [
        2564.1551163959584,
        5332.894402985078,
        9639.388553952875
    ],
    "ar_bands": {
        "hf": [
            0.15,
            0.4
        ],
        "lf": [
            0.04,
            0.15
        ],
        "ulf": null,
        "vlf": [
            0.0,
            0.04
        ]
    },
    "ar_interpolation": "cubic",
    "ar_log": [
        7.849384314024978,
        8.581649409726726,
        9.173612957579763
    ],
    "ar_nfft": 4096.0,
    "ar_norm": [
        35.61844521856226,
        64.38155478143774
    ],
    "ar_order": 16.0,
    "ar_peak": [
        0.0,
        0.0400390625,
        0.150390625
    ],
    "ar_ratio": 0.5532399044956218,
    "ar_rel": [
        14.621869650342727,
        30.410362587225347,
        54.967767762431905
    ],
    "ar_resampling_frequency": 4.0,
    "ar_total": 17536.438073333913,
    "dfa_alpha1": 1.3807473251049411,
    "dfa_alpha1_beats": [
        4,
        5,
        6,
        7,
        8,
        9,
        10,
        11,
        12,
        13,
        14,
        15,
        16
    ],
    "dfa_alpha2": 0.5787234424656589,
    "dfa_alpha2_beats": [
        17,
        18,
        19,
        20,
        21,
        22,
        23,
        24,
        25,
        26,
        27,
        28,
        29,
        30,
        31,
        32,
        33,
        34,
        35,
        36,
        37,
        38,
        39,
        40,
        41,
        42,
        43,
        44,
        45,
        46,
        47,
        48,
        49,
        50,
        51,
        52,
        53,
        54,
        55,
        56,
        57,
        58,
        59,
        60,
        61,
        62,
        63,
        64
    ],
    "ellipse_area": 6758.789899035194,
    "fft_abs": [
        1112.0682286120095,
        2223.6452803589195,
        212.7373161691687
    ],
    "fft_bands": {
        "hf": [
            0.15,
            0.4
        ],
        "lf": [
            0.04,
            0.15
        ],
        "ulf": null,
        "vlf": [
            0.0,
            0.04
        ]
    },
    "fft_interpolation": "cubic",
    "fft_log": [
        7.01397682959376,
        7.706903146408102,
        5.360058147199939
    ],
    "fft_nfft": 4096.0,
    "fft_norm": [
        91.26831243695774,
        8.73168756304224
    ],
    "fft_peak": [
        0.01171875,
        0.1240234375,
        0.1904296875
    ],
    "fft_ratio": 10.452539875941072,
    "fft_rel": [
        31.339541772235314,
        62.66524153596315,
        5.995216691801543
    ],
    "fft_resampling_frequency": 4.0,
    "fft_total": 3548.4508251400975,
    "fft_window": "hamming",
    "hr_max": 73.61963190184049,
    "hr_mean": 62.1027587510216,
    "hr_min": 53.097345132743364,
    "hr_std": 4.034433268277293,
    "lomb_abs": [
        330.93314661539983,
        852.3398021821754,
        2331.8180885379616
    ],
    "lomb_bands": {
        "hf": [
            0.15,
            0.4
        ],
        "lf": [
            0.04,
            0.15
        ],
        "ulf": null,
        "vlf": [
            0.0,
            0.04
        ]
    },
    "lomb_log": [
        5.801916381005972,
        6.747985276170548,
        7.754403537797331
    ],
    "lomb_ma": "n/a",
    "lomb_nfft": 256.0,
    "lomb_norm": [
        26.768138749219126,
        73.23186125078088
    ],
    "lomb_peak": [
        0.030549019607843137,
        0.07235294117647059,
        0.36498039215686273
    ],
    "lomb_ratio": 0.36552585571397994,
    "lomb_rel": [
        9.41463942470888,
        24.248015005274368,
        66.33734557001675
    ],
    "lomb_total": 3515.091037335537,
    "nn20": 152.0,
    "nn50": 33.0,
    "nni_counter": 247.0,
    "nni_diff_max": 123.0,
    "nni_diff_mean": 28.74390243902439,
    "nni_diff_min": 0.0,
    "nni_max": 1130.0,
    "nni_mean": 970.1457489878543,
    "nni_min": 815.0,
    "pnn20": 61.78861788617886,
    "pnn50": 13.414634146341465,
    "rmssd": 36.21755626921592,
    "sampen": 1.262476069141868,
    "sd1": 25.60959430197955,
    "sd2": 84.00717395729109,
    "sd_ratio": 3.280300850013761,
    "sdann": "n/a",
    "sdnn": 62.10634575528453,
    "sdnn_index": "n/a",
    "sdsd": 22.0789738239116,
    "tinn": 125.0,
    "tinn_m": 1046.875,
    "tinn_n": 921.875,
    "tri_index": 9.148148148148149
}