{
    "Comment": "None",
    "Name": "D:\\Users\\jp.botero\\Documents\\Bienestar & Tecnolog\u00eda\\HRV-Bienestar-Tecnologia\\HRV_Reports\\VenetaAndonova1-10-12-2021\\HRV_final.json",
    "ar_abs": [
        2001.461816413669,
        3980.9235918468294,
        6464.095543535075
    ],
    "ar_bands": {
        "hf": [
            0.15,
            0.4
        ],
        "lf": [
            0.04,
            0.15
        ],
        "ulf": null,
        "vlf": [
            0.0,
            0.04
        ]
    },
    "ar_interpolation": "cubic",
    "ar_log": [
        7.601633100765599,
        8.289269129610105,
        8.774018380960364
    ],
    "ar_nfft": 4096.0,
    "ar_norm": [
        38.11312875781796,
        61.88687124218204
    ],
    "ar_order": 16.0,
    "ar_peak": [
        0.0,
        0.0400390625,
        0.150390625
    ],
    "ar_ratio": 0.6158516013625857,
    "ar_rel": [
        16.080543763054017,
        31.98433040844792,
        51.93512582849807
    ],
    "ar_resampling_frequency": 4.0,
    "ar_total": 12446.480951795573,
    "dfa_alpha1": 1.5292411575643972,
    "dfa_alpha1_beats": [
        4,
        5,
        6,
        7,
        8,
        9,
        10,
        11,
        12,
        13,
        14,
        15,
        16
    ],
    "dfa_alpha2": 0.8075733919023678,
    "dfa_alpha2_beats": [
        17,
        18,
        19,
        20,
        21,
        22,
        23,
        24,
        25,
        26,
        27,
        28,
        29,
        30,
        31,
        32,
        33,
        34,
        35,
        36,
        37,
        38,
        39,
        40,
        41,
        42,
        43,
        44,
        45,
        46,
        47,
        48,
        49,
        50,
        51,
        52,
        53,
        54,
        55,
        56,
        57,
        58,
        59,
        60,
        61,
        62,
        63,
        64
    ],
    "ellipse_area": 37.02208602619347,
    "fft_abs": [
        0.9637063796012644,
        5.958802038632947,
        3.6744097724424067
    ],
    "fft_bands": {
        "hf": [
            0.15,
            0.4
        ],
        "lf": [
            0.04,
            0.15
        ],
        "ulf": null,
        "vlf": [
            0.0,
            0.04
        ]
    },
    "fft_interpolation": "cubic",
    "fft_log": [
        -0.03696861624303551,
        1.7848694606446336,
        1.3013925136281326
    ],
    "fft_nfft": 4096.0,
    "fft_norm": [
        61.85685683545421,
        38.14314316454579
    ],
    "fft_peak": [
        0.0390625,
        0.078125,
        0.1904296875
    ],
    "fft_ratio": 1.621703187086858,
    "fft_rel": [
        9.09421364080316,
        56.23146212335225,
        34.67432423584459
    ],
    "fft_resampling_frequency": 4.0,
    "fft_total": 10.596918190676618,
    "fft_window": "hamming",
    "hr_max": 740.7407407407408,
    "hr_mean": 647.675616243787,
    "hr_min": 566.0377358490566,
    "hr_std": 35.3105053911496,
    "lomb_abs": [
        235.14774794854424,
        724.0717733299985,
        1343.6089249022884
    ],
    "lomb_bands": {
        "hf": [
            0.15,
            0.4
        ],
        "lf": [
            0.04,
            0.15
        ],
        "ulf": null,
        "vlf": [
            0.0,
            0.04
        ]
    },
    "lomb_log": [
        5.460214031260545,
        6.584890521905923,
        7.203114500245317
    ],
    "lomb_ma": "n/a",
    "lomb_nfft": 256.0,
    "lomb_norm": [
        35.01854875121801,
        64.98145124878198
    ],
    "lomb_peak": [
        0.036980392156862746,
        0.07717647058823529,
        0.3231764705882353
    ],
    "lomb_ratio": 0.5389006874769422,
    "lomb_rel": [
        10.21125773995581,
        31.442714481439065,
        58.34602777860513
    ],
    "lomb_total": 2302.828446180831,
    "nn20": 0.0,
    "nn50": 0.0,
    "nni_counter": 338.0,
    "nni_diff_max": 9.0,
    "nni_diff_mean": 1.8308605341246291,
    "nni_diff_min": 0.0,
    "nni_max": 106.0,
    "nni_mean": 92.91420118343196,
    "nni_min": 81.0,
    "pnn20": 0.0,
    "pnn50": 0.0,
    "rmssd": 2.3900138434969,
    "sampen": 1.0048798110054025,
    "sd1": 1.689993693314725,
    "sd2": 6.97310057185494,
    "sd_ratio": 4.126110410612254,
    "sdann": "n/a",
    "sdnn": 5.075253230535781,
    "sdnn_index": "n/a",
    "sdsd": 1.53855127671671,
    "tinn": 23.4375,
    "tinn_m": 101.5625,
    "tinn_n": 78.125,
    "tri_index": 2.0609756097560976
}