{
    "Comment": "None",
    "Name": "D:\\Users\\jp.botero\\Documents\\Bienestar & Tecnolog\u00eda\\HRV-Bienestar-Tecnologia\\HRV_Reports\\VenetaAndonova1-10-12-2021\\HRV_baseline.json",
    "ar_abs": [
        2001.4933982660568,
        3884.1780728839744,
        6523.319762562231
    ],
    "ar_bands": {
        "hf": [
            0.15,
            0.4
        ],
        "lf": [
            0.04,
            0.15
        ],
        "ulf": null,
        "vlf": [
            0.0,
            0.04
        ]
    },
    "ar_interpolation": "cubic",
    "ar_log": [
        7.601648880034012,
        8.264666676167645,
        8.783138691376807
    ],
    "ar_nfft": 4096.0,
    "ar_norm": [
        37.32095969941123,
        62.67904030058877
    ],
    "ar_order": 16.0,
    "ar_peak": [
        0.0,
        0.0400390625,
        0.150390625
    ],
    "ar_ratio": 0.5954296607036701,
    "ar_rel": [
        16.129380386928453,
        31.301320145440926,
        52.569299467630614
    ],
    "ar_resampling_frequency": 4.0,
    "ar_total": 12408.991233712262,
    "dfa_alpha1": 1.6030907819333844,
    "dfa_alpha1_beats": [
        4,
        5,
        6,
        7,
        8,
        9,
        10,
        11,
        12,
        13,
        14,
        15,
        16
    ],
    "dfa_alpha2": 0.9803969738365936,
    "dfa_alpha2_beats": [
        17,
        18,
        19,
        20,
        21,
        22,
        23,
        24,
        25,
        26,
        27,
        28,
        29,
        30,
        31,
        32,
        33,
        34,
        35,
        36,
        37,
        38,
        39,
        40,
        41,
        42,
        43,
        44,
        45,
        46,
        47,
        48,
        49,
        50,
        51,
        52,
        53,
        54,
        55,
        56,
        57,
        58,
        59,
        60,
        61,
        62,
        63,
        64
    ],
    "ellipse_area": 29.123015206302604,
    "fft_abs": [
        5.093694058642621,
        12.465904469181375,
        5.07635849539983
    ],
    "fft_bands": {
        "hf": [
            0.15,
            0.4
        ],
        "lf": [
            0.04,
            0.15
        ],
        "ulf": null,
        "vlf": [
            0.0,
            0.04
        ]
    },
    "fft_interpolation": "cubic",
    "fft_log": [
        1.6280033155943603,
        2.522997275047603,
        1.6245941729295557
    ],
    "fft_nfft": 4096.0,
    "fft_norm": [
        71.06212291054308,
        28.93787708945692
    ],
    "fft_peak": [
        0.0390625,
        0.0478515625,
        0.1982421875
    ],
    "fft_ratio": 2.455678510585474,
    "fft_rel": [
        22.502667121238307,
        55.07124994269835,
        22.426082936063345
    ],
    "fft_resampling_frequency": 4.0,
    "fft_total": 22.635957023223824,
    "fft_window": "hamming",
    "hr_max": 750.0,
    "hr_mean": 656.7155963879821,
    "hr_min": 571.4285714285714,
    "hr_std": 35.43837720631946,
    "lomb_abs": [
        227.93349294257897,
        605.7977882383859,
        1157.980815263414
    ],
    "lomb_bands": {
        "hf": [
            0.15,
            0.4
        ],
        "lf": [
            0.04,
            0.15
        ],
        "ulf": null,
        "vlf": [
            0.0,
            0.04
        ]
    },
    "lomb_log": [
        5.429053888782147,
        6.406546247609889,
        7.054433090865665
    ],
    "lomb_ma": "n/a",
    "lomb_nfft": 256.0,
    "lomb_norm": [
        34.346589024021334,
        65.65341097597866
    ],
    "lomb_peak": [
        0.011254901960784314,
        0.14792156862745098,
        0.3537254901960784
    ],
    "lomb_ratio": 0.5231501077162327,
    "lomb_rel": [
        11.444098439201516,
        30.41593156560435,
        58.13996999519413
    ],
    "lomb_total": 1991.7120964443789,
    "nn20": 0.0,
    "nn50": 0.0,
    "nni_counter": 342.0,
    "nni_diff_max": 7.0,
    "nni_diff_mean": 1.466275659824047,
    "nni_diff_min": 0.0,
    "nni_max": 105.0,
    "nni_mean": 91.62865497076024,
    "nni_min": 80.0,
    "pnn20": 0.0,
    "pnn50": 0.0,
    "rmssd": 1.9222420926502983,
    "sampen": 1.7611760458559746,
    "sd1": 1.359002627538611,
    "sd2": 6.821284571345402,
    "sd_ratio": 5.019331407548438,
    "sdann": "n/a",
    "sdnn": 4.935311505048766,
    "sdnn_index": "n/a",
    "sdsd": 1.2448271437857599,
    "tinn": 23.4375,
    "tinn_m": 101.5625,
    "tinn_n": 78.125,
    "tri_index": 1.8486486486486486
}