{
    "Comment": "None",
    "Name": "D:\\Users\\jp.botero\\Documents\\Bienestar & Tecnolog\u00eda\\HRV-Bienestar-Tecnologia\\HRV_Reports\\VenetaAndonova1-10-12-2021\\HRV_interactive.json",
    "ar_abs": [
        1981.399291532328,
        3878.233549975255,
        6454.526421818666
    ],
    "ar_bands": {
        "hf": [
            0.15,
            0.4
        ],
        "lf": [
            0.04,
            0.15
        ],
        "ulf": null,
        "vlf": [
            0.0,
            0.04
        ]
    },
    "ar_interpolation": "cubic",
    "ar_log": [
        7.59155858697973,
        8.263135058325249,
        8.772536934488414
    ],
    "ar_nfft": 4096.0,
    "ar_norm": [
        37.53337501850375,
        62.466624981496246
    ],
    "ar_order": 16.0,
    "ar_peak": [
        0.0,
        0.0400390625,
        0.150390625
    ],
    "ar_ratio": 0.6008548569675699,
    "ar_rel": [
        16.090414693866165,
        31.494099329422536,
        52.41548597671131
    ],
    "ar_resampling_frequency": 4.0,
    "ar_total": 12314.159263326248,
    "dfa_alpha1": 1.4666870833981054,
    "dfa_alpha1_beats": [
        4,
        5,
        6,
        7,
        8,
        9,
        10,
        11,
        12,
        13,
        14,
        15,
        16
    ],
    "dfa_alpha2": 0.6973472112544128,
    "dfa_alpha2_beats": [
        17,
        18,
        19,
        20,
        21,
        22,
        23,
        24,
        25,
        26,
        27,
        28,
        29,
        30,
        31,
        32,
        33,
        34,
        35,
        36,
        37,
        38,
        39,
        40,
        41,
        42,
        43,
        44,
        45,
        46,
        47,
        48,
        49,
        50,
        51,
        52,
        53,
        54,
        55,
        56,
        57,
        58,
        59,
        60,
        61,
        62,
        63,
        64
    ],
    "ellipse_area": 44.45583426545539,
    "fft_abs": [
        1.303411719123885,
        4.073728451220348,
        7.875418027360041
    ],
    "fft_bands": {
        "hf": [
            0.15,
            0.4
        ],
        "lf": [
            0.04,
            0.15
        ],
        "ulf": null,
        "vlf": [
            0.0,
            0.04
        ]
    },
    "fft_interpolation": "cubic",
    "fft_log": [
        0.2649852260709694,
        1.4045586614889605,
        2.063746266142223
    ],
    "fft_nfft": 4096.0,
    "fft_norm": [
        34.0922128498698,
        65.9077871501302
    ],
    "fft_peak": [
        0.0341796875,
        0.064453125,
        0.2275390625
    ],
    "fft_ratio": 0.5172713927143653,
    "fft_rel": [
        9.835170686891784,
        30.739185525146652,
        59.425643787961555
    ],
    "fft_resampling_frequency": 4.0,
    "fft_total": 13.252558197704275,
    "fft_window": "hamming",
    "hr_max": 882.3529411764706,
    "hr_mean": 691.6880276926377,
    "hr_min": 545.4545454545455,
    "hr_std": 37.53274679933653,
    "lomb_abs": [
        235.51215709802747,
        822.6937516399257,
        1231.0429187328414
    ],
    "lomb_bands": {
        "hf": [
            0.15,
            0.4
        ],
        "lf": [
            0.04,
            0.15
        ],
        "ulf": null,
        "vlf": [
            0.0,
            0.04
        ]
    },
    "lomb_log": [
        5.461762534621009,
        6.712584019202474,
        7.1156169905099445
    ],
    "lomb_ma": "n/a",
    "lomb_nfft": 256.0,
    "lomb_norm": [
        40.058385454577355,
        59.941614545422645
    ],
    "lomb_peak": [
        0.003215686274509804,
        0.14309803921568628,
        0.18007843137254903
    ],
    "lomb_ratio": 0.6682900645631066,
    "lomb_rel": [
        10.287748289827704,
        35.93727959004148,
        53.774972120130805
    ],
    "lomb_total": 2289.248827470795,
    "nn20": 1.0,
    "nn50": 0.0,
    "nni_counter": 361.0,
    "nni_diff_max": 28.0,
    "nni_diff_mean": 1.9305555555555556,
    "nni_diff_min": 0.0,
    "nni_max": 110.0,
    "nni_mean": 87.01108033240997,
    "nni_min": 68.0,
    "pnn20": 0.2777777777777778,
    "pnn50": 0.0,
    "rmssd": 2.9967575069657464,
    "sampen": 1.8627112052003394,
    "sd1": 2.1190193617698623,
    "sd2": 6.677962363412996,
    "sd_ratio": 3.1514399933728687,
    "sdann": "n/a",
    "sdnn": 4.956464824031552,
    "sdnn_index": "n/a",
    "sdsd": 2.2952438949477583,
    "tinn": 23.4375,
    "tinn_m": 93.75,
    "tinn_n": 70.3125,
    "tri_index": 2.1488095238095237
}