{
    "Comment": "None",
    "Name": "D:\\Users\\jp.botero\\Documents\\Bienestar & Tecnolog\u00eda\\HRV-Bienestar-Tecnologia\\HRV_Reports\\VenetaAndonova1-10-12-2021\\HRV_video.json",
    "ar_abs": [
        1970.9566534296218,
        3852.8918898630795,
        6336.510507435017
    ],
    "ar_bands": {
        "hf": [
            0.15,
            0.4
        ],
        "lf": [
            0.04,
            0.15
        ],
        "ulf": null,
        "vlf": [
            0.0,
            0.04
        ]
    },
    "ar_interpolation": "cubic",
    "ar_log": [
        7.58627431473921,
        8.256579285541376,
        8.754083502760311
    ],
    "ar_nfft": 4096.0,
    "ar_norm": [
        37.81273660253857,
        62.18726339746143
    ],
    "ar_order": 16.0,
    "ar_peak": [
        0.0,
        0.0400390625,
        0.150390625
    ],
    "ar_ratio": 0.608046319080864,
    "ar_rel": [
        16.208046532241767,
        31.6840306588851,
        52.10792280887313
    ],
    "ar_resampling_frequency": 4.0,
    "ar_total": 12160.359050727719,
    "dfa_alpha1": 1.630274901816484,
    "dfa_alpha1_beats": [
        4,
        5,
        6,
        7,
        8,
        9,
        10,
        11,
        12,
        13,
        14,
        15,
        16
    ],
    "dfa_alpha2": 0.881137940697988,
    "dfa_alpha2_beats": [
        17,
        18,
        19,
        20,
        21,
        22,
        23,
        24,
        25,
        26,
        27,
        28,
        29,
        30,
        31,
        32,
        33,
        34,
        35,
        36,
        37,
        38,
        39,
        40,
        41,
        42,
        43,
        44,
        45,
        46,
        47,
        48,
        49,
        50,
        51,
        52,
        53,
        54,
        55,
        56,
        57,
        58,
        59,
        60,
        61,
        62,
        63,
        64
    ],
    "ellipse_area": 12.303754203229415,
    "fft_abs": [
        0.25565040640529085,
        4.718400025094326,
        1.692538091660454
    ],
    "fft_bands": {
        "hf": [
            0.15,
            0.4
        ],
        "lf": [
            0.04,
            0.15
        ],
        "ulf": null,
        "vlf": [
            0.0,
            0.04
        ]
    },
    "fft_interpolation": "cubic",
    "fft_log": [
        -1.3639443677633152,
        1.551469764397272,
        0.5262292317019663
    ],
    "fft_nfft": 4096.0,
    "fft_norm": [
        73.5992133937924,
        26.400786606207603
    ],
    "fft_peak": [
        0.0390625,
        0.09765625,
        0.150390625
    ],
    "fft_ratio": 2.7877659287805856,
    "fft_rel": [
        3.834801045799485,
        70.77682998886704,
        25.388368965333463
    ],
    "fft_resampling_frequency": 4.0,
    "fft_total": 6.666588523160071,
    "fft_window": "hamming",
    "hr_max": 789.4736842105264,
    "hr_mean": 710.3821486874937,
    "hr_min": 645.1612903225806,
    "hr_std": 27.038433852324218,
    "lomb_abs": [
        161.1773514308642,
        627.4412648396357,
        1251.5540258015892
    ],
    "lomb_bands": {
        "hf": [
            0.15,
            0.4
        ],
        "lf": [
            0.04,
            0.15
        ],
        "ulf": null,
        "vlf": [
            0.0,
            0.04
        ]
    },
    "lomb_log": [
        5.08250532039297,
        6.441650064775827,
        7.132141278778747
    ],
    "lomb_ma": "n/a",
    "lomb_nfft": 256.0,
    "lomb_norm": [
        33.39238091573478,
        66.60761908426521
    ],
    "lomb_peak": [
        0.00803921568627451,
        0.14309803921568628,
        0.19454901960784313
    ],
    "lomb_ratio": 0.5013297483804386,
    "lomb_rel": [
        7.900181980048776,
        30.754322055920657,
        61.34549596403057
    ],
    "lomb_total": 2040.172642072089,
    "nn20": 0.0,
    "nn50": 0.0,
    "nni_counter": 371.0,
    "nni_diff_max": 4.0,
    "nni_diff_mean": 0.9351351351351351,
    "nni_diff_min": 0.0,
    "nni_max": 93.0,
    "nni_mean": 84.5822102425876,
    "nni_min": 76.0,
    "pnn20": 0.0,
    "pnn50": 0.0,
    "rmssd": 1.2563352969563413,
    "sampen": 1.4895076026195788,
    "sd1": 0.8883632079218436,
    "sd2": 4.40856461089263,
    "sd_ratio": 4.962570006929515,
    "sdann": "n/a",
    "sdnn": 3.182826632396871,
    "sdnn_index": "n/a",
    "sdsd": 0.8401239475646805,
    "tinn": 0.0,
    "tinn_m": 0.0,
    "tinn_n": 0.0,
    "tri_index": 1.733644859813084
}