{
    "Comment": "None",
    "Name": "C:\\Users\\Juan Pablo Botero T\\OneDrive - Universidad de los Andes\\Documentos\\JPB\\Personal\\Bienestar y Tecnolog\u00eda\\Codigo\\HRV-Bienestar-Tecnologia\\HRV_Reports\\VenetaAndonova-10-12-2021\\HRV_baseline.json",
    "ar_abs": [
        2410.214327709938,
        4908.7638827334695,
        8718.373626754885
    ],
    "ar_bands": {
        "hf": [
            0.15,
            0.4
        ],
        "lf": [
            0.04,
            0.15
        ],
        "ulf": null,
        "vlf": [
            0.0,
            0.04
        ]
    },
    "ar_interpolation": "cubic",
    "ar_log": [
        7.787470955190152,
        8.498777434048845,
        9.073187988814496
    ],
    "ar_nfft": 4096.0,
    "ar_norm": [
        36.021973648652015,
        63.97802635134798
    ],
    "ar_order": 16.0,
    "ar_peak": [
        0.0,
        0.0400390625,
        0.150390625
    ],
    "ar_ratio": 0.5630366502841182,
    "ar_rel": [
        15.028755072389806,
        30.608319456755307,
        54.3629254708549
    ],
    "ar_resampling_frequency": 4.0,
    "ar_total": 16037.351837198292,
    "dfa_alpha1": 1.6028786104250135,
    "dfa_alpha1_beats": [
        4,
        5,
        6,
        7,
        8,
        9,
        10,
        11,
        12,
        13,
        14,
        15,
        16
    ],
    "dfa_alpha2": 0.9498042103551476,
    "dfa_alpha2_beats": [
        17,
        18,
        19,
        20,
        21,
        22,
        23,
        24,
        25,
        26,
        27,
        28,
        29,
        30,
        31,
        32,
        33,
        34,
        35,
        36,
        37,
        38,
        39,
        40,
        41,
        42,
        43,
        44,
        45,
        46,
        47,
        48,
        49,
        50,
        51,
        52,
        53,
        54,
        55,
        56,
        57,
        58,
        59,
        60,
        61,
        62,
        63,
        64
    ],
    "ellipse_area": 1725.4809682995492,
    "fft_abs": [
        1260.9820584676286,
        825.0759104803245,
        62.179733822760824
    ],
    "fft_bands": {
        "hf": [
            0.15,
            0.4
        ],
        "lf": [
            0.04,
            0.15
        ],
        "ulf": null,
        "vlf": [
            0.0,
            0.04
        ]
    },
    "fft_interpolation": "cubic",
    "fft_log": [
        7.139646107844373,
        6.715475394805195,
        4.1300291238681615
    ],
    "fft_nfft": 4096.0,
    "fft_norm": [
        92.9919032668875,
        7.008096733112505
    ],
    "fft_peak": [
        0.005859375,
        0.0654296875,
        0.1640625
    ],
    "fft_ratio": 13.269209431358266,
    "fft_rel": [
        58.698441836360224,
        38.40710501524918,
        2.8944531483905998
    ],
    "fft_resampling_frequency": 4.0,
    "fft_total": 2148.237702770714,
    "fft_window": "hamming",
    "hr_max": 97.5609756097561,
    "hr_mean": 85.43179516417209,
    "hr_min": 74.34944237918215,
    "hr_std": 4.6131159855744155,
    "lomb_abs": [
        312.62452057483375,
        646.4623798301236,
        1209.470973511933
    ],
    "lomb_bands": {
        "hf": [
            0.15,
            0.4
        ],
        "lf": [
            0.04,
            0.15
        ],
        "ulf": null,
        "vlf": [
            0.0,
            0.04
        ]
    },
    "lomb_log": [
        5.745002855649494,
        6.471515006000795,
        7.0979383310121555
    ],
    "lomb_ma": "n/a",
    "lomb_nfft": 256.0,
    "lomb_norm": [
        34.83219797014865,
        65.16780202985134
    ],
    "lomb_peak": [
        0.00803921568627451,
        0.12701960784313726,
        0.22349019607843137
    ],
    "lomb_ratio": 0.5345001194637975,
    "lomb_rel": [
        14.416240596344585,
        29.810704505776965,
        55.77305489787845
    ],
    "lomb_total": 2168.5578739168905,
    "nn20": 61.0,
    "nn50": 1.0,
    "nni_counter": 342.0,
    "nni_diff_max": 54.0,
    "nni_diff_mean": 11.325513196480939,
    "nni_diff_min": 0.0,
    "nni_max": 807.0,
    "nni_mean": 704.3538011695906,
    "nni_min": 615.0,
    "pnn20": 17.888563049853374,
    "pnn50": 0.2932551319648094,
    "rmssd": 14.80488941982134,
    "sampen": 1.4747810272878432,
    "sd1": 10.466899291132936,
    "sd2": 52.47376853019066,
    "sd_ratio": 5.013305953430159,
    "sdann": "n/a",
    "sdnn": 37.96611353954463,
    "sdnn_index": "n/a",
    "sdsd": 9.549078802997427,
    "tinn": 171.875,
    "tinn_m": 796.875,
    "tinn_n": 625.0,
    "tri_index": 10.6875
}