{
    "Comment": "None",
    "Name": "C:\\Users\\Juan Pablo Botero T\\OneDrive - Universidad de los Andes\\Documentos\\JPB\\Personal\\Bienestar y Tecnolog\u00eda\\Codigo\\HRV-Bienestar-Tecnologia\\HRV_Reports\\VenetaAndonova-10-12-2021\\HRV_sound.json",
    "ar_abs": [
        2395.518607081159,
        4848.305880450409,
        8596.710377132506
    ],
    "ar_bands": {
        "hf": [
            0.15,
            0.4
        ],
        "lf": [
            0.04,
            0.15
        ],
        "ulf": null,
        "vlf": [
            0.0,
            0.04
        ]
    },
    "ar_interpolation": "cubic",
    "ar_log": [
        7.781355023807583,
        8.48638461991111,
        9.05913489477743
    ],
    "ar_nfft": 4096.0,
    "ar_norm": [
        36.06024557773213,
        63.939754422267875
    ],
    "ar_order": 16.0,
    "ar_peak": [
        0.0,
        0.0400390625,
        0.150390625
    ],
    "ar_ratio": 0.5639722251603405,
    "ar_rel": [
        15.122712885313677,
        30.60695817327268,
        54.270328941413645
    ],
    "ar_resampling_frequency": 4.0,
    "ar_total": 15840.534864664074,
    "dfa_alpha1": 1.6590136843145091,
    "dfa_alpha1_beats": [
        4,
        5,
        6,
        7,
        8,
        9,
        10,
        11,
        12,
        13,
        14,
        15,
        16
    ],
    "dfa_alpha2": 0.7499586019257337,
    "dfa_alpha2_beats": [
        17,
        18,
        19,
        20,
        21,
        22,
        23,
        24,
        25,
        26,
        27,
        28,
        29,
        30,
        31,
        32,
        33,
        34,
        35,
        36,
        37,
        38,
        39,
        40,
        41,
        42,
        43,
        44,
        45,
        46,
        47,
        48,
        49,
        50,
        51,
        52,
        53,
        54,
        55,
        56,
        57,
        58,
        59,
        60,
        61,
        62,
        63,
        64
    ],
    "ellipse_area": 872.7795552787047,
    "fft_abs": [
        394.3296906807416,
        323.026018268733,
        25.37601780439192
    ],
    "fft_bands": {
        "hf": [
            0.15,
            0.4
        ],
        "lf": [
            0.04,
            0.15
        ],
        "ulf": null,
        "vlf": [
            0.0,
            0.04
        ]
    },
    "fft_interpolation": "cubic",
    "fft_log": [
        5.977187337771605,
        5.7777328718941074,
        3.2338045470754544
    ],
    "fft_nfft": 4096.0,
    "fft_norm": [
        92.71645536564378,
        7.283544634356223
    ],
    "fft_peak": [
        0.0048828125,
        0.080078125,
        0.150390625
    ],
    "fft_ratio": 12.729578799902391,
    "fft_rel": [
        53.091806432474954,
        43.49161435186415,
        3.416579215660901
    ],
    "fft_resampling_frequency": 4.0,
    "fft_total": 742.7317267538665,
    "fft_window": "hamming",
    "hr_max": 98.84678747940691,
    "hr_mean": 88.86087878725073,
    "hr_min": 78.84362680683311,
    "hr_std": 3.5451822573855094,
    "lomb_abs": [
        176.5389611990771,
        610.0244141659734,
        1342.6731150969185
    ],
    "lomb_bands": {
        "hf": [
            0.15,
            0.4
        ],
        "lf": [
            0.04,
            0.15
        ],
        "ulf": null,
        "vlf": [
            0.0,
            0.04
        ]
    },
    "lomb_log": [
        5.173541595350673,
        6.413498979589356,
        7.202417767862573
    ],
    "lomb_ma": "n/a",
    "lomb_nfft": 256.0,
    "lomb_norm": [
        31.2400873675631,
        68.7599126324369
    ],
    "lomb_peak": [
        0.00803921568627451,
        0.12701960784313726,
        0.15756862745098038
    ],
    "lomb_ratio": 0.4543357629693359,
    "lomb_rel": [
        8.291186159446967,
        28.649913567544566,
        63.05890027300847
    ],
    "lomb_total": 2129.236490461969,
    "nn20": 19.0,
    "nn50": 0.0,
    "nni_counter": 356.0,
    "nni_diff_max": 38.0,
    "nni_diff_mean": 7.845070422535211,
    "nni_diff_min": 0.0,
    "nni_max": 761.0,
    "nni_mean": 676.2893258426966,
    "nni_min": 607.0,
    "pnn20": 5.352112676056338,
    "pnn50": 0.0,
    "rmssd": 10.457829468063562,
    "sampen": 1.5588399477767318,
    "sd1": 7.39466022218916,
    "sd2": 37.56959110449271,
    "sd_ratio": 5.080637916500561,
    "sdann": "n/a",
    "sdnn": 27.100709384104622,
    "sdnn_index": "n/a",
    "sdsd": 6.925038267702999,
    "tinn": 125.0,
    "tinn_m": 734.375,
    "tinn_n": 609.375,
    "tri_index": 8.090909090909092
}