{
    "Comment": "None",
    "Name": "D:\\Users\\jp.botero\\Documents\\Bienestar & Tecnolog\u00eda\\HRV-Bienestar-Tecnologia\\HRV_Reports\\SaraRestrepo-02-12\\HRV_video.json",
    "ar_abs": [
        2065.396765384103,
        4058.254682978222,
        6893.34270355788
    ],
    "ar_bands": {
        "hf": [
            0.15,
            0.4
        ],
        "lf": [
            0.04,
            0.15
        ],
        "ulf": null,
        "vlf": [
            0.0,
            0.04
        ]
    },
    "ar_interpolation": "cubic",
    "ar_log": [
        7.633077625139487,
        8.308508279130589,
        8.83831139927024
    ],
    "ar_nfft": 4096.0,
    "ar_norm": [
        37.05628083047905,
        62.94371916952095
    ],
    "ar_order": 16.0,
    "ar_peak": [
        0.0,
        0.0400390625,
        0.150390625
    ],
    "ar_ratio": 0.5887208655509937,
    "ar_rel": [
        15.866925507371654,
        31.176588355304496,
        52.95648613732386
    ],
    "ar_resampling_frequency": 4.0,
    "ar_total": 13016.994151920204,
    "dfa_alpha1": 1.3111397820331951,
    "dfa_alpha1_beats": [
        4,
        5,
        6,
        7,
        8,
        9,
        10,
        11,
        12,
        13,
        14,
        15,
        16
    ],
    "dfa_alpha2": 0.9182588403348416,
    "dfa_alpha2_beats": [
        17,
        18,
        19,
        20,
        21,
        22,
        23,
        24,
        25,
        26,
        27,
        28,
        29,
        30,
        31,
        32,
        33,
        34,
        35,
        36,
        37,
        38,
        39,
        40,
        41,
        42,
        43,
        44,
        45,
        46,
        47,
        48,
        49,
        50,
        51,
        52,
        53,
        54,
        55,
        56,
        57,
        58,
        59,
        60,
        61,
        62,
        63,
        64
    ],
    "ellipse_area": 99.79159390919759,
    "fft_abs": [
        0.8145406415024653,
        8.56653948413596,
        14.059217581834249
    ],
    "fft_bands": {
        "hf": [
            0.15,
            0.4
        ],
        "lf": [
            0.04,
            0.15
        ],
        "ulf": null,
        "vlf": [
            0.0,
            0.04
        ]
    },
    "fft_interpolation": "cubic",
    "fft_log": [
        -0.20513095469873013,
        2.147863856913048,
        2.6432782363158926
    ],
    "fft_nfft": 4096.0,
    "fft_norm": [
        37.86189102604784,
        62.13810897395216
    ],
    "fft_peak": [
        0.0390625,
        0.072265625,
        0.1767578125
    ],
    "fft_ratio": 0.609318365995323,
    "fft_rel": [
        3.474958601924211,
        36.546205986987026,
        59.978835411088774
    ],
    "fft_resampling_frequency": 4.0,
    "fft_total": 23.440297707472673,
    "fft_window": "hamming",
    "hr_max": 652.1739130434783,
    "hr_mean": 556.3461715268323,
    "hr_min": 461.53846153846155,
    "hr_std": 38.925974043815934,
    "lomb_abs": [
        338.17439364673135,
        669.2499968385476,
        1753.6863639540134
    ],
    "lomb_bands": {
        "hf": [
            0.15,
            0.4
        ],
        "lf": [
            0.04,
            0.15
        ],
        "ulf": null,
        "vlf": [
            0.0,
            0.04
        ]
    },
    "lomb_log": [
        5.8235617199574055,
        6.506157677676589,
        7.46947534505855
    ],
    "lomb_ma": "n/a",
    "lomb_nfft": 256.0,
    "lomb_norm": [
        27.621443454653132,
        72.37855654534685
    ],
    "lomb_peak": [
        0.03215686274509804,
        0.09807843137254901,
        0.164
    ],
    "lomb_ratio": 0.3816246796431709,
    "lomb_rel": [
        12.247766341970062,
        24.23843360004783,
        63.513800057982095
    ],
    "lomb_total": 2761.1107544392926,
    "nn20": 0.0,
    "nn50": 0.0,
    "nni_counter": 289.0,
    "nni_diff_max": 13.0,
    "nni_diff_mean": 3.4618055555555554,
    "nni_diff_min": 0.0,
    "nni_max": 130.0,
    "nni_mean": 108.37370242214533,
    "nni_min": 92.0,
    "pnn20": 0.0,
    "pnn50": 0.0,
    "rmssd": 4.378371716618964,
    "sampen": 1.5296542385659238,
    "sd1": 3.095811797380355,
    "sd2": 10.260523887858646,
    "sd_ratio": 3.314324177115999,
    "sdann": "n/a",
    "sdnn": 7.591488320812253,
    "sdnn_index": "n/a",
    "sdsd": 2.6853453512424452,
    "tinn": 39.0625,
    "tinn_m": 125.0,
    "tinn_n": 85.9375,
    "tri_index": 2.6272727272727274
}