{
    "Comment": "None",
    "Name": "D:\\Users\\jp.botero\\Documents\\Bienestar & Tecnolog\u00eda\\HRV-Bienestar-Tecnologia\\HRV_Reports\\SaraRestrepo-02-12\\HRV_olfative.json",
    "ar_abs": [
        2047.3203550811095,
        4165.981991839499,
        7089.655661791852
    ],
    "ar_bands": {
        "hf": [
            0.15,
            0.4
        ],
        "lf": [
            0.04,
            0.15
        ],
        "ulf": null,
        "vlf": [
            0.0,
            0.04
        ]
    },
    "ar_interpolation": "cubic",
    "ar_log": [
        7.624287073211838,
        8.33470729916143,
        8.866392051603732
    ],
    "ar_nfft": 4096.0,
    "ar_norm": [
        37.01240320663173,
        62.98759679336826
    ],
    "ar_order": 16.0,
    "ar_peak": [
        0.0,
        0.0400390625,
        0.150390625
    ],
    "ar_ratio": 0.5876141508946826,
    "ar_rel": [
        15.389963297939188,
        31.316207937445846,
        53.29382876461497
    ],
    "ar_resampling_frequency": 4.0,
    "ar_total": 13302.95800871246,
    "dfa_alpha1": 1.3103195096346827,
    "dfa_alpha1_beats": [
        4,
        5,
        6,
        7,
        8,
        9,
        10,
        11,
        12,
        13,
        14,
        15,
        16
    ],
    "dfa_alpha2": 1.0402789514398256,
    "dfa_alpha2_beats": [
        17,
        18,
        19,
        20,
        21,
        22,
        23,
        24,
        25,
        26,
        27,
        28,
        29,
        30,
        31,
        32,
        33,
        34,
        35,
        36,
        37,
        38,
        39,
        40,
        41,
        42,
        43,
        44,
        45,
        46,
        47,
        48,
        49,
        50,
        51,
        52,
        53,
        54,
        55,
        56,
        57,
        58,
        59,
        60,
        61,
        62,
        63,
        64
    ],
    "ellipse_area": 80.5374134347864,
    "fft_abs": [
        7.739252493324678,
        5.061232020814389,
        3.0515171470735933
    ],
    "fft_bands": {
        "hf": [
            0.15,
            0.4
        ],
        "lf": [
            0.04,
            0.15
        ],
        "ulf": null,
        "vlf": [
            0.0,
            0.04
        ]
    },
    "fft_interpolation": "cubic",
    "fft_log": [
        2.0463051058479333,
        1.6216099360367366,
        1.1156388922144123
    ],
    "fft_nfft": 4096.0,
    "fft_norm": [
        62.3861519205825,
        37.61384807941751
    ],
    "fft_peak": [
        0.0244140625,
        0.0400390625,
        0.2041015625
    ],
    "fft_ratio": 1.6585953074745503,
    "fft_rel": [
        48.82192582821514,
        31.92803110283809,
        19.250043068946763
    ],
    "fft_resampling_frequency": 4.0,
    "fft_total": 15.85200166121266,
    "fft_window": "hamming",
    "hr_max": 652.1739130434783,
    "hr_mean": 564.661118468433,
    "hr_min": 447.76119402985074,
    "hr_std": 36.67338969069886,
    "lomb_abs": [
        322.54439314223305,
        691.0871046078208,
        1655.3092708460056
    ],
    "lomb_bands": {
        "hf": [
            0.15,
            0.4
        ],
        "lf": [
            0.04,
            0.15
        ],
        "ulf": null,
        "vlf": [
            0.0,
            0.04
        ]
    },
    "lomb_log": [
        5.776240779916712,
        6.538265871695685,
        7.411743140954844
    ],
    "lomb_ma": "n/a",
    "lomb_nfft": 256.0,
    "lomb_norm": [
        29.45312700946168,
        70.54687299053832
    ],
    "lomb_peak": [
        0.006431372549019608,
        0.0836078431372549,
        0.3344313725490196
    ],
    "lomb_ratio": 0.4174972718268024,
    "lomb_rel": [
        12.085108704450596,
        25.893684593508336,
        62.02120670204106
    ],
    "lomb_total": 2668.9407685960596,
    "nn20": 1.0,
    "nn50": 0.0,
    "nni_counter": 293.0,
    "nni_diff_max": 25.0,
    "nni_diff_mean": 2.537671232876712,
    "nni_diff_min": 0.0,
    "nni_max": 134.0,
    "nni_mean": 106.73037542662117,
    "nni_min": 92.0,
    "pnn20": 0.3424657534246575,
    "pnn50": 0.0,
    "rmssd": 3.664434771118299,
    "sampen": 1.0879649479588844,
    "sd1": 2.590548004966305,
    "sd2": 9.895919648976816,
    "sd_ratio": 3.820010140713656,
    "sdann": "n/a",
    "sdnn": 7.323189770872799,
    "sdnn_index": "n/a",
    "sdsd": 2.648078870799307,
    "tinn": 31.25,
    "tinn_m": 117.1875,
    "tinn_n": 85.9375,
    "tri_index": 2.253846153846154
}