{
    "Comment": "None",
    "Name": "C:\\Users\\Juan Pablo Botero T\\OneDrive - Universidad de los Andes\\Documentos\\JPB\\Personal\\Bienestar y Tecnolog\u00eda\\Codigo\\HRV-Bienestar-Tecnologia\\HRV_Reports\\SaraRestrepo-02-12\\HRV_baseline.json",
    "ar_abs": [
        2537.7025219038965,
        5254.971964399673,
        10410.061113945798
    ],
    "ar_bands": {
        "hf": [
            0.15,
            0.4
        ],
        "lf": [
            0.04,
            0.15
        ],
        "ulf": null,
        "vlf": [
            0.0,
            0.04
        ]
    },
    "ar_interpolation": "cubic",
    "ar_log": [
        7.83901443175301,
        8.566929948263457,
        9.250528032287825
    ],
    "ar_nfft": 4096.0,
    "ar_norm": [
        33.545872122439846,
        66.45412787756015
    ],
    "ar_order": 16.0,
    "ar_peak": [
        0.0,
        0.0400390625,
        0.2685546875
    ],
    "ar_ratio": 0.5047974173138975,
    "ar_rel": [
        13.941324961447723,
        28.8691330786988,
        57.189541959853464
    ],
    "ar_resampling_frequency": 4.0,
    "ar_total": 18202.73560024937,
    "dfa_alpha1": 0.8391472790281019,
    "dfa_alpha1_beats": [
        4,
        5,
        6,
        7,
        8,
        9,
        10,
        11,
        12,
        13,
        14,
        15,
        16
    ],
    "dfa_alpha2": 1.2031296704529357,
    "dfa_alpha2_beats": [
        17,
        18,
        19,
        20,
        21,
        22,
        23,
        24,
        25,
        26,
        27,
        28,
        29,
        30,
        31,
        32,
        33,
        34,
        35,
        36,
        37,
        38,
        39,
        40,
        41,
        42,
        43,
        44,
        45,
        46,
        47,
        48,
        49,
        50,
        51,
        52,
        53,
        54,
        55,
        56,
        57,
        58,
        59,
        60,
        61,
        62,
        63,
        64
    ],
    "ellipse_area": 30317.502002820995,
    "fft_abs": [
        14404.82377793607,
        1783.7088094370863,
        2896.428996609413
    ],
    "fft_bands": {
        "hf": [
            0.15,
            0.4
        ],
        "lf": [
            0.04,
            0.15
        ],
        "ulf": null,
        "vlf": [
            0.0,
            0.04
        ]
    },
    "fft_interpolation": "cubic",
    "fft_log": [
        9.575318414048178,
        7.486450076407859,
        7.971233876723154
    ],
    "fft_nfft": 4096.0,
    "fft_norm": [
        38.1123138539345,
        61.88768614606549
    ],
    "fft_peak": [
        0.0048828125,
        0.1103515625,
        0.2822265625
    ],
    "fft_ratio": 0.6158303246946888,
    "fft_rel": [
        75.4773527551955,
        9.346148283233113,
        15.176498961571387
    ],
    "fft_resampling_frequency": 4.0,
    "fft_total": 19084.96158398257,
    "fft_window": "hamming",
    "hr_max": 90.77155824508321,
    "hr_mean": 67.04445053027635,
    "hr_min": 47.02194357366771,
    "hr_std": 8.991511651943084,
    "lomb_abs": [
        169.63078097082413,
        766.3449917830085,
        1859.7021185234848
    ],
    "lomb_bands": {
        "hf": [
            0.15,
            0.4
        ],
        "lf": [
            0.04,
            0.15
        ],
        "ulf": null,
        "vlf": [
            0.0,
            0.04
        ]
    },
    "lomb_log": [
        5.133624198463455,
        6.6416324492673136,
        7.528171602550193
    ],
    "lomb_ma": "n/a",
    "lomb_nfft": 256.0,
    "lomb_norm": [
        29.182454068524542,
        70.81754593147546
    ],
    "lomb_peak": [
        0.001607843137254902,
        0.05305882352941176,
        0.36498039215686273
    ],
    "lomb_ratio": 0.4120794315121015,
    "lomb_rel": [
        6.067608199788765,
        27.41177709256316,
        66.52061470764808
    ],
    "lomb_total": 2795.6778912773175,
    "nn20": 183.0,
    "nn50": 108.0,
    "nni_counter": 264.0,
    "nni_diff_max": 400.0,
    "nni_diff_mean": 56.961977186311785,
    "nni_diff_min": 0.0,
    "nni_max": 1276.0,
    "nni_mean": 911.5340909090909,
    "nni_min": 661.0,
    "pnn20": 69.58174904942965,
    "pnn50": 41.06463878326996,
    "rmssd": 81.21489589717734,
    "sampen": 0.9057086225436182,
    "sd1": 57.42730397718683,
    "sd2": 168.04481393952312,
    "sd_ratio": 2.9262180583347503,
    "sdann": "n/a",
    "sdnn": 125.60432915545731,
    "sdnn_index": "n/a",
    "sdsd": 57.99985587544159,
    "tinn": 265.625,
    "tinn_m": 960.9375,
    "tinn_n": 695.3125,
    "tri_index": 22.0
}