{
    "Comment": "None",
    "Name": "C:\\Users\\admin\\HRV-Bienestar-Tecnologia\\HRV_Reports\\Experiencia_Mindfullness\\16-03-2022_JessicaSanchez\\HRV_sound.json",
    "ar_abs": [
        2455.831288827937,
        5041.438416085892,
        9189.900589815168
    ],
    "ar_bands": {
        "hf": [
            0.15,
            0.4
        ],
        "lf": [
            0.04,
            0.15
        ],
        "ulf": null,
        "vlf": [
            0.0,
            0.04
        ]
    },
    "ar_interpolation": "cubic",
    "ar_log": [
        7.806220593433562,
        8.525446720363618,
        9.125860398078514
    ],
    "ar_nfft": 4096.0,
    "ar_norm": [
        35.424905653610296,
        64.5750943463897
    ],
    "ar_order": 16.0,
    "ar_peak": [
        0.0,
        0.0400390625,
        0.150390625
    ],
    "ar_ratio": 0.5485846519028872,
    "ar_rel": [
        14.716882763542388,
        30.21146381947297,
        55.071653416984645
    ],
    "ar_resampling_frequency": 4.0,
    "ar_total": 16687.170294728996,
    "dfa_alpha1": 1.4836667117380393,
    "dfa_alpha1_beats": [
        4,
        5,
        6,
        7,
        8,
        9,
        10,
        11,
        12,
        13,
        14,
        15,
        16
    ],
    "dfa_alpha2": 0.7709855895250054,
    "dfa_alpha2_beats": [
        17,
        18,
        19,
        20,
        21,
        22,
        23,
        24,
        25,
        26,
        27,
        28,
        29,
        30,
        31,
        32,
        33,
        34,
        35,
        36,
        37,
        38,
        39,
        40,
        41,
        42,
        43,
        44,
        45,
        46,
        47,
        48,
        49,
        50,
        51,
        52,
        53,
        54,
        55,
        56,
        57,
        58,
        59,
        60,
        61,
        62,
        63,
        64
    ],
    "ellipse_area": 6283.46801055778,
    "fft_abs": [
        809.3321599199011,
        2683.895645039783,
        553.5055077427949
    ],
    "fft_bands": {
        "hf": [
            0.15,
            0.4
        ],
        "lf": [
            0.04,
            0.15
        ],
        "ulf": null,
        "vlf": [
            0.0,
            0.04
        ]
    },
    "fft_interpolation": "cubic",
    "fft_log": [
        6.6962094136583765,
        7.895024616948149,
        6.3162717028540065
    ],
    "fft_nfft": 4096.0,
    "fft_norm": [
        82.90278276860897,
        17.097217231391035
    ],
    "fft_peak": [
        0.0224609375,
        0.0869140625,
        0.1552734375
    ],
    "fft_ratio": 4.848905037972895,
    "fft_rel": [
        19.99964162153831,
        66.32252332060476,
        13.67783505785693
    ],
    "fft_resampling_frequency": 4.0,
    "fft_total": 4046.7333127024795,
    "fft_window": "hamming",
    "hr_max": 106.95187165775401,
    "hr_mean": 86.29193774234706,
    "hr_min": 68.4931506849315,
    "hr_std": 7.392389744894412,
    "lomb_abs": [
        365.976731173367,
        640.8579558020414,
        1659.467224034596
    ],
    "lomb_bands": {
        "hf": [
            0.15,
            0.4
        ],
        "lf": [
            0.04,
            0.15
        ],
        "ulf": null,
        "vlf": [
            0.0,
            0.04
        ]
    },
    "lomb_log": [
        5.902569755351273,
        6.462807834551519,
        7.414251880458566
    ],
    "lomb_ma": "n/a",
    "lomb_nfft": 256.0,
    "lomb_norm": [
        27.859450542881653,
        72.14054945711835
    ],
    "lomb_peak": [
        0.00803921568627451,
        0.13505882352941176,
        0.3247843137254902
    ],
    "lomb_ratio": 0.3861829546979236,
    "lomb_rel": [
        13.72600490822638,
        24.035460993960815,
        62.2385340978128
    ],
    "lomb_total": 2666.3019110100045,
    "nn20": 192.0,
    "nn50": 40.0,
    "nni_counter": 343.0,
    "nni_diff_max": 139.0,
    "nni_diff_mean": 26.62280701754386,
    "nni_diff_min": 0.0,
    "nni_max": 876.0,
    "nni_mean": 700.4723032069971,
    "nni_min": 561.0,
    "pnn20": 56.14035087719298,
    "pnn50": 11.695906432748536,
    "rmssd": 34.37882355130742,
    "sampen": 1.3753993117148235,
    "sd1": 24.308169010441674,
    "sd2": 82.2805694012161,
    "sd_ratio": 3.3848937518030313,
    "sdann": "n/a",
    "sdnn": 60.76032597921755,
    "sdnn_index": "n/a",
    "sdsd": 21.783414155579447,
    "tinn": 242.1875,
    "tinn_m": 820.3125,
    "tinn_n": 578.125,
    "tri_index": 15.590909090909092
}