{
    "Comment": "None",
    "Name": "C:\\Users\\admin\\HRV-Bienestar-Tecnologia\\HRV_Reports\\Experiencia_Mindfullness\\16-03-2022_JessicaSanchez\\HRV_final.json",
    "ar_abs": [
        2435.2438505689497,
        5078.126359429717,
        9217.329452147977
    ],
    "ar_bands": {
        "hf": [
            0.15,
            0.4
        ],
        "lf": [
            0.04,
            0.15
        ],
        "ulf": null,
        "vlf": [
            0.0,
            0.04
        ]
    },
    "ar_interpolation": "cubic",
    "ar_log": [
        7.797802174473438,
        8.532697645655249,
        9.128840627322313
    ],
    "ar_nfft": 4096.0,
    "ar_norm": [
        35.522661371294035,
        64.47733862870597
    ],
    "ar_order": 16.0,
    "ar_peak": [
        0.0,
        0.0400390625,
        0.150390625
    ],
    "ar_ratio": 0.5509325001122019,
    "ar_rel": [
        14.55554100991192,
        30.352145827583186,
        55.092313162504894
    ],
    "ar_resampling_frequency": 4.0,
    "ar_total": 16730.699662146642,
    "dfa_alpha1": 1.3242671598378262,
    "dfa_alpha1_beats": [
        4,
        5,
        6,
        7,
        8,
        9,
        10,
        11,
        12,
        13,
        14,
        15,
        16
    ],
    "dfa_alpha2": 0.8804995545268348,
    "dfa_alpha2_beats": [
        17,
        18,
        19,
        20,
        21,
        22,
        23,
        24,
        25,
        26,
        27,
        28,
        29,
        30,
        31,
        32,
        33,
        34,
        35,
        36,
        37,
        38,
        39,
        40,
        41,
        42,
        43,
        44,
        45,
        46,
        47,
        48,
        49,
        50,
        51,
        52,
        53,
        54,
        55,
        56,
        57,
        58,
        59,
        60,
        61,
        62,
        63,
        64
    ],
    "ellipse_area": 6567.85712372318,
    "fft_abs": [
        919.3532194929994,
        1584.649166552895,
        360.90702683207456
    ],
    "fft_bands": {
        "hf": [
            0.15,
            0.4
        ],
        "lf": [
            0.04,
            0.15
        ],
        "ulf": null,
        "vlf": [
            0.0,
            0.04
        ]
    },
    "fft_interpolation": "cubic",
    "fft_log": [
        6.823670400516816,
        7.368118315787324,
        5.888620381761428
    ],
    "fft_nfft": 4096.0,
    "fft_norm": [
        81.44967346308556,
        18.550326536914447
    ],
    "fft_peak": [
        0.00390625,
        0.083984375,
        0.22265625
    ],
    "fft_ratio": 4.3907406859390745,
    "fft_rel": [
        32.09013225201615,
        55.312365529946106,
        12.597502218037757
    ],
    "fft_resampling_frequency": 4.0,
    "fft_total": 2864.909412877969,
    "fft_window": "hamming",
    "hr_max": 108.499095840868,
    "hr_mean": 89.73894449527337,
    "hr_min": 62.43496357960458,
    "hr_std": 7.635065351668633,
    "lomb_abs": [
        254.76124815674234,
        670.4211518986939,
        1536.6213182766942
    ],
    "lomb_bands": {
        "hf": [
            0.15,
            0.4
        ],
        "lf": [
            0.04,
            0.15
        ],
        "ulf": null,
        "vlf": [
            0.0,
            0.04
        ]
    },
    "lomb_log": [
        5.540326824834633,
        6.507906099831682,
        7.337341336004284
    ],
    "lomb_ma": "n/a",
    "lomb_nfft": 256.0,
    "lomb_norm": [
        30.376449975854666,
        69.62355002414533
    ],
    "lomb_peak": [
        0.027333333333333334,
        0.12701960784313726,
        0.3103137254901961
    ],
    "lomb_ratio": 0.4362956207392493,
    "lomb_rel": [
        10.34856053956011,
        27.232924660334156,
        62.41851480010574
    ],
    "lomb_total": 2461.8037183321303,
    "nn20": 178.0,
    "nn50": 46.0,
    "nni_counter": 358.0,
    "nni_diff_max": 138.0,
    "nni_diff_mean": 25.641456582633054,
    "nni_diff_min": 0.0,
    "nni_max": 961.0,
    "nni_mean": 673.7402234636871,
    "nni_min": 553.0,
    "pnn20": 49.85994397759104,
    "pnn50": 12.885154061624648,
    "rmssd": 35.955621572837195,
    "sampen": 1.2160639900383037,
    "sd1": 25.42281919334345,
    "sd2": 82.2337537636706,
    "sd_ratio": 3.2346433783866964,
    "sdann": "n/a",
    "sdnn": 61.018223865066766,
    "sdnn_index": "n/a",
    "sdsd": 25.240979390052136,
    "tinn": 195.3125,
    "tinn_m": 789.0625,
    "tinn_n": 593.75,
    "tri_index": 13.76923076923077
}