{
    "Comment": "None",
    "Name": "C:\\Users\\admin\\HRV-Bienestar-Tecnologia\\HRV_Reports\\Experiencia_Mindfullness\\16-03-2022_JessicaSanchez\\HRV_video.json",
    "ar_abs": [
        2450.7922166046164,
        5025.362348554527,
        9180.627670148955
    ],
    "ar_bands": {
        "hf": [
            0.15,
            0.4
        ],
        "lf": [
            0.04,
            0.15
        ],
        "ulf": null,
        "vlf": [
            0.0,
            0.04
        ]
    },
    "ar_interpolation": "cubic",
    "ar_log": [
        7.804166604987397,
        8.522252839492616,
        9.124850854931735
    ],
    "ar_nfft": 4096.0,
    "ar_norm": [
        35.37495339598422,
        64.62504660401578
    ],
    "ar_order": 16.0,
    "ar_peak": [
        0.0,
        0.0400390625,
        0.150390625
    ],
    "ar_ratio": 0.547387665539974,
    "ar_rel": [
        14.713479362235802,
        30.170066928665545,
        55.11645370909864
    ],
    "ar_resampling_frequency": 4.0,
    "ar_total": 16656.7822353081,
    "dfa_alpha1": 1.3612423935377065,
    "dfa_alpha1_beats": [
        4,
        5,
        6,
        7,
        8,
        9,
        10,
        11,
        12,
        13,
        14,
        15,
        16
    ],
    "dfa_alpha2": 0.9609667110287149,
    "dfa_alpha2_beats": [
        17,
        18,
        19,
        20,
        21,
        22,
        23,
        24,
        25,
        26,
        27,
        28,
        29,
        30,
        31,
        32,
        33,
        34,
        35,
        36,
        37,
        38,
        39,
        40,
        41,
        42,
        43,
        44,
        45,
        46,
        47,
        48,
        49,
        50,
        51,
        52,
        53,
        54,
        55,
        56,
        57,
        58,
        59,
        60,
        61,
        62,
        63,
        64
    ],
    "ellipse_area": 5434.364520180067,
    "fft_abs": [
        1452.5424991540187,
        1000.6730008893462,
        324.1529183019446
    ],
    "fft_bands": {
        "hf": [
            0.15,
            0.4
        ],
        "lf": [
            0.04,
            0.15
        ],
        "ulf": null,
        "vlf": [
            0.0,
            0.04
        ]
    },
    "fft_interpolation": "cubic",
    "fft_log": [
        7.281070747612319,
        6.908428053507941,
        5.7812153745172195
    ],
    "fft_nfft": 4096.0,
    "fft_norm": [
        75.5324142133469,
        24.467585786653107
    ],
    "fft_peak": [
        0.0146484375,
        0.0732421875,
        0.3603515625
    ],
    "fft_ratio": 3.087039925882238,
    "fft_rel": [
        52.29923727653709,
        36.02953768321178,
        11.671225040251134
    ],
    "fft_resampling_frequency": 4.0,
    "fft_total": 2777.3684183453097,
    "fft_window": "hamming",
    "hr_max": 109.89010989010988,
    "hr_mean": 87.4058785105758,
    "hr_min": 69.04487917146145,
    "hr_std": 7.646866275462377,
    "lomb_abs": [
        147.8188684840599,
        486.2443802974651,
        1359.5294716569279
    ],
    "lomb_bands": {
        "hf": [
            0.15,
            0.4
        ],
        "lf": [
            0.04,
            0.15
        ],
        "ulf": null,
        "vlf": [
            0.0,
            0.04
        ]
    },
    "lomb_log": [
        4.995987662639714,
        6.186711337637007,
        7.214893942143496
    ],
    "lomb_ma": "n/a",
    "lomb_nfft": 256.0,
    "lomb_norm": [
        26.343659586606805,
        73.6563404133932
    ],
    "lomb_peak": [
        0.035372549019607846,
        0.12701960784313726,
        0.27815686274509804
    ],
    "lomb_ratio": 0.35765637335162315,
    "lomb_rel": [
        7.414697443896662,
        24.39035693260983,
        68.19494562349351
    ],
    "lomb_total": 1993.592720438453,
    "nn20": 166.0,
    "nn50": 36.0,
    "nni_counter": 347.0,
    "nni_diff_max": 146.0,
    "nni_diff_mean": 22.73121387283237,
    "nni_diff_min": 0.0,
    "nni_max": 869.0,
    "nni_mean": 691.5446685878962,
    "nni_min": 546.0,
    "pnn20": 47.97687861271676,
    "pnn50": 10.404624277456648,
    "rmssd": 30.51319244678927,
    "sampen": 1.3316753261538794,
    "sd1": 21.575386000375232,
    "sd2": 80.175249326694,
    "sd_ratio": 3.7160516769108844,
    "sdann": "n/a",
    "sdnn": 58.75741393723995,
    "sdnn_index": "n/a",
    "sdsd": 20.38499042100022,
    "tinn": 234.375,
    "tinn_m": 820.3125,
    "tinn_n": 585.9375,
    "tri_index": 15.08695652173913
}