{
    "Comment": "None",
    "Name": "C:\\Users\\facartesvirtual1\\Documents\\HRV-Bienestar-Tecnologia\\HRV_Reports\\Experiencia_Mindfullness\\31-03-2022_SebastianMoreni\\HRV_interactive.json",
    "ar_abs": [
        2430.8623376971022,
        5041.275963655196,
        9643.65827574357
    ],
    "ar_bands": {
        "hf": [
            0.15,
            0.4
        ],
        "lf": [
            0.04,
            0.15
        ],
        "ulf": null,
        "vlf": [
            0.0,
            0.04
        ]
    },
    "ar_interpolation": "cubic",
    "ar_log": [
        7.796001344862892,
        8.525414496415863,
        9.1740558048018
    ],
    "ar_nfft": 4096.0,
    "ar_norm": [
        34.32957806600023,
        65.67042193399978
    ],
    "ar_order": 16.0,
    "ar_peak": [
        0.0,
        0.0400390625,
        0.150390625
    ],
    "ar_ratio": 0.522755558057815,
    "ar_rel": [
        14.202449338233256,
        29.453937133147313,
        56.34361352861943
    ],
    "ar_resampling_frequency": 4.0,
    "ar_total": 17115.79657709587,
    "dfa_alpha1": 1.3450517357686,
    "dfa_alpha1_beats": [
        4,
        5,
        6,
        7,
        8,
        9,
        10,
        11,
        12,
        13,
        14,
        15,
        16
    ],
    "dfa_alpha2": 0.7798213727219347,
    "dfa_alpha2_beats": [
        17,
        18,
        19,
        20,
        21,
        22,
        23,
        24,
        25,
        26,
        27,
        28,
        29,
        30,
        31,
        32,
        33,
        34,
        35,
        36,
        37,
        38,
        39,
        40,
        41,
        42,
        43,
        44,
        45,
        46,
        47,
        48,
        49,
        50,
        51,
        52,
        53,
        54,
        55,
        56,
        57,
        58,
        59,
        60,
        61,
        62,
        63,
        64
    ],
    "ellipse_area": 9625.67385538192,
    "fft_abs": [
        719.7970770951987,
        885.5632074047338,
        737.6206154882293
    ],
    "fft_bands": {
        "hf": [
            0.15,
            0.4
        ],
        "lf": [
            0.04,
            0.15
        ],
        "ulf": null,
        "vlf": [
            0.0,
            0.04
        ]
    },
    "fft_interpolation": "cubic",
    "fft_log": [
        6.578969334918707,
        6.786223835143785,
        6.603429621266434
    ],
    "fft_nfft": 4096.0,
    "fft_norm": [
        54.5571730641336,
        45.44282693586639
    ],
    "fft_peak": [
        0.0078125,
        0.0419921875,
        0.1669921875
    ],
    "fft_ratio": 1.2005673225640279,
    "fft_rel": [
        30.721423170749517,
        37.79643305710296,
        31.482143772147538
    ],
    "fft_resampling_frequency": 4.0,
    "fft_total": 2342.9808999881616,
    "fft_window": "hamming",
    "hr_max": 105.4481546572935,
    "hr_mean": 88.59737292666905,
    "hr_min": 45.35147392290249,
    "hr_std": 6.519977863115575,
    "lomb_abs": [
        176.8465335836774,
        500.74490928397114,
        1380.5404384016128
    ],
    "lomb_bands": {
        "hf": [
            0.15,
            0.4
        ],
        "lf": [
            0.04,
            0.15
        ],
        "ulf": null,
        "vlf": [
            0.0,
            0.04
        ]
    },
    "lomb_log": [
        5.175282314575462,
        6.216096808311468,
        7.230230323517512
    ],
    "lomb_ma": "n/a",
    "lomb_nfft": 256.0,
    "lomb_norm": [
        26.617169474051515,
        73.38283052594849
    ],
    "lomb_peak": [
        0.001607843137254902,
        0.12701960784313726,
        0.3328235294117647
    ],
    "lomb_ratio": 0.36271658211166397,
    "lomb_rel": [
        8.592575392914819,
        24.330069119533725,
        67.07735548755144
    ],
    "lomb_total": 2058.1318812692616,
    "nn20": 121.0,
    "nn50": 18.0,
    "nni_counter": 353.0,
    "nni_diff_max": 693.0,
    "nni_diff_mean": 21.514204545454547,
    "nni_diff_min": 0.0,
    "nni_max": 1323.0,
    "nni_mean": 681.5240793201133,
    "nni_min": 569.0,
    "pnn20": 34.375,
    "pnn50": 5.113636363636364,
    "rmssd": 57.15412277342729,
    "sampen": 1.0960274730124777,
    "sd1": 40.41377177669451,
    "sd2": 75.81443192876644,
    "sd_ratio": 1.8759553636240034,
    "sdann": "n/a",
    "sdnn": 60.78698007754815,
    "sdnn_index": "n/a",
    "sdsd": 53.02565978256985,
    "tinn": 179.6875,
    "tinn_m": 781.25,
    "tinn_n": 601.5625,
    "tri_index": 12.607142857142858
}