{
    "Comment": "None",
    "Name": "C:\\Users\\facartesvirtual1\\Documents\\HRV-Bienestar-Tecnologia\\HRV_Reports\\Experiencia_Mindfullness\\31-03-2022_SebastianMoreni\\HRV_video.json",
    "ar_abs": [
        2393.184628277334,
        4886.312487205956,
        8804.637265497215
    ],
    "ar_bands": {
        "hf": [
            0.15,
            0.4
        ],
        "lf": [
            0.04,
            0.15
        ],
        "ulf": null,
        "vlf": [
            0.0,
            0.04
        ]
    },
    "ar_interpolation": "cubic",
    "ar_log": [
        7.780380238412069,
        8.494193205402157,
        9.083033823658907
    ],
    "ar_nfft": 4096.0,
    "ar_norm": [
        35.69009145067669,
        64.30990854932331
    ],
    "ar_order": 16.0,
    "ar_peak": [
        0.0,
        0.0400390625,
        0.150390625
    ],
    "ar_ratio": 0.5549703343661844,
    "ar_rel": [
        14.879163351851101,
        30.379704443305467,
        54.74113220484343
    ],
    "ar_resampling_frequency": 4.0,
    "ar_total": 16084.134380980504,
    "dfa_alpha1": 1.3627976617860023,
    "dfa_alpha1_beats": [
        4,
        5,
        6,
        7,
        8,
        9,
        10,
        11,
        12,
        13,
        14,
        15,
        16
    ],
    "dfa_alpha2": 0.8286487095613453,
    "dfa_alpha2_beats": [
        17,
        18,
        19,
        20,
        21,
        22,
        23,
        24,
        25,
        26,
        27,
        28,
        29,
        30,
        31,
        32,
        33,
        34,
        35,
        36,
        37,
        38,
        39,
        40,
        41,
        42,
        43,
        44,
        45,
        46,
        47,
        48,
        49,
        50,
        51,
        52,
        53,
        54,
        55,
        56,
        57,
        58,
        59,
        60,
        61,
        62,
        63,
        64
    ],
    "ellipse_area": 3003.543043588787,
    "fft_abs": [
        1024.2754381666477,
        614.7190815845522,
        136.99432220869232
    ],
    "fft_bands": {
        "hf": [
            0.15,
            0.4
        ],
        "lf": [
            0.04,
            0.15
        ],
        "ulf": null,
        "vlf": [
            0.0,
            0.04
        ]
    },
    "fft_interpolation": "cubic",
    "fft_log": [
        6.931740752014741,
        6.421165385540411,
        4.919939481237137
    ],
    "fft_nfft": 4096.0,
    "fft_norm": [
        81.7757244293635,
        18.224275570636493
    ],
    "fft_peak": [
        0.0068359375,
        0.0400390625,
        0.1611328125
    ],
    "fft_ratio": 4.487186561265735,
    "fft_rel": [
        57.67352890777786,
        34.61277836104978,
        7.7136927311723555
    ],
    "fft_resampling_frequency": 4.0,
    "fft_total": 1775.9888419598924,
    "fft_window": "hamming",
    "hr_max": 102.73972602739725,
    "hr_mean": 90.80521480300084,
    "hr_min": 72.28915662650603,
    "hr_std": 6.048937852257482,
    "lomb_abs": [
        282.82210578188165,
        480.8756013365654,
        1471.713063945122
    ],
    "lomb_bands": {
        "hf": [
            0.15,
            0.4
        ],
        "lf": [
            0.04,
            0.15
        ],
        "ulf": null,
        "vlf": [
            0.0,
            0.04
        ]
    },
    "lomb_log": [
        5.644818098513045,
        6.175608611576623,
        7.2941823509025125
    ],
    "lomb_ma": "n/a",
    "lomb_nfft": 256.0,
    "lomb_norm": [
        24.627593608774355,
        75.37240639122564
    ],
    "lomb_peak": [
        0.009647058823529411,
        0.04984313725490196,
        0.2733333333333333
    ],
    "lomb_ratio": 0.3267454866830594,
    "lomb_rel": [
        12.651907624446126,
        21.51173321526823,
        65.83635916028565
    ],
    "lomb_total": 2235.410771063569,
    "nn20": 111.0,
    "nn50": 12.0,
    "nni_counter": 362.0,
    "nni_diff_max": 92.0,
    "nni_diff_mean": 15.817174515235457,
    "nni_diff_min": 0.0,
    "nni_max": 830.0,
    "nni_mean": 663.8204419889503,
    "nni_min": 584.0,
    "pnn20": 30.747922437673132,
    "pnn50": 3.32409972299169,
    "rmssd": 21.232651383295092,
    "sampen": 0.9538971498175663,
    "sd1": 15.012473999321292,
    "sd2": 63.684203176377586,
    "sd_ratio": 4.242085826710289,
    "sdann": "n/a",
    "sdnn": 46.34333298021908,
    "sdnn_index": "n/a",
    "sdsd": 14.184492071547476,
    "tinn": 171.875,
    "tinn_m": 742.1875,
    "tinn_n": 570.3125,
    "tri_index": 10.969696969696969
}