{
    "Comment": "None",
    "Name": "C:\\Users\\facartesvirtual1\\Documents\\HRV-Bienestar-Tecnologia\\HRV_Reports\\Experiencia_Mindfullness\\31-03-2022_SebastianMoreni\\HRV_baseline.json",
    "ar_abs": [
        2454.9882428599544,
        5138.731547029605,
        9751.453139180754
    ],
    "ar_bands": {
        "hf": [
            0.15,
            0.4
        ],
        "lf": [
            0.04,
            0.15
        ],
        "ulf": null,
        "vlf": [
            0.0,
            0.04
        ]
    },
    "ar_interpolation": "cubic",
    "ar_log": [
        7.805877251158072,
        8.544561547260296,
        9.185171592802522
    ],
    "ar_nfft": 4096.0,
    "ar_norm": [
        34.51086507871544,
        65.48913492128456
    ],
    "ar_order": 16.0,
    "ar_peak": [
        0.0,
        0.0400390625,
        0.150390625
    ],
    "ar_ratio": 0.5269708497477663,
    "ar_rel": [
        14.153725955337244,
        29.62629181065787,
        56.219982234004874
    ],
    "ar_resampling_frequency": 4.0,
    "ar_total": 17345.172929070315,
    "dfa_alpha1": 1.0627135896006472,
    "dfa_alpha1_beats": [
        4,
        5,
        6,
        7,
        8,
        9,
        10,
        11,
        12,
        13,
        14,
        15,
        16
    ],
    "dfa_alpha2": 0.8816960146937523,
    "dfa_alpha2_beats": [
        17,
        18,
        19,
        20,
        21,
        22,
        23,
        24,
        25,
        26,
        27,
        28,
        29,
        30,
        31,
        32,
        33,
        34,
        35,
        36,
        37,
        38,
        39,
        40,
        41,
        42,
        43,
        44,
        45,
        46,
        47,
        48,
        49,
        50,
        51,
        52,
        53,
        54,
        55,
        56,
        57,
        58,
        59,
        60,
        61,
        62,
        63,
        64
    ],
    "ellipse_area": 9594.700603654044,
    "fft_abs": [
        1559.4891437655626,
        2069.38175059467,
        1692.0293726191867
    ],
    "fft_bands": {
        "hf": [
            0.15,
            0.4
        ],
        "lf": [
            0.04,
            0.15
        ],
        "ulf": null,
        "vlf": [
            0.0,
            0.04
        ]
    },
    "fft_interpolation": "cubic",
    "fft_log": [
        7.352113574667785,
        7.6350051704379815,
        7.433683899719502
    ],
    "fft_nfft": 4096.0,
    "fft_norm": [
        55.016101213273686,
        44.983898786726314
    ],
    "fft_peak": [
        0.0048828125,
        0.095703125,
        0.154296875
    ],
    "fft_ratio": 1.2230176284654908,
    "fft_rel": [
        29.30874599254342,
        38.891571853674705,
        31.799682153781877
    ],
    "fft_resampling_frequency": 4.0,
    "fft_total": 5320.900266979419,
    "fft_window": "hamming",
    "hr_max": 106.95187165775401,
    "hr_mean": 80.84343480512058,
    "hr_min": 60.97560975609756,
    "hr_std": 7.025000755962254,
    "lomb_abs": [
        268.4387026050866,
        651.017799073108,
        1751.723988308441
    ],
    "lomb_bands": {
        "hf": [
            0.15,
            0.4
        ],
        "lf": [
            0.04,
            0.15
        ],
        "ulf": null,
        "vlf": [
            0.0,
            0.04
        ]
    },
    "lomb_log": [
        5.592622592187488,
        6.478536982960933,
        7.468355718165623
    ],
    "lomb_ma": "n/a",
    "lomb_nfft": 256.0,
    "lomb_norm": [
        27.0947882328451,
        72.9052117671549
    ],
    "lomb_peak": [
        0.00803921568627451,
        0.14309803921568628,
        0.21705882352941178
    ],
    "lomb_ratio": 0.3716440508996887,
    "lomb_rel": [
        10.049440822564168,
        24.37191352338625,
        65.57864565404957
    ],
    "lomb_total": 2671.1804899866356,
    "nn20": 213.0,
    "nn50": 90.0,
    "nni_counter": 320.0,
    "nni_diff_max": 184.0,
    "nni_diff_mean": 37.959247648902824,
    "nni_diff_min": 0.0,
    "nni_max": 984.0,
    "nni_mean": 747.840625,
    "nni_min": 561.0,
    "pnn20": 66.77115987460816,
    "pnn50": 28.213166144200624,
    "rmssd": 49.897418280880814,
    "sampen": 1.6872803991980343,
    "sd1": 35.2825437364265,
    "sd2": 86.5608806420484,
    "sd_ratio": 2.453362809912172,
    "sdann": "n/a",
    "sdnn": 66.11932008601089,
    "sdnn_index": "n/a",
    "sdsd": 32.43680213531416,
    "tinn": 203.125,
    "tinn_m": 828.125,
    "tinn_n": 625.0,
    "tri_index": 13.333333333333334
}