{
    "Comment": "None",
    "Name": "C:\\Users\\facartesvirtual1\\Documents\\HRV-Bienestar-Tecnologia\\HRV_Reports\\Experiencia_Mindfullness\\31-03-2022_SebastianMoreni\\HRV_final.json",
    "ar_abs": [
        2446.786632109149,
        5176.021542108352,
        9689.582962193703
    ],
    "ar_bands": {
        "hf": [
            0.15,
            0.4
        ],
        "lf": [
            0.04,
            0.15
        ],
        "ulf": null,
        "vlf": [
            0.0,
            0.04
        ]
    },
    "ar_interpolation": "cubic",
    "ar_log": [
        7.802530863935613,
        8.55179199809409,
        9.178806666001346
    ],
    "ar_nfft": 4096.0,
    "ar_norm": [
        34.81877605858833,
        65.18122394141167
    ],
    "ar_order": 16.0,
    "ar_peak": [
        0.0,
        0.0400390625,
        0.150390625
    ],
    "ar_ratio": 0.5341841400505962,
    "ar_rel": [
        14.133152450345799,
        29.89778535688353,
        55.96906219277066
    ],
    "ar_resampling_frequency": 4.0,
    "ar_total": 17312.391136411206,
    "dfa_alpha1": 1.1832081085077122,
    "dfa_alpha1_beats": [
        4,
        5,
        6,
        7,
        8,
        9,
        10,
        11,
        12,
        13,
        14,
        15,
        16
    ],
    "dfa_alpha2": 1.0518394914678093,
    "dfa_alpha2_beats": [
        17,
        18,
        19,
        20,
        21,
        22,
        23,
        24,
        25,
        26,
        27,
        28,
        29,
        30,
        31,
        32,
        33,
        34,
        35,
        36,
        37,
        38,
        39,
        40,
        41,
        42,
        43,
        44,
        45,
        46,
        47,
        48,
        49,
        50,
        51,
        52,
        53,
        54,
        55,
        56,
        57,
        58,
        59,
        60,
        61,
        62,
        63,
        64
    ],
    "ellipse_area": 12543.865432158907,
    "fft_abs": [
        3324.0368996461248,
        2554.7831170013483,
        1856.4089070247178
    ],
    "fft_bands": {
        "hf": [
            0.15,
            0.4
        ],
        "lf": [
            0.04,
            0.15
        ],
        "ulf": null,
        "vlf": [
            0.0,
            0.04
        ]
    },
    "fft_interpolation": "cubic",
    "fft_log": [
        8.108935256890295,
        7.84572261332105,
        7.526399205364947
    ],
    "fft_nfft": 4096.0,
    "fft_norm": [
        57.91593526390208,
        42.08406473609792
    ],
    "fft_peak": [
        0.0224609375,
        0.1357421875,
        0.1923828125
    ],
    "fft_ratio": 1.376196325784668,
    "fft_rel": [
        42.97270232654065,
        33.027892803313456,
        23.9994048701459
    ],
    "fft_resampling_frequency": 4.0,
    "fft_total": 7735.22892367219,
    "fft_window": "hamming",
    "hr_max": 105.4481546572935,
    "hr_mean": 81.85767450713729,
    "hr_min": 45.627376425855516,
    "hr_std": 7.945884799122894,
    "lomb_abs": [
        255.2698078943393,
        666.707037495305,
        1624.2730600887066
    ],
    "lomb_bands": {
        "hf": [
            0.15,
            0.4
        ],
        "lf": [
            0.04,
            0.15
        ],
        "ulf": null,
        "vlf": [
            0.0,
            0.04
        ]
    },
    "lomb_log": [
        5.5423210559705876,
        6.502350725283475,
        7.392815647036313
    ],
    "lomb_ma": "n/a",
    "lomb_nfft": 256.0,
    "lomb_norm": [
        29.101389322342484,
        70.89861067765752
    ],
    "lomb_peak": [
        0.030549019607843137,
        0.09486274509803921,
        0.21705882352941178
    ],
    "lomb_ratio": 0.4104648743351651,
    "lomb_rel": [
        10.025324197169997,
        26.183880696897038,
        63.790795105932965
    ],
    "lomb_total": 2546.249905478351,
    "nn20": 201.0,
    "nn50": 59.0,
    "nni_counter": 325.0,
    "nni_diff_max": 615.0,
    "nni_diff_mean": 32.73148148148148,
    "nni_diff_min": 0.0,
    "nni_max": 1315.0,
    "nni_mean": 740.3015384615385,
    "nni_min": 569.0,
    "pnn20": 62.03703703703704,
    "pnn50": 18.209876543209877,
    "rmssd": 55.05729339111718,
    "sampen": 1.242576123188375,
    "sd1": 38.9308564335215,
    "sd2": 102.56225379560999,
    "sd_ratio": 2.6344720664120436,
    "sdann": "n/a",
    "sdnn": 77.62080288708502,
    "sdnn_index": "n/a",
    "sdsd": 44.33986524348943,
    "tinn": 187.5,
    "tinn_m": 835.9375,
    "tinn_n": 648.4375,
    "tri_index": 12.037037037037036
}