{
    "Comment": "None",
    "Name": "C:\\Users\\Juan Pablo Botero T\\OneDrive - Universidad de los Andes\\Documentos\\JPB\\Personal\\Bienestar y Tecnolog\u00eda\\Codigo\\HRV-Bienestar-Tecnologia\\HRV_Reports\\WendyPantoja-9-12\\HRV_interactive.json",
    "ar_abs": [
        2460.9267986548653,
        4971.334093288728,
        8935.25811604777
    ],
    "ar_bands": {
        "hf": [
            0.15,
            0.4
        ],
        "lf": [
            0.04,
            0.15
        ],
        "ulf": null,
        "vlf": [
            0.0,
            0.04
        ]
    },
    "ar_interpolation": "cubic",
    "ar_log": [
        7.808293305395596,
        8.511443512303138,
        9.09776031537412
    ],
    "ar_nfft": 4096.0,
    "ar_norm": [
        35.74803962361903,
        64.25196037638096
    ],
    "ar_order": 16.0,
    "ar_peak": [
        0.0,
        0.0400390625,
        0.150390625
    ],
    "ar_ratio": 0.5563727458930577,
    "ar_rel": [
        15.035429605753503,
        30.373168290572917,
        54.59140210367358
    ],
    "ar_resampling_frequency": 4.0,
    "ar_total": 16367.519007991363,
    "dfa_alpha1": 1.3144707614285678,
    "dfa_alpha1_beats": [
        4,
        5,
        6,
        7,
        8,
        9,
        10,
        11,
        12,
        13,
        14,
        15,
        16
    ],
    "dfa_alpha2": 1.0876144254909288,
    "dfa_alpha2_beats": [
        17,
        18,
        19,
        20,
        21,
        22,
        23,
        24,
        25,
        26,
        27,
        28,
        29,
        30,
        31,
        32,
        33,
        34,
        35,
        36,
        37,
        38,
        39,
        40,
        41,
        42,
        43,
        44,
        45,
        46,
        47,
        48,
        49,
        50,
        51,
        52,
        53,
        54,
        55,
        56,
        57,
        58,
        59,
        60,
        61,
        62,
        63,
        64
    ],
    "ellipse_area": 3678.5007276425004,
    "fft_abs": [
        1196.9391644449265,
        768.1475445636773,
        194.50541867305623
    ],
    "fft_bands": {
        "hf": [
            0.15,
            0.4
        ],
        "lf": [
            0.04,
            0.15
        ],
        "ulf": null,
        "vlf": [
            0.0,
            0.04
        ]
    },
    "fft_interpolation": "cubic",
    "fft_log": [
        7.087522880912142,
        6.643981830013176,
        5.270460022172006
    ],
    "fft_nfft": 4096.0,
    "fft_norm": [
        79.79485587214425,
        20.20514412785575
    ],
    "fft_peak": [
        0.0234375,
        0.0498046875,
        0.3056640625
    ],
    "fft_ratio": 3.9492346784171346,
    "fft_rel": [
        55.424315967008575,
        35.569102828147926,
        9.0065812048435
    ],
    "fft_resampling_frequency": 4.0,
    "fft_total": 2159.5921276816603,
    "fft_window": "hamming",
    "hr_max": 91.88361408882082,
    "hr_mean": 77.93427263757108,
    "hr_min": 68.4931506849315,
    "hr_std": 5.11519009913338,
    "lomb_abs": [
        370.7838917610667,
        706.0860859496332,
        1532.9573629853076
    ],
    "lomb_bands": {
        "hf": [
            0.15,
            0.4
        ],
        "lf": [
            0.04,
            0.15
        ],
        "ulf": null,
        "vlf": [
            0.0,
            0.04
        ]
    },
    "lomb_log": [
        5.915619390895505,
        6.5597371648326535,
        7.334954065690059
    ],
    "lomb_ma": "n/a",
    "lomb_nfft": 256.0,
    "lomb_norm": [
        31.535166782292745,
        68.46483321770727
    ],
    "lomb_peak": [
        0.00803921568627451,
        0.14470588235294118,
        0.21223529411764705
    ],
    "lomb_ratio": 0.4606038647902046,
    "lomb_rel": [
        14.20721922785066,
        27.05489650366408,
        58.73788426848526
    ],
    "lomb_total": 2609.8273406960075,
    "nn20": 131.0,
    "nn50": 14.0,
    "nni_counter": 312.0,
    "nni_diff_max": 84.0,
    "nni_diff_mean": 19.35048231511254,
    "nni_diff_min": 0.0,
    "nni_max": 876.0,
    "nni_mean": 773.1057692307693,
    "nni_min": 653.0,
    "pnn20": 42.12218649517685,
    "pnn50": 4.501607717041801,
    "rmssd": 24.544860170139575,
    "sampen": 1.3108653266400858,
    "sd1": 17.355402792791057,
    "sd2": 67.4662041510921,
    "sd_ratio": 3.8873315103418773,
    "sdann": "n/a",
    "sdnn": 49.47705660804907,
    "sdnn_index": "n/a",
    "sdsd": 15.12430189566242,
    "tinn": 195.3125,
    "tinn_m": 867.1875,
    "tinn_n": 671.875,
    "tri_index": 11.555555555555555
}