{
    "Comment": "None",
    "Name": "C:\\Users\\facartesvirtual1\\Documents\\HRV-Bienestar-Tecnologia\\HRV_Reports\\Experiencia_Mindfullness\\LeonidasVillamil-01-04-2022\\HRV_sound.json",
    "ar_abs": [
        2560.5026201770543,
        5447.149313040438,
        10567.639373048563
    ],
    "ar_bands": {
        "hf": [
            0.15,
            0.4
        ],
        "lf": [
            0.04,
            0.15
        ],
        "ulf": null,
        "vlf": [
            0.0,
            0.04
        ]
    },
    "ar_interpolation": "cubic",
    "ar_log": [
        7.847958854208879,
        8.602847688985289,
        9.265551721192256
    ],
    "ar_nfft": 4096.0,
    "ar_norm": [
        34.01324500629858,
        65.98675499370141
    ],
    "ar_order": 16.0,
    "ar_peak": [
        0.0,
        0.0400390625,
        0.150390625
    ],
    "ar_ratio": 0.5154556396892865,
    "ar_rel": [
        13.78445472515046,
        29.324704647850858,
        56.89084062699868
    ],
    "ar_resampling_frequency": 4.0,
    "ar_total": 18575.291306266055,
    "dfa_alpha1": 0.6328189751175296,
    "dfa_alpha1_beats": [
        4,
        5,
        6,
        7,
        8,
        9,
        10,
        11,
        12,
        13,
        14,
        15,
        16
    ],
    "dfa_alpha2": 0.9857803487900577,
    "dfa_alpha2_beats": [
        17,
        18,
        19,
        20,
        21,
        22,
        23,
        24,
        25,
        26,
        27,
        28,
        29,
        30,
        31,
        32,
        33,
        34,
        35,
        36,
        37,
        38,
        39,
        40,
        41,
        42,
        43,
        44,
        45,
        46,
        47,
        48,
        49,
        50,
        51,
        52,
        53,
        54,
        55,
        56,
        57,
        58,
        59,
        60,
        61,
        62,
        63,
        64
    ],
    "ellipse_area": 23577.238360418167,
    "fft_abs": [
        1501.4264957477656,
        1642.2475315734198,
        4532.909267645492
    ],
    "fft_bands": {
        "hf": [
            0.15,
            0.4
        ],
        "lf": [
            0.04,
            0.15
        ],
        "ulf": null,
        "vlf": [
            0.0,
            0.04
        ]
    },
    "fft_interpolation": "cubic",
    "fft_log": [
        7.314170932344163,
        7.403821028695441,
        8.419119234778801
    ],
    "fft_nfft": 4096.0,
    "fft_norm": [
        26.594426424623673,
        73.40557357537632
    ],
    "fft_peak": [
        0.0107421875,
        0.0869140625,
        0.1728515625
    ],
    "fft_ratio": 0.36229437533534503,
    "fft_rel": [
        19.558525428001403,
        21.39294876993253,
        59.04852580206607
    ],
    "fft_resampling_frequency": 4.0,
    "fft_total": 7676.583294966677,
    "fft_window": "hamming",
    "hr_max": 71.59904534606206,
    "hr_mean": 57.57076042040971,
    "hr_min": 47.28132387706856,
    "hr_std": 5.130380479411953,
    "lomb_abs": [
        358.70564947628236,
        1039.4300363609225,
        2322.962393546759
    ],
    "lomb_bands": {
        "hf": [
            0.15,
            0.4
        ],
        "lf": [
            0.04,
            0.15
        ],
        "ulf": null,
        "vlf": [
            0.0,
            0.04
        ]
    },
    "lomb_log": [
        5.882502134278392,
        6.946427799944881,
        7.75059854389497
    ],
    "lomb_ma": "n/a",
    "lomb_nfft": 256.0,
    "lomb_norm": [
        30.913406392288994,
        69.086593607711
    ],
    "lomb_peak": [
        0.01607843137254902,
        0.082,
        0.36498039215686273
    ],
    "lomb_ratio": 0.44745883069329156,
    "lomb_rel": [
        9.639779490458013,
        27.933422183083188,
        62.42679832645881
    ],
    "lomb_total": 3721.0980793839635,
    "nn20": 186.0,
    "nn50": 125.0,
    "nni_counter": 229.0,
    "nni_diff_max": 400.0,
    "nni_diff_mean": 72.1140350877193,
    "nni_diff_min": 0.0,
    "nni_max": 1269.0,
    "nni_mean": 1050.3711790393013,
    "nni_min": 838.0,
    "pnn20": 81.57894736842105,
    "pnn50": 54.824561403508774,
    "rmssd": 94.1224473105077,
    "sampen": 1.7543019066931547,
    "sd1": 66.55400915192965,
    "sd2": 112.76357584861162,
    "sd_ratio": 1.6943168005280442,
    "sdann": "n/a",
    "sdnn": 92.68299702555403,
    "sdnn_index": "n/a",
    "sdsd": 60.619454107121925,
    "tinn": 179.6875,
    "tinn_m": 1171.875,
    "tinn_n": 992.1875,
    "tri_index": 14.3125
}