{
    "Comment": "None",
    "Name": "C:\\Users\\facartesvirtual1\\Documents\\HRV-Bienestar-Tecnologia\\HRV_Reports\\Experiencia_Mindfullness\\LeonidasVillamil-01-04-2022\\HRV_video.json",
    "ar_abs": [
        2569.436129433537,
        5538.6013009163835,
        11453.672277554837
    ],
    "ar_bands": {
        "hf": [
            0.15,
            0.4
        ],
        "lf": [
            0.04,
            0.15
        ],
        "ulf": null,
        "vlf": [
            0.0,
            0.04
        ]
    },
    "ar_interpolation": "cubic",
    "ar_log": [
        7.851441748926817,
        8.619497275105942,
        9.346065680492334
    ],
    "ar_nfft": 4096.0,
    "ar_norm": [
        32.59482184852326,
        67.40517815147673
    ],
    "ar_order": 16.0,
    "ar_peak": [
        0.0,
        0.0400390625,
        0.2265625
    ],
    "ar_ratio": 0.483565547075246,
    "ar_rel": [
        13.135028419296319,
        28.313482735500724,
        58.55148884520295
    ],
    "ar_resampling_frequency": 4.0,
    "ar_total": 19561.70970790476,
    "dfa_alpha1": 0.5411341220411435,
    "dfa_alpha1_beats": [
        4,
        5,
        6,
        7,
        8,
        9,
        10,
        11,
        12,
        13,
        14,
        15,
        16
    ],
    "dfa_alpha2": 0.757346473115929,
    "dfa_alpha2_beats": [
        17,
        18,
        19,
        20,
        21,
        22,
        23,
        24,
        25,
        26,
        27,
        28,
        29,
        30,
        31,
        32,
        33,
        34,
        35,
        36,
        37,
        38,
        39,
        40,
        41,
        42,
        43,
        44,
        45,
        46,
        47,
        48,
        49,
        50,
        51,
        52,
        53,
        54,
        55,
        56,
        57,
        58,
        59,
        60,
        61,
        62,
        63,
        64
    ],
    "ellipse_area": 45673.2266905967,
    "fft_abs": [
        900.5421078002801,
        2339.515638557445,
        8987.995875333358
    ],
    "fft_bands": {
        "hf": [
            0.15,
            0.4
        ],
        "lf": [
            0.04,
            0.15
        ],
        "ulf": null,
        "vlf": [
            0.0,
            0.04
        ]
    },
    "fft_interpolation": "cubic",
    "fft_log": [
        6.802996923989493,
        7.757699194856464,
        9.103645174396943
    ],
    "fft_nfft": 4096.0,
    "fft_norm": [
        20.653394487293376,
        79.34660551270663
    ],
    "fft_peak": [
        0.01953125,
        0.146484375,
        0.2626953125
    ],
    "fft_ratio": 0.26029335916564095,
    "fft_rel": [
        7.364558053645003,
        19.132363260228335,
        73.50307868612667
    ],
    "fft_resampling_frequency": 4.0,
    "fft_total": 12228.053621691082,
    "fft_window": "hamming",
    "hr_max": 78.02340702210664,
    "hr_mean": 55.08576754576445,
    "hr_min": 43.82761139517896,
    "hr_std": 6.5711690032765695,
    "lomb_abs": [
        320.71105593833056,
        1240.542680465347,
        2464.5316949575076
    ],
    "lomb_bands": {
        "hf": [
            0.15,
            0.4
        ],
        "lf": [
            0.04,
            0.15
        ],
        "ulf": null,
        "vlf": [
            0.0,
            0.04
        ]
    },
    "lomb_log": [
        5.770540580499426,
        7.123304208396777,
        7.809757086666309
    ],
    "lomb_ma": "n/a",
    "lomb_nfft": 256.0,
    "lomb_norm": [
        33.48226121165964,
        66.51773878834037
    ],
    "lomb_peak": [
        0.028941176470588234,
        0.06752941176470588,
        0.36498039215686273
    ],
    "lomb_ratio": 0.5033583796075854,
    "lomb_rel": [
        7.966421991593646,
        30.81492299121116,
        61.2186550171952
    ],
    "lomb_total": 4025.785431361185,
    "nn20": 191.0,
    "nn50": 148.0,
    "nni_counter": 218.0,
    "nni_diff_max": 562.0,
    "nni_diff_mean": 117.7741935483871,
    "nni_diff_min": 0.0,
    "nni_max": 1369.0,
    "nni_mean": 1103.665137614679,
    "nni_min": 769.0,
    "pnn20": 88.0184331797235,
    "pnn50": 68.20276497695853,
    "rmssd": 150.23132700240396,
    "sampen": 1.9941768900251478,
    "sd1": 106.22873240171135,
    "sd2": 136.8578844992044,
    "sd_ratio": 1.2883320868563768,
    "sdann": "n/a",
    "sdnn": 122.98631588197365,
    "sdnn_index": "n/a",
    "sdsd": 93.48241901169,
    "tinn": 367.1875,
    "tinn_m": 1242.1875,
    "tinn_n": 875.0,
    "tri_index": 21.8
}