{
    "Comment": "None",
    "Name": "C:\\Users\\facartesvirtual1\\Documents\\HRV-Bienestar-Tecnologia\\HRV_Reports\\Experiencia_Mindfullness\\LeonidasVillamil-01-04-2022\\HRV_final.json",
    "ar_abs": [
        2641.249090882947,
        5632.788093431057,
        11816.17838497043
    ],
    "ar_bands": {
        "hf": [
            0.15,
            0.4
        ],
        "lf": [
            0.04,
            0.15
        ],
        "ulf": null,
        "vlf": [
            0.0,
            0.04
        ]
    },
    "ar_interpolation": "cubic",
    "ar_log": [
        7.87900722473066,
        8.636359819410448,
        9.37722492099726
    ],
    "ar_nfft": 4096.0,
    "ar_norm": [
        32.28149988369444,
        67.71850011630556
    ],
    "ar_order": 16.0,
    "ar_peak": [
        0.0,
        0.0400390625,
        0.283203125
    ],
    "ar_ratio": 0.4767013420003606,
    "ar_rel": [
        13.146942509273543,
        28.037469652853925,
        58.81558783787254
    ],
    "ar_resampling_frequency": 4.0,
    "ar_total": 20090.21556928443,
    "dfa_alpha1": 0.7142735426730833,
    "dfa_alpha1_beats": [
        4,
        5,
        6,
        7,
        8,
        9,
        10,
        11,
        12,
        13,
        14,
        15,
        16
    ],
    "dfa_alpha2": 1.1077476521954766,
    "dfa_alpha2_beats": [
        17,
        18,
        19,
        20,
        21,
        22,
        23,
        24,
        25,
        26,
        27,
        28,
        29,
        30,
        31,
        32,
        33,
        34,
        35,
        36,
        37,
        38,
        39,
        40,
        41,
        42,
        43,
        44,
        45,
        46,
        47,
        48,
        49,
        50,
        51,
        52,
        53,
        54,
        55,
        56,
        57,
        58,
        59,
        60,
        61,
        62,
        63,
        64
    ],
    "ellipse_area": 87054.19289708642,
    "fft_abs": [
        10975.973615032333,
        5847.722995974761,
        11488.342326699885
    ],
    "fft_bands": {
        "hf": [
            0.15,
            0.4
        ],
        "lf": [
            0.04,
            0.15
        ],
        "ulf": null,
        "vlf": [
            0.0,
            0.04
        ]
    },
    "fft_interpolation": "cubic",
    "fft_log": [
        9.303463946084527,
        8.67380763299837,
        9.349088089477382
    ],
    "fft_nfft": 4096.0,
    "fft_norm": [
        33.73154684832811,
        66.26845315167189
    ],
    "fft_peak": [
        0.0126953125,
        0.138671875,
        0.306640625
    ],
    "fft_ratio": 0.5090136444127501,
    "fft_rel": [
        38.767867051829114,
        20.65454561164281,
        40.577587336528076
    ],
    "fft_resampling_frequency": 4.0,
    "fft_total": 28312.03893770698,
    "fft_window": "hamming",
    "hr_max": 82.1917808219178,
    "hr_mean": 55.207747255249565,
    "hr_min": 42.643923240938165,
    "hr_std": 9.200553860647608,
    "lomb_abs": [
        266.2797766576617,
        1086.745311473322,
        2083.366057842655
    ],
    "lomb_bands": {
        "hf": [
            0.15,
            0.4
        ],
        "lf": [
            0.04,
            0.15
        ],
        "ulf": null,
        "vlf": [
            0.0,
            0.04
        ]
    },
    "lomb_log": [
        5.584547547982195,
        6.990942555595341,
        7.641740161703447
    ],
    "lomb_ma": "n/a",
    "lomb_nfft": 256.0,
    "lomb_norm": [
        34.28098211287169,
        65.7190178871283
    ],
    "lomb_peak": [
        0.014470588235294117,
        0.05788235294117647,
        0.36498039215686273
    ],
    "lomb_ratio": 0.521629555872988,
    "lomb_rel": [
        7.748820356776241,
        31.624610392406666,
        60.626569250817084
    ],
    "lomb_total": 3436.391145973639,
    "nn20": 190.0,
    "nn50": 156.0,
    "nni_counter": 215.0,
    "nni_diff_max": 508.0,
    "nni_diff_mean": 151.3551401869159,
    "nni_diff_min": 0.0,
    "nni_max": 1407.0,
    "nni_mean": 1115.0139534883722,
    "nni_min": 730.0,
    "pnn20": 88.78504672897196,
    "pnn50": 72.89719626168224,
    "rmssd": 197.49664613264918,
    "sampen": 2.0292917579943643,
    "sd1": 139.65038449310936,
    "sd2": 198.4255921204472,
    "sd_ratio": 1.4208739405958308,
    "sdann": "n/a",
    "sdnn": 172.12901266390864,
    "sdnn_index": "n/a",
    "sdsd": 127.16964030290008,
    "tinn": 414.0625,
    "tinn_m": 1406.25,
    "tinn_n": 992.1875,
    "tri_index": 26.875
}