{
    "Comment": "None",
    "Name": "C:\\Users\\facartesvirtual1\\Documents\\HRV-Bienestar-Tecnologia\\HRV_Reports\\Experiencia_Mindfullness\\LeonidasVillamil-01-04-2022\\HRV_baseline.json",
    "ar_abs": [
        2559.6801091919892,
        5369.734205809636,
        11199.65074364092
    ],
    "ar_bands": {
        "hf": [
            0.15,
            0.4
        ],
        "lf": [
            0.04,
            0.15
        ],
        "ulf": null,
        "vlf": [
            0.0,
            0.04
        ]
    },
    "ar_interpolation": "cubic",
    "ar_log": [
        7.847637572318909,
        8.5885336901531,
        9.323637873193478
    ],
    "ar_nfft": 4096.0,
    "ar_norm": [
        32.407565049586815,
        67.59243495041319
    ],
    "ar_order": 16.0,
    "ar_peak": [
        0.0,
        0.0400390625,
        0.314453125
    ],
    "ar_ratio": 0.4794555052405122,
    "ar_rel": [
        13.381104101768537,
        28.071075033453248,
        58.547820864778224
    ],
    "ar_resampling_frequency": 4.0,
    "ar_total": 19129.065058642544,
    "dfa_alpha1": 0.6578222185756388,
    "dfa_alpha1_beats": [
        4,
        5,
        6,
        7,
        8,
        9,
        10,
        11,
        12,
        13,
        14,
        15,
        16
    ],
    "dfa_alpha2": 1.001507025408797,
    "dfa_alpha2_beats": [
        17,
        18,
        19,
        20,
        21,
        22,
        23,
        24,
        25,
        26,
        27,
        28,
        29,
        30,
        31,
        32,
        33,
        34,
        35,
        36,
        37,
        38,
        39,
        40,
        41,
        42,
        43,
        44,
        45,
        46,
        47,
        48,
        49,
        50,
        51,
        52,
        53,
        54,
        55,
        56,
        57,
        58,
        59,
        60,
        61,
        62,
        63,
        64
    ],
    "ellipse_area": 49885.96915029862,
    "fft_abs": [
        3125.0475986323163,
        3057.773216372798,
        5989.860881860248
    ],
    "fft_bands": {
        "hf": [
            0.15,
            0.4
        ],
        "lf": [
            0.04,
            0.15
        ],
        "ulf": null,
        "vlf": [
            0.0,
            0.04
        ]
    },
    "fft_interpolation": "cubic",
    "fft_log": [
        8.047204793616844,
        8.025442222971401,
        8.697823465774722
    ],
    "fft_nfft": 4096.0,
    "fft_norm": [
        33.79638459263029,
        66.20361540736971
    ],
    "fft_peak": [
        0.00390625,
        0.1318359375,
        0.3193359375
    ],
    "fft_ratio": 0.5104915250424242,
    "fft_rel": [
        25.67263053824089,
        25.11996364088135,
        49.20740582087776
    ],
    "fft_resampling_frequency": 4.0,
    "fft_total": 12172.681696865362,
    "fft_window": "hamming",
    "hr_max": 83.91608391608392,
    "hr_mean": 62.67098892284258,
    "hr_min": 45.35147392290249,
    "hr_std": 8.187287047159375,
    "lomb_abs": [
        393.04388222349075,
        833.6711890396067,
        2131.457713297179
    ],
    "lomb_bands": {
        "hf": [
            0.15,
            0.4
        ],
        "lf": [
            0.04,
            0.15
        ],
        "ulf": null,
        "vlf": [
            0.0,
            0.04
        ]
    },
    "lomb_log": [
        5.97392126523755,
        6.725839066872453,
        7.664561397067433
    ],
    "lomb_ma": "n/a",
    "lomb_nfft": 256.0,
    "lomb_norm": [
        28.115849816262607,
        71.88415018373738
    ],
    "lomb_peak": [
        0.00803921568627451,
        0.10933333333333334,
        0.36498039215686273
    ],
    "lomb_ratio": 0.3911272477228695,
    "lomb_rel": [
        11.704099444512545,
        24.825142794097438,
        63.47075776139002
    ],
    "lomb_total": 3358.1727845602763,
    "nn20": 219.0,
    "nn50": 182.0,
    "nni_counter": 247.0,
    "nni_diff_max": 430.0,
    "nni_diff_mean": 116.7479674796748,
    "nni_diff_min": 0.0,
    "nni_max": 1323.0,
    "nni_mean": 974.1417004048583,
    "nni_min": 715.0,
    "pnn20": 89.02439024390245,
    "pnn50": 73.98373983739837,
    "rmssd": 147.20435438946606,
    "sampen": 1.6524039483175437,
    "sd1": 104.08911322818561,
    "sd2": 152.5538711007082,
    "sd_ratio": 1.4656083270329863,
    "sdann": "n/a",
    "sdnn": 130.65239739501283,
    "sdnn_index": "n/a",
    "sdsd": 89.8434551006551,
    "tinn": 265.625,
    "tinn_m": 1078.125,
    "tinn_n": 812.5,
    "tri_index": 20.583333333333332
}