{
    "Comment": "None",
    "Name": "C:\\Users\\facartesvirtual1\\Documents\\HRV-Bienestar-Tecnologia\\HRV_Reports\\Experiencia_Mindfullness\\LeonidasVillamil-01-04-2022\\HRV_olfative.json",
    "ar_abs": [
        2521.106038980872,
        5601.48809206471,
        11470.459662049958
    ],
    "ar_bands": {
        "hf": [
            0.15,
            0.4
        ],
        "lf": [
            0.04,
            0.15
        ],
        "ulf": null,
        "vlf": [
            0.0,
            0.04
        ]
    },
    "ar_interpolation": "cubic",
    "ar_log": [
        7.832452988572614,
        8.630787572148925,
        9.347530284477356
    ],
    "ar_nfft": 4096.0,
    "ar_norm": [
        32.81106627516853,
        67.18893372483146
    ],
    "ar_order": 16.0,
    "ar_peak": [
        0.0,
        0.0400390625,
        0.171875
    ],
    "ar_ratio": 0.4883403330903335,
    "ar_rel": [
        12.867346078890943,
        28.58915282536833,
        58.54350109574072
    ],
    "ar_resampling_frequency": 4.0,
    "ar_total": 19593.05379309554,
    "dfa_alpha1": 0.4042652356330862,
    "dfa_alpha1_beats": [
        4,
        5,
        6,
        7,
        8,
        9,
        10,
        11,
        12,
        13,
        14,
        15,
        16
    ],
    "dfa_alpha2": 1.2047164566410558,
    "dfa_alpha2_beats": [
        17,
        18,
        19,
        20,
        21,
        22,
        23,
        24,
        25,
        26,
        27,
        28,
        29,
        30,
        31,
        32,
        33,
        34,
        35,
        36,
        37,
        38,
        39,
        40,
        41,
        42,
        43,
        44,
        45,
        46,
        47,
        48,
        49,
        50,
        51,
        52,
        53,
        54,
        55,
        56,
        57,
        58,
        59,
        60,
        61,
        62,
        63,
        64
    ],
    "ellipse_area": 88968.82477334829,
    "fft_abs": [
        2534.726954767453,
        2684.4002806440185,
        15970.972491189365
    ],
    "fft_bands": {
        "hf": [
            0.15,
            0.4
        ],
        "lf": [
            0.04,
            0.15
        ],
        "ulf": null,
        "vlf": [
            0.0,
            0.04
        ]
    },
    "fft_interpolation": "cubic",
    "fft_log": [
        7.837841200073223,
        7.895212622830353,
        9.67852813423227
    ],
    "fft_nfft": 4096.0,
    "fft_norm": [
        14.389421822205726,
        85.61057817779427
    ],
    "fft_peak": [
        0.001953125,
        0.1279296875,
        0.1669921875
    ],
    "fft_ratio": 0.16807995143219423,
    "fft_rel": [
        11.961845330937743,
        12.668181439817278,
        75.36997322924499
    ],
    "fft_resampling_frequency": 4.0,
    "fft_total": 21190.099726600834,
    "fft_window": "hamming",
    "hr_max": 89.68609865470852,
    "hr_mean": 56.37477723646584,
    "hr_min": 43.35260115606936,
    "hr_std": 10.774334665898175,
    "lomb_abs": [
        378.00646448029147,
        851.0232391528684,
        2161.862365016663
    ],
    "lomb_bands": {
        "hf": [
            0.15,
            0.4
        ],
        "lf": [
            0.04,
            0.15
        ],
        "ulf": null,
        "vlf": [
            0.0,
            0.04
        ]
    },
    "lomb_log": [
        5.934911297273066,
        6.74643943625324,
        7.678725335218344
    ],
    "lomb_ma": "n/a",
    "lomb_nfft": 256.0,
    "lomb_norm": [
        28.246118537495672,
        71.75388146250432
    ],
    "lomb_peak": [
        0.020901960784313726,
        0.11415686274509804,
        0.36498039215686273
    ],
    "lomb_ratio": 0.3936528305058445,
    "lomb_rel": [
        11.147699685729165,
        25.09732607006058,
        63.75497424421026
    ],
    "lomb_total": 3390.8920686498227,
    "nn20": 190.0,
    "nn50": 154.0,
    "nni_counter": 219.0,
    "nni_diff_max": 508.0,
    "nni_diff_mean": 136.6697247706422,
    "nni_diff_min": 0.0,
    "nni_max": 1384.0,
    "nni_mean": 1098.13698630137,
    "nni_min": 669.0,
    "pnn20": 87.1559633027523,
    "pnn50": 70.64220183486239,
    "rmssd": 182.97583436974062,
    "sampen": 1.3596261140377293,
    "sd1": 129.3827661504916,
    "sd2": 218.88275641417417,
    "sd_ratio": 1.6917458400880117,
    "sdann": "n/a",
    "sdnn": 181.26132853443568,
    "sdnn_index": "n/a",
    "sdsd": 121.94159325982326,
    "tinn": 453.125,
    "tinn_m": 1382.8125,
    "tinn_n": 929.6875,
    "tri_index": 27.375
}