{
    "Comment": "None",
    "Name": "C:\\Users\\facartesvirtual1\\Documents\\HRV-Bienestar-Tecnologia\\HRV_Reports\\Experiencia_Mindfullness\\LeonidasVillamil-01-04-2022\\HRV_interactive.json",
    "ar_abs": [
        2592.4478065761855,
        5541.381426449622,
        10986.854541006785
    ],
    "ar_bands": {
        "hf": [
            0.15,
            0.4
        ],
        "lf": [
            0.04,
            0.15
        ],
        "ulf": null,
        "vlf": [
            0.0,
            0.04
        ]
    },
    "ar_interpolation": "cubic",
    "ar_log": [
        7.860357807432819,
        8.619999103612356,
        9.304454795422087
    ],
    "ar_nfft": 4096.0,
    "ar_norm": [
        33.526756499365284,
        66.47324350063471
    ],
    "ar_order": 16.0,
    "ar_peak": [
        0.0,
        0.0400390625,
        0.150390625
    ],
    "ar_ratio": 0.504364684702728,
    "ar_rel": [
        13.558342563548567,
        28.98108400273456,
        57.460573433716874
    ],
    "ar_resampling_frequency": 4.0,
    "ar_total": 19120.683774032594,
    "dfa_alpha1": 0.874049823747602,
    "dfa_alpha1_beats": [
        4,
        5,
        6,
        7,
        8,
        9,
        10,
        11,
        12,
        13,
        14,
        15,
        16
    ],
    "dfa_alpha2": 1.128886109193556,
    "dfa_alpha2_beats": [
        17,
        18,
        19,
        20,
        21,
        22,
        23,
        24,
        25,
        26,
        27,
        28,
        29,
        30,
        31,
        32,
        33,
        34,
        35,
        36,
        37,
        38,
        39,
        40,
        41,
        42,
        43,
        44,
        45,
        46,
        47,
        48,
        49,
        50,
        51,
        52,
        53,
        54,
        55,
        56,
        57,
        58,
        59,
        60,
        61,
        62,
        63,
        64
    ],
    "ellipse_area": 38297.761354391056,
    "fft_abs": [
        4222.898418711984,
        4002.6763529991035,
        3701.808084110691
    ],
    "fft_bands": {
        "hf": [
            0.15,
            0.4
        ],
        "lf": [
            0.04,
            0.15
        ],
        "ulf": null,
        "vlf": [
            0.0,
            0.04
        ]
    },
    "fft_interpolation": "cubic",
    "fft_log": [
        8.34827700034958,
        8.294718504612057,
        8.216576650652609
    ],
    "fft_nfft": 4096.0,
    "fft_norm": [
        51.95255290178299,
        48.047447098217006
    ],
    "fft_peak": [
        0.01953125,
        0.1494140625,
        0.150390625
    ],
    "fft_ratio": 1.0812760310778489,
    "fft_rel": [
        35.40507142059902,
        33.558714442082234,
        31.036214137318748
    ],
    "fft_resampling_frequency": 4.0,
    "fft_total": 11927.38285582178,
    "fft_window": "hamming",
    "hr_max": 77.31958762886597,
    "hr_mean": 55.81562368550392,
    "hr_min": 45.11278195488722,
    "hr_std": 6.60882461415617,
    "lomb_abs": [
        408.705669420067,
        921.6088919085087,
        2551.37196087911
    ],
    "lomb_bands": {
        "hf": [
            0.15,
            0.4
        ],
        "lf": [
            0.04,
            0.15
        ],
        "ulf": null,
        "vlf": [
            0.0,
            0.04
        ]
    },
    "lomb_log": [
        6.012995262311716,
        6.8261209382333075,
        7.844386517343681
    ],
    "lomb_ma": "n/a",
    "lomb_nfft": 256.0,
    "lomb_norm": [
        26.536538235411555,
        73.46346176458844
    ],
    "lomb_peak": [
        0.00803921568627451,
        0.06270588235294118,
        0.36498039215686273
    ],
    "lomb_ratio": 0.3612209062574145,
    "lomb_rel": [
        10.529074593782967,
        23.742486329997334,
        65.7284390762197
    ],
    "lomb_total": 3881.6865222076854,
    "nn20": 187.0,
    "nn50": 139.0,
    "nni_counter": 221.0,
    "nni_diff_max": 385.0,
    "nni_diff_mean": 91.61363636363636,
    "nni_diff_min": 0.0,
    "nni_max": 1330.0,
    "nni_mean": 1088.7737556561085,
    "nni_min": 776.0,
    "pnn20": 85.0,
    "pnn50": 63.18181818181819,
    "rmssd": 120.50264048408384,
    "sampen": 1.6876192099754581,
    "sd1": 85.2022190448423,
    "sd2": 143.07791738844563,
    "sd_ratio": 1.679274542287955,
    "sdann": "n/a",
    "sdnn": 118.25870499926701,
    "sdnn_index": "n/a",
    "sdsd": 78.45896344982255,
    "tinn": 281.25,
    "tinn_m": 1304.6875,
    "tinn_n": 1023.4375,
    "tri_index": 22.1
}