{
    "Comment": "None",
    "Name": "C:\\Users\\admin\\HRV-Bienestar-Tecnologia\\HRV_Reports\\Experiencia_Mindfullness\\25-03-2022_DanielaGonzalez\\HRV_sound.json",
    "ar_abs": [
        2370.5874173782686,
        4961.674706904381,
        8770.14255042735
    ],
    "ar_bands": {
        "hf": [
            0.15,
            0.4
        ],
        "lf": [
            0.04,
            0.15
        ],
        "ulf": null,
        "vlf": [
            0.0,
            0.04
        ]
    },
    "ar_interpolation": "cubic",
    "ar_log": [
        7.770893058851962,
        8.50949860525161,
        9.079108339558799
    ],
    "ar_nfft": 4096.0,
    "ar_norm": [
        36.13268814988948,
        63.86731185011052
    ],
    "ar_order": 16.0,
    "ar_peak": [
        0.0,
        0.0400390625,
        0.150390625
    ],
    "ar_ratio": 0.5657461869491061,
    "ar_rel": [
        14.721946599078143,
        30.813253095651316,
        54.46480030527054
    ],
    "ar_resampling_frequency": 4.0,
    "ar_total": 16102.40467471,
    "dfa_alpha1": 1.6534497969351876,
    "dfa_alpha1_beats": [
        4,
        5,
        6,
        7,
        8,
        9,
        10,
        11,
        12,
        13,
        14,
        15,
        16
    ],
    "dfa_alpha2": 0.9089528358725716,
    "dfa_alpha2_beats": [
        17,
        18,
        19,
        20,
        21,
        22,
        23,
        24,
        25,
        26,
        27,
        28,
        29,
        30,
        31,
        32,
        33,
        34,
        35,
        36,
        37,
        38,
        39,
        40,
        41,
        42,
        43,
        44,
        45,
        46,
        47,
        48,
        49,
        50,
        51,
        52,
        53,
        54,
        55,
        56,
        57,
        58,
        59,
        60,
        61,
        62,
        63,
        64
    ],
    "ellipse_area": 2978.2379388003787,
    "fft_abs": [
        683.1794641633103,
        1105.590408361819,
        157.56387053910424
    ],
    "fft_bands": {
        "hf": [
            0.15,
            0.4
        ],
        "lf": [
            0.04,
            0.15
        ],
        "ulf": null,
        "vlf": [
            0.0,
            0.04
        ]
    },
    "fft_interpolation": "cubic",
    "fft_log": [
        6.5267575837136285,
        7.008134777470906,
        5.05983090329415
    ],
    "fft_nfft": 4096.0,
    "fft_norm": [
        87.52615787548918,
        12.473842124510819
    ],
    "fft_peak": [
        0.0146484375,
        0.1171875,
        0.1728515625
    ],
    "fft_ratio": 7.016776146581353,
    "fft_rel": [
        35.100838517434255,
        56.80374253909917,
        8.095418943466585
    ],
    "fft_resampling_frequency": 4.0,
    "fft_total": 1946.3337430642337,
    "fft_window": "hamming",
    "hr_max": 109.89010989010988,
    "hr_mean": 95.6837377386044,
    "hr_min": 76.53061224489795,
    "hr_std": 6.804284578362202,
    "lomb_abs": [
        163.00374139597756,
        623.4418362314626,
        1201.9671532186971
    ],
    "lomb_bands": {
        "hf": [
            0.15,
            0.4
        ],
        "lf": [
            0.04,
            0.15
        ],
        "ulf": null,
        "vlf": [
            0.0,
            0.04
        ]
    },
    "lomb_log": [
        5.093773153892894,
        6.4352554748528314,
        7.091714787948639
    ],
    "lomb_ma": "n/a",
    "lomb_nfft": 256.0,
    "lomb_norm": [
        34.153542566877164,
        65.84645743312284
    ],
    "lomb_peak": [
        0.03215686274509804,
        0.0852156862745098,
        0.22992156862745097
    ],
    "lomb_ratio": 0.5186845868141854,
    "lomb_rel": [
        8.197681440442896,
        31.35374394661851,
        60.4485746129386
    ],
    "lomb_total": 1988.4127308461373,
    "nn20": 108.0,
    "nn50": 6.0,
    "nni_counter": 383.0,
    "nni_diff_max": 92.0,
    "nni_diff_mean": 15.256544502617801,
    "nni_diff_min": 0.0,
    "nni_max": 784.0,
    "nni_mean": 630.4255874673629,
    "nni_min": 546.0,
    "pnn20": 28.272251308900525,
    "pnn50": 1.5706806282722512,
    "rmssd": 20.42993389497087,
    "sampen": 0.7954296166803582,
    "sd1": 14.44530797551948,
    "sd2": 65.62702442442762,
    "sd_ratio": 4.54313778118445,
    "sdann": "n/a",
    "sdnn": 47.59783611944408,
    "sdnn_index": "n/a",
    "sdsd": 13.605315720324919,
    "tinn": 156.25,
    "tinn_m": 695.3125,
    "tinn_n": 539.0625,
    "tri_index": 10.63888888888889
}