{
    "Comment": "None",
    "Name": "C:\\Users\\admin\\HRV-Bienestar-Tecnologia\\HRV_Reports\\Experiencia_Mindfullness\\25-03-2022_DanielaGonzalez\\HRV_olfative.json",
    "ar_abs": [
        2410.736000553031,
        5024.373356266653,
        8957.226802722342
    ],
    "ar_bands": {
        "hf": [
            0.15,
            0.4
        ],
        "lf": [
            0.04,
            0.15
        ],
        "ulf": null,
        "vlf": [
            0.0,
            0.04
        ]
    },
    "ar_interpolation": "cubic",
    "ar_log": [
        7.787687374281662,
        8.522056019930368,
        9.100215949436558
    ],
    "ar_nfft": 4096.0,
    "ar_norm": [
        35.93561036743282,
        64.06438963256717
    ],
    "ar_order": 16.0,
    "ar_peak": [
        0.0,
        0.0400390625,
        0.150390625
    ],
    "ar_ratio": 0.5609295674794805,
    "ar_rel": [
        14.706482206623944,
        30.65074622290461,
        54.64277157047146
    ],
    "ar_resampling_frequency": 4.0,
    "ar_total": 16392.336159542025,
    "dfa_alpha1": 1.564935191661184,
    "dfa_alpha1_beats": [
        4,
        5,
        6,
        7,
        8,
        9,
        10,
        11,
        12,
        13,
        14,
        15,
        16
    ],
    "dfa_alpha2": 0.4332637289373835,
    "dfa_alpha2_beats": [
        17,
        18,
        19,
        20,
        21,
        22,
        23,
        24,
        25,
        26,
        27,
        28,
        29,
        30,
        31,
        32,
        33,
        34,
        35,
        36,
        37,
        38,
        39,
        40,
        41,
        42,
        43,
        44,
        45,
        46,
        47,
        48,
        49,
        50,
        51,
        52,
        53,
        54,
        55,
        56,
        57,
        58,
        59,
        60,
        61,
        62,
        63,
        64
    ],
    "ellipse_area": 2549.71815389328,
    "fft_abs": [
        415.25093406490794,
        1201.778512052902,
        58.09082465684136
    ],
    "fft_bands": {
        "hf": [
            0.15,
            0.4
        ],
        "lf": [
            0.04,
            0.15
        ],
        "ulf": null,
        "vlf": [
            0.0,
            0.04
        ]
    },
    "fft_interpolation": "cubic",
    "fft_log": [
        6.028882997894626,
        7.091557831937105,
        4.0620077280965035
    ],
    "fft_nfft": 4096.0,
    "fft_norm": [
        95.38913893971335,
        4.610861060286658
    ],
    "fft_peak": [
        0.0048828125,
        0.10546875,
        0.150390625
    ],
    "fft_ratio": 20.68792307825102,
    "fft_rel": [
        24.78932058250821,
        71.74281948705362,
        3.4678599304381614
    ],
    "fft_resampling_frequency": 4.0,
    "fft_total": 1675.1202707746513,
    "fft_window": "hamming",
    "hr_max": 108.499095840868,
    "hr_mean": 92.51386141310444,
    "hr_min": 77.31958762886597,
    "hr_std": 6.039578214982959,
    "lomb_abs": [
        223.5841403679436,
        417.85808821747924,
        1454.2177965637245
    ],
    "lomb_bands": {
        "hf": [
            0.15,
            0.4
        ],
        "lf": [
            0.04,
            0.15
        ],
        "ulf": null,
        "vlf": [
            0.0,
            0.04
        ]
    },
    "lomb_log": [
        5.409787810178378,
        6.0351418730088895,
        7.282223438185168
    ],
    "lomb_ma": "n/a",
    "lomb_nfft": 256.0,
    "lomb_norm": [
        22.320574268084002,
        77.679425731916
    ],
    "lomb_peak": [
        0.014470588235294117,
        0.06431372549019608,
        0.3955294117647059
    ],
    "lomb_ratio": 0.2873421637425055,
    "lomb_rel": [
        10.668912785700115,
        19.939211666154698,
        69.3918755481452
    ],
    "lomb_total": 2095.6600251491473,
    "nn20": 107.0,
    "nn50": 6.0,
    "nni_counter": 370.0,
    "nni_diff_max": 76.0,
    "nni_diff_mean": 14.742547425474255,
    "nni_diff_min": 0.0,
    "nni_max": 776.0,
    "nni_mean": 651.3648648648649,
    "nni_min": 553.0,
    "pnn20": 28.997289972899733,
    "pnn50": 1.6260162601626018,
    "rmssd": 19.328566836032085,
    "sampen": 0.7834000514737461,
    "sd1": 13.666412750406458,
    "sd2": 59.38650545604052,
    "sd_ratio": 4.345434792628686,
    "sdann": "n/a",
    "sdnn": 43.36027127821553,
    "sdnn_index": "n/a",
    "sdsd": 12.517003870107798,
    "tinn": 164.0625,
    "tinn_m": 726.5625,
    "tinn_n": 562.5,
    "tri_index": 9.736842105263158
}