{
    "Comment": "None",
    "Name": "C:\\Users\\admin\\HRV-Bienestar-Tecnologia\\HRV_Reports\\Experiencia_Mindfullness\\25-03-2022_DanielaGonzalez\\HRV_final.json",
    "ar_abs": [
        2432.823674788976,
        5066.787956942148,
        8968.944467500052
    ],
    "ar_bands": {
        "hf": [
            0.15,
            0.4
        ],
        "lf": [
            0.04,
            0.15
        ],
        "ulf": null,
        "vlf": [
            0.0,
            0.04
        ]
    },
    "ar_interpolation": "cubic",
    "ar_log": [
        7.796807867814068,
        8.530462356749888,
        9.101523274494426
    ],
    "ar_nfft": 4096.0,
    "ar_norm": [
        36.099205967468485,
        63.90079403253151
    ],
    "ar_order": 16.0,
    "ar_peak": [
        0.0,
        0.0400390625,
        0.150390625
    ],
    "ar_ratio": 0.5649257808766914,
    "ar_rel": [
        14.772537799488994,
        30.76643712060882,
        54.46102507990218
    ],
    "ar_resampling_frequency": 4.0,
    "ar_total": 16468.556099231177,
    "dfa_alpha1": 1.66004628478345,
    "dfa_alpha1_beats": [
        4,
        5,
        6,
        7,
        8,
        9,
        10,
        11,
        12,
        13,
        14,
        15,
        16
    ],
    "dfa_alpha2": 0.7430464956516173,
    "dfa_alpha2_beats": [
        17,
        18,
        19,
        20,
        21,
        22,
        23,
        24,
        25,
        26,
        27,
        28,
        29,
        30,
        31,
        32,
        33,
        34,
        35,
        36,
        37,
        38,
        39,
        40,
        41,
        42,
        43,
        44,
        45,
        46,
        47,
        48,
        49,
        50,
        51,
        52,
        53,
        54,
        55,
        56,
        57,
        58,
        59,
        60,
        61,
        62,
        63,
        64
    ],
    "ellipse_area": 4598.597379279586,
    "fft_abs": [
        689.2862433632816,
        2121.735455858653,
        230.0363386819089
    ],
    "fft_bands": {
        "hf": [
            0.15,
            0.4
        ],
        "lf": [
            0.04,
            0.15
        ],
        "ulf": null,
        "vlf": [
            0.0,
            0.04
        ]
    },
    "fft_interpolation": "cubic",
    "fft_log": [
        6.535656632291151,
        7.659989644040692,
        5.438237290712585
    ],
    "fft_nfft": 4096.0,
    "fft_norm": [
        90.21859437144714,
        9.78140562855285
    ],
    "fft_peak": [
        0.0205078125,
        0.109375,
        0.177734375
    ],
    "fft_ratio": 9.223479507698825,
    "fft_rel": [
        22.666000936910642,
        69.76964692594731,
        7.564352137142031
    ],
    "fft_resampling_frequency": 4.0,
    "fft_total": 3041.058037903844,
    "fft_window": "hamming",
    "hr_max": 108.499095840868,
    "hr_mean": 91.72779416757476,
    "hr_min": 69.68641114982579,
    "hr_std": 7.827064683074154,
    "lomb_abs": [
        288.60177734954067,
        474.6859819242265,
        1249.3380081807227
    ],
    "lomb_bands": {
        "hf": [
            0.15,
            0.4
        ],
        "lf": [
            0.04,
            0.15
        ],
        "ulf": null,
        "vlf": [
            0.0,
            0.04
        ]
    },
    "lomb_log": [
        5.665047804843124,
        6.162653494731999,
        7.130369096556779
    ],
    "lomb_ma": "n/a",
    "lomb_nfft": 256.0,
    "lomb_norm": [
        27.533606530343594,
        72.46639346965641
    ],
    "lomb_peak": [
        0.00803921568627451,
        0.059490196078431375,
        0.20098039215686275
    ],
    "lomb_ratio": 0.37995000457519174,
    "lomb_rel": [
        14.33956486180517,
        23.58540716313075,
        62.07502797506408
    ],
    "lomb_total": 2012.62576745449,
    "nn20": 140.0,
    "nn50": 16.0,
    "nni_counter": 366.0,
    "nni_diff_max": 123.0,
    "nni_diff_mean": 18.438356164383563,
    "nni_diff_min": 0.0,
    "nni_max": 861.0,
    "nni_mean": 659.0245901639345,
    "nni_min": 553.0,
    "pnn20": 38.35616438356164,
    "pnn50": 4.383561643835616,
    "rmssd": 25.836790164944972,
    "sampen": 0.995896777386262,
    "sd1": 18.269343234858344,
    "sd2": 80.12214722698064,
    "sd_ratio": 4.385606324047034,
    "sdann": "n/a",
    "sdnn": 58.136277752600094,
    "sdnn_index": "n/a",
    "sdsd": 18.123649098099428,
    "tinn": 218.75,
    "tinn_m": 757.8125,
    "tinn_n": 539.0625,
    "tri_index": 13.071428571428571
}