{
    "Comment": "None",
    "Name": "C:\\Users\\admin\\HRV-Bienestar-Tecnologia\\HRV_Reports\\Experiencia_Mindfullness\\25-03-2022_DanielaGonzalez\\HRV_baseline.json",
    "ar_abs": [
        2425.9331302823443,
        4936.336975293759,
        8823.613860105328
    ],
    "ar_bands": {
        "hf": [
            0.15,
            0.4
        ],
        "lf": [
            0.04,
            0.15
        ],
        "ulf": null,
        "vlf": [
            0.0,
            0.04
        ]
    },
    "ar_interpolation": "cubic",
    "ar_log": [
        7.793971525349312,
        8.50437883215569,
        9.085186799788314
    ],
    "ar_nfft": 4096.0,
    "ar_norm": [
        35.874670152123315,
        64.1253298478767
    ],
    "ar_order": 16.0,
    "ar_peak": [
        0.0,
        0.0400390625,
        0.150390625
    ],
    "ar_ratio": 0.5594461695125487,
    "ar_rel": [
        14.987955773228057,
        30.49779045593163,
        54.51425377084031
    ],
    "ar_resampling_frequency": 4.0,
    "ar_total": 16185.88396568143,
    "dfa_alpha1": 1.4882642224214768,
    "dfa_alpha1_beats": [
        4,
        5,
        6,
        7,
        8,
        9,
        10,
        11,
        12,
        13,
        14,
        15,
        16
    ],
    "dfa_alpha2": 0.5856496996903726,
    "dfa_alpha2_beats": [
        17,
        18,
        19,
        20,
        21,
        22,
        23,
        24,
        25,
        26,
        27,
        28,
        29,
        30,
        31,
        32,
        33,
        34,
        35,
        36,
        37,
        38,
        39,
        40,
        41,
        42,
        43,
        44,
        45,
        46,
        47,
        48,
        49,
        50,
        51,
        52,
        53,
        54,
        55,
        56,
        57,
        58,
        59,
        60,
        61,
        62,
        63,
        64
    ],
    "ellipse_area": 2580.864609052662,
    "fft_abs": [
        416.3796146828959,
        721.9702285847715,
        75.78196414841301
    ],
    "fft_bands": {
        "hf": [
            0.15,
            0.4
        ],
        "lf": [
            0.04,
            0.15
        ],
        "ulf": null,
        "vlf": [
            0.0,
            0.04
        ]
    },
    "fft_interpolation": "cubic",
    "fft_log": [
        6.031597379449476,
        6.581983903395524,
        4.327860324341563
    ],
    "fft_nfft": 4096.0,
    "fft_norm": [
        90.50056335304124,
        9.499436646958735
    ],
    "fft_peak": [
        0.00390625,
        0.1201171875,
        0.166015625
    ],
    "fft_ratio": 9.526940040388101,
    "fft_rel": [
        34.294432625814856,
        59.463908627949635,
        6.2416587462355055
    ],
    "fft_resampling_frequency": 4.0,
    "fft_total": 1214.1318074160804,
    "fft_window": "hamming",
    "hr_max": 109.89010989010988,
    "hr_mean": 90.66234586243192,
    "hr_min": 75.0,
    "hr_std": 5.820400424244031,
    "lomb_abs": [
        172.49593518168962,
        498.05272696984144,
        1503.9277553280651
    ],
    "lomb_bands": {
        "hf": [
            0.15,
            0.4
        ],
        "lf": [
            0.04,
            0.15
        ],
        "ulf": null,
        "vlf": [
            0.0,
            0.04
        ]
    },
    "lomb_log": [
        5.150373672029657,
        6.210705948869512,
        7.315835468334833
    ],
    "lomb_ma": "n/a",
    "lomb_nfft": 256.0,
    "lomb_norm": [
        24.87800112807135,
        75.12199887192865
    ],
    "lomb_peak": [
        0.009647058823529411,
        0.14470588235294118,
        0.3328235294117647
    ],
    "lomb_ratio": 0.3311679867635642,
    "lomb_rel": [
        7.932757228134353,
        22.90448969536892,
        69.16275307649671
    ],
    "lomb_total": 2174.4764174795964,
    "nn20": 105.0,
    "nn50": 8.0,
    "nni_counter": 363.0,
    "nni_diff_max": 77.0,
    "nni_diff_mean": 14.994475138121548,
    "nni_diff_min": 0.0,
    "nni_max": 800.0,
    "nni_mean": 664.5289256198347,
    "nni_min": 546.0,
    "pnn20": 29.005524861878452,
    "pnn50": 2.209944751381215,
    "rmssd": 19.699819109021707,
    "sampen": 0.8970921028490569,
    "sd1": 13.929476315715696,
    "sd2": 58.976712501134465,
    "sd_ratio": 4.233950448991036,
    "sdann": "n/a",
    "sdnn": 42.873785158472934,
    "sdnn_index": "n/a",
    "sdsd": 12.794561360839133,
    "tinn": 164.0625,
    "tinn_m": 757.8125,
    "tinn_n": 593.75,
    "tri_index": 11.34375
}