{
    "Comment": "None",
    "Name": "C:\\Users\\facartesvirtual1\\Documents\\HRV-Bienestar-Tecnologia\\HRV_Reports\\Experiencia_Mindfullness\\CarlosEspinosa-29-03-2022\\HRV_interactive.json",
    "ar_abs": [
        2347.8700623550544,
        4746.501165772365,
        8237.439804326657
    ],
    "ar_bands": {
        "hf": [
            0.15,
            0.4
        ],
        "lf": [
            0.04,
            0.15
        ],
        "ulf": null,
        "vlf": [
            0.0,
            0.04
        ]
    },
    "ar_interpolation": "cubic",
    "ar_log": [
        7.76126383970419,
        8.465163028928558,
        9.016444871266813
    ],
    "ar_nfft": 4096.0,
    "ar_norm": [
        36.556706293591276,
        63.44329370640873
    ],
    "ar_order": 16.0,
    "ar_peak": [
        0.0,
        0.0400390625,
        0.150390625
    ],
    "ar_ratio": 0.5762107254828496,
    "ar_rel": [
        15.313716412138978,
        30.958515962172147,
        53.72776762568887
    ],
    "ar_resampling_frequency": 4.0,
    "ar_total": 15331.811032454078,
    "dfa_alpha1": 1.7468004026936543,
    "dfa_alpha1_beats": [
        4,
        5,
        6,
        7,
        8,
        9,
        10,
        11,
        12,
        13,
        14,
        15,
        16
    ],
    "dfa_alpha2": 1.2611825939800563,
    "dfa_alpha2_beats": [
        17,
        18,
        19,
        20,
        21,
        22,
        23,
        24,
        25,
        26,
        27,
        28,
        29,
        30,
        31,
        32,
        33,
        34,
        35,
        36,
        37,
        38,
        39,
        40,
        41,
        42,
        43,
        44,
        45,
        46,
        47,
        48,
        49,
        50,
        51,
        52,
        53,
        54,
        55,
        56,
        57,
        58,
        59,
        60,
        61,
        62,
        63,
        64
    ],
    "ellipse_area": 1878.8642642024151,
    "fft_abs": [
        735.4810435483232,
        609.0927973620863,
        39.39683248767133
    ],
    "fft_bands": {
        "hf": [
            0.15,
            0.4
        ],
        "lf": [
            0.04,
            0.15
        ],
        "ulf": null,
        "vlf": [
            0.0,
            0.04
        ]
    },
    "fft_interpolation": "cubic",
    "fft_log": [
        6.600524766151664,
        6.41197063272259,
        3.6736854193582147
    ],
    "fft_nfft": 4096.0,
    "fft_norm": [
        93.9248323066016,
        6.075167693398398
    ],
    "fft_peak": [
        0.0302734375,
        0.0458984375,
        0.19140625
    ],
    "fft_ratio": 15.46045097794837,
    "fft_rel": [
        53.14281998060603,
        44.010527756818206,
        2.846652262575751
    ],
    "fft_resampling_frequency": 4.0,
    "fft_total": 1383.970673398081,
    "fft_window": "hamming",
    "hr_max": 130.1518438177874,
    "hr_mean": 112.66692363483632,
    "hr_min": 80.42895442359249,
    "hr_std": 8.79923259306035,
    "lomb_abs": [
        159.89678173194753,
        464.92671064112847,
        995.2923138069351
    ],
    "lomb_bands": {
        "hf": [
            0.15,
            0.4
        ],
        "lf": [
            0.04,
            0.15
        ],
        "ulf": null,
        "vlf": [
            0.0,
            0.04
        ]
    },
    "lomb_log": [
        5.074528492882813,
        6.1418797816409,
        6.903036476733437
    ],
    "lomb_ma": "n/a",
    "lomb_nfft": 256.0,
    "lomb_norm": [
        31.83951878841343,
        68.16048121158659
    ],
    "lomb_peak": [
        0.006431372549019608,
        0.09325490196078431,
        0.3376470588235294
    ],
    "lomb_ratio": 0.46712579228388784,
    "lomb_rel": [
        9.869466190133657,
        28.69712824648971,
        61.43340556337663
    ],
    "lomb_total": 1620.115806180011,
    "nn20": 33.0,
    "nn50": 5.0,
    "nni_counter": 450.0,
    "nni_diff_max": 100.0,
    "nni_diff_mean": 7.616926503340757,
    "nni_diff_min": 0.0,
    "nni_max": 746.0,
    "nni_mean": 536.08,
    "nni_min": 461.0,
    "pnn20": 7.349665924276169,
    "pnn50": 1.1135857461024499,
    "rmssd": 13.182123279836626,
    "sampen": 0.3497566973107362,
    "sd1": 9.320657348038104,
    "sd2": 64.16511709004598,
    "sd_ratio": 6.884183667963294,
    "sdann": "n/a",
    "sdnn": 45.87125199365588,
    "sdnn_index": "n/a",
    "sdsd": 10.770755643856909,
    "tinn": 78.125,
    "tinn_m": 570.3125,
    "tinn_n": 492.1875,
    "tri_index": 5.487804878048781
}