{
    "Comment": "None",
    "Name": "C:\\Users\\facartesvirtual1\\Documents\\HRV-Bienestar-Tecnologia\\HRV_Reports\\Experiencia_Mindfullness\\CarlosEspinosa-29-03-2022\\HRV_sound.json",
    "ar_abs": [
        2352.9083850005354,
        4860.3166265034215,
        9076.29210975522
    ],
    "ar_bands": {
        "hf": [
            0.15,
            0.4
        ],
        "lf": [
            0.04,
            0.15
        ],
        "ulf": null,
        "vlf": [
            0.0,
            0.04
        ]
    },
    "ar_interpolation": "cubic",
    "ar_log": [
        7.763407452567972,
        8.488858864258704,
        9.11342103023805
    ],
    "ar_nfft": 4096.0,
    "ar_norm": [
        34.87445703959828,
        65.12554296040172
    ],
    "ar_order": 16.0,
    "ar_peak": [
        0.0,
        0.0400390625,
        0.150390625
    ],
    "ar_ratio": 0.5354958354942699,
    "ar_rel": [
        14.444310211809741,
        29.83708228011439,
        55.71860750807587
    ],
    "ar_resampling_frequency": 4.0,
    "ar_total": 16289.517121259178,
    "dfa_alpha1": 1.6790148012247306,
    "dfa_alpha1_beats": [
        4,
        5,
        6,
        7,
        8,
        9,
        10,
        11,
        12,
        13,
        14,
        15,
        16
    ],
    "dfa_alpha2": 0.8561956263421144,
    "dfa_alpha2_beats": [
        17,
        18,
        19,
        20,
        21,
        22,
        23,
        24,
        25,
        26,
        27,
        28,
        29,
        30,
        31,
        32,
        33,
        34,
        35,
        36,
        37,
        38,
        39,
        40,
        41,
        42,
        43,
        44,
        45,
        46,
        47,
        48,
        49,
        50,
        51,
        52,
        53,
        54,
        55,
        56,
        57,
        58,
        59,
        60,
        61,
        62,
        63,
        64
    ],
    "ellipse_area": 5575.401919157583,
    "fft_abs": [
        827.7571464099719,
        877.9107101877593,
        164.74041921109327
    ],
    "fft_bands": {
        "hf": [
            0.15,
            0.4
        ],
        "lf": [
            0.04,
            0.15
        ],
        "ulf": null,
        "vlf": [
            0.0,
            0.04
        ]
    },
    "fft_interpolation": "cubic",
    "fft_log": [
        6.718719809926749,
        6.777544891638769,
        5.104371018192961
    ],
    "fft_nfft": 4096.0,
    "fft_norm": [
        84.1998522261156,
        15.800147773884392
    ],
    "fft_peak": [
        0.017578125,
        0.0888671875,
        0.150390625
    ],
    "fft_ratio": 5.329054729810003,
    "fft_rel": [
        44.25542578675895,
        46.93684911162631,
        8.80772510161474
    ],
    "fft_resampling_frequency": 4.0,
    "fft_total": 1870.4082758088246,
    "fft_window": "hamming",
    "hr_max": 121.95121951219512,
    "hr_mean": 106.8758852527326,
    "hr_min": 54.54545454545455,
    "hr_std": 7.667737945498298,
    "lomb_abs": [
        219.32889205474802,
        617.0258478907084,
        1220.9191581203386
    ],
    "lomb_bands": {
        "hf": [
            0.15,
            0.4
        ],
        "lf": [
            0.04,
            0.15
        ],
        "ulf": null,
        "vlf": [
            0.0,
            0.04
        ]
    },
    "lomb_log": [
        5.390572393461683,
        6.424910915881567,
        7.107359262353103
    ],
    "lomb_ma": "n/a",
    "lomb_nfft": 256.0,
    "lomb_norm": [
        33.57150762795999,
        66.42849237204
    ],
    "lomb_peak": [
        0.03215686274509804,
        0.061098039215686274,
        0.34890196078431374
    ],
    "lomb_ratio": 0.5053781356340155,
    "lomb_rel": [
        10.661142022020323,
        29.992401520809793,
        59.346456457169886
    ],
    "lomb_total": 2057.273898065795,
    "nn20": 71.0,
    "nn50": 6.0,
    "nni_counter": 426.0,
    "nni_diff_max": 554.0,
    "nni_diff_mean": 12.936470588235293,
    "nni_diff_min": 0.0,
    "nni_max": 1100.0,
    "nni_mean": 564.7535211267606,
    "nni_min": 492.0,
    "pnn20": 16.705882352941178,
    "pnn50": 1.411764705882353,
    "rmssd": 40.458199198097546,
    "sampen": 0.5502824052031192,
    "sd1": 28.60819714600409,
    "sd2": 62.03486159084387,
    "sd_ratio": 2.1684296033841024,
    "sdann": "n/a",
    "sdnn": 48.31531530948387,
    "sdnn_index": "n/a",
    "sdsd": 38.37941433973483,
    "tinn": 125.0,
    "tinn_m": 617.1875,
    "tinn_n": 492.1875,
    "tri_index": 8.875
}