{
    "Comment": "None",
    "Name": "C:\\Users\\facartesvirtual1\\Documents\\HRV-Bienestar-Tecnologia\\HRV_Reports\\Experiencia_Mindfullness\\CarlosEspinosa-29-03-2022\\HRV_olfative.json",
    "ar_abs": [
        2335.123041128504,
        4783.414332364902,
        8259.12319403905
    ],
    "ar_bands": {
        "hf": [
            0.15,
            0.4
        ],
        "lf": [
            0.04,
            0.15
        ],
        "ulf": null,
        "vlf": [
            0.0,
            0.04
        ]
    },
    "ar_interpolation": "cubic",
    "ar_log": [
        7.755819862988153,
        8.472909865971737,
        9.019073710037894
    ],
    "ar_nfft": 4096.0,
    "ar_norm": [
        36.67548836015326,
        63.32451163984674
    ],
    "ar_order": 16.0,
    "ar_peak": [
        0.0,
        0.0400390625,
        0.150390625
    ],
    "ar_ratio": 0.5791673304761079,
    "ar_rel": [
        15.185164419994768,
        31.106255150827945,
        53.70858042917729
    ],
    "ar_resampling_frequency": 4.0,
    "ar_total": 15377.660567532457,
    "dfa_alpha1": 1.6785730152029372,
    "dfa_alpha1_beats": [
        4,
        5,
        6,
        7,
        8,
        9,
        10,
        11,
        12,
        13,
        14,
        15,
        16
    ],
    "dfa_alpha2": 0.8241333999908608,
    "dfa_alpha2_beats": [
        17,
        18,
        19,
        20,
        21,
        22,
        23,
        24,
        25,
        26,
        27,
        28,
        29,
        30,
        31,
        32,
        33,
        34,
        35,
        36,
        37,
        38,
        39,
        40,
        41,
        42,
        43,
        44,
        45,
        46,
        47,
        48,
        49,
        50,
        51,
        52,
        53,
        54,
        55,
        56,
        57,
        58,
        59,
        60,
        61,
        62,
        63,
        64
    ],
    "ellipse_area": 1740.2900000820669,
    "fft_abs": [
        409.60104006429475,
        1019.4439138303918,
        144.81203629484182
    ],
    "fft_bands": {
        "hf": [
            0.15,
            0.4
        ],
        "lf": [
            0.04,
            0.15
        ],
        "ulf": null,
        "vlf": [
            0.0,
            0.04
        ]
    },
    "fft_interpolation": "cubic",
    "fft_log": [
        6.015183612941544,
        6.927012575093068,
        4.975436600080204
    ],
    "fft_nfft": 4096.0,
    "fft_norm": [
        87.56183841884038,
        12.43816158115963
    ],
    "fft_peak": [
        0.0048828125,
        0.1220703125,
        0.19921875
    ],
    "fft_ratio": 7.039773349742643,
    "fft_rel": [
        26.0253023379824,
        64.77360523764153,
        9.201092424376062
    ],
    "fft_resampling_frequency": 4.0,
    "fft_total": 1573.8569901895285,
    "fft_window": "hamming",
    "hr_max": 139.53488372093022,
    "hr_mean": 112.39964977264728,
    "hr_min": 78.84362680683311,
    "hr_std": 7.208123752376834,
    "lomb_abs": [
        198.1277967428373,
        499.3347827926491,
        1137.134558757032
    ],
    "lomb_bands": {
        "hf": [
            0.15,
            0.4
        ],
        "lf": [
            0.04,
            0.15
        ],
        "ulf": null,
        "vlf": [
            0.0,
            0.04
        ]
    },
    "lomb_log": [
        5.28891226058409,
        6.213276778193859,
        7.036266832181013
    ],
    "lomb_ma": "n/a",
    "lomb_nfft": 256.0,
    "lomb_norm": [
        30.512932330268768,
        69.48706766973123
    ],
    "lomb_peak": [
        0.00803921568627451,
        0.04984313725490196,
        0.34890196078431374
    ],
    "lomb_ratio": 0.4391167069431582,
    "lomb_rel": [
        10.79952609798777,
        27.217680240000046,
        61.982793662012185
    ],
    "lomb_total": 1834.5971382925184,
    "nn20": 42.0,
    "nn50": 9.0,
    "nni_counter": 449.0,
    "nni_diff_max": 123.0,
    "nni_diff_mean": 9.263392857142858,
    "nni_diff_min": 0.0,
    "nni_max": 761.0,
    "nni_mean": 536.2071269487751,
    "nni_min": 430.0,
    "pnn20": 9.375,
    "pnn50": 2.0089285714285716,
    "rmssd": 14.956186011146023,
    "sampen": 0.8814799190441808,
    "sd1": 10.575371319981379,
    "sd2": 52.381282424217254,
    "sd_ratio": 4.95313883922418,
    "sdann": "n/a",
    "sdnn": 37.80730445987646,
    "sdnn_index": "n/a",
    "sdsd": 11.755232986067412,
    "tinn": 78.125,
    "tinn_m": 570.3125,
    "tinn_n": 492.1875,
    "tri_index": 5.756410256410256
}