{
    "Comment": "None",
    "Name": "C:\\Users\\facartesvirtual1\\Documents\\HRV-Bienestar-Tecnologia\\HRV_Reports\\Experiencia_Mindfullness\\CarlosEspinosa-29-03-2022\\HRV_video.json",
    "ar_abs": [
        2349.4944926234125,
        4783.55111447896,
        8257.687249143359
    ],
    "ar_bands": {
        "hf": [
            0.15,
            0.4
        ],
        "lf": [
            0.04,
            0.15
        ],
        "ulf": null,
        "vlf": [
            0.0,
            0.04
        ]
    },
    "ar_interpolation": "cubic",
    "ar_log": [
        7.761955474476881,
        8.4729384606426,
        9.01889983325893
    ],
    "ar_nfft": 4096.0,
    "ar_norm": [
        36.68019080014949,
        63.31980919985051
    ],
    "ar_order": 16.0,
    "ar_peak": [
        0.0,
        0.0400390625,
        0.150390625
    ],
    "ar_ratio": 0.5792846071973965,
    "ar_rel": [
        15.26564403767142,
        31.080723440259973,
        53.653632522068605
    ],
    "ar_resampling_frequency": 4.0,
    "ar_total": 15390.732856245731,
    "dfa_alpha1": 1.7075560536940801,
    "dfa_alpha1_beats": [
        4,
        5,
        6,
        7,
        8,
        9,
        10,
        11,
        12,
        13,
        14,
        15,
        16
    ],
    "dfa_alpha2": 0.7305881359477061,
    "dfa_alpha2_beats": [
        17,
        18,
        19,
        20,
        21,
        22,
        23,
        24,
        25,
        26,
        27,
        28,
        29,
        30,
        31,
        32,
        33,
        34,
        35,
        36,
        37,
        38,
        39,
        40,
        41,
        42,
        43,
        44,
        45,
        46,
        47,
        48,
        49,
        50,
        51,
        52,
        53,
        54,
        55,
        56,
        57,
        58,
        59,
        60,
        61,
        62,
        63,
        64
    ],
    "ellipse_area": 1403.2210039272013,
    "fft_abs": [
        170.85983438534515,
        682.8624210754862,
        59.43143010641142
    ],
    "fft_bands": {
        "hf": [
            0.15,
            0.4
        ],
        "lf": [
            0.04,
            0.15
        ],
        "ulf": null,
        "vlf": [
            0.0,
            0.04
        ]
    },
    "fft_interpolation": "cubic",
    "fft_log": [
        5.14084353842267,
        6.526293406008768,
        4.084823212801165
    ],
    "fft_nfft": 4096.0,
    "fft_norm": [
        91.99354406455296,
        8.006455935447034
    ],
    "fft_peak": [
        0.0068359375,
        0.0986328125,
        0.1669921875
    ],
    "fft_ratio": 11.489920734749735,
    "fft_rel": [
        18.710961482809825,
        74.78066746796277,
        6.5083710492273985
    ],
    "fft_resampling_frequency": 4.0,
    "fft_total": 913.1536855672427,
    "fft_window": "hamming",
    "hr_max": 116.50485436893204,
    "hr_mean": 104.07476184036979,
    "hr_min": 83.91608391608392,
    "hr_std": 6.056623285340306,
    "lomb_abs": [
        260.452075454335,
        508.49245665602706,
        1051.3593815850713
    ],
    "lomb_bands": {
        "hf": [
            0.15,
            0.4
        ],
        "lf": [
            0.04,
            0.15
        ],
        "ulf": null,
        "vlf": [
            0.0,
            0.04
        ]
    },
    "lomb_log": [
        5.5624188728841,
        6.231450380877161,
        6.957839254944651
    ],
    "lomb_ma": "n/a",
    "lomb_nfft": 256.0,
    "lomb_norm": [
        32.598766382158914,
        67.40123361784109
    ],
    "lomb_peak": [
        0.00803921568627451,
        0.09968627450980393,
        0.35211764705882354
    ],
    "lomb_ratio": 0.48365237002917455,
    "lomb_rel": [
        14.308164339744032,
        27.93448131547039,
        57.75735434478557
    ],
    "lomb_total": 1820.3039136954335,
    "nn20": 41.0,
    "nn50": 4.0,
    "nni_counter": 417.0,
    "nni_diff_max": 70.0,
    "nni_diff_mean": 9.427884615384615,
    "nni_diff_min": 0.0,
    "nni_max": 715.0,
    "nni_mean": 578.5275779376499,
    "nni_min": 515.0,
    "pnn20": 9.85576923076923,
    "pnn50": 0.9615384615384616,
    "rmssd": 13.052777482206613,
    "sampen": 1.3838642262665988,
    "sd1": 9.229376272102108,
    "sd2": 48.39537417072277,
    "sd_ratio": 5.243623484829501,
    "sdann": "n/a",
    "sdnn": 34.89227697409299,
    "sdnn_index": "n/a",
    "sdsd": 9.038050293328014,
    "tinn": 132.8125,
    "tinn_m": 632.8125,
    "tinn_n": 500.0,
    "tri_index": 8.176470588235293
}