{
    "Comment": "None",
    "Name": "C:\\Users\\facartesvirtual1\\Documents\\HRV-Bienestar-Tecnologia\\HRV_Reports\\Experiencia_Mindfullness\\CarlosEspinosa-29-03-2022\\HRV_baseline.json",
    "ar_abs": [
        2313.8159538413997,
        4657.8635281849465,
        8398.31332751613
    ],
    "ar_bands": {
        "hf": [
            0.15,
            0.4
        ],
        "lf": [
            0.04,
            0.15
        ],
        "ulf": null,
        "vlf": [
            0.0,
            0.04
        ]
    },
    "ar_interpolation": "cubic",
    "ar_log": [
        7.746653368653306,
        8.44631215164345,
        9.035786170326205
    ],
    "ar_nfft": 4096.0,
    "ar_norm": [
        35.675554794212644,
        64.32444520578737
    ],
    "ar_order": 16.0,
    "ar_peak": [
        0.0,
        0.0400390625,
        0.150390625
    ],
    "ar_ratio": 0.5546189272224435,
    "ar_rel": [
        15.05411214249147,
        30.304916768035877,
        54.64097108947266
    ],
    "ar_resampling_frequency": 4.0,
    "ar_total": 15369.992809542477,
    "dfa_alpha1": 1.4706707551770206,
    "dfa_alpha1_beats": [
        4,
        5,
        6,
        7,
        8,
        9,
        10,
        11,
        12,
        13,
        14,
        15,
        16
    ],
    "dfa_alpha2": 1.2153329537190456,
    "dfa_alpha2_beats": [
        17,
        18,
        19,
        20,
        21,
        22,
        23,
        24,
        25,
        26,
        27,
        28,
        29,
        30,
        31,
        32,
        33,
        34,
        35,
        36,
        37,
        38,
        39,
        40,
        41,
        42,
        43,
        44,
        45,
        46,
        47,
        48,
        49,
        50,
        51,
        52,
        53,
        54,
        55,
        56,
        57,
        58,
        59,
        60,
        61,
        62,
        63,
        64
    ],
    "ellipse_area": 1491.4038766311944,
    "fft_abs": [
        131.01665732221159,
        304.21717435543246,
        413.5920113282012
    ],
    "fft_bands": {
        "hf": [
            0.15,
            0.4
        ],
        "lf": [
            0.04,
            0.15
        ],
        "ulf": null,
        "vlf": [
            0.0,
            0.04
        ]
    },
    "fft_interpolation": "cubic",
    "fft_log": [
        4.8753244702490095,
        5.717741835678712,
        6.024880008037183
    ],
    "fft_nfft": 4096.0,
    "fft_norm": [
        42.38134317906497,
        57.61865682093504
    ],
    "fft_peak": [
        0.0068359375,
        0.1015625,
        0.1875
    ],
    "fft_ratio": 0.7355489613507656,
    "fft_rel": [
        15.435045763717326,
        35.8397634640982,
        48.725190772184476
    ],
    "fft_resampling_frequency": 4.0,
    "fft_total": 848.8258430058452,
    "fft_window": "hamming",
    "hr_max": 127.9317697228145,
    "hr_mean": 109.37396025789542,
    "hr_min": 78.02340702210664,
    "hr_std": 5.318801492423061,
    "lomb_abs": [
        196.76289801755465,
        457.32030175523374,
        1119.0669456552848
    ],
    "lomb_bands": {
        "hf": [
            0.15,
            0.4
        ],
        "lf": [
            0.04,
            0.15
        ],
        "ulf": null,
        "vlf": [
            0.0,
            0.04
        ]
    },
    "lomb_log": [
        5.2819994405112665,
        6.12538402450744,
        7.0202505328452665
    ],
    "lomb_ma": "n/a",
    "lomb_nfft": 256.0,
    "lomb_norm": [
        29.010657280212037,
        70.98934271978797
    ],
    "lomb_peak": [
        0.030549019607843137,
        0.09325490196078431,
        0.3263921568627451
    ],
    "lomb_ratio": 0.40866214798922834,
    "lomb_rel": [
        11.096798459221976,
        25.7914031101313,
        63.11179843064673
    ],
    "lomb_total": 1773.1501454280733,
    "nn20": 6.0,
    "nn50": 2.0,
    "nni_counter": 437.0,
    "nni_diff_max": 269.0,
    "nni_diff_mean": 6.88302752293578,
    "nni_diff_min": 0.0,
    "nni_max": 769.0,
    "nni_mean": 549.8901601830663,
    "nni_min": 469.0,
    "pnn20": 1.3761467889908259,
    "pnn50": 0.45871559633027525,
    "rmssd": 18.531834746796356,
    "sampen": 1.1423026200223254,
    "sd1": 13.103508191363659,
    "sd2": 36.22912210162365,
    "sd_ratio": 2.764841412889852,
    "sdann": "n/a",
    "sdnn": 27.38264064075123,
    "sdnn_index": "n/a",
    "sdsd": 17.22595171310512,
    "tinn": 78.125,
    "tinn_m": 593.75,
    "tinn_n": 515.625,
    "tri_index": 5.395061728395062
}