{
    "Comment": "None",
    "Name": "C:\\Users\\Juan Pablo Botero T\\OneDrive - Universidad de los Andes\\Documentos\\JPB\\Personal\\Bienestar y Tecnolog\u00eda\\Codigo\\HRV-Bienestar-Tecnologia\\HRV_Reports\\Grupo_Control\\10-03-2022-ManuelaOlaya\\Momento_2.json",
    "ar_abs": [
        2457.111637597714,
        5207.982115286513,
        9906.066612733595
    ],
    "ar_bands": {
        "hf": [
            0.15,
            0.4
        ],
        "lf": [
            0.04,
            0.15
        ],
        "ulf": null,
        "vlf": [
            0.0,
            0.04
        ]
    },
    "ar_interpolation": "cubic",
    "ar_log": [
        7.806741808036676,
        8.557947749797737,
        9.200902637609078
    ],
    "ar_nfft": 4096.0,
    "ar_norm": [
        34.457888875476335,
        65.54211112452367
    ],
    "ar_order": 16.0,
    "ar_peak": [
        0.0,
        0.0400390625,
        0.150390625
    ],
    "ar_ratio": 0.5257366338110422,
    "ar_rel": [
        13.983775609979865,
        29.639375015193508,
        56.37684937482662
    ],
    "ar_resampling_frequency": 4.0,
    "ar_total": 17571.160365617823,
    "dfa_alpha1": 0.7280698742492928,
    "dfa_alpha1_beats": [
        4,
        5,
        6,
        7,
        8,
        9,
        10,
        11,
        12,
        13,
        14,
        15,
        16
    ],
    "dfa_alpha2": 0.7923229237588754,
    "dfa_alpha2_beats": [
        17,
        18,
        19,
        20,
        21,
        22,
        23,
        24,
        25,
        26,
        27,
        28,
        29,
        30,
        31,
        32,
        33,
        34,
        35,
        36,
        37,
        38,
        39,
        40,
        41,
        42,
        43,
        44,
        45,
        46,
        47,
        48,
        49,
        50,
        51,
        52,
        53,
        54,
        55,
        56,
        57,
        58,
        59,
        60,
        61,
        62,
        63,
        64
    ],
    "ellipse_area": 8986.160177589074,
    "fft_abs": [
        843.6073129514044,
        962.4042169530445,
        2417.7395433724614
    ],
    "fft_bands": {
        "hf": [
            0.15,
            0.4
        ],
        "lf": [
            0.04,
            0.15
        ],
        "ulf": null,
        "vlf": [
            0.0,
            0.04
        ]
    },
    "fft_interpolation": "cubic",
    "fft_log": [
        6.737687117309821,
        6.869434546356028,
        7.790588309646126
    ],
    "fft_nfft": 4096.0,
    "fft_norm": [
        28.472286541456615,
        71.52771345854339
    ],
    "fft_peak": [
        0.0068359375,
        0.0751953125,
        0.17578125
    ],
    "fft_ratio": 0.398059509590766,
    "fft_rel": [
        19.972941073369388,
        22.7855335282906,
        57.24152539834001
    ],
    "fft_resampling_frequency": 4.0,
    "fft_total": 4223.751073276911,
    "fft_window": "hamming",
    "hr_max": 82.98755186721992,
    "hr_mean": 70.69468975255623,
    "hr_min": 59.11330049261084,
    "hr_std": 4.806403237409797,
    "lomb_abs": [
        282.7636218183616,
        816.2249721562642,
        2159.9131948523805
    ],
    "lomb_bands": {
        "hf": [
            0.15,
            0.4
        ],
        "lf": [
            0.04,
            0.15
        ],
        "ulf": null,
        "vlf": [
            0.0,
            0.04
        ]
    },
    "lomb_log": [
        5.644611290028055,
        6.704690018137415,
        7.677823312302326
    ],
    "lomb_ma": "n/a",
    "lomb_nfft": 256.0,
    "lomb_norm": [
        27.42564109436702,
        72.57435890563298
    ],
    "lomb_peak": [
        0.01607843137254902,
        0.04180392156862745,
        0.36498039215686273
    ],
    "lomb_ratio": 0.3778971183200949,
    "lomb_rel": [
        8.676653674799393,
        25.046013198515332,
        66.27733312668528
    ],
    "lomb_total": 3258.9017888270064,
    "nn20": 196.0,
    "nn50": 101.0,
    "nni_counter": 281.0,
    "nni_diff_max": 185.0,
    "nni_diff_mean": 43.78214285714286,
    "nni_diff_min": 0.0,
    "nni_max": 1015.0,
    "nni_mean": 852.6761565836299,
    "nni_min": 723.0,
    "pnn20": 70.0,
    "pnn50": 36.07142857142857,
    "rmssd": 55.42301610599801,
    "sampen": 1.7374251182647256,
    "sd1": 39.18976196153838,
    "sd2": 72.98803259292384,
    "sd_ratio": 1.8624260250561298,
    "sdann": "n/a",
    "sdnn": 58.601180212673626,
    "sdnn_index": "n/a",
    "sdsd": 34.043705343688806,
    "tinn": 234.375,
    "tinn_m": 937.5,
    "tinn_n": 703.125,
    "tri_index": 15.61111111111111
}