{
    "Comment": "None",
    "Name": "C:\\Users\\Juan Pablo Botero T\\OneDrive - Universidad de los Andes\\Documentos\\JPB\\Personal\\Bienestar y Tecnolog\u00eda\\Codigo\\HRV-Bienestar-Tecnologia\\HRV_Reports\\Grupo_Control\\10-03-2022-ManuelaOlaya\\Momento_3.json",
    "ar_abs": [
        2434.980633534937,
        5265.387066046718,
        9924.958734988855
    ],
    "ar_bands": {
        "hf": [
            0.15,
            0.4
        ],
        "lf": [
            0.04,
            0.15
        ],
        "ulf": null,
        "vlf": [
            0.0,
            0.04
        ]
    },
    "ar_interpolation": "cubic",
    "ar_log": [
        7.797694082111319,
        8.568909938683838,
        9.202807947863006
    ],
    "ar_nfft": 4096.0,
    "ar_norm": [
        34.662720223839536,
        65.33727977616046
    ],
    "ar_order": 16.0,
    "ar_peak": [
        0.0,
        0.0400390625,
        0.162109375
    ],
    "ar_ratio": 0.5305197942520847,
    "ar_rel": [
        13.815237082695612,
        29.87398324560463,
        56.31077967169976
    ],
    "ar_resampling_frequency": 4.0,
    "ar_total": 17625.32643457051,
    "dfa_alpha1": 0.585077120924095,
    "dfa_alpha1_beats": [
        4,
        5,
        6,
        7,
        8,
        9,
        10,
        11,
        12,
        13,
        14,
        15,
        16
    ],
    "dfa_alpha2": 0.756352454147017,
    "dfa_alpha2_beats": [
        17,
        18,
        19,
        20,
        21,
        22,
        23,
        24,
        25,
        26,
        27,
        28,
        29,
        30,
        31,
        32,
        33,
        34,
        35,
        36,
        37,
        38,
        39,
        40,
        41,
        42,
        43,
        44,
        45,
        46,
        47,
        48,
        49,
        50,
        51,
        52,
        53,
        54,
        55,
        56,
        57,
        58,
        59,
        60,
        61,
        62,
        63,
        64
    ],
    "ellipse_area": 16954.136627796335,
    "fft_abs": [
        5864.233002559605,
        2625.966088543645,
        5458.3422807141715
    ],
    "fft_bands": {
        "hf": [
            0.15,
            0.4
        ],
        "lf": [
            0.04,
            0.15
        ],
        "ulf": null,
        "vlf": [
            0.0,
            0.04
        ]
    },
    "fft_interpolation": "cubic",
    "fft_log": [
        8.676626977183577,
        7.873204141048835,
        8.60490041104881
    ],
    "fft_nfft": 4096.0,
    "fft_norm": [
        32.482260307256475,
        67.51773969274353
    ],
    "fft_peak": [
        0.0048828125,
        0.1494140625,
        0.1787109375
    ],
    "fft_ratio": 0.4810922352418073,
    "fft_rel": [
        42.04190851387586,
        18.8260981456407,
        39.13199334048345
    ],
    "fft_resampling_frequency": 4.0,
    "fft_total": 13948.54137181742,
    "fft_window": "hamming",
    "hr_max": 85.71428571428571,
    "hr_mean": 70.48951495095321,
    "hr_min": 49.382716049382715,
    "hr_std": 6.503689709570456,
    "lomb_abs": [
        333.67641747282033,
        838.3206543975396,
        1873.6436942732882
    ],
    "lomb_bands": {
        "hf": [
            0.15,
            0.4
        ],
        "lf": [
            0.04,
            0.15
        ],
        "ulf": null,
        "vlf": [
            0.0,
            0.04
        ]
    },
    "lomb_log": [
        5.810171713415388,
        6.731400669772284,
        7.535640313596975
    ],
    "lomb_ma": "n/a",
    "lomb_nfft": 256.0,
    "lomb_norm": [
        30.91193491567883,
        69.08806508432117
    ],
    "lomb_peak": [
        0.00803921568627451,
        0.07074509803921569,
        0.27815686274509804
    ],
    "lomb_ratio": 0.44742800189802934,
    "lomb_rel": [
        10.95586916165813,
        27.52526377098014,
        61.51886706736174
    ],
    "lomb_total": 3045.640766143648,
    "nn20": 188.0,
    "nn50": 99.0,
    "nni_counter": 281.0,
    "nni_diff_max": 262.0,
    "nni_diff_mean": 48.03214285714286,
    "nni_diff_min": 0.0,
    "nni_max": 1215.0,
    "nni_mean": 859.1957295373666,
    "nni_min": 700.0,
    "pnn20": 67.14285714285714,
    "pnn50": 35.35714285714286,
    "rmssd": 66.44173064745206,
    "sampen": 1.1838894358712588,
    "sd1": 46.981207638517226,
    "sd2": 114.86867987433054,
    "sd_ratio": 2.4449920648731096,
    "sdann": "n/a",
    "sdnn": 87.7916412160765,
    "sdnn_index": "n/a",
    "sdsd": 45.988806130389115,
    "tinn": 210.9375,
    "tinn_m": 937.5,
    "tinn_n": 726.5625,
    "tri_index": 14.789473684210526
}