{
    "Comment": "None",
    "Name": "C:\\Users\\Juan Pablo Botero T\\OneDrive - Universidad de los Andes\\Documentos\\JPB\\Personal\\Bienestar y Tecnolog\u00eda\\Codigo\\HRV-Bienestar-Tecnologia\\HRV_Reports\\LinaMoross-02-12\\HRV_interactive.json",
    "ar_abs": [
        2422.0832718962038,
        4941.214496360646,
        8898.517200666462
    ],
    "ar_bands": {
        "hf": [
            0.15,
            0.4
        ],
        "lf": [
            0.04,
            0.15
        ],
        "ulf": null,
        "vlf": [
            0.0,
            0.04
        ]
    },
    "ar_interpolation": "cubic",
    "ar_log": [
        7.792383304982043,
        8.505366429431659,
        9.093639935173108
    ],
    "ar_nfft": 4096.0,
    "ar_norm": [
        35.703109023580716,
        64.29689097641928
    ],
    "ar_order": 16.0,
    "ar_peak": [
        0.0,
        0.0400390625,
        0.150390625
    ],
    "ar_ratio": 0.5552851542491337,
    "ar_rel": [
        14.894298554772996,
        30.38538137227251,
        54.7203200729545
    ],
    "ar_resampling_frequency": 4.0,
    "ar_total": 16261.81496892331,
    "dfa_alpha1": 1.5475589163596806,
    "dfa_alpha1_beats": [
        4,
        5,
        6,
        7,
        8,
        9,
        10,
        11,
        12,
        13,
        14,
        15,
        16
    ],
    "dfa_alpha2": 0.718524222603304,
    "dfa_alpha2_beats": [
        17,
        18,
        19,
        20,
        21,
        22,
        23,
        24,
        25,
        26,
        27,
        28,
        29,
        30,
        31,
        32,
        33,
        34,
        35,
        36,
        37,
        38,
        39,
        40,
        41,
        42,
        43,
        44,
        45,
        46,
        47,
        48,
        49,
        50,
        51,
        52,
        53,
        54,
        55,
        56,
        57,
        58,
        59,
        60,
        61,
        62,
        63,
        64
    ],
    "ellipse_area": 3057.0062040173593,
    "fft_abs": [
        2595.66010612591,
        815.6540303425362,
        56.787837070234076
    ],
    "fft_bands": {
        "hf": [
            0.15,
            0.4
        ],
        "lf": [
            0.04,
            0.15
        ],
        "ulf": null,
        "vlf": [
            0.0,
            0.04
        ]
    },
    "fft_interpolation": "cubic",
    "fft_log": [
        7.86159613940828,
        6.703990282634783,
        4.039322166709272
    ],
    "fft_nfft": 4096.0,
    "fft_norm": [
        93.49093169512386,
        6.5090683048761315
    ],
    "fft_peak": [
        0.00390625,
        0.0419921875,
        0.154296875
    ],
    "fft_ratio": 14.3631818435654,
    "fft_rel": [
        74.84382310354692,
        23.518744159367465,
        1.6374327370855986
    ],
    "fft_resampling_frequency": 4.0,
    "fft_total": 3468.1019735386803,
    "fft_window": "hamming",
    "hr_max": 116.50485436893204,
    "hr_mean": 99.4040140295898,
    "hr_min": 75.75757575757575,
    "hr_std": 9.65956401834147,
    "lomb_abs": [
        215.35026934297235,
        622.4959696401525,
        1070.45979461315
    ],
    "lomb_bands": {
        "hf": [
            0.15,
            0.4
        ],
        "lf": [
            0.04,
            0.15
        ],
        "ulf": null,
        "vlf": [
            0.0,
            0.04
        ]
    },
    "lomb_log": [
        5.3722658622212895,
        6.433737153844253,
        6.9758435497468065
    ],
    "lomb_ma": "n/a",
    "lomb_nfft": 256.0,
    "lomb_norm": [
        36.76977170840087,
        63.23022829159913
    ],
    "lomb_peak": [
        0.00803921568627451,
        0.06431372549019608,
        0.3199607843137255
    ],
    "lomb_ratio": 0.5815220457346688,
    "lomb_rel": [
        11.284891707706684,
        32.620342789936856,
        56.09476550235646
    ],
    "lomb_total": 1908.3060335962748,
    "nn20": 83.0,
    "nn50": 2.0,
    "nni_counter": 395.0,
    "nni_diff_max": 61.0,
    "nni_diff_mean": 11.631979695431472,
    "nni_diff_min": 0.0,
    "nni_max": 792.0,
    "nni_mean": 609.5645569620253,
    "nni_min": 515.0,
    "pnn20": 21.065989847715734,
    "pnn50": 0.5076142131979695,
    "rmssd": 15.92120509175119,
    "sampen": 0.6432954451655546,
    "sd1": 11.255827679690038,
    "sd2": 86.45079904872036,
    "sd_ratio": 7.680536830242326,
    "sdann": "n/a",
    "sdnn": 61.92129243110767,
    "sdnn_index": "n/a",
    "sdsd": 10.884968398564812,
    "tinn": 195.3125,
    "tinn_m": 703.125,
    "tinn_n": 507.8125,
    "tri_index": 11.617647058823529
}