{
    "Comment": "None",
    "Name": "C:\\Users\\Juan Pablo Botero T\\OneDrive - Universidad de los Andes\\Documentos\\JPB\\Personal\\Bienestar y Tecnolog\u00eda\\Codigo\\HRV-Bienestar-Tecnologia\\HRV_Reports\\LinaMoross-02-12\\HRV_video.json",
    "ar_abs": [
        2453.213168333438,
        5034.754660999932,
        9083.473332845006
    ],
    "ar_bands": {
        "hf": [
            0.15,
            0.4
        ],
        "lf": [
            0.04,
            0.15
        ],
        "ulf": null,
        "vlf": [
            0.0,
            0.04
        ]
    },
    "ar_interpolation": "cubic",
    "ar_log": [
        7.805153941556368,
        8.524120077252455,
        9.11421192409478
    ],
    "ar_nfft": 4096.0,
    "ar_norm": [
        35.66137806525657,
        64.33862193474343
    ],
    "ar_order": 16.0,
    "ar_peak": [
        0.0,
        0.0400390625,
        0.150390625
    ],
    "ar_ratio": 0.5542763738618267,
    "ar_rel": [
        14.803861319753523,
        30.382117111762994,
        54.8140215684835
    ],
    "ar_resampling_frequency": 4.0,
    "ar_total": 16571.441162178373,
    "dfa_alpha1": 1.4121760225955786,
    "dfa_alpha1_beats": [
        4,
        5,
        6,
        7,
        8,
        9,
        10,
        11,
        12,
        13,
        14,
        15,
        16
    ],
    "dfa_alpha2": 0.8157897965284381,
    "dfa_alpha2_beats": [
        17,
        18,
        19,
        20,
        21,
        22,
        23,
        24,
        25,
        26,
        27,
        28,
        29,
        30,
        31,
        32,
        33,
        34,
        35,
        36,
        37,
        38,
        39,
        40,
        41,
        42,
        43,
        44,
        45,
        46,
        47,
        48,
        49,
        50,
        51,
        52,
        53,
        54,
        55,
        56,
        57,
        58,
        59,
        60,
        61,
        62,
        63,
        64
    ],
    "ellipse_area": 3343.336530362261,
    "fft_abs": [
        647.1928605061357,
        985.9657429712513,
        178.2724976901567
    ],
    "fft_bands": {
        "hf": [
            0.15,
            0.4
        ],
        "lf": [
            0.04,
            0.15
        ],
        "ulf": null,
        "vlf": [
            0.0,
            0.04
        ]
    },
    "fft_interpolation": "cubic",
    "fft_log": [
        6.472644334327033,
        6.893621610562203,
        5.183313265580585
    ],
    "fft_nfft": 4096.0,
    "fft_norm": [
        84.68762737179294,
        15.312372628207044
    ],
    "fft_peak": [
        0.0234375,
        0.080078125,
        0.373046875
    ],
    "fft_ratio": 5.530666568013712,
    "fft_rel": [
        35.72826259243273,
        54.43020948109783,
        9.841527926469439
    ],
    "fft_resampling_frequency": 4.0,
    "fft_total": 1811.4311011675438,
    "fft_window": "hamming",
    "hr_max": 98.84678747940691,
    "hr_mean": 80.96133602351671,
    "hr_min": 69.04487917146145,
    "hr_std": 5.050828354296423,
    "lomb_abs": [
        530.6462144176818,
        822.7308931568068,
        1619.4209268761583
    ],
    "lomb_bands": {
        "hf": [
            0.15,
            0.4
        ],
        "lf": [
            0.04,
            0.15
        ],
        "ulf": null,
        "vlf": [
            0.0,
            0.04
        ]
    },
    "lomb_log": [
        6.27409553632331,
        6.712629164408004,
        7.389823911779459
    ],
    "lomb_ma": "n/a",
    "lomb_nfft": 256.0,
    "lomb_norm": [
        33.688769322527264,
        66.31123067747274
    ],
    "lomb_peak": [
        0.00803921568627451,
        0.0868235294117647,
        0.29423529411764704
    ],
    "lomb_ratio": 0.508040176276988,
    "lomb_rel": [
        17.850059380698617,
        27.67530399382957,
        54.47463662547182
    ],
    "lomb_total": 2972.798034450647,
    "nn20": 160.0,
    "nn50": 11.0,
    "nni_counter": 322.0,
    "nni_diff_max": 84.0,
    "nni_diff_mean": 19.92834890965732,
    "nni_diff_min": 0.0,
    "nni_max": 869.0,
    "nni_mean": 743.916149068323,
    "nni_min": 607.0,
    "pnn20": 49.84423676012461,
    "pnn50": 3.4267912772585665,
    "rmssd": 24.286388377775257,
    "sampen": 1.3966333389150698,
    "sd1": 17.17275782115085,
    "sd2": 61.971238489311055,
    "sd_ratio": 3.6086946042518635,
    "sdann": "n/a",
    "sdnn": 45.527053202311706,
    "sdnn_index": "n/a",
    "sdsd": 13.902939440200466,
    "tinn": 187.5,
    "tinn_m": 843.75,
    "tinn_n": 656.25,
    "tri_index": 11.925925925925926
}