{
    "Comment": "None",
    "Name": "C:\\Users\\facartesvirtual1\\Documents\\HRV-Bienestar-Tecnologia\\HRV_Reports\\Grupo_Control\\10-03-222_LauraMejia\\Momento_6.json",
    "ar_abs": [
        2392.103765584941,
        4816.691581892585,
        8843.774891959587
    ],
    "ar_bands": {
        "hf": [
            0.15,
            0.4
        ],
        "lf": [
            0.04,
            0.15
        ],
        "ulf": null,
        "vlf": [
            0.0,
            0.04
        ]
    },
    "ar_interpolation": "cubic",
    "ar_log": [
        7.779928494390889,
        8.479842577570354,
        9.087469088460226
    ],
    "ar_nfft": 4096.0,
    "ar_norm": [
        35.26008127989137,
        64.73991872010865
    ],
    "ar_order": 16.0,
    "ar_peak": [
        0.0,
        0.0400390625,
        0.150390625
    ],
    "ar_ratio": 0.5446420381269239,
    "ar_rel": [
        14.901686956697723,
        30.005734346884775,
        55.092578696417505
    ],
    "ar_resampling_frequency": 4.0,
    "ar_total": 16052.570239437113,
    "dfa_alpha1": 1.0225204230774314,
    "dfa_alpha1_beats": [
        4,
        5,
        6,
        7,
        8,
        9,
        10,
        11,
        12,
        13,
        14,
        15,
        16
    ],
    "dfa_alpha2": 1.0889538831162724,
    "dfa_alpha2_beats": [
        17,
        18,
        19,
        20,
        21,
        22,
        23,
        24,
        25,
        26,
        27,
        28,
        29,
        30,
        31,
        32,
        33,
        34,
        35,
        36,
        37,
        38,
        39,
        40,
        41,
        42,
        43,
        44,
        45,
        46,
        47,
        48,
        49,
        50,
        51,
        52,
        53,
        54,
        55,
        56,
        57,
        58,
        59,
        60,
        61,
        62,
        63,
        64
    ],
    "ellipse_area": 1302.9263598348282,
    "fft_abs": [
        228.0988560065145,
        112.3111434707238,
        126.65359485614019
    ],
    "fft_bands": {
        "hf": [
            0.15,
            0.4
        ],
        "lf": [
            0.04,
            0.15
        ],
        "ulf": null,
        "vlf": [
            0.0,
            0.04
        ]
    },
    "fft_interpolation": "cubic",
    "fft_log": [
        5.429779113962178,
        4.721273086302545,
        4.841455760222833
    ],
    "fft_nfft": 4096.0,
    "fft_norm": [
        46.99904440173129,
        53.00095559826871
    ],
    "fft_peak": [
        0.0185546875,
        0.095703125,
        0.3203125
    ],
    "fft_ratio": 0.8867584342812591,
    "fft_rel": [
        48.836787703839555,
        24.046220864424484,
        27.116991431735944
    ],
    "fft_resampling_frequency": 4.0,
    "fft_total": 467.06359433337855,
    "fft_window": "hamming",
    "hr_max": 111.52416356877323,
    "hr_mean": 93.79766877331369,
    "hr_min": 83.91608391608392,
    "hr_std": 3.9968786502797933,
    "lomb_abs": [
        137.6235616152454,
        535.587998531415,
        1484.3659887161473
    ],
    "lomb_bands": {
        "hf": [
            0.15,
            0.4
        ],
        "lf": [
            0.04,
            0.15
        ],
        "ulf": null,
        "vlf": [
            0.0,
            0.04
        ]
    },
    "lomb_log": [
        4.924522143509538,
        6.283365206044335,
        7.302743016444931
    ],
    "lomb_ma": "n/a",
    "lomb_nfft": 256.0,
    "lomb_norm": [
        26.51486132420373,
        73.48513867579626
    ],
    "lomb_peak": [
        0.00803921568627451,
        0.11415686274509804,
        0.15596078431372548
    ],
    "lomb_ratio": 0.36081936840566786,
    "lomb_rel": [
        6.378614835317623,
        24.823580446214173,
        68.7978047184682
    ],
    "lomb_total": 2157.577548862808,
    "nn20": 83.0,
    "nn50": 3.0,
    "nni_counter": 376.0,
    "nni_diff_max": 62.0,
    "nni_diff_mean": 13.096,
    "nni_diff_min": 0.0,
    "nni_max": 715.0,
    "nni_mean": 640.7925531914893,
    "nni_min": 538.0,
    "pnn20": 22.133333333333333,
    "pnn50": 0.8,
    "rmssd": 16.6024094636893,
    "sampen": 1.9736600620082156,
    "sd1": 11.739445983520687,
    "sd2": 35.32827204001539,
    "sd_ratio": 3.00936450404965,
    "sdann": "n/a",
    "sdnn": 26.394232660384287,
    "sdnn_index": "n/a",
    "sdsd": 10.218278683385812,
    "tinn": 85.9375,
    "tinn_m": 679.6875,
    "tinn_n": 593.75,
    "tri_index": 5.968253968253968
}