{
    "Comment": "None",
    "Name": "C:\\Users\\facartesvirtual1\\Documents\\HRV-Bienestar-Tecnologia\\HRV_Reports\\Grupo_Control\\10-03-222_LauraMejia\\Momento_4.json",
    "ar_abs": [
        2430.807216243382,
        4920.748693126643,
        9186.416644376877
    ],
    "ar_bands": {
        "hf": [
            0.15,
            0.4
        ],
        "lf": [
            0.04,
            0.15
        ],
        "ulf": null,
        "vlf": [
            0.0,
            0.04
        ]
    },
    "ar_interpolation": "cubic",
    "ar_log": [
        7.795978668926936,
        8.50121597130888,
        9.125481220310125
    ],
    "ar_nfft": 4096.0,
    "ar_norm": [
        34.88120097412458,
        65.11879902587542
    ],
    "ar_order": 16.0,
    "ar_peak": [
        0.0,
        0.0400390625,
        0.150390625
    ],
    "ar_ratio": 0.5356548569064409,
    "ar_rel": [
        14.698338676905406,
        29.75424392037572,
        55.54741740271887
    ],
    "ar_resampling_frequency": 4.0,
    "ar_total": 16537.972553746902,
    "dfa_alpha1": 1.0031704966541095,
    "dfa_alpha1_beats": [
        4,
        5,
        6,
        7,
        8,
        9,
        10,
        11,
        12,
        13,
        14,
        15,
        16
    ],
    "dfa_alpha2": 0.9370476338506659,
    "dfa_alpha2_beats": [
        17,
        18,
        19,
        20,
        21,
        22,
        23,
        24,
        25,
        26,
        27,
        28,
        29,
        30,
        31,
        32,
        33,
        34,
        35,
        36,
        37,
        38,
        39,
        40,
        41,
        42,
        43,
        44,
        45,
        46,
        47,
        48,
        49,
        50,
        51,
        52,
        53,
        54,
        55,
        56,
        57,
        58,
        59,
        60,
        61,
        62,
        63,
        64
    ],
    "ellipse_area": 4546.075915392623,
    "fft_abs": [
        854.6555518591473,
        632.3370608729924,
        645.730649780794
    ],
    "fft_bands": {
        "hf": [
            0.15,
            0.4
        ],
        "lf": [
            0.04,
            0.15
        ],
        "ulf": null,
        "vlf": [
            0.0,
            0.04
        ]
    },
    "fft_interpolation": "cubic",
    "fft_log": [
        6.750698524442896,
        6.449422576146197,
        6.470382466030721
    ],
    "fft_nfft": 4096.0,
    "fft_norm": [
        49.476021935451676,
        50.52397806454833
    ],
    "fft_peak": [
        0.00390625,
        0.134765625,
        0.3154296875
    ],
    "fft_ratio": 0.9792582419429087,
    "fft_rel": [
        40.073438822631324,
        29.649278553276798,
        30.27728262409188
    ],
    "fft_resampling_frequency": 4.0,
    "fft_total": 2132.7232625129336,
    "fft_window": "hamming",
    "hr_max": 97.5609756097561,
    "hr_mean": 84.73861392908002,
    "hr_min": 61.47540983606557,
    "hr_std": 5.655232378241927,
    "lomb_abs": [
        258.12955114918725,
        651.9001795207167,
        1360.818282578462
    ],
    "lomb_bands": {
        "hf": [
            0.15,
            0.4
        ],
        "lf": [
            0.04,
            0.15
        ],
        "ulf": null,
        "vlf": [
            0.0,
            0.04
        ]
    },
    "lomb_log": [
        5.553461595130564,
        6.4798914513112145,
        7.215841476160759
    ],
    "lomb_ma": "n/a",
    "lomb_nfft": 256.0,
    "lomb_norm": [
        32.38903958980993,
        67.61096041019006
    ],
    "lomb_peak": [
        0.030549019607843137,
        0.11576470588235294,
        0.29584313725490197
    ],
    "lomb_ratio": 0.4790501331930257,
    "lomb_rel": [
        11.367099411463572,
        28.70734526121795,
        59.92555532731848
    ],
    "lomb_total": 2270.848013248366,
    "nn20": 135.0,
    "nn50": 17.0,
    "nni_counter": 339.0,
    "nni_diff_max": 200.0,
    "nni_diff_mean": 20.633136094674555,
    "nni_diff_min": 0.0,
    "nni_max": 976.0,
    "nni_mean": 711.3244837758112,
    "nni_min": 615.0,
    "pnn20": 39.94082840236686,
    "pnn50": 5.029585798816568,
    "rmssd": 30.95329560605364,
    "sampen": 1.12965691035007,
    "sd1": 21.88643897295731,
    "sd2": 66.1167816746924,
    "sd_ratio": 3.0209017445179507,
    "sdann": "n/a",
    "sdnn": 49.332716162586124,
    "sdnn_index": "n/a",
    "sdsd": 23.10757380146876,
    "tinn": 210.9375,
    "tinn_m": 828.125,
    "tinn_n": 617.1875,
    "tri_index": 13.038461538461538
}