{
    "Comment": "None",
    "Name": "C:\\Users\\facartesvirtual1\\Documents\\HRV-Bienestar-Tecnologia\\HRV_Reports\\Grupo_Control\\10-03-222_LauraMejia\\Momento_5.json",
    "ar_abs": [
        2446.868820776592,
        4951.12571034027,
        9204.715720129228
    ],
    "ar_bands": {
        "hf": [
            0.15,
            0.4
        ],
        "lf": [
            0.04,
            0.15
        ],
        "ulf": null,
        "vlf": [
            0.0,
            0.04
        ]
    },
    "ar_interpolation": "cubic",
    "ar_log": [
        7.802564453822862,
        8.507370245937942,
        9.127471209988677
    ],
    "ar_nfft": 4096.0,
    "ar_norm": [
        34.97584890773998,
        65.02415109226001
    ],
    "ar_order": 16.0,
    "ar_peak": [
        0.0,
        0.0400390625,
        0.150390625
    ],
    "ar_ratio": 0.537890127286925,
    "ar_rel": [
        14.737767411154731,
        29.821189645640363,
        55.4410429432049
    ],
    "ar_resampling_frequency": 4.0,
    "ar_total": 16602.71025124609,
    "dfa_alpha1": 1.1735940075920277,
    "dfa_alpha1_beats": [
        4,
        5,
        6,
        7,
        8,
        9,
        10,
        11,
        12,
        13,
        14,
        15,
        16
    ],
    "dfa_alpha2": 1.3304344780903068,
    "dfa_alpha2_beats": [
        17,
        18,
        19,
        20,
        21,
        22,
        23,
        24,
        25,
        26,
        27,
        28,
        29,
        30,
        31,
        32,
        33,
        34,
        35,
        36,
        37,
        38,
        39,
        40,
        41,
        42,
        43,
        44,
        45,
        46,
        47,
        48,
        49,
        50,
        51,
        52,
        53,
        54,
        55,
        56,
        57,
        58,
        59,
        60,
        61,
        62,
        63,
        64
    ],
    "ellipse_area": 6411.295851969079,
    "fft_abs": [
        3321.0988214178374,
        279.1229395344383,
        215.28534683025327
    ],
    "fft_bands": {
        "hf": [
            0.15,
            0.4
        ],
        "lf": [
            0.04,
            0.15
        ],
        "ulf": null,
        "vlf": [
            0.0,
            0.04
        ]
    },
    "fft_interpolation": "cubic",
    "fft_log": [
        8.108050977458522,
        5.631652328259142,
        5.371964342742767
    ],
    "fft_nfft": 4096.0,
    "fft_norm": [
        56.4559590185647,
        43.544040981435295
    ],
    "fft_peak": [
        0.00390625,
        0.0859375,
        0.2236328125
    ],
    "fft_ratio": 1.2965254888179605,
    "fft_rel": [
        87.04213431141979,
        7.315487342825501,
        5.642378345754711
    ],
    "fft_resampling_frequency": 4.0,
    "fft_total": 3815.507107782529,
    "fft_window": "hamming",
    "hr_max": 114.72275334608031,
    "hr_mean": 98.94789229825183,
    "hr_min": 60.97560975609756,
    "hr_std": 10.375049907499518,
    "lomb_abs": [
        261.646487288862,
        652.826705232217,
        1202.4877344231159
    ],
    "lomb_bands": {
        "hf": [
            0.15,
            0.4
        ],
        "lf": [
            0.04,
            0.15
        ],
        "ulf": null,
        "vlf": [
            0.0,
            0.04
        ]
    },
    "lomb_log": [
        5.566994307499211,
        6.48131171156349,
        7.092147801863958
    ],
    "lomb_ma": "n/a",
    "lomb_nfft": 256.0,
    "lomb_norm": [
        35.186849801777775,
        64.81315019822222
    ],
    "lomb_peak": [
        0.00803921568627451,
        0.14470588235294118,
        0.2588627450980392
    ],
    "lomb_ratio": 0.542896768544093,
    "lomb_rel": [
        12.359533138221177,
        30.837919440230944,
        56.80254742154788
    ],
    "lomb_total": 2116.960926944195,
    "nn20": 79.0,
    "nn50": 11.0,
    "nni_counter": 391.0,
    "nni_diff_max": 292.0,
    "nni_diff_mean": 13.684615384615384,
    "nni_diff_min": 0.0,
    "nni_max": 984.0,
    "nni_mean": 613.7851662404092,
    "nni_min": 523.0,
    "pnn20": 20.256410256410255,
    "pnn50": 2.8205128205128207,
    "rmssd": 29.304895889201227,
    "sampen": 0.3451391274765683,
    "sd1": 20.72167275809294,
    "sd2": 98.48523701513682,
    "sd_ratio": 4.752764806435474,
    "sdann": "n/a",
    "sdnn": 71.47802161690798,
    "sdnn_index": "n/a",
    "sdsd": 25.94676216939873,
    "tinn": 54.6875,
    "tinn_m": 585.9375,
    "tinn_n": 531.25,
    "tri_index": 6.409836065573771
}