{
    "Comment": "None",
    "Name": "C:\\Users\\admin\\HRV-Bienestar-Tecnologia\\HRV_Reports\\Experiencia_Mindfullness\\28-03-2022_AndresMateoChilito\\HRV_sound.json",
    "ar_abs": [
        2562.6050189665566,
        5716.168698944319,
        11207.608612008296
    ],
    "ar_bands": {
        "hf": [
            0.15,
            0.4
        ],
        "lf": [
            0.04,
            0.15
        ],
        "ulf": null,
        "vlf": [
            0.0,
            0.04
        ]
    },
    "ar_interpolation": "cubic",
    "ar_log": [
        7.848779605618222,
        8.651054052075462,
        9.324348166993861
    ],
    "ar_nfft": 4096.0,
    "ar_norm": [
        33.775962622983506,
        66.22403737701649
    ],
    "ar_order": 16.0,
    "ar_peak": [
        0.0,
        0.0400390625,
        0.1689453125
    ],
    "ar_ratio": 0.5100257242048745,
    "ar_rel": [
        13.150747920161464,
        29.334170920826992,
        57.51508115901155
    ],
    "ar_resampling_frequency": 4.0,
    "ar_total": 19486.38232991917,
    "dfa_alpha1": 0.5341544243516967,
    "dfa_alpha1_beats": [
        4,
        5,
        6,
        7,
        8,
        9,
        10,
        11,
        12,
        13,
        14,
        15,
        16
    ],
    "dfa_alpha2": 0.15449118175057105,
    "dfa_alpha2_beats": [
        17,
        18,
        19,
        20,
        21,
        22,
        23,
        24,
        25,
        26,
        27,
        28,
        29,
        30,
        31,
        32,
        33,
        34,
        35,
        36,
        37,
        38,
        39,
        40,
        41,
        42,
        43,
        44,
        45,
        46,
        47,
        48,
        49,
        50,
        51,
        52,
        53,
        54,
        55,
        56,
        57,
        58,
        59,
        60,
        61,
        62,
        63,
        64
    ],
    "ellipse_area": 61917.64757009373,
    "fft_abs": [
        1513.3690062948388,
        16063.022086242041,
        7359.901681154888
    ],
    "fft_bands": {
        "hf": [
            0.15,
            0.4
        ],
        "lf": [
            0.04,
            0.15
        ],
        "ulf": null,
        "vlf": [
            0.0,
            0.04
        ]
    },
    "fft_interpolation": "cubic",
    "fft_log": [
        7.322093574530982,
        9.68427514453298,
        8.903801853094958
    ],
    "fft_nfft": 4096.0,
    "fft_norm": [
        68.5782110113881,
        31.4217889886119
    ],
    "fft_peak": [
        0.0078125,
        0.138671875,
        0.1572265625
    ],
    "fft_ratio": 2.182504982012408,
    "fft_rel": [
        6.068941442215781,
        64.41623954298777,
        29.514819014796434
    ],
    "fft_resampling_frequency": 4.0,
    "fft_total": 24936.29277369177,
    "fft_window": "hamming",
    "hr_max": 100.0,
    "hr_mean": 74.37153787682836,
    "hr_min": 53.097345132743364,
    "hr_std": 14.025446567571791,
    "lomb_abs": [
        308.4832881930084,
        841.5454830602436,
        1539.3487039064296
    ],
    "lomb_bands": {
        "hf": [
            0.15,
            0.4
        ],
        "lf": [
            0.04,
            0.15
        ],
        "ulf": null,
        "vlf": [
            0.0,
            0.04
        ]
    },
    "lomb_log": [
        5.731667670704739,
        6.735240062152677,
        7.339114686410704
    ],
    "lomb_ma": "n/a",
    "lomb_nfft": 256.0,
    "lomb_norm": [
        35.34577419135104,
        64.65422580864896
    ],
    "lomb_peak": [
        0.012862745098039216,
        0.05627450980392157,
        0.3328235294117647
    ],
    "lomb_ratio": 0.5466893114761069,
    "lomb_rel": [
        11.47043473972326,
        31.29146022948217,
        57.238105030794564
    ],
    "lomb_total": 2689.3774751596816,
    "nn20": 240.0,
    "nn50": 164.0,
    "nni_counter": 288.0,
    "nni_diff_max": 477.0,
    "nni_diff_mean": 96.3170731707317,
    "nni_diff_min": 0.0,
    "nni_max": 1130.0,
    "nni_mean": 835.8819444444445,
    "nni_min": 600.0,
    "pnn20": 83.62369337979094,
    "pnn50": 57.14285714285714,
    "rmssd": 141.6158739306047,
    "sampen": 0.9682352014146488,
    "sd1": 100.13753796034413,
    "sd2": 196.81929226789697,
    "sd_ratio": 1.9654896283333845,
    "sdann": "n/a",
    "sdnn": 156.3713972850818,
    "sdnn_index": "n/a",
    "sdsd": 103.99885936607996,
    "tinn": 62.5,
    "tinn_m": 1007.8125,
    "tinn_n": 945.3125,
    "tri_index": 16.0
}