{
    "Comment": "None",
    "Name": "C:\\Users\\admin\\HRV-Bienestar-Tecnologia\\HRV_Reports\\Experiencia_Mindfullness\\28-03-2022_AndresMateoChilito\\HRV_video.json",
    "ar_abs": [
        2548.206412314482,
        5527.09423588611,
        10542.222791335684
    ],
    "ar_bands": {
        "hf": [
            0.15,
            0.4
        ],
        "lf": [
            0.04,
            0.15
        ],
        "ulf": null,
        "vlf": [
            0.0,
            0.04
        ]
    },
    "ar_interpolation": "cubic",
    "ar_log": [
        7.843145022953533,
        8.61741750178491,
        9.263143690879534
    ],
    "ar_nfft": 4096.0,
    "ar_norm": [
        34.395327608031415,
        65.60467239196858
    ],
    "ar_order": 16.0,
    "ar_peak": [
        0.0,
        0.0400390625,
        0.150390625
    ],
    "ar_ratio": 0.5242816761972298,
    "ar_rel": [
        13.687139541358636,
        29.6875911226127,
        56.62526933602866
    ],
    "ar_resampling_frequency": 4.0,
    "ar_total": 18617.523439536275,
    "dfa_alpha1": 1.1335696381011324,
    "dfa_alpha1_beats": [
        4,
        5,
        6,
        7,
        8,
        9,
        10,
        11,
        12,
        13,
        14,
        15,
        16
    ],
    "dfa_alpha2": 0.8854788335297045,
    "dfa_alpha2_beats": [
        17,
        18,
        19,
        20,
        21,
        22,
        23,
        24,
        25,
        26,
        27,
        28,
        29,
        30,
        31,
        32,
        33,
        34,
        35,
        36,
        37,
        38,
        39,
        40,
        41,
        42,
        43,
        44,
        45,
        46,
        47,
        48,
        49,
        50,
        51,
        52,
        53,
        54,
        55,
        56,
        57,
        58,
        59,
        60,
        61,
        62,
        63,
        64
    ],
    "ellipse_area": 43859.68560164308,
    "fft_abs": [
        3156.4513976437215,
        4748.975382449323,
        7721.333995227398
    ],
    "fft_bands": {
        "hf": [
            0.15,
            0.4
        ],
        "lf": [
            0.04,
            0.15
        ],
        "ulf": null,
        "vlf": [
            0.0,
            0.04
        ]
    },
    "fft_interpolation": "cubic",
    "fft_log": [
        8.057203700142399,
        8.465684164802125,
        8.951742425400335
    ],
    "fft_nfft": 4096.0,
    "fft_norm": [
        38.08225793459889,
        61.917742065401114
    ],
    "fft_peak": [
        0.00390625,
        0.083984375,
        0.1796875
    ],
    "fft_ratio": 0.6150459733233522,
    "fft_rel": [
        20.1990127258411,
        30.39001780810163,
        49.41096946605727
    ],
    "fft_resampling_frequency": 4.0,
    "fft_total": 15626.760775320443,
    "fft_window": "hamming",
    "hr_max": 111.52416356877323,
    "hr_mean": 77.35913886679181,
    "hr_min": 51.32591958939264,
    "hr_std": 14.0130473435668,
    "lomb_abs": [
        209.9869974019254,
        576.3640400231308,
        1557.1266465246758
    ],
    "lomb_bands": {
        "hf": [
            0.15,
            0.4
        ],
        "lf": [
            0.04,
            0.15
        ],
        "ulf": null,
        "vlf": [
            0.0,
            0.04
        ]
    },
    "lomb_log": [
        5.347045611666835,
        6.356739474988245,
        7.350597508618992
    ],
    "lomb_ma": "n/a",
    "lomb_nfft": 256.0,
    "lomb_norm": [
        27.015071762780618,
        72.98492823721939
    ],
    "lomb_peak": [
        0.035372549019607846,
        0.10933333333333334,
        0.36498039215686273
    ],
    "lomb_ratio": 0.37014589745124954,
    "lomb_rel": [
        8.96048632509315,
        24.59438995176256,
        66.4451237231443
    ],
    "lomb_total": 2343.4776839497317,
    "nn20": 206.0,
    "nn50": 120.0,
    "nni_counter": 300.0,
    "nni_diff_max": 485.0,
    "nni_diff_mean": 65.11705685618729,
    "nni_diff_min": 0.0,
    "nni_max": 1169.0,
    "nni_mean": 800.7033333333334,
    "nni_min": 538.0,
    "pnn20": 68.89632107023411,
    "pnn50": 40.13377926421405,
    "rmssd": 106.0504391889723,
    "sampen": 0.9903987040278769,
    "sd1": 74.98866906945909,
    "sd2": 186.1744141502811,
    "sd_ratio": 2.482700606112038,
    "sdann": "n/a",
    "sdnn": 142.0516486770279,
    "sdnn_index": "n/a",
    "sdsd": 83.8449532446493,
    "tinn": 437.5,
    "tinn_m": 953.125,
    "tinn_n": 515.625,
    "tri_index": 25.0
}