{
    "Comment": "None",
    "Name": "C:\\Users\\admin\\HRV-Bienestar-Tecnologia\\HRV_Reports\\Experiencia_Mindfullness\\28-03-2022_AndresMateoChilito\\HRV_olfative.json",
    "ar_abs": [
        2496.228878589056,
        5428.691187210974,
        9948.45812909354
    ],
    "ar_bands": {
        "hf": [
            0.15,
            0.4
        ],
        "lf": [
            0.04,
            0.15
        ],
        "ulf": null,
        "vlf": [
            0.0,
            0.04
        ]
    },
    "ar_interpolation": "cubic",
    "ar_log": [
        7.822536423437966,
        8.599453350211895,
        9.205172856244657
    ],
    "ar_nfft": 4096.0,
    "ar_norm": [
        35.30362536998252,
        64.69637463001747
    ],
    "ar_order": 16.0,
    "ar_peak": [
        0.0,
        0.0400390625,
        0.150390625
    ],
    "ar_ratio": 0.5456816641098546,
    "ar_rel": [
        13.966183960132556,
        30.37305610621473,
        55.660759933652706
    ],
    "ar_resampling_frequency": 4.0,
    "ar_total": 17873.378194893572,
    "dfa_alpha1": 1.428121866773208,
    "dfa_alpha1_beats": [
        4,
        5,
        6,
        7,
        8,
        9,
        10,
        11,
        12,
        13,
        14,
        15,
        16
    ],
    "dfa_alpha2": 0.9164268735635808,
    "dfa_alpha2_beats": [
        17,
        18,
        19,
        20,
        21,
        22,
        23,
        24,
        25,
        26,
        27,
        28,
        29,
        30,
        31,
        32,
        33,
        34,
        35,
        36,
        37,
        38,
        39,
        40,
        41,
        42,
        43,
        44,
        45,
        46,
        47,
        48,
        49,
        50,
        51,
        52,
        53,
        54,
        55,
        56,
        57,
        58,
        59,
        60,
        61,
        62,
        63,
        64
    ],
    "ellipse_area": 19261.682764897418,
    "fft_abs": [
        4689.301196749428,
        4036.98415365299,
        983.7224517640973
    ],
    "fft_bands": {
        "hf": [
            0.15,
            0.4
        ],
        "lf": [
            0.04,
            0.15
        ],
        "ulf": null,
        "vlf": [
            0.0,
            0.04
        ]
    },
    "fft_interpolation": "cubic",
    "fft_log": [
        8.453038851778047,
        8.303253195567304,
        6.891343796050159
    ],
    "fft_nfft": 4096.0,
    "fft_norm": [
        80.40669313951325,
        19.593306860486745
    ],
    "fft_peak": [
        0.009765625,
        0.1142578125,
        0.154296875
    ],
    "fft_ratio": 4.10378369062688,
    "fft_rel": [
        48.29348536365895,
        41.57549855678026,
        10.131016079560794
    ],
    "fft_resampling_frequency": 4.0,
    "fft_total": 9710.007802166514,
    "fft_window": "hamming",
    "hr_max": 111.52416356877323,
    "hr_mean": 88.08019557043079,
    "hr_min": 58.651026392961874,
    "hr_std": 12.58868470917497,
    "lomb_abs": [
        301.6048967988403,
        664.6177939699286,
        1560.656753503803
    ],
    "lomb_bands": {
        "hf": [
            0.15,
            0.4
        ],
        "lf": [
            0.04,
            0.15
        ],
        "ulf": null,
        "vlf": [
            0.0,
            0.04
        ]
    },
    "lomb_log": [
        5.709117872072423,
        6.499212129516229,
        7.352862007485471
    ],
    "lomb_ma": "n/a",
    "lomb_nfft": 256.0,
    "lomb_norm": [
        29.866777325271777,
        70.13322267472823
    ],
    "lomb_peak": [
        0.00803921568627451,
        0.11094117647058824,
        0.36498039215686273
    ],
    "lomb_ratio": 0.4258577630717369,
    "lomb_rel": [
        11.935864114232213,
        26.30191936842702,
        61.76221651734076
    ],
    "lomb_total": 2526.879444272572,
    "nn20": 208.0,
    "nn50": 87.0,
    "nni_counter": 345.0,
    "nni_diff_max": 354.0,
    "nni_diff_mean": 39.127906976744185,
    "nni_diff_min": 0.0,
    "nni_max": 1023.0,
    "nni_mean": 696.4144927536232,
    "nni_min": 538.0,
    "pnn20": 60.46511627906976,
    "pnn50": 25.290697674418606,
    "rmssd": 59.37484394104338,
    "sampen": 1.0604633327936421,
    "sd1": 41.98367767900807,
    "sd2": 146.03732658867057,
    "sd_ratio": 3.4784310156251403,
    "sdann": "n/a",
    "sdnn": 108.11484160556323,
    "sdnn_index": "n/a",
    "sdsd": 44.72352294536269,
    "tinn": 257.8125,
    "tinn_m": 789.0625,
    "tinn_n": 531.25,
    "tri_index": 16.428571428571427
}