{
    "Comment": "None",
    "Name": "C:\\Users\\admin\\HRV-Bienestar-Tecnologia\\HRV_Reports\\Experiencia_Mindfullness\\28-03-2022_AndresMateoChilito\\HRV_interactive.json",
    "ar_abs": [
        2489.3443016220745,
        5349.0039805473,
        9901.304401017485
    ],
    "ar_bands": {
        "hf": [
            0.15,
            0.4
        ],
        "lf": [
            0.04,
            0.15
        ],
        "ulf": null,
        "vlf": [
            0.0,
            0.04
        ]
    },
    "ar_interpolation": "cubic",
    "ar_log": [
        7.819774622098716,
        8.584665650697602,
        9.200421785121934
    ],
    "ar_nfft": 4096.0,
    "ar_norm": [
        35.07472666594337,
        64.92527333405664
    ],
    "ar_order": 16.0,
    "ar_peak": [
        0.0,
        0.0400390625,
        0.150390625
    ],
    "ar_ratio": 0.5402322526310394,
    "ar_rel": [
        14.032655238968712,
        30.152811196900903,
        55.81453356413037
    ],
    "ar_resampling_frequency": 4.0,
    "ar_total": 17739.65268318686,
    "dfa_alpha1": 1.3128349416242546,
    "dfa_alpha1_beats": [
        4,
        5,
        6,
        7,
        8,
        9,
        10,
        11,
        12,
        13,
        14,
        15,
        16
    ],
    "dfa_alpha2": 1.0675765455348998,
    "dfa_alpha2_beats": [
        17,
        18,
        19,
        20,
        21,
        22,
        23,
        24,
        25,
        26,
        27,
        28,
        29,
        30,
        31,
        32,
        33,
        34,
        35,
        36,
        37,
        38,
        39,
        40,
        41,
        42,
        43,
        44,
        45,
        46,
        47,
        48,
        49,
        50,
        51,
        52,
        53,
        54,
        55,
        56,
        57,
        58,
        59,
        60,
        61,
        62,
        63,
        64
    ],
    "ellipse_area": 18445.292849245514,
    "fft_abs": [
        4513.593373128344,
        4288.49423010889,
        1511.3081031791392
    ],
    "fft_bands": {
        "hf": [
            0.15,
            0.4
        ],
        "lf": [
            0.04,
            0.15
        ],
        "ulf": null,
        "vlf": [
            0.0,
            0.04
        ]
    },
    "fft_interpolation": "cubic",
    "fft_log": [
        8.414848872045738,
        8.363690954996176,
        7.320730848289445
    ],
    "fft_nfft": 4096.0,
    "fft_norm": [
        73.94207567204542,
        26.057924327954588
    ],
    "fft_peak": [
        0.0185546875,
        0.107421875,
        0.150390625
    ],
    "fft_ratio": 2.8376042059774256,
    "fft_rel": [
        43.76437694832419,
        41.58178695151634,
        14.653836100159467
    ],
    "fft_resampling_frequency": 4.0,
    "fft_total": 10313.395706416373,
    "fft_window": "hamming",
    "hr_max": 111.52416356877323,
    "hr_mean": 82.20436887977272,
    "hr_min": 57.361376673040155,
    "hr_std": 11.99488750282846,
    "lomb_abs": [
        204.9051449212756,
        736.8133720955361,
        1765.7750828203766
    ],
    "lomb_bands": {
        "hf": [
            0.15,
            0.4
        ],
        "lf": [
            0.04,
            0.15
        ],
        "ulf": null,
        "vlf": [
            0.0,
            0.04
        ]
    },
    "lomb_log": [
        5.322547164355072,
        6.602334633657429,
        7.4763450133816125
    ],
    "lomb_ma": "n/a",
    "lomb_nfft": 256.0,
    "lomb_norm": [
        29.44205111504413,
        70.55794888495586
    ],
    "lomb_peak": [
        0.038588235294117645,
        0.09164705882352941,
        0.36819607843137253
    ],
    "lomb_ratio": 0.41727475897930566,
    "lomb_rel": [
        7.568074950707078,
        27.213854619632098,
        65.21807042966083
    ],
    "lomb_total": 2707.4935998371884,
    "nn20": 204.0,
    "nn50": 86.0,
    "nni_counter": 322.0,
    "nni_diff_max": 269.0,
    "nni_diff_mean": 39.31464174454829,
    "nni_diff_min": 0.0,
    "nni_max": 1046.0,
    "nni_mean": 745.6149068322982,
    "nni_min": 538.0,
    "pnn20": 63.55140186915887,
    "pnn50": 26.791277258566975,
    "rmssd": 55.82722568537556,
    "sampen": 1.171283478965469,
    "sd1": 39.46358240744482,
    "sd2": 148.77815720963036,
    "sd_ratio": 3.7700114417783652,
    "sdann": "n/a",
    "sdnn": 109.60535619809903,
    "sdnn_index": "n/a",
    "sdsd": 39.69820608288713,
    "tinn": 421.875,
    "tinn_m": 984.375,
    "tinn_n": 562.5,
    "tri_index": 24.76923076923077
}