{
    "Comment": "None",
    "Name": "C:\\Users\\facartesvirtual1\\Documents\\HRV-Bienestar-Tecnologia\\HRV_Reports\\Experiencia_Mindfullness\\LucianoGuapucal07-04-2022\\HRV_video.json",
    "ar_abs": [
        2554.818763184274,
        5237.8994057965765,
        9841.79343371724
    ],
    "ar_bands": {
        "hf": [
            0.15,
            0.4
        ],
        "lf": [
            0.04,
            0.15
        ],
        "ulf": null,
        "vlf": [
            0.0,
            0.04
        ]
    },
    "ar_interpolation": "cubic",
    "ar_log": [
        7.845736565947405,
        8.563675820186141,
        9.19439323296316
    ],
    "ar_nfft": 4096.0,
    "ar_norm": [
        34.734788443910055,
        65.26521155608994
    ],
    "ar_order": 16.0,
    "ar_peak": [
        0.0,
        0.0400390625,
        0.150390625
    ],
    "ar_ratio": 0.5322098498686154,
    "ar_rel": [
        14.487607146394602,
        29.70254875102509,
        55.8098441025803
    ],
    "ar_resampling_frequency": 4.0,
    "ar_total": 17634.51160269809,
    "dfa_alpha1": 1.3703439476067012,
    "dfa_alpha1_beats": [
        4,
        5,
        6,
        7,
        8,
        9,
        10,
        11,
        12,
        13,
        14,
        15,
        16
    ],
    "dfa_alpha2": 1.3544265462590281,
    "dfa_alpha2_beats": [
        17,
        18,
        19,
        20,
        21,
        22,
        23,
        24,
        25,
        26,
        27,
        28,
        29,
        30,
        31,
        32,
        33,
        34,
        35,
        36,
        37,
        38,
        39,
        40,
        41,
        42,
        43,
        44,
        45,
        46,
        47,
        48,
        49,
        50,
        51,
        52,
        53,
        54,
        55,
        56,
        57,
        58,
        59,
        60,
        61,
        62,
        63,
        64
    ],
    "ellipse_area": 16480.79330721617,
    "fft_abs": [
        7104.380427097296,
        1531.9492293073367,
        517.7528936079298
    ],
    "fft_bands": {
        "hf": [
            0.15,
            0.4
        ],
        "lf": [
            0.04,
            0.15
        ],
        "ulf": null,
        "vlf": [
            0.0,
            0.04
        ]
    },
    "fft_interpolation": "cubic",
    "fft_log": [
        8.868466834349865,
        7.334296209612576,
        6.249498089073074
    ],
    "fft_nfft": 4096.0,
    "fft_norm": [
        74.74009087371505,
        25.25990912628495
    ],
    "fft_peak": [
        0.025390625,
        0.0400390625,
        0.296875
    ],
    "fft_ratio": 2.9588424289279023,
    "fft_rel": [
        77.60887438236558,
        16.73514763426767,
        5.6559779833667685
    ],
    "fft_resampling_frequency": 4.0,
    "fft_total": 9154.082550012561,
    "fft_window": "hamming",
    "hr_max": 98.84678747940691,
    "hr_mean": 75.39659862388284,
    "hr_min": 56.12722170252572,
    "hr_std": 10.20257229722152,
    "lomb_abs": [
        321.61878699683433,
        668.5604193567448,
        1816.900808009602
    ],
    "lomb_bands": {
        "hf": [
            0.15,
            0.4
        ],
        "lf": [
            0.04,
            0.15
        ],
        "ulf": null,
        "vlf": [
            0.0,
            0.04
        ]
    },
    "lomb_log": [
        5.773366952877303,
        6.5051267729467,
        7.504887475827104
    ],
    "lomb_ma": "n/a",
    "lomb_nfft": 256.0,
    "lomb_norm": [
        26.898847264061615,
        73.10115273593838
    ],
    "lomb_peak": [
        0.00803921568627451,
        0.06431372549019608,
        0.2733333333333333
    ],
    "lomb_ratio": 0.36796748419587444,
    "lomb_rel": [
        11.45741430066778,
        23.816934890914233,
        64.72565080841798
    ],
    "lomb_total": 2807.0800143631814,
    "nn20": 194.0,
    "nn50": 71.0,
    "nni_counter": 297.0,
    "nni_diff_max": 200.0,
    "nni_diff_mean": 37.310810810810814,
    "nni_diff_min": 0.0,
    "nni_max": 1069.0,
    "nni_mean": 809.986531986532,
    "nni_min": 607.0,
    "pnn20": 65.54054054054053,
    "pnn50": 23.986486486486484,
    "rmssd": 50.78052936079106,
    "sampen": 1.1870232460121626,
    "sd1": 35.90708851551552,
    "sd2": 146.09927060980596,
    "sd_ratio": 4.068814171515917,
    "sdann": "n/a",
    "sdnn": 106.42003002711844,
    "sdnn_index": "n/a",
    "sdsd": 34.50489552126738,
    "tinn": 148.4375,
    "tinn_m": 945.3125,
    "tinn_n": 796.875,
    "tri_index": 17.470588235294116
}