{
    "Comment": "None",
    "Name": "C:\\Users\\facartesvirtual1\\Documents\\HRV-Bienestar-Tecnologia\\HRV_Reports\\Experiencia_Mindfullness\\LucianoGuapucal07-04-2022\\HRV_sound.json",
    "ar_abs": [
        2499.00731108309,
        5055.329386156347,
        9170.794331811088
    ],
    "ar_bands": {
        "hf": [
            0.15,
            0.4
        ],
        "lf": [
            0.04,
            0.15
        ],
        "ulf": null,
        "vlf": [
            0.0,
            0.04
        ]
    },
    "ar_interpolation": "cubic",
    "ar_log": [
        7.82364885643415,
        8.528198289797862,
        9.123779184379128
    ],
    "ar_nfft": 4096.0,
    "ar_norm": [
        35.53553649875491,
        64.46446350124509
    ],
    "ar_order": 16.0,
    "ar_peak": [
        0.0,
        0.0400390625,
        0.150390625
    ],
    "ar_ratio": 0.5512422592032983,
    "ar_rel": [
        14.941630691816213,
        30.225947870755398,
        54.832421437428394
    ],
    "ar_resampling_frequency": 4.0,
    "ar_total": 16725.131029050524,
    "dfa_alpha1": 1.4539569525658,
    "dfa_alpha1_beats": [
        4,
        5,
        6,
        7,
        8,
        9,
        10,
        11,
        12,
        13,
        14,
        15,
        16
    ],
    "dfa_alpha2": 1.0882207134197182,
    "dfa_alpha2_beats": [
        17,
        18,
        19,
        20,
        21,
        22,
        23,
        24,
        25,
        26,
        27,
        28,
        29,
        30,
        31,
        32,
        33,
        34,
        35,
        36,
        37,
        38,
        39,
        40,
        41,
        42,
        43,
        44,
        45,
        46,
        47,
        48,
        49,
        50,
        51,
        52,
        53,
        54,
        55,
        56,
        57,
        58,
        59,
        60,
        61,
        62,
        63,
        64
    ],
    "ellipse_area": 8061.422881458411,
    "fft_abs": [
        4241.003856912868,
        1285.2982422435828,
        276.16918158112685
    ],
    "fft_bands": {
        "hf": [
            0.15,
            0.4
        ],
        "lf": [
            0.04,
            0.15
        ],
        "ulf": null,
        "vlf": [
            0.0,
            0.04
        ]
    },
    "fft_interpolation": "cubic",
    "fft_log": [
        8.35255527890895,
        7.158746065530605,
        5.621013654666857
    ],
    "fft_nfft": 4096.0,
    "fft_norm": [
        82.31348426695519,
        17.686515733044814
    ],
    "fft_peak": [
        0.0048828125,
        0.0595703125,
        0.3583984375
    ],
    "fft_ratio": 4.6540248802744,
    "fft_rel": [
        73.08961392004986,
        22.150876412096654,
        4.759509667853483
    ],
    "fft_resampling_frequency": 4.0,
    "fft_total": 5802.471280737578,
    "fft_window": "hamming",
    "hr_max": 104.16666666666667,
    "hr_mean": 79.36275982591904,
    "hr_min": 61.919504643962846,
    "hr_std": 8.797765449305242,
    "lomb_abs": [
        353.9336313995482,
        577.3074032555162,
        1554.8049863962055
    ],
    "lomb_bands": {
        "hf": [
            0.15,
            0.4
        ],
        "lf": [
            0.04,
            0.15
        ],
        "ulf": null,
        "vlf": [
            0.0,
            0.04
        ]
    },
    "lomb_log": [
        5.8691094136346615,
        6.3583748859159215,
        7.349105406071077
    ],
    "lomb_ma": "n/a",
    "lomb_nfft": 256.0,
    "lomb_norm": [
        27.076781039193655,
        72.92321896080634
    ],
    "lomb_peak": [
        0.00803921568627451,
        0.10450980392156863,
        0.21223529411764705
    ],
    "lomb_ratio": 0.37130534588368175,
    "lomb_rel": [
        14.236809310950763,
        23.221911355099984,
        62.54127933394925
    ],
    "lomb_total": 2486.04602105127,
    "nn20": 173.0,
    "nn50": 39.0,
    "nni_counter": 314.0,
    "nni_diff_max": 108.0,
    "nni_diff_mean": 25.43450479233227,
    "nni_diff_min": 0.0,
    "nni_max": 969.0,
    "nni_mean": 764.8789808917197,
    "nni_min": 576.0,
    "pnn20": 55.27156549520767,
    "pnn50": 12.460063897763577,
    "rmssd": 32.53197002154078,
    "sampen": 0.931946628946708,
    "sd1": 22.998448214560977,
    "sd2": 111.57407560444905,
    "sd_ratio": 4.85137408243954,
    "sdann": "n/a",
    "sdnn": 80.81860336232823,
    "sdnn_index": "n/a",
    "sdsd": 20.3158479369731,
    "tinn": 226.5625,
    "tinn_m": 859.375,
    "tinn_n": 632.8125,
    "tri_index": 15.7
}