{
    "Comment": "None",
    "Name": "C:\\Users\\facartesvirtual1\\Documents\\HRV-Bienestar-Tecnologia\\HRV_Reports\\Experiencia_Mindfullness\\LucianoGuapucal07-04-2022\\HRV_interactive.json",
    "ar_abs": [
        2600.7493764154365,
        5402.95405459586,
        10347.722991040915
    ],
    "ar_bands": {
        "hf": [
            0.15,
            0.4
        ],
        "lf": [
            0.04,
            0.15
        ],
        "ulf": null,
        "vlf": [
            0.0,
            0.04
        ]
    },
    "ar_interpolation": "cubic",
    "ar_log": [
        7.8635549041799235,
        8.594701130124005,
        9.244521773624163
    ],
    "ar_nfft": 4096.0,
    "ar_norm": [
        34.3029956041958,
        65.6970043958042
    ],
    "ar_order": 16.0,
    "ar_peak": [
        0.0,
        0.0400390625,
        0.150390625
    ],
    "ar_ratio": 0.522139417461576,
    "ar_rel": [
        14.171919482456225,
        29.44160268709868,
        56.386477830445116
    ],
    "ar_resampling_frequency": 4.0,
    "ar_total": 18351.42642205221,
    "dfa_alpha1": 1.227999503435698,
    "dfa_alpha1_beats": [
        4,
        5,
        6,
        7,
        8,
        9,
        10,
        11,
        12,
        13,
        14,
        15,
        16
    ],
    "dfa_alpha2": 0.7513243862508184,
    "dfa_alpha2_beats": [
        17,
        18,
        19,
        20,
        21,
        22,
        23,
        24,
        25,
        26,
        27,
        28,
        29,
        30,
        31,
        32,
        33,
        34,
        35,
        36,
        37,
        38,
        39,
        40,
        41,
        42,
        43,
        44,
        45,
        46,
        47,
        48,
        49,
        50,
        51,
        52,
        53,
        54,
        55,
        56,
        57,
        58,
        59,
        60,
        61,
        62,
        63,
        64
    ],
    "ellipse_area": 23653.336657512722,
    "fft_abs": [
        2222.7490202789795,
        6350.112769971313,
        2074.578246729967
    ],
    "fft_bands": {
        "hf": [
            0.15,
            0.4
        ],
        "lf": [
            0.04,
            0.15
        ],
        "ulf": null,
        "vlf": [
            0.0,
            0.04
        ]
    },
    "fft_interpolation": "cubic",
    "fft_log": [
        7.706500006231375,
        8.756227850779648,
        7.637513157417818
    ],
    "fft_nfft": 4096.0,
    "fft_norm": [
        75.37502274424925,
        24.62497725575075
    ],
    "fft_peak": [
        0.0146484375,
        0.0693359375,
        0.2890625
    ],
    "fft_ratio": 3.060917456345942,
    "fft_rel": [
        20.87590080393989,
        59.63980776521265,
        19.484291430847467
    ],
    "fft_resampling_frequency": 4.0,
    "fft_total": 10647.440036980259,
    "fft_window": "hamming",
    "hr_max": 90.77155824508321,
    "hr_mean": 65.2953673047875,
    "hr_min": 52.35602094240838,
    "hr_std": 8.014479747578527,
    "lomb_abs": [
        297.5750099886776,
        734.6499831321105,
        2261.424053049054
    ],
    "lomb_bands": {
        "hf": [
            0.15,
            0.4
        ],
        "lf": [
            0.04,
            0.15
        ],
        "ulf": null,
        "vlf": [
            0.0,
            0.04
        ]
    },
    "lomb_log": [
        5.695666327620867,
        6.599394172361512,
        7.723750005797747
    ],
    "lomb_ma": "n/a",
    "lomb_nfft": 256.0,
    "lomb_norm": [
        24.520421533658265,
        75.47957846634174
    ],
    "lomb_peak": [
        0.00803921568627451,
        0.05788235294117647,
        0.36498039215686273
    ],
    "lomb_ratio": 0.3248616649944931,
    "lomb_rel": [
        9.034812325700736,
        22.30504746662153,
        68.66014020767773
    ],
    "lomb_total": 3293.6490461698418,
    "nn20": 208.0,
    "nn50": 121.0,
    "nni_counter": 258.0,
    "nni_diff_max": 324.0,
    "nni_diff_mean": 60.82879377431907,
    "nni_diff_min": 0.0,
    "nni_max": 1146.0,
    "nni_mean": 931.3682170542636,
    "nni_min": 661.0,
    "pnn20": 80.93385214007782,
    "pnn50": 47.081712062256805,
    "rmssd": 79.25796428576585,
    "sampen": 1.815055031831577,
    "sd1": 56.043443577439845,
    "sd2": 134.3438307625796,
    "sd_ratio": 2.397137331094683,
    "sdann": "n/a",
    "sdnn": 102.96181943894729,
    "sdnn_index": "n/a",
    "sdsd": 50.90940432699995,
    "tinn": 23.4375,
    "tinn_m": 976.5625,
    "tinn_n": 953.125,
    "tri_index": 10.32
}