{
    "Comment": "None",
    "Name": "C:\\Users\\admin\\HRV-Bienestar-Tecnologia\\HRV_Reports\\Experiencia_Mindfullness\\16-03-2022_JosesDavidPerez\\HRV_baseline.json",
    "ar_abs": [
        2374.032377036177,
        5035.692481528144,
        8723.992908372327
    ],
    "ar_bands": {
        "hf": [
            0.15,
            0.4
        ],
        "lf": [
            0.04,
            0.15
        ],
        "ulf": null,
        "vlf": [
            0.0,
            0.04
        ]
    },
    "ar_interpolation": "cubic",
    "ar_log": [
        7.77234521325529,
        8.524306329266423,
        9.07383231443402
    ],
    "ar_nfft": 4096.0,
    "ar_norm": [
        36.59743910441668,
        63.40256089558332
    ],
    "ar_order": 16.0,
    "ar_peak": [
        0.0,
        0.0400390625,
        0.150390625
    ],
    "ar_ratio": 0.5772233579758462,
    "ar_rel": [
        14.71472608688717,
        31.21222618538643,
        54.0730477277264
    ],
    "ar_resampling_frequency": 4.0,
    "ar_total": 16133.717766936648,
    "dfa_alpha1": 1.4705004693327843,
    "dfa_alpha1_beats": [
        4,
        5,
        6,
        7,
        8,
        9,
        10,
        11,
        12,
        13,
        14,
        15,
        16
    ],
    "dfa_alpha2": 0.6306604645533618,
    "dfa_alpha2_beats": [
        17,
        18,
        19,
        20,
        21,
        22,
        23,
        24,
        25,
        26,
        27,
        28,
        29,
        30,
        31,
        32,
        33,
        34,
        35,
        36,
        37,
        38,
        39,
        40,
        41,
        42,
        43,
        44,
        45,
        46,
        47,
        48,
        49,
        50,
        51,
        52,
        53,
        54,
        55,
        56,
        57,
        58,
        59,
        60,
        61,
        62,
        63,
        64
    ],
    "ellipse_area": 4357.22929394038,
    "fft_abs": [
        1081.4148568690525,
        2645.037913268283,
        669.9162037275498
    ],
    "fft_bands": {
        "hf": [
            0.15,
            0.4
        ],
        "lf": [
            0.04,
            0.15
        ],
        "ulf": null,
        "vlf": [
            0.0,
            0.04
        ]
    },
    "fft_interpolation": "cubic",
    "fft_log": [
        6.986025515404532,
        7.880440678128529,
        6.507152635499866
    ],
    "fft_nfft": 4096.0,
    "fft_norm": [
        79.79108669127947,
        20.208913308720525
    ],
    "fft_peak": [
        0.0078125,
        0.060546875,
        0.1552734375
    ],
    "fft_ratio": 3.9483115926301746,
    "fft_rel": [
        24.597909395179165,
        60.16414748152968,
        15.237943123291146
    ],
    "fft_resampling_frequency": 4.0,
    "fft_total": 4396.368973864885,
    "fft_window": "hamming",
    "hr_max": 123.96694214876032,
    "hr_mean": 101.59736157283231,
    "hr_min": 73.61963190184049,
    "hr_std": 8.696296026047992,
    "lomb_abs": [
        214.57434328135037,
        596.3019807090703,
        1009.9071422608146
    ],
    "lomb_bands": {
        "hf": [
            0.15,
            0.4
        ],
        "lf": [
            0.04,
            0.15
        ],
        "ulf": null,
        "vlf": [
            0.0,
            0.04
        ]
    },
    "lomb_log": [
        5.368656267044318,
        6.39074721778893,
        6.917613667253086
    ],
    "lomb_ma": "n/a",
    "lomb_nfft": 256.0,
    "lomb_norm": [
        37.124803500462406,
        62.875196499537594
    ],
    "lomb_peak": [
        0.030549019607843137,
        0.09647058823529411,
        0.36658823529411766
    ],
    "lomb_ratio": 0.5904522859142942,
    "lomb_rel": [
        11.784726040111295,
        32.74974711500327,
        55.46552684488544
    ],
    "lomb_total": 1820.7834662512353,
    "nn20": 151.0,
    "nn50": 15.0,
    "nni_counter": 405.0,
    "nni_diff_max": 246.0,
    "nni_diff_mean": 18.349009900990097,
    "nni_diff_min": 0.0,
    "nni_max": 815.0,
    "nni_mean": 595.1654320987655,
    "nni_min": 484.0,
    "pnn20": 37.37623762376238,
    "pnn50": 3.7128712871287126,
    "rmssd": 26.36552842460987,
    "sampen": 0.8999489542011907,
    "sd1": 18.641833952575077,
    "sd2": 74.39982375978923,
    "sd_ratio": 3.9910141861075883,
    "sdann": "n/a",
    "sdnn": 54.34469916058886,
    "sdnn_index": "n/a",
    "sdsd": 18.956381275887676,
    "tinn": 187.5,
    "tinn_m": 695.3125,
    "tinn_n": 507.8125,
    "tri_index": 12.65625
}