{
    "Comment": "None",
    "Name": "C:\\Users\\admin\\HRV-Bienestar-Tecnologia\\HRV_Reports\\Experiencia_Mindfullness\\16-03-2022_JosesDavidPerez\\HRV_final.json",
    "ar_abs": [
        2386.1842724698367,
        4874.902197271466,
        8585.431252748986
    ],
    "ar_bands": {
        "hf": [
            0.15,
            0.4
        ],
        "lf": [
            0.04,
            0.15
        ],
        "ulf": null,
        "vlf": [
            0.0,
            0.04
        ]
    },
    "ar_interpolation": "cubic",
    "ar_log": [
        7.777450830383954,
        8.49185532113254,
        9.057822005354607
    ],
    "ar_nfft": 4096.0,
    "ar_norm": [
        36.21680113180301,
        63.783198868197
    ],
    "ar_order": 16.0,
    "ar_peak": [
        0.0,
        0.0400390625,
        0.150390625
    ],
    "ar_ratio": 0.5678109874458038,
    "ar_rel": [
        15.05809865774628,
        30.763239486696342,
        54.17866185555737
    ],
    "ar_resampling_frequency": 4.0,
    "ar_total": 15846.517722490289,
    "dfa_alpha1": 1.5422966663668896,
    "dfa_alpha1_beats": [
        4,
        5,
        6,
        7,
        8,
        9,
        10,
        11,
        12,
        13,
        14,
        15,
        16
    ],
    "dfa_alpha2": 0.7750098852824316,
    "dfa_alpha2_beats": [
        17,
        18,
        19,
        20,
        21,
        22,
        23,
        24,
        25,
        26,
        27,
        28,
        29,
        30,
        31,
        32,
        33,
        34,
        35,
        36,
        37,
        38,
        39,
        40,
        41,
        42,
        43,
        44,
        45,
        46,
        47,
        48,
        49,
        50,
        51,
        52,
        53,
        54,
        55,
        56,
        57,
        58,
        59,
        60,
        61,
        62,
        63,
        64
    ],
    "ellipse_area": 2513.8115479550056,
    "fft_abs": [
        375.2570185661975,
        1032.2677406141188,
        285.0829508985189
    ],
    "fft_bands": {
        "hf": [
            0.15,
            0.4
        ],
        "lf": [
            0.04,
            0.15
        ],
        "ulf": null,
        "vlf": [
            0.0,
            0.04
        ]
    },
    "fft_interpolation": "cubic",
    "fft_log": [
        5.9276111740460475,
        6.939513350972712,
        5.65278019370441
    ],
    "fft_nfft": 4096.0,
    "fft_norm": [
        78.3593728886896,
        21.6406271113104
    ],
    "fft_peak": [
        0.017578125,
        0.099609375,
        0.15625
    ],
    "fft_ratio": 3.620938177329221,
    "fft_rel": [
        22.17034793896333,
        60.986827276477406,
        16.842824784559255
    ],
    "fft_resampling_frequency": 4.0,
    "fft_total": 1692.6077100788352,
    "fft_window": "hamming",
    "hr_max": 116.50485436893204,
    "hr_mean": 99.45952612586107,
    "hr_min": 80.42895442359249,
    "hr_std": 6.844593480875703,
    "lomb_abs": [
        231.24524616783773,
        514.0738084715014,
        1300.2493756211425
    ],
    "lomb_bands": {
        "hf": [
            0.15,
            0.4
        ],
        "lf": [
            0.04,
            0.15
        ],
        "ulf": null,
        "vlf": [
            0.0,
            0.04
        ]
    },
    "lomb_log": [
        5.443478819069181,
        6.242366851394268,
        7.170311352453984
    ],
    "lomb_ma": "n/a",
    "lomb_nfft": 256.0,
    "lomb_norm": [
        28.334191668756823,
        71.66580833124318
    ],
    "lomb_peak": [
        0.003215686274509804,
        0.10290196078431373,
        0.38909803921568625
    ],
    "lomb_ratio": 0.3953655491862267,
    "lomb_rel": [
        11.304693734366593,
        25.131098078495445,
        63.56420818713796
    ],
    "lomb_total": 2045.5684302604816,
    "nn20": 109.0,
    "nn50": 4.0,
    "nni_counter": 398.0,
    "nni_diff_max": 77.0,
    "nni_diff_mean": 14.2367758186398,
    "nni_diff_min": 0.0,
    "nni_max": 746.0,
    "nni_mean": 606.1708542713568,
    "nni_min": 515.0,
    "pnn20": 27.455919395465994,
    "pnn50": 1.0075566750629723,
    "rmssd": 19.276328130545856,
    "sampen": 0.8898484787237932,
    "sd1": 13.630392546140188,
    "sd2": 58.704917338836765,
    "sd_ratio": 4.306913182442471,
    "sdann": "n/a",
    "sdnn": 42.62271901339213,
    "sdnn_index": "n/a",
    "sdsd": 13.012207076923852,
    "tinn": 156.25,
    "tinn_m": 671.875,
    "tinn_n": 515.625,
    "tri_index": 10.473684210526315
}