{
    "Comment": "None",
    "Name": "C:\\Users\\admin\\HRV-Bienestar-Tecnologia\\HRV_Reports\\Experiencia_Mindfullness\\16-03-2022_JosesDavidPerez\\HRV_interactive.json",
    "ar_abs": [
        2401.004805384048,
        4875.936638977355,
        8412.259537247648
    ],
    "ar_bands": {
        "hf": [
            0.15,
            0.4
        ],
        "lf": [
            0.04,
            0.15
        ],
        "ulf": null,
        "vlf": [
            0.0,
            0.04
        ]
    },
    "ar_interpolation": "cubic",
    "ar_log": [
        7.783642597628683,
        8.492067496049415,
        9.037445389562004
    ],
    "ar_nfft": 4096.0,
    "ar_norm": [
        36.693743637690204,
        63.306256362309796
    ],
    "ar_order": 16.0,
    "ar_peak": [
        0.0,
        0.0400390625,
        0.150390625
    ],
    "ar_ratio": 0.5796227062880992,
    "ar_rel": [
        15.303550564483913,
        31.07829802609419,
        53.6181514094219
    ],
    "ar_resampling_frequency": 4.0,
    "ar_total": 15689.20098160905,
    "dfa_alpha1": 1.9088488565879589,
    "dfa_alpha1_beats": [
        4,
        5,
        6,
        7,
        8,
        9,
        10,
        11,
        12,
        13,
        14,
        15,
        16
    ],
    "dfa_alpha2": 0.5102284242319335,
    "dfa_alpha2_beats": [
        17,
        18,
        19,
        20,
        21,
        22,
        23,
        24,
        25,
        26,
        27,
        28,
        29,
        30,
        31,
        32,
        33,
        34,
        35,
        36,
        37,
        38,
        39,
        40,
        41,
        42,
        43,
        44,
        45,
        46,
        47,
        48,
        49,
        50,
        51,
        52,
        53,
        54,
        55,
        56,
        57,
        58,
        59,
        60,
        61,
        62,
        63,
        64
    ],
    "ellipse_area": 2000.7530541087024,
    "fft_abs": [
        177.87508487793738,
        1394.3065218856198,
        65.23739060882161
    ],
    "fft_bands": {
        "hf": [
            0.15,
            0.4
        ],
        "lf": [
            0.04,
            0.15
        ],
        "ulf": null,
        "vlf": [
            0.0,
            0.04
        ]
    },
    "fft_interpolation": "cubic",
    "fft_log": [
        5.181081533587344,
        7.24015245372401,
        4.178032780153742
    ],
    "fft_nfft": 4096.0,
    "fft_norm": [
        95.53028928760853,
        4.4697107123914686
    ],
    "fft_peak": [
        0.0234375,
        0.076171875,
        0.16015625
    ],
    "fft_ratio": 21.37281256766081,
    "fft_rel": [
        10.863137972832824,
        85.15270215644928,
        3.9841598707178947
    ],
    "fft_resampling_frequency": 4.0,
    "fft_total": 1637.4189973723787,
    "fft_window": "hamming",
    "hr_max": 123.96694214876032,
    "hr_mean": 105.69367740221564,
    "hr_min": 84.86562942008487,
    "hr_std": 7.81540282637936,
    "lomb_abs": [
        169.08832451052734,
        466.1279791501767,
        1151.1337505820427
    ],
    "lomb_bands": {
        "hf": [
            0.15,
            0.4
        ],
        "lf": [
            0.04,
            0.15
        ],
        "ulf": null,
        "vlf": [
            0.0,
            0.04
        ]
    },
    "lomb_log": [
        5.1304212086392615,
        6.144460229790283,
        7.048502605777904
    ],
    "lomb_ma": "n/a",
    "lomb_nfft": 256.0,
    "lomb_norm": [
        28.822049676978168,
        71.17795032302183
    ],
    "lomb_peak": [
        0.030549019607843137,
        0.10772549019607844,
        0.2443921568627451
    ],
    "lomb_ratio": 0.4049294696767343,
    "lomb_rel": [
        9.46557613995795,
        26.093876619707295,
        64.44054724033475
    ],
    "lomb_total": 1786.3500542427469,
    "nn20": 57.0,
    "nn50": 3.0,
    "nni_counter": 421.0,
    "nni_diff_max": 54.0,
    "nni_diff_mean": 11.014285714285714,
    "nni_diff_min": 0.0,
    "nni_max": 707.0,
    "nni_mean": 570.8622327790974,
    "nni_min": 484.0,
    "pnn20": 13.571428571428571,
    "pnn50": 0.7142857142857143,
    "rmssd": 14.984118576806896,
    "sampen": 0.5140519208630628,
    "sd1": 10.592520250666078,
    "sd2": 60.12350808535539,
    "sd_ratio": 5.676034282924756,
    "sdann": "n/a",
    "sdnn": 43.32364386636898,
    "sdnn_index": "n/a",
    "sdsd": 10.171314698045133,
    "tinn": 171.875,
    "tinn_m": 656.25,
    "tinn_n": 484.375,
    "tri_index": 10.023809523809524
}