{
    "Comment": "None",
    "Name": "C:\\Users\\Juan Pablo Botero T\\OneDrive - Universidad de los Andes\\Documentos\\JPB\\Personal\\Bienestar y Tecnolog\u00eda\\Codigo\\HRV-Bienestar-Tecnologia\\HRV_Reports\\Experiencia_Mindfullness\\JuanCarlosMejia-15-03-2022\\HRV_video.json",
    "ar_abs": [
        2537.2807568869052,
        5239.211585291024,
        9507.356957832777
    ],
    "ar_bands": {
        "hf": [
            0.15,
            0.4
        ],
        "lf": [
            0.04,
            0.15
        ],
        "ulf": null,
        "vlf": [
            0.0,
            0.04
        ]
    },
    "ar_interpolation": "cubic",
    "ar_log": [
        7.838848218390407,
        8.5639263051724,
        9.159821194496784
    ],
    "ar_nfft": 4096.0,
    "ar_norm": [
        35.52834389892029,
        64.4716561010797
    ],
    "ar_order": 16.0,
    "ar_peak": [
        0.0,
        0.0400390625,
        0.150390625
    ],
    "ar_ratio": 0.5510691992031099,
    "ar_rel": [
        14.680067575486982,
        30.312759006107388,
        55.00717341840564
    ],
    "ar_resampling_frequency": 4.0,
    "ar_total": 17283.849300010705,
    "dfa_alpha1": 1.345047155318302,
    "dfa_alpha1_beats": [
        4,
        5,
        6,
        7,
        8,
        9,
        10,
        11,
        12,
        13,
        14,
        15,
        16
    ],
    "dfa_alpha2": 1.1152790579760676,
    "dfa_alpha2_beats": [
        17,
        18,
        19,
        20,
        21,
        22,
        23,
        24,
        25,
        26,
        27,
        28,
        29,
        30,
        31,
        32,
        33,
        34,
        35,
        36,
        37,
        38,
        39,
        40,
        41,
        42,
        43,
        44,
        45,
        46,
        47,
        48,
        49,
        50,
        51,
        52,
        53,
        54,
        55,
        56,
        57,
        58,
        59,
        60,
        61,
        62,
        63,
        64
    ],
    "ellipse_area": 4768.3449640885265,
    "fft_abs": [
        1353.062762394364,
        631.9821886816814,
        89.50261673870475
    ],
    "fft_bands": {
        "hf": [
            0.15,
            0.4
        ],
        "lf": [
            0.04,
            0.15
        ],
        "ulf": null,
        "vlf": [
            0.0,
            0.04
        ]
    },
    "fft_interpolation": "cubic",
    "fft_log": [
        7.2101260146739,
        6.44886121128403,
        4.494267862157372
    ],
    "fft_nfft": 4096.0,
    "fft_norm": [
        87.5946636621745,
        12.405336337825497
    ],
    "fft_peak": [
        0.001953125,
        0.087890625,
        0.1689453125
    ],
    "fft_ratio": 7.061047058844094,
    "fft_rel": [
        65.22206496424803,
        30.46361522321648,
        4.314319812535484
    ],
    "fft_resampling_frequency": 4.0,
    "fft_total": 2074.54756781475,
    "fft_window": "hamming",
    "hr_max": 75.0,
    "hr_mean": 63.400627360246766,
    "hr_min": 56.98005698005698,
    "hr_std": 3.6145330050097217,
    "lomb_abs": [
        398.27635729932473,
        778.9450818045455,
        1932.524508576051
    ],
    "lomb_bands": {
        "hf": [
            0.15,
            0.4
        ],
        "lf": [
            0.04,
            0.15
        ],
        "ulf": null,
        "vlf": [
            0.0,
            0.04
        ]
    },
    "lomb_log": [
        5.987146129398226,
        6.657940545060265,
        7.566582462697355
    ],
    "lomb_ma": "n/a",
    "lomb_nfft": 256.0,
    "lomb_norm": [
        28.72778232763468,
        71.27221767236531
    ],
    "lomb_peak": [
        0.02572549019607843,
        0.13505882352941176,
        0.36498039215686273
    ],
    "lomb_ratio": 0.403071256456405,
    "lomb_rel": [
        12.807359958020545,
        25.048511836977895,
        62.14412820500156
    ],
    "lomb_total": 3109.7459476799213,
    "nn20": 131.0,
    "nn50": 25.0,
    "nni_counter": 252.0,
    "nni_diff_max": 100.0,
    "nni_diff_mean": 23.195219123505975,
    "nni_diff_min": 0.0,
    "nni_max": 1053.0,
    "nni_mean": 949.3769841269841,
    "nni_min": 800.0,
    "pnn20": 52.191235059760956,
    "pnn50": 9.9601593625498,
    "rmssd": 29.782612109480002,
    "sampen": 1.3814281714687178,
    "sd1": 21.057289048513947,
    "sd2": 72.08009251842346,
    "sd_ratio": 3.4230471145814607,
    "sdann": "n/a",
    "sdnn": 53.208871534658385,
    "sdnn_index": "n/a",
    "sdsd": 18.718486505371978,
    "tinn": 54.6875,
    "tinn_m": 953.125,
    "tinn_n": 898.4375,
    "tri_index": 7.636363636363637
}