{
    "Comment": "None",
    "Name": "C:\\Users\\Juan Pablo Botero T\\OneDrive - Universidad de los Andes\\Documentos\\JPB\\Personal\\Bienestar y Tecnolog\u00eda\\Codigo\\HRV-Bienestar-Tecnologia\\HRV_Reports\\Experiencia_Mindfullness\\JuanCarlosMejia-15-03-2022\\HRV_interactive.json",
    "ar_abs": [
        2526.3239952378026,
        5174.3870525039,
        9357.530321522914
    ],
    "ar_bands": {
        "hf": [
            0.15,
            0.4
        ],
        "lf": [
            0.04,
            0.15
        ],
        "ulf": null,
        "vlf": [
            0.0,
            0.04
        ]
    },
    "ar_interpolation": "cubic",
    "ar_log": [
        7.834520558833276,
        8.551476167157931,
        9.143936680117754
    ],
    "ar_nfft": 4096.0,
    "ar_norm": [
        35.607049774121236,
        64.39295022587876
    ],
    "ar_order": 16.0,
    "ar_peak": [
        0.0,
        0.0400390625,
        0.150390625
    ],
    "ar_ratio": 0.5529650318741133,
    "ar_rel": [
        14.809990904394812,
        30.33364894125056,
        54.85636015435465
    ],
    "ar_resampling_frequency": 4.0,
    "ar_total": 17058.241369264615,
    "dfa_alpha1": 1.4134139893897262,
    "dfa_alpha1_beats": [
        4,
        5,
        6,
        7,
        8,
        9,
        10,
        11,
        12,
        13,
        14,
        15,
        16
    ],
    "dfa_alpha2": 1.4124034289387684,
    "dfa_alpha2_beats": [
        17,
        18,
        19,
        20,
        21,
        22,
        23,
        24,
        25,
        26,
        27,
        28,
        29,
        30,
        31,
        32,
        33,
        34,
        35,
        36,
        37,
        38,
        39,
        40,
        41,
        42,
        43,
        44,
        45,
        46,
        47,
        48,
        49,
        50,
        51,
        52,
        53,
        54,
        55,
        56,
        57,
        58,
        59,
        60,
        61,
        62,
        63,
        64
    ],
    "ellipse_area": 6410.41721056834,
    "fft_abs": [
        3760.0737589264263,
        410.7360875128699,
        155.79346919715957
    ],
    "fft_bands": {
        "hf": [
            0.15,
            0.4
        ],
        "lf": [
            0.04,
            0.15
        ],
        "ulf": null,
        "vlf": [
            0.0,
            0.04
        ]
    },
    "fft_interpolation": "cubic",
    "fft_log": [
        8.232193852927287,
        6.017950885407335,
        5.04853121469645
    ],
    "fft_nfft": 4096.0,
    "fft_norm": [
        72.50038107422164,
        27.499618925778368
    ],
    "fft_peak": [
        0.00390625,
        0.0625,
        0.2587890625
    ],
    "fft_ratio": 2.636414027041632,
    "fft_rel": [
        86.90590480845385,
        9.493268912092292,
        3.6008262794538606
    ],
    "fft_resampling_frequency": 4.0,
    "fft_total": 4326.603315636456,
    "fft_window": "hamming",
    "hr_max": 78.84362680683311,
    "hr_mean": 62.539000476152616,
    "hr_min": 52.038161318300084,
    "hr_std": 5.063962665900146,
    "lomb_abs": [
        427.45582288910447,
        887.4964505827371,
        1885.8536586316634
    ],
    "lomb_bands": {
        "hf": [
            0.15,
            0.4
        ],
        "lf": [
            0.04,
            0.15
        ],
        "ulf": null,
        "vlf": [
            0.0,
            0.04
        ]
    },
    "lomb_log": [
        6.057850944765947,
        6.788404521998179,
        7.542135866668376
    ],
    "lomb_ma": "n/a",
    "lomb_nfft": 256.0,
    "lomb_norm": [
        32.00088036609759,
        67.99911963390241
    ],
    "lomb_peak": [
        0.00803921568627451,
        0.04501960784313726,
        0.36498039215686273
    ],
    "lomb_ratio": 0.47060727459981505,
    "lomb_rel": [
        13.354631050942508,
        27.727280860151755,
        58.918088088905726
    ],
    "lomb_total": 3200.8059321035053,
    "nn20": 116.0,
    "nn50": 19.0,
    "nni_counter": 250.0,
    "nni_diff_max": 85.0,
    "nni_diff_mean": 21.080321285140563,
    "nni_diff_min": 0.0,
    "nni_max": 1153.0,
    "nni_mean": 965.548,
    "nni_min": 761.0,
    "pnn20": 46.58634538152611,
    "pnn50": 7.630522088353414,
    "rmssd": 27.060915961784495,
    "sampen": 1.0128454669106846,
    "sd1": 19.134845708423068,
    "sd2": 106.63786914092563,
    "sd_ratio": 5.572967285227921,
    "sdann": "n/a",
    "sdnn": 76.63751647676814,
    "sdnn_index": "n/a",
    "sdsd": 17.00218126118808,
    "tinn": 218.75,
    "tinn_m": 1078.125,
    "tinn_n": 859.375,
    "tri_index": 12.5
}