{
    "Comment": "None",
    "Name": "C:\\Users\\Juan Pablo Botero T\\OneDrive - Universidad de los Andes\\Documentos\\JPB\\Personal\\Bienestar y Tecnolog\u00eda\\Codigo\\HRV-Bienestar-Tecnologia\\HRV_Reports\\Experiencia_Mindfullness\\JuanCarlosMejia-15-03-2022\\HRV_olfative.json",
    "ar_abs": [
        2543.6811894422426,
        5272.1119132525655,
        9547.869606106651
    ],
    "ar_bands": {
        "hf": [
            0.15,
            0.4
        ],
        "lf": [
            0.04,
            0.15
        ],
        "ulf": null,
        "vlf": [
            0.0,
            0.04
        ]
    },
    "ar_interpolation": "cubic",
    "ar_log": [
        7.841367597991509,
        8.570186303812227,
        9.16407333069461
    ],
    "ar_nfft": 4096.0,
    "ar_norm": [
        35.57434876936689,
        64.42565123063312
    ],
    "ar_order": 16.0,
    "ar_peak": [
        0.0,
        0.0400390625,
        0.150390625
    ],
    "ar_ratio": 0.5521767819158961,
    "ar_rel": [
        14.64945059173994,
        30.362902123065243,
        54.98764728519483
    ],
    "ar_resampling_frequency": 4.0,
    "ar_total": 17363.662708801457,
    "dfa_alpha1": 1.4213123600544317,
    "dfa_alpha1_beats": [
        4,
        5,
        6,
        7,
        8,
        9,
        10,
        11,
        12,
        13,
        14,
        15,
        16
    ],
    "dfa_alpha2": 0.8198804260520269,
    "dfa_alpha2_beats": [
        17,
        18,
        19,
        20,
        21,
        22,
        23,
        24,
        25,
        26,
        27,
        28,
        29,
        30,
        31,
        32,
        33,
        34,
        35,
        36,
        37,
        38,
        39,
        40,
        41,
        42,
        43,
        44,
        45,
        46,
        47,
        48,
        49,
        50,
        51,
        52,
        53,
        54,
        55,
        56,
        57,
        58,
        59,
        60,
        61,
        62,
        63,
        64
    ],
    "ellipse_area": 8021.8870619131885,
    "fft_abs": [
        3067.7556661725844,
        1875.3711426684035,
        324.4350420378723
    ],
    "fft_bands": {
        "hf": [
            0.15,
            0.4
        ],
        "lf": [
            0.04,
            0.15
        ],
        "ulf": null,
        "vlf": [
            0.0,
            0.04
        ]
    },
    "fft_interpolation": "cubic",
    "fft_log": [
        8.028701519867447,
        7.536561861572911,
        5.782085337485922
    ],
    "fft_nfft": 4096.0,
    "fft_norm": [
        85.25165333685105,
        14.74834666314895
    ],
    "fft_peak": [
        0.0048828125,
        0.07421875,
        0.3310546875
    ],
    "fft_ratio": 5.780421038641953,
    "fft_rel": [
        58.23862638956481,
        35.60226145907541,
        6.159112151359785
    ],
    "fft_resampling_frequency": 4.0,
    "fft_total": 5267.56185087886,
    "fft_window": "hamming",
    "hr_max": 72.28915662650603,
    "hr_mean": 62.68943753906908,
    "hr_min": 51.679586563307495,
    "hr_std": 4.377815027821119,
    "lomb_abs": [
        292.15806317846,
        1012.4763745078252,
        2424.5552895596397
    ],
    "lomb_bands": {
        "hf": [
            0.15,
            0.4
        ],
        "lf": [
            0.04,
            0.15
        ],
        "ulf": null,
        "vlf": [
            0.0,
            0.04
        ]
    },
    "lomb_log": [
        5.677294968066653,
        6.920154464889024,
        7.793403400805759
    ],
    "lomb_ma": "n/a",
    "lomb_nfft": 256.0,
    "lomb_norm": [
        29.457871601614418,
        70.54212839838557
    ],
    "lomb_peak": [
        0.036980392156862746,
        0.06752941176470588,
        0.3505098039215686
    ],
    "lomb_ratio": 0.4175926112585027,
    "lomb_rel": [
        7.834357717010662,
        27.150036564526246,
        65.01560571846309
    ],
    "lomb_total": 3729.189727245925,
    "nn20": 141.0,
    "nn50": 44.0,
    "nni_counter": 249.0,
    "nni_diff_max": 200.0,
    "nni_diff_mean": 28.241935483870968,
    "nni_diff_min": 0.0,
    "nni_max": 1161.0,
    "nni_mean": 961.843373493976,
    "nni_min": 830.0,
    "pnn20": 56.85483870967742,
    "pnn50": 17.741935483870968,
    "rmssd": 38.95758653185663,
    "sampen": 1.255295684074652,
    "sd1": 27.54686138311139,
    "sd2": 92.69462397710011,
    "sd_ratio": 3.3649795048495044,
    "sdann": "n/a",
    "sdnn": 68.39605050043109,
    "sdnn_index": "n/a",
    "sdsd": 26.888695747316792,
    "tinn": 132.8125,
    "tinn_m": 984.375,
    "tinn_n": 851.5625,
    "tri_index": 10.375
}