{
    "Comment": "None",
    "Name": "C:\\Users\\admin\\HRV-Bienestar-Tecnologia\\HRV_Reports\\Experiencia_Mindfullness\\23-03-2022_LuisSilva\\HRV_baseline.json",
    "ar_abs": [
        2526.406268471233,
        5421.952607815435,
        10532.640282703143
    ],
    "ar_bands": {
        "hf": [
            0.15,
            0.4
        ],
        "lf": [
            0.04,
            0.15
        ],
        "ulf": null,
        "vlf": [
            0.0,
            0.04
        ]
    },
    "ar_interpolation": "cubic",
    "ar_log": [
        7.834553124685456,
        8.598211289300277,
        9.262234312796341
    ],
    "ar_nfft": 4096.0,
    "ar_norm": [
        33.98364749900681,
        66.0163525009932
    ],
    "ar_order": 16.0,
    "ar_peak": [
        0.0,
        0.0400390625,
        0.150390625
    ],
    "ar_ratio": 0.5147762063724368,
    "ar_rel": [
        13.670290479085379,
        29.337984170504143,
        56.99172535041047
    ],
    "ar_resampling_frequency": 4.0,
    "ar_total": 18480.999158989813,
    "dfa_alpha1": 1.2714554528005422,
    "dfa_alpha1_beats": [
        4,
        5,
        6,
        7,
        8,
        9,
        10,
        11,
        12,
        13,
        14,
        15,
        16
    ],
    "dfa_alpha2": 0.6860623622183173,
    "dfa_alpha2_beats": [
        17,
        18,
        19,
        20,
        21,
        22,
        23,
        24,
        25,
        26,
        27,
        28,
        29,
        30,
        31,
        32,
        33,
        34,
        35,
        36,
        37,
        38,
        39,
        40,
        41,
        42,
        43,
        44,
        45,
        46,
        47,
        48,
        49,
        50,
        51,
        52,
        53,
        54,
        55,
        56,
        57,
        58,
        59,
        60,
        61,
        62,
        63,
        64
    ],
    "ellipse_area": 28630.053191551415,
    "fft_abs": [
        4114.803119007168,
        6507.662121087813,
        2368.5155550692734
    ],
    "fft_bands": {
        "hf": [
            0.15,
            0.4
        ],
        "lf": [
            0.04,
            0.15
        ],
        "ulf": null,
        "vlf": [
            0.0,
            0.04
        ]
    },
    "fft_interpolation": "cubic",
    "fft_log": [
        8.322346267253858,
        8.780735549518491,
        7.77001868981924
    ],
    "fft_nfft": 4096.0,
    "fft_norm": [
        73.31604163995605,
        26.683958360043945
    ],
    "fft_peak": [
        0.0322265625,
        0.0712890625,
        0.158203125
    ],
    "fft_ratio": 2.747569931368882,
    "fft_rel": [
        31.67430684324356,
        50.09369364559616,
        18.231999511160286
    ],
    "fft_resampling_frequency": 4.0,
    "fft_total": 12990.980795164254,
    "fft_window": "hamming",
    "hr_max": 114.72275334608031,
    "hr_mean": 83.31646825953705,
    "hr_min": 40.0,
    "hr_std": 10.722785705843684,
    "lomb_abs": [
        198.13994162173648,
        776.4685919584582,
        1555.679402922294
    ],
    "lomb_bands": {
        "hf": [
            0.15,
            0.4
        ],
        "lf": [
            0.04,
            0.15
        ],
        "ulf": null,
        "vlf": [
            0.0,
            0.04
        ]
    },
    "lomb_log": [
        5.288973556913451,
        6.654756193552349,
        7.34966764425631
    ],
    "lomb_ma": "n/a",
    "lomb_nfft": 256.0,
    "lomb_norm": [
        33.29413886523787,
        66.70586113476213
    ],
    "lomb_peak": [
        0.00803921568627451,
        0.0884313725490196,
        0.36498039215686273
    ],
    "lomb_ratio": 0.49911864263285016,
    "lomb_rel": [
        7.830727039532784,
        30.686965730538095,
        61.48230722992912
    ],
    "lomb_total": 2530.2879365024887,
    "nn20": 208.0,
    "nn50": 88.0,
    "nni_counter": 328.0,
    "nni_diff_max": 870.0,
    "nni_diff_mean": 50.44954128440367,
    "nni_diff_min": 0.0,
    "nni_max": 1500.0,
    "nni_mean": 733.4329268292682,
    "nni_min": 523.0,
    "pnn20": 63.608562691131496,
    "pnn50": 26.911314984709477,
    "rmssd": 95.22477833938986,
    "sampen": 1.0090001299784226,
    "sd1": 67.3323597692137,
    "sd2": 135.34694170937755,
    "sd_ratio": 2.0101321589394536,
    "sdann": "n/a",
    "sdnn": 107.12690071808537,
    "sdnn_index": "n/a",
    "sdsd": 80.88640291278443,
    "tinn": 210.9375,
    "tinn_m": 804.6875,
    "tinn_n": 593.75,
    "tri_index": 15.619047619047619
}