{
    "Comment": "None",
    "Name": "C:\\Users\\admin\\HRV-Bienestar-Tecnologia\\HRV_Reports\\Experiencia_Mindfullness\\23-03-2022_LuisSilva\\HRV_video.json",
    "ar_abs": [
        2507.4033997680267,
        5360.664885926667,
        9956.209614595977
    ],
    "ar_bands": {
        "hf": [
            0.15,
            0.4
        ],
        "lf": [
            0.04,
            0.15
        ],
        "ulf": null,
        "vlf": [
            0.0,
            0.04
        ]
    },
    "ar_interpolation": "cubic",
    "ar_log": [
        7.82700299457477,
        8.586843292253635,
        9.205951717363476
    ],
    "ar_nfft": 4096.0,
    "ar_norm": [
        34.99842533634228,
        65.00157466365772
    ],
    "ar_order": 16.0,
    "ar_peak": [
        0.0,
        0.0400390625,
        0.150390625
    ],
    "ar_ratio": 0.5384242692186632,
    "ar_rel": [
        14.067349116718706,
        30.075074658924883,
        55.85757622435642
    ],
    "ar_resampling_frequency": 4.0,
    "ar_total": 17824.27790029067,
    "dfa_alpha1": 1.5948387148870007,
    "dfa_alpha1_beats": [
        4,
        5,
        6,
        7,
        8,
        9,
        10,
        11,
        12,
        13,
        14,
        15,
        16
    ],
    "dfa_alpha2": 0.6372781736554538,
    "dfa_alpha2_beats": [
        17,
        18,
        19,
        20,
        21,
        22,
        23,
        24,
        25,
        26,
        27,
        28,
        29,
        30,
        31,
        32,
        33,
        34,
        35,
        36,
        37,
        38,
        39,
        40,
        41,
        42,
        43,
        44,
        45,
        46,
        47,
        48,
        49,
        50,
        51,
        52,
        53,
        54,
        55,
        56,
        57,
        58,
        59,
        60,
        61,
        62,
        63,
        64
    ],
    "ellipse_area": 21460.968379613994,
    "fft_abs": [
        2124.0300743049693,
        11412.054491913475,
        3217.1048837285834
    ],
    "fft_bands": {
        "hf": [
            0.15,
            0.4
        ],
        "lf": [
            0.04,
            0.15
        ],
        "ulf": null,
        "vlf": [
            0.0,
            0.04
        ]
    },
    "fft_interpolation": "cubic",
    "fft_log": [
        7.66107054153888,
        9.34242548728812,
        8.076237129669508
    ],
    "fft_nfft": 4096.0,
    "fft_norm": [
        78.00895594120637,
        21.991044058793623
    ],
    "fft_peak": [
        0.0390625,
        0.056640625,
        0.15234375
    ],
    "fft_ratio": 3.5473057001135286,
    "fft_rel": [
        12.678362413621993,
        68.11869779189752,
        19.202939794480482
    ],
    "fft_resampling_frequency": 4.0,
    "fft_total": 16753.18944994703,
    "fft_window": "hamming",
    "hr_max": 108.499095840868,
    "hr_mean": 86.98364881191866,
    "hr_min": 51.679586563307495,
    "hr_std": 10.627884340253896,
    "lomb_abs": [
        151.72809181399182,
        527.0966182464349,
        1390.728468665117
    ],
    "lomb_bands": {
        "hf": [
            0.15,
            0.4
        ],
        "lf": [
            0.04,
            0.15
        ],
        "ulf": null,
        "vlf": [
            0.0,
            0.04
        ]
    },
    "lomb_log": [
        5.022090049263459,
        6.267383868068307,
        7.237582967020075
    ],
    "lomb_ma": "n/a",
    "lomb_nfft": 256.0,
    "lomb_norm": [
        27.48408193446184,
        72.51591806553816
    ],
    "lomb_peak": [
        0.00803921568627451,
        0.12701960784313726,
        0.3810588235294118
    ],
    "lomb_ratio": 0.379007570580881,
    "lomb_rel": [
        7.331442041389237,
        25.46910239682884,
        67.19945556178193
    ],
    "lomb_total": 2069.5531787255436,
    "nn20": 145.0,
    "nn50": 59.0,
    "nni_counter": 344.0,
    "nni_diff_max": 515.0,
    "nni_diff_mean": 33.14577259475219,
    "nni_diff_min": 0.0,
    "nni_max": 1161.0,
    "nni_mean": 702.2296511627907,
    "nni_min": 553.0,
    "pnn20": 42.27405247813411,
    "pnn50": 17.20116618075802,
    "rmssd": 69.57955783708793,
    "sampen": 0.6141432377940167,
    "sd1": 49.20015433095132,
    "sd2": 138.8458734571773,
    "sd_ratio": 2.822061746457384,
    "sdann": "n/a",
    "sdnn": 104.19046331570898,
    "sdnn_index": "n/a",
    "sdsd": 61.26676191147796,
    "tinn": 140.625,
    "tinn_m": 726.5625,
    "tinn_n": 585.9375,
    "tri_index": 10.424242424242424
}