{
    "Comment": "None",
    "Name": "C:\\Users\\Juan Pablo Botero T\\OneDrive - Universidad de los Andes\\Documentos\\JPB\\Personal\\Bienestar y Tecnolog\u00eda\\Codigo\\HRV-Bienestar-Tecnologia\\HRV_Reports\\Experiencia_Mindfullness\\LuisaChavarro-17-03-2022\\HRV_interactive.json",
    "ar_abs": [
        2518.0459346596417,
        5458.228860134046,
        9006.799907893594
    ],
    "ar_bands": {
        "hf": [
            0.15,
            0.4
        ],
        "lf": [
            0.04,
            0.15
        ],
        "ulf": null,
        "vlf": [
            0.0,
            0.04
        ]
    },
    "ar_interpolation": "cubic",
    "ar_log": [
        7.831238456955629,
        8.604879631524055,
        9.105735116359186
    ],
    "ar_nfft": 4096.0,
    "ar_norm": [
        37.733964775780365,
        62.266035224219635
    ],
    "ar_order": 16.0,
    "ar_peak": [
        0.0,
        0.0400390625,
        0.150390625
    ],
    "ar_ratio": 0.6060120038139666,
    "ar_rel": [
        14.826796553283748,
        32.139226586987654,
        53.0339768597286
    ],
    "ar_resampling_frequency": 4.0,
    "ar_total": 16983.07470268728,
    "dfa_alpha1": 1.661655847215602,
    "dfa_alpha1_beats": [
        4,
        5,
        6,
        7,
        8,
        9,
        10,
        11,
        12,
        13,
        14,
        15,
        16
    ],
    "dfa_alpha2": 0.2883412953926609,
    "dfa_alpha2_beats": [
        17,
        18,
        19,
        20,
        21,
        22,
        23,
        24,
        25,
        26,
        27,
        28,
        29,
        30,
        31,
        32,
        33,
        34,
        35,
        36,
        37,
        38,
        39,
        40,
        41,
        42,
        43,
        44,
        45,
        46,
        47,
        48,
        49,
        50,
        51,
        52,
        53,
        54,
        55,
        56,
        57,
        58,
        59,
        60,
        61,
        62,
        63,
        64
    ],
    "ellipse_area": 12060.235252411494,
    "fft_abs": [
        450.71766497309613,
        7206.230159906924,
        334.5125823144032
    ],
    "fft_bands": {
        "hf": [
            0.15,
            0.4
        ],
        "lf": [
            0.04,
            0.15
        ],
        "ulf": null,
        "vlf": [
            0.0,
            0.04
        ]
    },
    "fft_interpolation": "cubic",
    "fft_log": [
        6.110841123455023,
        8.882701230835009,
        5.812674494150541
    ],
    "fft_nfft": 4096.0,
    "fft_norm": [
        95.56393058681824,
        4.436069413181752
    ],
    "fft_peak": [
        0.00390625,
        0.087890625,
        0.162109375
    ],
    "fft_ratio": 21.54247864175674,
    "fft_rel": [
        5.639991215714855,
        90.17413329632986,
        4.185875487955287
    ],
    "fft_resampling_frequency": 4.0,
    "fft_total": 7991.460407194424,
    "fft_window": "hamming",
    "hr_max": 111.52416356877323,
    "hr_mean": 86.51161544449245,
    "hr_min": 66.74082313681869,
    "hr_std": 11.573053797431132,
    "lomb_abs": [
        334.9007731094924,
        583.1836916406525,
        1269.612872251508
    ],
    "lomb_bands": {
        "hf": [
            0.15,
            0.4
        ],
        "lf": [
            0.04,
            0.15
        ],
        "ulf": null,
        "vlf": [
            0.0,
            0.04
        ]
    },
    "lomb_log": [
        5.813834288276122,
        6.368502216724332,
        7.146467307985241
    ],
    "lomb_ma": "n/a",
    "lomb_nfft": 256.0,
    "lomb_norm": [
        31.475862110601145,
        68.52413788939884
    ],
    "lomb_peak": [
        0.00803921568627451,
        0.14470588235294118,
        0.26850980392156865
    ],
    "lomb_ratio": 0.4593397754438684,
    "lomb_rel": [
        15.308368641545744,
        26.657421105605692,
        58.03421025284855
    ],
    "lomb_total": 2187.697337001653,
    "nn20": 230.0,
    "nn50": 76.0,
    "nni_counter": 342.0,
    "nni_diff_max": 131.0,
    "nni_diff_mean": 33.75366568914956,
    "nni_diff_min": 0.0,
    "nni_max": 899.0,
    "nni_mean": 705.938596491228,
    "nni_min": 538.0,
    "pnn20": 67.44868035190615,
    "pnn50": 22.28739002932551,
    "rmssd": 42.26990499202938,
    "sampen": 0.8097697193935025,
    "sd1": 29.88526173318174,
    "sd2": 128.45435803168837,
    "sd_ratio": 4.29825106363599,
    "sdann": "n/a",
    "sdnn": 93.48021432769428,
    "sdnn_index": "n/a",
    "sdsd": 25.482133759459124,
    "tinn": 359.375,
    "tinn_m": 898.4375,
    "tinn_n": 539.0625,
    "tri_index": 22.8
}