{
    "Comment": "None",
    "Name": "C:\\Users\\Juan Pablo Botero T\\OneDrive - Universidad de los Andes\\Documentos\\JPB\\Personal\\Bienestar y Tecnolog\u00eda\\Codigo\\HRV-Bienestar-Tecnologia\\HRV_Reports\\Experiencia_Mindfullness\\LuisaChavarro-17-03-2022\\HRV_sound.json",
    "ar_abs": [
        2436.1349429640973,
        5227.774690142332,
        9088.904756349706
    ],
    "ar_bands": {
        "hf": [
            0.15,
            0.4
        ],
        "lf": [
            0.04,
            0.15
        ],
        "ulf": null,
        "vlf": [
            0.0,
            0.04
        ]
    },
    "ar_interpolation": "cubic",
    "ar_log": [
        7.798168022600983,
        8.561740977056111,
        9.114809691061742
    ],
    "ar_nfft": 4096.0,
    "ar_norm": [
        36.515273738445494,
        63.48472626155449
    ],
    "ar_order": 16.0,
    "ar_peak": [
        0.0,
        0.0400390625,
        0.150390625
    ],
    "ar_ratio": 0.575182030209976,
    "ar_rel": [
        14.541645877109152,
        31.205351940343718,
        54.25300218254713
    ],
    "ar_resampling_frequency": 4.0,
    "ar_total": 16752.814389456136,
    "dfa_alpha1": 1.3743961066820103,
    "dfa_alpha1_beats": [
        4,
        5,
        6,
        7,
        8,
        9,
        10,
        11,
        12,
        13,
        14,
        15,
        16
    ],
    "dfa_alpha2": 1.025513705713215,
    "dfa_alpha2_beats": [
        17,
        18,
        19,
        20,
        21,
        22,
        23,
        24,
        25,
        26,
        27,
        28,
        29,
        30,
        31,
        32,
        33,
        34,
        35,
        36,
        37,
        38,
        39,
        40,
        41,
        42,
        43,
        44,
        45,
        46,
        47,
        48,
        49,
        50,
        51,
        52,
        53,
        54,
        55,
        56,
        57,
        58,
        59,
        60,
        61,
        62,
        63,
        64
    ],
    "ellipse_area": 15294.57981491213,
    "fft_abs": [
        4828.903906124644,
        3391.233940767251,
        839.2665448908597
    ],
    "fft_bands": {
        "hf": [
            0.15,
            0.4
        ],
        "lf": [
            0.04,
            0.15
        ],
        "ulf": null,
        "vlf": [
            0.0,
            0.04
        ]
    },
    "fft_interpolation": "cubic",
    "fft_log": [
        8.482374786343314,
        8.128949128471255,
        6.732528349566167
    ],
    "fft_nfft": 4096.0,
    "fft_norm": [
        80.16153058636748,
        19.838469413632524
    ],
    "fft_peak": [
        0.0078125,
        0.1123046875,
        0.21484375
    ],
    "fft_ratio": 4.040711453842421,
    "fft_rel": [
        53.3026642513569,
        37.43329907916725,
        9.264036669475846
    ],
    "fft_resampling_frequency": 4.0,
    "fft_total": 9059.404391782755,
    "fft_window": "hamming",
    "hr_max": 169.97167138810198,
    "hr_mean": 88.82842812312104,
    "hr_min": 62.95907660020986,
    "hr_std": 13.4249921299962,
    "lomb_abs": [
        190.78886278170074,
        482.1895126854939,
        1611.3125152217851
    ],
    "lomb_bands": {
        "hf": [
            0.15,
            0.4
        ],
        "lf": [
            0.04,
            0.15
        ],
        "ulf": null,
        "vlf": [
            0.0,
            0.04
        ]
    },
    "lomb_log": [
        5.251167386145433,
        6.178337216621083,
        7.384804352707421
    ],
    "lomb_ma": "n/a",
    "lomb_nfft": 256.0,
    "lomb_norm": [
        23.032674736288815,
        76.96732526371117
    ],
    "lomb_peak": [
        0.028941176470588234,
        0.13988235294117646,
        0.15274509803921568
    ],
    "lomb_ratio": 0.2992526329500545,
    "lomb_rel": [
        8.352213965365667,
        21.108936460367254,
        70.53884957426708
    ],
    "lomb_total": 2284.2908906889797,
    "nn20": 215.0,
    "nn50": 85.0,
    "nni_counter": 348.0,
    "nni_diff_max": 177.0,
    "nni_diff_mean": 35.763688760806915,
    "nni_diff_min": 0.0,
    "nni_max": 953.0,
    "nni_mean": 690.7385057471264,
    "nni_min": 353.0,
    "pnn20": 61.95965417867435,
    "pnn50": 24.495677233429394,
    "rmssd": 48.31828908931619,
    "sampen": 1.1038071055452137,
    "sd1": 34.1655821715978,
    "sd2": 142.49474619404398,
    "sd_ratio": 4.170710321233787,
    "sdann": "n/a",
    "sdnn": 104.0600193141573,
    "sdnn_index": "n/a",
    "sdsd": 32.53715628254678,
    "tinn": 257.8125,
    "tinn_m": 789.0625,
    "tinn_n": 531.25,
    "tri_index": 18.31578947368421
}