{
    "Comment": "None",
    "Name": "C:\\Users\\Juan Pablo Botero T\\OneDrive - Universidad de los Andes\\Documentos\\JPB\\Personal\\Bienestar y Tecnolog\u00eda\\Codigo\\HRV-Bienestar-Tecnologia\\HRV_Reports\\Grupo_Control\\10-03-2022-ZairaMaza\\Momento_5.json",
    "ar_abs": [
        2509.647313038155,
        5174.545995800113,
        9975.94594653706
    ],
    "ar_bands": {
        "hf": [
            0.15,
            0.4
        ],
        "lf": [
            0.04,
            0.15
        ],
        "ulf": null,
        "vlf": [
            0.0,
            0.04
        ]
    },
    "ar_interpolation": "cubic",
    "ar_log": [
        7.827897509519188,
        8.551506884004873,
        9.207932068994857
    ],
    "ar_nfft": 4096.0,
    "ar_norm": [
        34.15431007451411,
        65.8456899254859
    ],
    "ar_order": 16.0,
    "ar_peak": [
        0.0,
        0.0400390625,
        0.150390625
    ],
    "ar_ratio": 0.5187022888387188,
    "ar_rel": [
        14.210801380143579,
        29.300708907066536,
        56.48848971278988
    ],
    "ar_resampling_frequency": 4.0,
    "ar_total": 17660.13925537533,
    "dfa_alpha1": 0.9991764341735564,
    "dfa_alpha1_beats": [
        4,
        5,
        6,
        7,
        8,
        9,
        10,
        11,
        12,
        13,
        14,
        15,
        16
    ],
    "dfa_alpha2": 0.9526784897484094,
    "dfa_alpha2_beats": [
        17,
        18,
        19,
        20,
        21,
        22,
        23,
        24,
        25,
        26,
        27,
        28,
        29,
        30,
        31,
        32,
        33,
        34,
        35,
        36,
        37,
        38,
        39,
        40,
        41,
        42,
        43,
        44,
        45,
        46,
        47,
        48,
        49,
        50,
        51,
        52,
        53,
        54,
        55,
        56,
        57,
        58,
        59,
        60,
        61,
        62,
        63,
        64
    ],
    "ellipse_area": 13372.259204607393,
    "fft_abs": [
        2190.8051682708992,
        1187.611810621428,
        894.047137243118
    ],
    "fft_bands": {
        "hf": [
            0.15,
            0.4
        ],
        "lf": [
            0.04,
            0.15
        ],
        "ulf": null,
        "vlf": [
            0.0,
            0.04
        ]
    },
    "fft_interpolation": "cubic",
    "fft_log": [
        7.692024411986069,
        7.079699687789151,
        6.795758500006262
    ],
    "fft_nfft": 4096.0,
    "fft_norm": [
        57.05121926143236,
        42.94878073856764
    ],
    "fft_peak": [
        0.0029296875,
        0.041015625,
        0.3486328125
    ],
    "fft_ratio": 1.32835480496425,
    "fft_rel": [
        51.2773216747936,
        27.796882041355886,
        20.925796283850524
    ],
    "fft_resampling_frequency": 4.0,
    "fft_total": 4272.464116135445,
    "fft_window": "hamming",
    "hr_max": 85.83690987124463,
    "hr_mean": 70.67132582075088,
    "hr_min": 54.94505494505494,
    "hr_std": 6.289579337435234,
    "lomb_abs": [
        227.53765260617172,
        862.0414422673615,
        1752.9217967916811
    ],
    "lomb_bands": {
        "hf": [
            0.15,
            0.4
        ],
        "lf": [
            0.04,
            0.15
        ],
        "ulf": null,
        "vlf": [
            0.0,
            0.04
        ]
    },
    "lomb_log": [
        5.4273157306575985,
        6.759303346384327,
        7.469039272854642
    ],
    "lomb_ma": "n/a",
    "lomb_nfft": 256.0,
    "lomb_norm": [
        32.96571934133785,
        67.03428065866214
    ],
    "lomb_peak": [
        0.012862745098039216,
        0.14631372549019608,
        0.36498039215686273
    ],
    "lomb_ratio": 0.49177404482340825,
    "lomb_rel": [
        8.004840148805512,
        30.3268662041599,
        61.6682936470346
    ],
    "lomb_total": 2842.500891665214,
    "nn20": 211.0,
    "nn50": 101.0,
    "nni_counter": 281.0,
    "nni_diff_max": 177.0,
    "nni_diff_mean": 44.892857142857146,
    "nni_diff_min": 0.0,
    "nni_max": 1092.0,
    "nni_mean": 856.0391459074733,
    "nni_min": 699.0,
    "pnn20": 75.35714285714286,
    "pnn50": 36.07142857142857,
    "rmssd": 57.30295429930791,
    "sampen": 1.4656406899352015,
    "sd1": 40.51615953756561,
    "sd2": 105.05739818435114,
    "sd_ratio": 2.5929752321896262,
    "sdann": "n/a",
    "sdnn": 79.86208132495443,
    "sdnn_index": "n/a",
    "sdsd": 35.67640233492929,
    "tinn": 195.3125,
    "tinn_m": 914.0625,
    "tinn_n": 718.75,
    "tri_index": 14.789473684210526
}