{
    "Comment": "None",
    "Name": "C:\\Users\\Juan Pablo Botero T\\OneDrive - Universidad de los Andes\\Documentos\\JPB\\Personal\\Bienestar y Tecnolog\u00eda\\Codigo\\HRV-Bienestar-Tecnologia\\HRV_Reports\\Grupo_Control\\10-03-2022-ZairaMaza\\Momento_1.json",
    "ar_abs": [
        2484.9167684397244,
        5085.88078974038,
        10052.407034975846
    ],
    "ar_bands": {
        "hf": [
            0.15,
            0.4
        ],
        "lf": [
            0.04,
            0.15
        ],
        "ulf": null,
        "vlf": [
            0.0,
            0.04
        ]
    },
    "ar_interpolation": "cubic",
    "ar_log": [
        7.8179944443841825,
        8.534223506804574,
        9.215567390777991
    ],
    "ar_nfft": 4096.0,
    "ar_norm": [
        33.596142764815724,
        66.40385723518428
    ],
    "ar_order": 16.0,
    "ar_peak": [
        0.0,
        0.0400390625,
        0.3525390625
    ],
    "ar_ratio": 0.5059366151852804,
    "ar_rel": [
        14.100254895779582,
        28.859000999826694,
        57.04074410439372
    ],
    "ar_resampling_frequency": 4.0,
    "ar_total": 17623.20459315595,
    "dfa_alpha1": 0.8208922478501526,
    "dfa_alpha1_beats": [
        4,
        5,
        6,
        7,
        8,
        9,
        10,
        11,
        12,
        13,
        14,
        15,
        16
    ],
    "dfa_alpha2": 1.3555655684363834,
    "dfa_alpha2_beats": [
        17,
        18,
        19,
        20,
        21,
        22,
        23,
        24,
        25,
        26,
        27,
        28,
        29,
        30,
        31,
        32,
        33,
        34,
        35,
        36,
        37,
        38,
        39,
        40,
        41,
        42,
        43,
        44,
        45,
        46,
        47,
        48,
        49,
        50,
        51,
        52,
        53,
        54,
        55,
        56,
        57,
        58,
        59,
        60,
        61,
        62,
        63,
        64
    ],
    "ellipse_area": 27094.818181307888,
    "fft_abs": [
        8557.546830631416,
        1023.4705713543443,
        2387.172521207697
    ],
    "fft_bands": {
        "hf": [
            0.15,
            0.4
        ],
        "lf": [
            0.04,
            0.15
        ],
        "ulf": null,
        "vlf": [
            0.0,
            0.04
        ]
    },
    "fft_interpolation": "cubic",
    "fft_log": [
        9.05456884285579,
        6.93095465173667,
        7.777864899054994
    ],
    "fft_nfft": 4096.0,
    "fft_norm": [
        30.0081405054178,
        69.9918594945822
    ],
    "fft_peak": [
        0.00390625,
        0.0400390625,
        0.353515625
    ],
    "fft_ratio": 0.42873758065737083,
    "fft_rel": [
        71.50243174239347,
        8.55159032336991,
        19.945977934236613
    ],
    "fft_resampling_frequency": 4.0,
    "fft_total": 11968.189923193459,
    "fft_window": "hamming",
    "hr_max": 92.87925696594428,
    "hr_mean": 70.36982786569891,
    "hr_min": 50.67567567567568,
    "hr_std": 9.933322260148431,
    "lomb_abs": [
        292.57565508976205,
        576.2133600488813,
        1960.707711965914
    ],
    "lomb_bands": {
        "hf": [
            0.15,
            0.4
        ],
        "lf": [
            0.04,
            0.15
        ],
        "ulf": null,
        "vlf": [
            0.0,
            0.04
        ]
    },
    "lomb_log": [
        5.678723283107327,
        6.356478008860073,
        7.581060764585388
    ],
    "lomb_ma": "n/a",
    "lomb_nfft": 256.0,
    "lomb_norm": [
        22.713097636548024,
        77.28690236345197
    ],
    "lomb_peak": [
        0.011254901960784314,
        0.06270588235294118,
        0.36498039215686273
    ],
    "lomb_ratio": 0.2938802946162424,
    "lomb_rel": [
        10.34020121978217,
        20.36451763768337,
        69.29528114253446
    ],
    "lomb_total": 2829.4967271045575,
    "nn20": 214.0,
    "nn50": 141.0,
    "nni_counter": 276.0,
    "nni_diff_max": 308.0,
    "nni_diff_mean": 58.89090909090909,
    "nni_diff_min": 0.0,
    "nni_max": 1184.0,
    "nni_mean": 869.5615942028985,
    "nni_min": 646.0,
    "pnn20": 77.81818181818181,
    "pnn50": 51.272727272727266,
    "rmssd": 74.74594546620146,
    "sampen": 0.9544208474277139,
    "sd1": 52.85326977226513,
    "sd2": 163.17909050138593,
    "sd_ratio": 3.0873982102619983,
    "sdann": "n/a",
    "sdnn": 121.41160574895707,
    "sdnn_index": "n/a",
    "sdsd": 46.114532411545724,
    "tinn": 437.5,
    "tinn_m": 1062.5,
    "tinn_n": 625.0,
    "tri_index": 21.23076923076923
}