{
    "Comment": "None",
    "Name": "C:\\Users\\Juan Pablo Botero T\\OneDrive - Universidad de los Andes\\Documentos\\JPB\\Personal\\Bienestar y Tecnolog\u00eda\\Codigo\\HRV-Bienestar-Tecnologia\\HRV_Reports\\AndreaValderrama-9-12\\HRV_olfative.json",
    "ar_abs": [
        2423.4746550309924,
        5221.662805043838,
        10308.666093270815
    ],
    "ar_bands": {
        "hf": [
            0.15,
            0.4
        ],
        "lf": [
            0.04,
            0.15
        ],
        "ulf": null,
        "vlf": [
            0.0,
            0.04
        ]
    },
    "ar_interpolation": "cubic",
    "ar_log": [
        7.792957597228266,
        8.560571175179543,
        9.240740188744567
    ],
    "ar_nfft": 4096.0,
    "ar_norm": [
        33.62235815630724,
        66.37764184369276
    ],
    "ar_order": 16.0,
    "ar_peak": [
        0.0,
        0.0400390625,
        0.166015625
    ],
    "ar_ratio": 0.5065313744571066,
    "ar_rel": [
        13.498391289790984,
        29.08388069151394,
        57.41772801869508
    ],
    "ar_resampling_frequency": 4.0,
    "ar_total": 17953.803553345642,
    "dfa_alpha1": 0.9893976073032293,
    "dfa_alpha1_beats": [
        4,
        5,
        6,
        7,
        8,
        9,
        10,
        11,
        12,
        13,
        14,
        15,
        16
    ],
    "dfa_alpha2": 1.0164969360943439,
    "dfa_alpha2_beats": [
        17,
        18,
        19,
        20,
        21,
        22,
        23,
        24,
        25,
        26,
        27,
        28,
        29,
        30,
        31,
        32,
        33,
        34,
        35,
        36,
        37,
        38,
        39,
        40,
        41,
        42,
        43,
        44,
        45,
        46,
        47,
        48,
        49,
        50,
        51,
        52,
        53,
        54,
        55,
        56,
        57,
        58,
        59,
        60,
        61,
        62,
        63,
        64
    ],
    "ellipse_area": 24990.847839022194,
    "fft_abs": [
        3188.243899987797,
        1698.9968787021521,
        4238.649252813419
    ],
    "fft_bands": {
        "hf": [
            0.15,
            0.4
        ],
        "lf": [
            0.04,
            0.15
        ],
        "ulf": null,
        "vlf": [
            0.0,
            0.04
        ]
    },
    "fft_interpolation": "cubic",
    "fft_log": [
        8.067225542626044,
        7.437793284532018,
        8.351999925021355
    ],
    "fft_nfft": 4096.0,
    "fft_norm": [
        28.613980036369853,
        71.38601996363016
    ],
    "fft_peak": [
        0.01171875,
        0.0400390625,
        0.1796875
    ],
    "fft_ratio": 0.400834505845096,
    "fft_rel": [
        34.93625157635804,
        18.61732798485481,
        46.446420438787136
    ],
    "fft_resampling_frequency": 4.0,
    "fft_total": 9125.890031503368,
    "fft_window": "hamming",
    "hr_max": 123.96694214876032,
    "hr_mean": 90.67621218216296,
    "hr_min": 51.679586563307495,
    "hr_std": 14.14131549345832,
    "lomb_abs": [
        203.80645494865087,
        642.9834309819141,
        1460.7737255932516
    ],
    "lomb_bands": {
        "hf": [
            0.15,
            0.4
        ],
        "lf": [
            0.04,
            0.15
        ],
        "ulf": null,
        "vlf": [
            0.0,
            0.04
        ]
    },
    "lomb_log": [
        5.317170793244117,
        6.466118955603767,
        7.286721523365457
    ],
    "lomb_ma": "n/a",
    "lomb_nfft": 256.0,
    "lomb_norm": [
        30.563576645351308,
        69.43642335464868
    ],
    "lomb_peak": [
        0.03215686274509804,
        0.13345098039215686,
        0.21545098039215688
    ],
    "lomb_ratio": 0.44016634453141246,
    "lomb_rel": [
        8.832105599640036,
        27.864169281006962,
        63.303725119353
    ],
    "lomb_total": 2307.5636115238167,
    "nn20": 207.0,
    "nn50": 102.0,
    "nni_counter": 354.0,
    "nni_diff_max": 577.0,
    "nni_diff_mean": 45.05665722379604,
    "nni_diff_min": 0.0,
    "nni_max": 1161.0,
    "nni_mean": 678.4548022598871,
    "nni_min": 484.0,
    "pnn20": 58.640226628895185,
    "pnn50": 28.89518413597734,
    "rmssd": 77.49138670951957,
    "sampen": 0.7905629133918951,
    "sd1": 54.79299249813012,
    "sd2": 145.1797678607726,
    "sd_ratio": 2.6496046527432693,
    "sdann": "n/a",
    "sdnn": 109.88087519330608,
    "sdnn_index": "n/a",
    "sdsd": 63.13560592395555,
    "tinn": 375.0,
    "tinn_m": 906.25,
    "tinn_n": 531.25,
    "tri_index": 23.6
}