{
    "Comment": "None",
    "Name": "C:\\Users\\Juan Pablo Botero T\\OneDrive - Universidad de los Andes\\Documentos\\JPB\\Personal\\Bienestar y Tecnolog\u00eda\\Codigo\\HRV-Bienestar-Tecnologia\\HRV_Reports\\AndreaValderrama-9-12\\HRV_baseline.json",
    "ar_abs": [
        2371.53355074245,
        4920.809982825704,
        9965.775649289328
    ],
    "ar_bands": {
        "hf": [
            0.15,
            0.4
        ],
        "lf": [
            0.04,
            0.15
        ],
        "ulf": null,
        "vlf": [
            0.0,
            0.04
        ]
    },
    "ar_interpolation": "cubic",
    "ar_log": [
        7.771292092694876,
        8.501228426591846,
        9.206912066977416
    ],
    "ar_nfft": 4096.0,
    "ar_norm": [
        33.05532984145118,
        66.94467015854882
    ],
    "ar_order": 16.0,
    "ar_peak": [
        0.0,
        0.0400390625,
        0.150390625
    ],
    "ar_ratio": 0.49377089711793914,
    "ar_rel": [
        13.741552747521284,
        28.51301425542102,
        57.7454329970577
    ],
    "ar_resampling_frequency": 4.0,
    "ar_total": 17258.11918285748,
    "dfa_alpha1": 0.922306289261628,
    "dfa_alpha1_beats": [
        4,
        5,
        6,
        7,
        8,
        9,
        10,
        11,
        12,
        13,
        14,
        15,
        16
    ],
    "dfa_alpha2": 0.939626587521693,
    "dfa_alpha2_beats": [
        17,
        18,
        19,
        20,
        21,
        22,
        23,
        24,
        25,
        26,
        27,
        28,
        29,
        30,
        31,
        32,
        33,
        34,
        35,
        36,
        37,
        38,
        39,
        40,
        41,
        42,
        43,
        44,
        45,
        46,
        47,
        48,
        49,
        50,
        51,
        52,
        53,
        54,
        55,
        56,
        57,
        58,
        59,
        60,
        61,
        62,
        63,
        64
    ],
    "ellipse_area": 16567.159126060546,
    "fft_abs": [
        2694.251693834716,
        1048.2528197964202,
        2578.075725608795
    ],
    "fft_bands": {
        "hf": [
            0.15,
            0.4
        ],
        "lf": [
            0.04,
            0.15
        ],
        "ulf": null,
        "vlf": [
            0.0,
            0.04
        ]
    },
    "fft_interpolation": "cubic",
    "fft_log": [
        7.898875780161801,
        6.954880076050994,
        7.854798556849266
    ],
    "fft_nfft": 4096.0,
    "fft_norm": [
        28.90672498840796,
        71.09327501159204
    ],
    "fft_peak": [
        0.0029296875,
        0.1494140625,
        0.15234375
    ],
    "fft_ratio": 0.4066028043256497,
    "fft_rel": [
        42.62665122274768,
        16.58475614768045,
        40.78859262957188
    ],
    "fft_resampling_frequency": 4.0,
    "fft_total": 6320.580239239931,
    "fft_window": "hamming",
    "hr_max": 121.95121951219512,
    "hr_mean": 91.57602302277111,
    "hr_min": 61.919504643962846,
    "hr_std": 12.63737566668276,
    "lomb_abs": [
        217.60781347118103,
        732.4979830965009,
        1275.3466912614583
    ],
    "lomb_bands": {
        "hf": [
            0.15,
            0.4
        ],
        "lf": [
            0.04,
            0.15
        ],
        "ulf": null,
        "vlf": [
            0.0,
            0.04
        ]
    },
    "lomb_log": [
        5.382694421833365,
        6.596460587435556,
        7.15097333534529
    ],
    "lomb_ma": "n/a",
    "lomb_nfft": 256.0,
    "lomb_norm": [
        36.48180521387835,
        63.51819478612164
    ],
    "lomb_peak": [
        0.00803921568627451,
        0.14952941176470588,
        0.34890196078431374
    ],
    "lomb_ratio": 0.5743520472633051,
    "lomb_rel": [
        9.778137914031616,
        32.914563986536955,
        57.30729809943143
    ],
    "lomb_total": 2225.4524878291404,
    "nn20": 196.0,
    "nn50": 86.0,
    "nni_counter": 360.0,
    "nni_diff_max": 300.0,
    "nni_diff_mean": 37.46518105849582,
    "nni_diff_min": 0.0,
    "nni_max": 969.0,
    "nni_mean": 667.8944444444444,
    "nni_min": 492.0,
    "pnn20": 54.59610027855153,
    "pnn50": 23.955431754874652,
    "rmssd": 59.38857453681912,
    "sampen": 0.8143990635544062,
    "sd1": 41.990892882605905,
    "sd2": 125.58653016853435,
    "sd_ratio": 2.9908039945622753,
    "sdann": "n/a",
    "sdnn": 93.89975673266534,
    "sdnn_index": "n/a",
    "sdsd": 46.14427565057542,
    "tinn": 218.75,
    "tinn_m": 773.4375,
    "tinn_n": 554.6875,
    "tri_index": 17.142857142857142
}