{
    "Comment": "None",
    "Name": "C:\\Users\\Juan Pablo Botero T\\OneDrive - Universidad de los Andes\\Documentos\\JPB\\Personal\\Bienestar y Tecnolog\u00eda\\Codigo\\HRV-Bienestar-Tecnologia\\HRV_Reports\\AndreaValderrama-9-12\\HRV_final.json",
    "ar_abs": [
        2353.7822720230433,
        4809.028868945885,
        8528.150877702034
    ],
    "ar_bands": {
        "hf": [
            0.15,
            0.4
        ],
        "lf": [
            0.04,
            0.15
        ],
        "ulf": null,
        "vlf": [
            0.0,
            0.04
        ]
    },
    "ar_interpolation": "cubic",
    "ar_log": [
        7.763778790774041,
        8.478250444367543,
        9.051127838287355
    ],
    "ar_nfft": 4096.0,
    "ar_norm": [
        36.0573146669524,
        63.9426853330476
    ],
    "ar_order": 16.0,
    "ar_peak": [
        0.0,
        0.0400390625,
        0.150390625
    ],
    "ar_ratio": 0.5639005381013744,
    "ar_rel": [
        15.000879291035405,
        30.648400418174067,
        54.350720290790534
    ],
    "ar_resampling_frequency": 4.0,
    "ar_total": 15690.962018670962,
    "dfa_alpha1": 1.5177934895533638,
    "dfa_alpha1_beats": [
        4,
        5,
        6,
        7,
        8,
        9,
        10,
        11,
        12,
        13,
        14,
        15,
        16
    ],
    "dfa_alpha2": 0.447552725641708,
    "dfa_alpha2_beats": [
        17,
        18,
        19,
        20,
        21,
        22,
        23,
        24,
        25,
        26,
        27,
        28,
        29,
        30,
        31,
        32,
        33,
        34,
        35,
        36,
        37,
        38,
        39,
        40,
        41,
        42,
        43,
        44,
        45,
        46,
        47,
        48,
        49,
        50,
        51,
        52,
        53,
        54,
        55,
        56,
        57,
        58,
        59,
        60,
        61,
        62,
        63,
        64
    ],
    "ellipse_area": 1720.4987612672721,
    "fft_abs": [
        187.28864099925434,
        663.476089285824,
        172.82267471504252
    ],
    "fft_bands": {
        "hf": [
            0.15,
            0.4
        ],
        "lf": [
            0.04,
            0.15
        ],
        "ulf": null,
        "vlf": [
            0.0,
            0.04
        ]
    },
    "fft_interpolation": "cubic",
    "fft_log": [
        5.232650961584593,
        6.497492815874712,
        5.152266067177196
    ],
    "fft_nfft": 4096.0,
    "fft_norm": [
        79.33481643710006,
        20.665183562899955
    ],
    "fft_peak": [
        0.0048828125,
        0.0732421875,
        0.2470703125
    ],
    "fft_ratio": 3.839056943076433,
    "fft_rel": [
        18.297278775058025,
        64.81870390792331,
        16.88401731701868
    ],
    "fft_resampling_frequency": 4.0,
    "fft_total": 1023.5874050001207,
    "fft_window": "hamming",
    "hr_max": 120.0,
    "hr_mean": 107.46450566020847,
    "hr_min": 87.71929824561404,
    "hr_std": 6.027383283409805,
    "lomb_abs": [
        159.2129618039571,
        489.3373797748833,
        1111.7504658329042
    ],
    "lomb_bands": {
        "hf": [
            0.15,
            0.4
        ],
        "lf": [
            0.04,
            0.15
        ],
        "ulf": null,
        "vlf": [
            0.0,
            0.04
        ]
    },
    "lomb_log": [
        5.070242688462552,
        6.193052189766881,
        7.0136910483994015
    ],
    "lomb_ma": "n/a",
    "lomb_nfft": 256.0,
    "lomb_norm": [
        30.562806476688127,
        69.43719352331186
    ],
    "lomb_peak": [
        0.035372549019607846,
        0.09647058823529411,
        0.22992156862745097
    ],
    "lomb_ratio": 0.44015037080131125,
    "lomb_rel": [
        9.04464516141736,
        27.798509079501,
        63.15684575908163
    ],
    "lomb_total": 1760.3008074117447,
    "nn20": 99.0,
    "nn50": 6.0,
    "nni_counter": 430.0,
    "nni_diff_max": 115.0,
    "nni_diff_mean": 12.734265734265735,
    "nni_diff_min": 0.0,
    "nni_max": 684.0,
    "nni_mean": 560.1279069767442,
    "nni_min": 500.0,
    "pnn20": 23.076923076923077,
    "pnn50": 1.3986013986013985,
    "rmssd": 17.599732462471774,
    "sampen": 1.6356226914291674,
    "sd1": 12.444832429387407,
    "sd2": 44.00635910412947,
    "sd_ratio": 3.5361150384164453,
    "sdann": "n/a",
    "sdnn": 32.34257065738472,
    "sdnn_index": "n/a",
    "sdsd": 12.162807784783666,
    "tinn": 140.625,
    "tinn_m": 625.0,
    "tinn_n": 484.375,
    "tri_index": 9.347826086956522
}