{
    "Comment": "None",
    "Name": "D:\\Users\\jp.botero\\Documents\\Bienestar & Tecnolog\u00eda\\HRV-Bienestar-Tecnologia\\HRV_Reports\\SamuelTorres-7-12\\HRV_olfative.json",
    "ar_abs": [
        1982.4951379311437,
        3935.3062566006533,
        6616.508801537815
    ],
    "ar_bands": {
        "hf": [
            0.15,
            0.4
        ],
        "lf": [
            0.04,
            0.15
        ],
        "ulf": null,
        "vlf": [
            0.0,
            0.04
        ]
    },
    "ar_interpolation": "cubic",
    "ar_log": [
        7.592111501012247,
        8.277743986692284,
        8.797323138452953
    ],
    "ar_nfft": 4096.0,
    "ar_norm": [
        37.29506473453026,
        62.704935265469736
    ],
    "ar_order": 16.0,
    "ar_peak": [
        0.0,
        0.0400390625,
        0.150390625
    ],
    "ar_ratio": 0.5947708035521703,
    "ar_rel": [
        15.816547595517427,
        31.396273070014246,
        52.787179334468334
    ],
    "ar_resampling_frequency": 4.0,
    "ar_total": 12534.310196069611,
    "dfa_alpha1": 1.2284673080036415,
    "dfa_alpha1_beats": [
        4,
        5,
        6,
        7,
        8,
        9,
        10,
        11,
        12,
        13,
        14,
        15,
        16
    ],
    "dfa_alpha2": 0.5603432430720539,
    "dfa_alpha2_beats": [
        17,
        18,
        19,
        20,
        21,
        22,
        23,
        24,
        25,
        26,
        27,
        28,
        29,
        30,
        31,
        32,
        33,
        34,
        35,
        36,
        37,
        38,
        39,
        40,
        41,
        42,
        43,
        44,
        45,
        46,
        47,
        48,
        49,
        50,
        51,
        52,
        53,
        54,
        55,
        56,
        57,
        58,
        59,
        60,
        61,
        62,
        63,
        64
    ],
    "ellipse_area": 260.24036004021286,
    "fft_abs": [
        0.5248495298642973,
        12.623693182084368,
        5.78614479151469
    ],
    "fft_bands": {
        "hf": [
            0.15,
            0.4
        ],
        "lf": [
            0.04,
            0.15
        ],
        "ulf": null,
        "vlf": [
            0.0,
            0.04
        ]
    },
    "fft_interpolation": "cubic",
    "fft_log": [
        -0.6446436672532373,
        2.5355754594739084,
        1.7554662306989581
    ],
    "fft_nfft": 4096.0,
    "fft_norm": [
        68.57036547626106,
        31.429634523738933
    ],
    "fft_peak": [
        0.0390625,
        0.1220703125,
        0.150390625
    ],
    "fft_ratio": 2.1817105580553147,
    "fft_rel": [
        2.7718943329183365,
        66.66966740156319,
        30.55843826551847
    ],
    "fft_resampling_frequency": 4.0,
    "fft_total": 18.93468750346336,
    "fft_window": "hamming",
    "hr_max": 1132.0754716981132,
    "hr_mean": 692.4287665511868,
    "hr_min": 491.8032786885246,
    "hr_std": 83.3864078260414,
    "lomb_abs": [
        214.27631273824548,
        635.7127584335558,
        1540.4751854174692
    ],
    "lomb_bands": {
        "hf": [
            0.15,
            0.4
        ],
        "lf": [
            0.04,
            0.15
        ],
        "ulf": null,
        "vlf": [
            0.0,
            0.04
        ]
    },
    "lomb_log": [
        5.367266363184314,
        6.454746823638017,
        7.339846209771619
    ],
    "lomb_ma": "n/a",
    "lomb_nfft": 256.0,
    "lomb_norm": [
        29.212217640935275,
        70.78778235906472
    ],
    "lomb_peak": [
        0.02411764705882353,
        0.10772549019607844,
        0.3746274509803922
    ],
    "lomb_ratio": 0.4126731572513305,
    "lomb_rel": [
        8.963794884094032,
        26.593694370506704,
        64.44251074539926
    ],
    "lomb_total": 2390.4642565892705,
    "nn20": 14.0,
    "nn50": 4.0,
    "nni_counter": 356.0,
    "nni_diff_max": 55.0,
    "nni_diff_mean": 5.112676056338028,
    "nni_diff_min": 0.0,
    "nni_max": 122.0,
    "nni_mean": 87.78089887640449,
    "nni_min": 53.0,
    "pnn20": 3.943661971830986,
    "pnn50": 1.1267605633802817,
    "rmssd": 9.923226417612936,
    "sampen": 1.1961926170069737,
    "sd1": 7.016778146728359,
    "sd2": 11.805571966594451,
    "sd_ratio": 1.6824775872526216,
    "sdann": "n/a",
    "sdnn": 9.711748382991292,
    "sdnn_index": "n/a",
    "sdsd": 8.516765280380323,
    "tinn": 39.0625,
    "tinn_m": 101.5625,
    "tinn_n": 62.5,
    "tri_index": 2.78125
}