{
    "Comment": "None",
    "Name": "C:\\Users\\Juan Pablo Botero T\\OneDrive - Universidad de los Andes\\Documentos\\JPB\\Personal\\Bienestar y Tecnolog\u00eda\\Codigo\\HRV-Bienestar-Tecnologia\\HRV_Reports\\SamuelTorres-7-12\\HRV_sound.json",
    "ar_abs": [
        2412.129229128613,
        5102.651701956072,
        9199.870366632069
    ],
    "ar_bands": {
        "hf": [
            0.15,
            0.4
        ],
        "lf": [
            0.04,
            0.15
        ],
        "ulf": null,
        "vlf": [
            0.0,
            0.04
        ]
    },
    "ar_interpolation": "cubic",
    "ar_log": [
        7.788265133994193,
        8.537515625149654,
        9.126944672354387
    ],
    "ar_nfft": 4096.0,
    "ar_norm": [
        35.676586810956586,
        64.3234131890434
    ],
    "ar_order": 16.0,
    "ar_peak": [
        0.0,
        0.0400390625,
        0.150390625
    ],
    "ar_ratio": 0.5546438698161869,
    "ar_rel": [
        14.431226749301754,
        30.528017671855963,
        55.04075557884228
    ],
    "ar_resampling_frequency": 4.0,
    "ar_total": 16714.651297716755,
    "dfa_alpha1": 1.3070959580617145,
    "dfa_alpha1_beats": [
        4,
        5,
        6,
        7,
        8,
        9,
        10,
        11,
        12,
        13,
        14,
        15,
        16
    ],
    "dfa_alpha2": 0.5340932214493787,
    "dfa_alpha2_beats": [
        17,
        18,
        19,
        20,
        21,
        22,
        23,
        24,
        25,
        26,
        27,
        28,
        29,
        30,
        31,
        32,
        33,
        34,
        35,
        36,
        37,
        38,
        39,
        40,
        41,
        42,
        43,
        44,
        45,
        46,
        47,
        48,
        49,
        50,
        51,
        52,
        53,
        54,
        55,
        56,
        57,
        58,
        59,
        60,
        61,
        62,
        63,
        64
    ],
    "ellipse_area": 10462.408573561086,
    "fft_abs": [
        1086.2288890201346,
        2300.3005842335765,
        668.0081807251204
    ],
    "fft_bands": {
        "hf": [
            0.15,
            0.4
        ],
        "lf": [
            0.04,
            0.15
        ],
        "ulf": null,
        "vlf": [
            0.0,
            0.04
        ]
    },
    "fft_interpolation": "cubic",
    "fft_log": [
        6.990467241656692,
        7.740795082175412,
        6.504300420056149
    ],
    "fft_nfft": 4096.0,
    "fft_norm": [
        77.49532701546917,
        22.50467298453082
    ],
    "fft_peak": [
        0.0048828125,
        0.111328125,
        0.150390625
    ],
    "fft_ratio": 3.4435215774402774,
    "fft_rel": [
        26.79045015044287,
        56.73398006246722,
        16.47556978708991
    ],
    "fft_resampling_frequency": 4.0,
    "fft_total": 4054.5376539788317,
    "fft_window": "hamming",
    "hr_max": 153.0612244897959,
    "hr_mean": 94.67798840136366,
    "hr_min": 66.1521499448732,
    "hr_std": 9.9644990877658,
    "lomb_abs": [
        170.3438333608696,
        642.3559151310681,
        1609.241994848273
    ],
    "lomb_bands": {
        "hf": [
            0.15,
            0.4
        ],
        "lf": [
            0.04,
            0.15
        ],
        "ulf": null,
        "vlf": [
            0.0,
            0.04
        ]
    },
    "lomb_log": [
        5.1378189436329595,
        6.465142535014761,
        7.383518536459127
    ],
    "lomb_ma": "n/a",
    "lomb_nfft": 256.0,
    "lomb_norm": [
        28.52889107260549,
        71.4711089273945
    ],
    "lomb_peak": [
        0.017686274509803923,
        0.11254901960784314,
        0.3103137254901961
    ],
    "lomb_ratio": 0.3991667612375679,
    "lomb_rel": [
        7.03335800001286,
        26.52235203003544,
        66.44428996995171
    ],
    "lomb_total": 2421.9417433402105,
    "nn20": 179.0,
    "nn50": 34.0,
    "nni_counter": 375.0,
    "nni_diff_max": 384.0,
    "nni_diff_mean": 29.13368983957219,
    "nni_diff_min": 0.0,
    "nni_max": 907.0,
    "nni_mean": 640.3893333333333,
    "nni_min": 392.0,
    "pnn20": 47.860962566844925,
    "pnn50": 9.090909090909092,
    "rmssd": 56.131101314328035,
    "sampen": 0.9776332522366777,
    "sd1": 39.69058708985568,
    "sd2": 83.90624393433869,
    "sd_ratio": 2.114008637473238,
    "sdann": "n/a",
    "sdnn": 65.64788500556664,
    "sdnn_index": "n/a",
    "sdsd": 48.042689782905214,
    "tinn": 203.125,
    "tinn_m": 726.5625,
    "tinn_n": 523.4375,
    "tri_index": 13.392857142857142
}