{
    "Comment": "None",
    "Name": "D:\\Users\\jp.botero\\Documents\\Bienestar & Tecnolog\u00eda\\HRV-Bienestar-Tecnologia\\HRV_Reports\\SamuelTorres-7-12\\HRV_video.json",
    "ar_abs": [
        1966.9366096290792,
        3934.3132970002343,
        6523.2730464945935
    ],
    "ar_bands": {
        "hf": [
            0.15,
            0.4
        ],
        "lf": [
            0.04,
            0.15
        ],
        "ulf": null,
        "vlf": [
            0.0,
            0.04
        ]
    },
    "ar_interpolation": "cubic",
    "ar_log": [
        7.584232590939958,
        8.277491634059752,
        8.783131529956455
    ],
    "ar_nfft": 4096.0,
    "ar_norm": [
        37.621619059809014,
        62.378380940190986
    ],
    "ar_order": 16.0,
    "ar_peak": [
        0.0,
        0.0400390625,
        0.150390625
    ],
    "ar_ratio": 0.6031195182170725,
    "ar_rel": [
        15.83108355186008,
        31.665709112888134,
        52.5032073352518
    ],
    "ar_resampling_frequency": 4.0,
    "ar_total": 12424.522953123906,
    "dfa_alpha1": 1.466128396992523,
    "dfa_alpha1_beats": [
        4,
        5,
        6,
        7,
        8,
        9,
        10,
        11,
        12,
        13,
        14,
        15,
        16
    ],
    "dfa_alpha2": 0.4185372687138845,
    "dfa_alpha2_beats": [
        17,
        18,
        19,
        20,
        21,
        22,
        23,
        24,
        25,
        26,
        27,
        28,
        29,
        30,
        31,
        32,
        33,
        34,
        35,
        36,
        37,
        38,
        39,
        40,
        41,
        42,
        43,
        44,
        45,
        46,
        47,
        48,
        49,
        50,
        51,
        52,
        53,
        54,
        55,
        56,
        57,
        58,
        59,
        60,
        61,
        62,
        63,
        64
    ],
    "ellipse_area": 142.3280052533949,
    "fft_abs": [
        3.927589346841174,
        1.6680029035214838,
        2.502549467050333
    ],
    "fft_bands": {
        "hf": [
            0.15,
            0.4
        ],
        "lf": [
            0.04,
            0.15
        ],
        "ulf": null,
        "vlf": [
            0.0,
            0.04
        ]
    },
    "fft_interpolation": "cubic",
    "fft_log": [
        1.3680258399254652,
        0.511627044655354,
        0.9173099990649531
    ],
    "fft_nfft": 4096.0,
    "fft_norm": [
        39.99477180268058,
        60.005228197319404
    ],
    "fft_peak": [
        0.0234375,
        0.0400390625,
        0.34375
    ],
    "fft_ratio": 0.6665214516168985,
    "fft_rel": [
        48.49988409558076,
        20.597353834088487,
        30.902762070330752
    ],
    "fft_resampling_frequency": 4.0,
    "fft_total": 8.098141717412991,
    "fft_window": "hamming",
    "hr_max": 1132.0754716981132,
    "hr_mean": 718.0688480081814,
    "hr_min": 461.53846153846155,
    "hr_std": 68.22151127179178,
    "lomb_abs": [
        179.4950255788984,
        480.20405308835024,
        1485.6120425192455
    ],
    "lomb_bands": {
        "hf": [
            0.15,
            0.4
        ],
        "lf": [
            0.04,
            0.15
        ],
        "ulf": null,
        "vlf": [
            0.0,
            0.04
        ]
    },
    "lomb_log": [
        5.190147494891955,
        6.174211124168755,
        7.303582116170992
    ],
    "lomb_ma": "n/a",
    "lomb_nfft": 256.0,
    "lomb_norm": [
        24.427720078257295,
        75.5722799217427
    ],
    "lomb_peak": [
        0.003215686274509804,
        0.12541176470588236,
        0.2492156862745098
    ],
    "lomb_ratio": 0.3232365108417122,
    "lomb_rel": [
        8.366852891697414,
        22.38388867451387,
        69.24925843378871
    ],
    "lomb_total": 2145.3111211864943,
    "nn20": 5.0,
    "nn50": 0.0,
    "nni_counter": 370.0,
    "nni_diff_max": 45.0,
    "nni_diff_mean": 3.151761517615176,
    "nni_diff_min": 0.0,
    "nni_max": 130.0,
    "nni_mean": 84.37297297297297,
    "nni_min": 53.0,
    "pnn20": 1.3550135501355014,
    "pnn50": 0.0,
    "rmssd": 5.487853056096861,
    "sampen": 1.031846675119663,
    "sd1": 3.88010016969163,
    "sd2": 11.676093186164998,
    "sd_ratio": 3.009224678622911,
    "sdann": "n/a",
    "sdnn": 8.80879852856692,
    "sdnn_index": "n/a",
    "sdsd": 4.498641508414787,
    "tinn": 31.25,
    "tinn_m": 93.75,
    "tinn_n": 62.5,
    "tri_index": 2.298136645962733
}