{
    "Comment": "None",
    "Name": "D:\\Users\\jp.botero\\Documents\\Bienestar & Tecnolog\u00eda\\HRV-Bienestar-Tecnologia\\HRV_Reports\\SamuelTorres-7-12\\HRV_sound.json",
    "ar_abs": [
        1956.0245673412903,
        3882.831133441882,
        6420.833028701994
    ],
    "ar_bands": {
        "hf": [
            0.15,
            0.4
        ],
        "lf": [
            0.04,
            0.15
        ],
        "ulf": null,
        "vlf": [
            0.0,
            0.04
        ]
    },
    "ar_interpolation": "cubic",
    "ar_log": [
        7.578669410506321,
        8.264319840102484,
        8.767303143516054
    ],
    "ar_nfft": 4096.0,
    "ar_norm": [
        37.68398379779863,
        62.316016202201375
    ],
    "ar_order": 16.0,
    "ar_peak": [
        0.0,
        0.0400390625,
        0.150390625
    ],
    "ar_ratio": 0.6047238911345459,
    "ar_rel": [
        15.954928469243704,
        31.67153113849847,
        52.37354039225784
    ],
    "ar_resampling_frequency": 4.0,
    "ar_total": 12259.688729485166,
    "dfa_alpha1": 1.3072936419852679,
    "dfa_alpha1_beats": [
        4,
        5,
        6,
        7,
        8,
        9,
        10,
        11,
        12,
        13,
        14,
        15,
        16
    ],
    "dfa_alpha2": 0.5339640158093187,
    "dfa_alpha2_beats": [
        17,
        18,
        19,
        20,
        21,
        22,
        23,
        24,
        25,
        26,
        27,
        28,
        29,
        30,
        31,
        32,
        33,
        34,
        35,
        36,
        37,
        38,
        39,
        40,
        41,
        42,
        43,
        44,
        45,
        46,
        47,
        48,
        49,
        50,
        51,
        52,
        53,
        54,
        55,
        56,
        57,
        58,
        59,
        60,
        61,
        62,
        63,
        64
    ],
    "ellipse_area": 177.01827114544685,
    "fft_abs": [
        2.522609163494677,
        4.846378353074125,
        8.886550597902227
    ],
    "fft_bands": {
        "hf": [
            0.15,
            0.4
        ],
        "lf": [
            0.04,
            0.15
        ],
        "ulf": null,
        "vlf": [
            0.0,
            0.04
        ]
    },
    "fft_interpolation": "cubic",
    "fft_log": [
        0.9252937482238907,
        1.5782316946817612,
        2.1845389649959075
    ],
    "fft_nfft": 4096.0,
    "fft_norm": [
        35.290201896293716,
        64.70979810370629
    ],
    "fft_peak": [
        0.0302734375,
        0.0400390625,
        0.26953125
    ],
    "fft_ratio": 0.5453610261576824,
    "fft_rel": [
        15.51845989797776,
        29.813706067101986,
        54.66783403492025
    ],
    "fft_resampling_frequency": 4.0,
    "fft_total": 16.25553811447103,
    "fft_window": "hamming",
    "hr_max": 1176.4705882352941,
    "hr_mean": 727.706661240453,
    "hr_min": 508.47457627118644,
    "hr_std": 76.59155363522407,
    "lomb_abs": [
        287.9184463482849,
        539.1995519625636,
        1332.7349723869656
    ],
    "lomb_bands": {
        "hf": [
            0.15,
            0.4
        ],
        "lf": [
            0.04,
            0.15
        ],
        "ulf": null,
        "vlf": [
            0.0,
            0.04
        ]
    },
    "lomb_log": [
        5.662677267633282,
        6.290085728667789,
        7.1949884799964305
    ],
    "lomb_ma": "n/a",
    "lomb_nfft": 256.0,
    "lomb_norm": [
        28.804402341472272,
        71.19559765852772
    ],
    "lomb_peak": [
        0.014470588235294117,
        0.14309803921568628,
        0.35533333333333333
    ],
    "lomb_ratio": 0.4045812281768536,
    "lomb_rel": [
        13.330465094356075,
        24.964641541704424,
        61.7048933639395
    ],
    "lomb_total": 2159.8529706978143,
    "nn20": 9.0,
    "nn50": 0.0,
    "nni_counter": 375.0,
    "nni_diff_max": 50.0,
    "nni_diff_mean": 3.786096256684492,
    "nni_diff_min": 0.0,
    "nni_max": 118.0,
    "nni_mean": 83.31733333333334,
    "nni_min": 51.0,
    "pnn20": 2.406417112299465,
    "pnn50": 0.0,
    "rmssd": 7.3024792508131195,
    "sampen": 0.9750176965969495,
    "sd1": 5.163620136965053,
    "sd2": 10.912240685054854,
    "sd_ratio": 2.113292689161404,
    "sdann": "n/a",
    "sdnn": 8.538249475145461,
    "sdnn_index": "n/a",
    "sdsd": 6.252696512254206,
    "tinn": 31.25,
    "tinn_m": 93.75,
    "tinn_n": 62.5,
    "tri_index": 2.5
}