{
    "Comment": "None",
    "Name": "C:\\Users\\Juan Pablo Botero T\\OneDrive - Universidad de los Andes\\Documentos\\JPB\\Personal\\Bienestar y Tecnolog\u00eda\\Codigo\\HRV-Bienestar-Tecnologia\\HRV_Reports\\SamuelTorres-7-12\\HRV_baseline.json",
    "ar_abs": [
        2431.6092891912726,
        5102.332894358899,
        9973.17151840065
    ],
    "ar_bands": {
        "hf": [
            0.15,
            0.4
        ],
        "lf": [
            0.04,
            0.15
        ],
        "ulf": null,
        "vlf": [
            0.0,
            0.04
        ]
    },
    "ar_interpolation": "cubic",
    "ar_log": [
        7.796308576064372,
        8.537453144389538,
        9.207653918529388
    ],
    "ar_nfft": 4096.0,
    "ar_norm": [
        33.84518855661244,
        66.15481144338756
    ],
    "ar_order": 16.0,
    "ar_peak": [
        0.0,
        0.0400390625,
        0.150390625
    ],
    "ar_ratio": 0.5116058502498446,
    "ar_rel": [
        13.88926427615717,
        29.144340873220838,
        56.966394850621995
    ],
    "ar_resampling_frequency": 4.0,
    "ar_total": 17507.11370195082,
    "dfa_alpha1": 1.1749604419286692,
    "dfa_alpha1_beats": [
        4,
        5,
        6,
        7,
        8,
        9,
        10,
        11,
        12,
        13,
        14,
        15,
        16
    ],
    "dfa_alpha2": 0.8199713054759419,
    "dfa_alpha2_beats": [
        17,
        18,
        19,
        20,
        21,
        22,
        23,
        24,
        25,
        26,
        27,
        28,
        29,
        30,
        31,
        32,
        33,
        34,
        35,
        36,
        37,
        38,
        39,
        40,
        41,
        42,
        43,
        44,
        45,
        46,
        47,
        48,
        49,
        50,
        51,
        52,
        53,
        54,
        55,
        56,
        57,
        58,
        59,
        60,
        61,
        62,
        63,
        64
    ],
    "ellipse_area": 22291.71319246042,
    "fft_abs": [
        1354.5100028447266,
        2599.2224362930665,
        1306.9495014982976
    ],
    "fft_bands": {
        "hf": [
            0.15,
            0.4
        ],
        "lf": [
            0.04,
            0.15
        ],
        "ulf": null,
        "vlf": [
            0.0,
            0.04
        ]
    },
    "fft_interpolation": "cubic",
    "fft_log": [
        7.211195046396166,
        7.862967616317122,
        7.175451075921635
    ],
    "fft_nfft": 4096.0,
    "fft_norm": [
        66.541424127959,
        33.458575872040996
    ],
    "fft_peak": [
        0.013671875,
        0.095703125,
        0.154296875
    ],
    "fft_ratio": 1.988770364358605,
    "fft_rel": [
        25.747802625774163,
        49.408469579112854,
        24.843727795112983
    ],
    "fft_resampling_frequency": 4.0,
    "fft_total": 5260.681940636091,
    "fft_window": "hamming",
    "hr_max": 150.0,
    "hr_mean": 89.8836405256316,
    "hr_min": 60.0,
    "hr_std": 12.890540031778789,
    "lomb_abs": [
        349.701462182551,
        754.5069231619875,
        1445.0611143958915
    ],
    "lomb_bands": {
        "hf": [
            0.15,
            0.4
        ],
        "lf": [
            0.04,
            0.15
        ],
        "ulf": null,
        "vlf": [
            0.0,
            0.04
        ]
    },
    "lomb_log": [
        5.857079825308947,
        6.626064453993489,
        7.275906893351758
    ],
    "lomb_ma": "n/a",
    "lomb_nfft": 256.0,
    "lomb_norm": [
        34.302504413534585,
        65.69749558646541
    ],
    "lomb_peak": [
        0.00803921568627451,
        0.10290196078431373,
        0.246
    ],
    "lomb_ratio": 0.5221280371089423,
    "lomb_rel": [
        13.717712553269006,
        29.596985459513498,
        56.68530198721749
    ],
    "lomb_total": 2549.26949974043,
    "nn20": 166.0,
    "nn50": 64.0,
    "nni_counter": 354.0,
    "nni_diff_max": 454.0,
    "nni_diff_mean": 47.30878186968839,
    "nni_diff_min": 0.0,
    "nni_max": 1000.0,
    "nni_mean": 679.5790960451977,
    "nni_min": 400.0,
    "pnn20": 47.02549575070821,
    "pnn50": 18.13031161473088,
    "rmssd": 97.14939868945345,
    "sampen": 0.7686810526669814,
    "sd1": 68.69495642867219,
    "sd2": 103.29248401957148,
    "sd_ratio": 1.5036399961447364,
    "sdann": "n/a",
    "sdnn": 87.73050230606572,
    "sdnn_index": "n/a",
    "sdsd": 84.97257817659677,
    "tinn": 234.375,
    "tinn_m": 789.0625,
    "tinn_n": 554.6875,
    "tri_index": 15.391304347826088
}