{
    "Comment": "None",
    "Name": "C:\\Users\\facartesvirtual1\\Documents\\HRV-Bienestar-Tecnologia\\HRV_Reports\\Grupo_Control\\08-03-2022_JuanVanegas\\Momento_6.json",
    "ar_abs": [
        2395.1973356413882,
        4910.340662189971,
        8805.341643032667
    ],
    "ar_bands": {
        "hf": [
            0.15,
            0.4
        ],
        "lf": [
            0.04,
            0.15
        ],
        "ulf": null,
        "vlf": [
            0.0,
            0.04
        ]
    },
    "ar_interpolation": "cubic",
    "ar_log": [
        7.781220901290576,
        8.499098599683215,
        9.083113821203423
    ],
    "ar_nfft": 4096.0,
    "ar_norm": [
        35.80092155036442,
        64.19907844963558
    ],
    "ar_order": 16.0,
    "ar_peak": [
        0.0,
        0.0400390625,
        0.150390625
    ],
    "ar_ratio": 0.5576547579020217,
    "ar_rel": [
        14.866955678609575,
        30.478414410937958,
        54.65462991045247
    ],
    "ar_resampling_frequency": 4.0,
    "ar_total": 16110.879640864026,
    "dfa_alpha1": 1.590809575669518,
    "dfa_alpha1_beats": [
        4,
        5,
        6,
        7,
        8,
        9,
        10,
        11,
        12,
        13,
        14,
        15,
        16
    ],
    "dfa_alpha2": 0.9450121213157632,
    "dfa_alpha2_beats": [
        17,
        18,
        19,
        20,
        21,
        22,
        23,
        24,
        25,
        26,
        27,
        28,
        29,
        30,
        31,
        32,
        33,
        34,
        35,
        36,
        37,
        38,
        39,
        40,
        41,
        42,
        43,
        44,
        45,
        46,
        47,
        48,
        49,
        50,
        51,
        52,
        53,
        54,
        55,
        56,
        57,
        58,
        59,
        60,
        61,
        62,
        63,
        64
    ],
    "ellipse_area": 1668.5454096483536,
    "fft_abs": [
        557.1672321322729,
        588.0051775228641,
        97.09549876262773
    ],
    "fft_bands": {
        "hf": [
            0.15,
            0.4
        ],
        "lf": [
            0.04,
            0.15
        ],
        "ulf": null,
        "vlf": [
            0.0,
            0.04
        ]
    },
    "fft_interpolation": "cubic",
    "fft_log": [
        6.322865432086425,
        6.376735753170854,
        4.575695017504212
    ],
    "fft_nfft": 4096.0,
    "fft_norm": [
        85.82755759502906,
        14.172442404970939
    ],
    "fft_peak": [
        0.0048828125,
        0.091796875,
        0.1611328125
    ],
    "fft_ratio": 6.055946825716174,
    "fft_rel": [
        44.85081103333968,
        47.33320192355179,
        7.815987043108522
    ],
    "fft_resampling_frequency": 4.0,
    "fft_total": 1242.2679084177648,
    "fft_window": "hamming",
    "hr_max": 105.4481546572935,
    "hr_mean": 91.54660325256343,
    "hr_min": 72.90400972053463,
    "hr_std": 4.96242899662933,
    "lomb_abs": [
        138.75433961052934,
        510.56206141872815,
        1166.693049656464
    ],
    "lomb_bands": {
        "hf": [
            0.15,
            0.4
        ],
        "lf": [
            0.04,
            0.15
        ],
        "ulf": null,
        "vlf": [
            0.0,
            0.04
        ]
    },
    "lomb_log": [
        4.932705028609729,
        6.235512200085885,
        7.061928572544958
    ],
    "lomb_ma": "n/a",
    "lomb_nfft": 256.0,
    "lomb_norm": [
        30.44033421316785,
        69.55966578683216
    ],
    "lomb_peak": [
        0.009647058823529411,
        0.06270588235294118,
        0.18007843137254903
    ],
    "lomb_ratio": 0.43761472785756683,
    "lomb_rel": [
        7.640617704832758,
        28.11450464786629,
        64.24487764730095
    ],
    "lomb_total": 1816.0094506857213,
    "nn20": 59.0,
    "nn50": 3.0,
    "nni_counter": 367.0,
    "nni_diff_max": 100.0,
    "nni_diff_mean": 11.12295081967213,
    "nni_diff_min": 0.0,
    "nni_max": 823.0,
    "nni_mean": 657.3242506811989,
    "nni_min": 569.0,
    "pnn20": 16.120218579234972,
    "pnn50": 0.819672131147541,
    "rmssd": 15.279097475706186,
    "sampen": 1.3533408051815115,
    "sd1": 10.803130984835708,
    "sd2": 49.16301581302459,
    "sd_ratio": 4.550811786141854,
    "sdann": "n/a",
    "sdnn": 35.72054612911348,
    "sdnn_index": "n/a",
    "sdsd": 10.48958612254231,
    "tinn": 101.5625,
    "tinn_m": 703.125,
    "tinn_n": 601.5625,
    "tri_index": 7.489795918367347
}