{
    "Comment": "None",
    "Name": "C:\\Users\\admin\\HRV-Bienestar-Tecnologia\\HRV_Reports\\Experiencia_Mindfullness\\23-03-2022_LuisSilva\\HRV_final.json",
    "ar_abs": [
        2469.816552242334,
        5347.307454551893,
        10471.186259855756
    ],
    "ar_bands": {
        "hf": [
            0.15,
            0.4
        ],
        "lf": [
            0.04,
            0.15
        ],
        "ulf": null,
        "vlf": [
            0.0,
            0.04
        ]
    },
    "ar_interpolation": "cubic",
    "ar_log": [
        7.811899156516611,
        8.584348433679395,
        9.25638259829235
    ],
    "ar_nfft": 4096.0,
    "ar_norm": [
        33.80415070545882,
        66.19584929454118
    ],
    "ar_order": 16.0,
    "ar_peak": [
        0.0,
        0.0400390625,
        0.150390625
    ],
    "ar_ratio": 0.5106687362684306,
    "ar_rel": [
        13.504892011517422,
        29.238936657276003,
        57.25617133120657
    ],
    "ar_resampling_frequency": 4.0,
    "ar_total": 18288.310266649984,
    "dfa_alpha1": 1.2925578534157651,
    "dfa_alpha1_beats": [
        4,
        5,
        6,
        7,
        8,
        9,
        10,
        11,
        12,
        13,
        14,
        15,
        16
    ],
    "dfa_alpha2": 0.5196125965386451,
    "dfa_alpha2_beats": [
        17,
        18,
        19,
        20,
        21,
        22,
        23,
        24,
        25,
        26,
        27,
        28,
        29,
        30,
        31,
        32,
        33,
        34,
        35,
        36,
        37,
        38,
        39,
        40,
        41,
        42,
        43,
        44,
        45,
        46,
        47,
        48,
        49,
        50,
        51,
        52,
        53,
        54,
        55,
        56,
        57,
        58,
        59,
        60,
        61,
        62,
        63,
        64
    ],
    "ellipse_area": 25412.589397802225,
    "fft_abs": [
        850.3714101748823,
        3652.5869066275027,
        3752.5894961467056
    ],
    "fft_bands": {
        "hf": [
            0.15,
            0.4
        ],
        "lf": [
            0.04,
            0.15
        ],
        "ulf": null,
        "vlf": [
            0.0,
            0.04
        ]
    },
    "fft_interpolation": "cubic",
    "fft_log": [
        6.745673207195056,
        8.20319093707964,
        8.230201412962511
    ],
    "fft_nfft": 4096.0,
    "fft_norm": [
        49.32477915393252,
        50.67522084606748
    ],
    "fft_peak": [
        0.0205078125,
        0.052734375,
        0.1748046875
    ],
    "fft_ratio": 0.9733510447593884,
    "fft_rel": [
        10.300605476974496,
        44.24402825089697,
        45.45536627212853
    ],
    "fft_resampling_frequency": 4.0,
    "fft_total": 8255.547812949091,
    "fft_window": "hamming",
    "hr_max": 102.73972602739725,
    "hr_mean": 83.17544858989652,
    "hr_min": 46.15384615384615,
    "hr_std": 9.687374367550403,
    "lomb_abs": [
        222.4065969780058,
        695.7477223775574,
        1479.7229538847678
    ],
    "lomb_bands": {
        "hf": [
            0.15,
            0.4
        ],
        "lf": [
            0.04,
            0.15
        ],
        "ulf": null,
        "vlf": [
            0.0,
            0.04
        ]
    },
    "lomb_log": [
        5.404507224607388,
        6.544987126778734,
        7.299610155914201
    ],
    "lomb_ma": "n/a",
    "lomb_nfft": 256.0,
    "lomb_norm": [
        31.981480144467916,
        68.01851985553209
    ],
    "lomb_peak": [
        0.00803921568627451,
        0.10450980392156863,
        0.2669019607843137
    ],
    "lomb_ratio": 0.470187828438416,
    "lomb_rel": [
        9.275145123564243,
        29.01515144840463,
        61.709703428031126
    ],
    "lomb_total": 2397.877273240331,
    "nn20": 206.0,
    "nn50": 107.0,
    "nni_counter": 329.0,
    "nni_diff_max": 662.0,
    "nni_diff_mean": 52.25,
    "nni_diff_min": 0.0,
    "nni_max": 1300.0,
    "nni_mean": 732.6990881458967,
    "nni_min": 584.0,
    "pnn20": 62.80487804878049,
    "pnn50": 32.6219512195122,
    "rmssd": 91.61055562782612,
    "sampen": 0.9751312318970884,
    "sd1": 64.77723060151723,
    "sd2": 124.87533603606028,
    "sd_ratio": 1.9277658966966613,
    "sdann": "n/a",
    "sdnn": 99.61577419604879,
    "sdnn_index": "n/a",
    "sdsd": 75.36410091298123,
    "tinn": 218.75,
    "tinn_m": 796.875,
    "tinn_n": 578.125,
    "tri_index": 14.954545454545455
}