{
    "Comment": "None",
    "Name": "C:\\Users\\admin\\HRV-Bienestar-Tecnologia\\HRV_Reports\\Experiencia_Mindfullness\\23-03-2022_LuisSilva\\HRV_sound.json",
    "ar_abs": [
        2529.413009410861,
        5329.878529480292,
        9856.691658522697
    ],
    "ar_bands": {
        "hf": [
            0.15,
            0.4
        ],
        "lf": [
            0.04,
            0.15
        ],
        "ulf": null,
        "vlf": [
            0.0,
            0.04
        ]
    },
    "ar_interpolation": "cubic",
    "ar_log": [
        7.835742542712028,
        8.58108372693402,
        9.195905859703373
    ],
    "ar_nfft": 4096.0,
    "ar_norm": [
        35.09599905376108,
        64.90400094623892
    ],
    "ar_order": 16.0,
    "ar_peak": [
        0.0,
        0.0400390625,
        0.150390625
    ],
    "ar_ratio": 0.5407370661607086,
    "ar_rel": [
        14.277576249790643,
        30.085141028234542,
        55.63728272197481
    ],
    "ar_resampling_frequency": 4.0,
    "ar_total": 17715.98319741385,
    "dfa_alpha1": 1.590834678691566,
    "dfa_alpha1_beats": [
        4,
        5,
        6,
        7,
        8,
        9,
        10,
        11,
        12,
        13,
        14,
        15,
        16
    ],
    "dfa_alpha2": 0.628443782334806,
    "dfa_alpha2_beats": [
        17,
        18,
        19,
        20,
        21,
        22,
        23,
        24,
        25,
        26,
        27,
        28,
        29,
        30,
        31,
        32,
        33,
        34,
        35,
        36,
        37,
        38,
        39,
        40,
        41,
        42,
        43,
        44,
        45,
        46,
        47,
        48,
        49,
        50,
        51,
        52,
        53,
        54,
        55,
        56,
        57,
        58,
        59,
        60,
        61,
        62,
        63,
        64
    ],
    "ellipse_area": 17773.784315376462,
    "fft_abs": [
        1279.4667734094642,
        6850.728224904097,
        1463.6309832507852
    ],
    "fft_bands": {
        "hf": [
            0.15,
            0.4
        ],
        "lf": [
            0.04,
            0.15
        ],
        "ulf": null,
        "vlf": [
            0.0,
            0.04
        ]
    },
    "fft_interpolation": "cubic",
    "fft_log": [
        7.154198686844889,
        8.832110235810719,
        7.288675602127591
    ],
    "fft_nfft": 4096.0,
    "fft_norm": [
        82.39634653004613,
        17.60365346995386
    ],
    "fft_peak": [
        0.033203125,
        0.068359375,
        0.2001953125
    ],
    "fft_ratio": 4.680638974783347,
    "fft_rel": [
        13.336355859154716,
        71.4076765418569,
        15.255967598988377
    ],
    "fft_resampling_frequency": 4.0,
    "fft_total": 9593.825981564347,
    "fft_window": "hamming",
    "hr_max": 108.499095840868,
    "hr_mean": 88.41697227830036,
    "hr_min": 51.679586563307495,
    "hr_std": 10.07557319127153,
    "lomb_abs": [
        230.53403414719193,
        707.0995924790304,
        1458.1829752214167
    ],
    "lomb_bands": {
        "hf": [
            0.15,
            0.4
        ],
        "lf": [
            0.04,
            0.15
        ],
        "ulf": null,
        "vlf": [
            0.0,
            0.04
        ]
    },
    "lomb_log": [
        5.440398505103982,
        6.5611715222828195,
        7.284946402102841
    ],
    "lomb_ma": "n/a",
    "lomb_nfft": 256.0,
    "lomb_norm": [
        32.656227091412724,
        67.34377290858727
    ],
    "lomb_peak": [
        0.009647058823529411,
        0.10450980392156863,
        0.23152941176470587
    ],
    "lomb_ratio": 0.4849182883730085,
    "lomb_rel": [
        9.622357319396047,
        29.513928233643576,
        60.86371444696038
    ],
    "lomb_total": 2395.816601847639,
    "nn20": 153.0,
    "nn50": 36.0,
    "nni_counter": 350.0,
    "nni_diff_max": 561.0,
    "nni_diff_mean": 29.879656160458453,
    "nni_diff_min": 0.0,
    "nni_max": 1161.0,
    "nni_mean": 689.0314285714286,
    "nni_min": 553.0,
    "pnn20": 43.83954154727794,
    "pnn50": 10.315186246418339,
    "rmssd": 64.06407966813329,
    "sampen": 0.6502446188487865,
    "sd1": 45.30007973680312,
    "sd2": 124.8909780149095,
    "sd_ratio": 2.7569703793135796,
    "sdann": "n/a",
    "sdnn": 93.95543438912124,
    "sdnn_index": "n/a",
    "sdsd": 56.75068852584343,
    "tinn": 203.125,
    "tinn_m": 750.0,
    "tinn_n": 546.875,
    "tri_index": 14.0
}