{
    "Comment": "None",
    "Name": "C:\\Users\\Juan Pablo Botero T\\OneDrive - Universidad de los Andes\\Documentos\\JPB\\Personal\\Bienestar y Tecnolog\u00eda\\Codigo\\HRV-Bienestar-Tecnologia\\HRV_Reports\\Experiencia_Mindfullness\\MarianaPerez-17-03-2022\\HRV_interactive.json",
    "ar_abs": [
        2450.051349946423,
        5130.847358223034,
        9449.175239000591
    ],
    "ar_bands": {
        "hf": [
            0.15,
            0.4
        ],
        "lf": [
            0.04,
            0.15
        ],
        "ulf": null,
        "vlf": [
            0.0,
            0.04
        ]
    },
    "ar_interpolation": "cubic",
    "ar_log": [
        7.803864262480938,
        8.543026101566117,
        9.153682740382758
    ],
    "ar_nfft": 4096.0,
    "ar_norm": [
        35.19094242830643,
        64.80905757169357
    ],
    "ar_order": 16.0,
    "ar_peak": [
        0.0,
        0.0400390625,
        0.150390625
    ],
    "ar_ratio": 0.5429942009167043,
    "ar_rel": [
        14.386616039054589,
        30.12815666062123,
        55.48522730032418
    ],
    "ar_resampling_frequency": 4.0,
    "ar_total": 17030.073947170047,
    "dfa_alpha1": 1.337909787827356,
    "dfa_alpha1_beats": [
        4,
        5,
        6,
        7,
        8,
        9,
        10,
        11,
        12,
        13,
        14,
        15,
        16
    ],
    "dfa_alpha2": 1.2084985353624245,
    "dfa_alpha2_beats": [
        17,
        18,
        19,
        20,
        21,
        22,
        23,
        24,
        25,
        26,
        27,
        28,
        29,
        30,
        31,
        32,
        33,
        34,
        35,
        36,
        37,
        38,
        39,
        40,
        41,
        42,
        43,
        44,
        45,
        46,
        47,
        48,
        49,
        50,
        51,
        52,
        53,
        54,
        55,
        56,
        57,
        58,
        59,
        60,
        61,
        62,
        63,
        64
    ],
    "ellipse_area": 13134.555413885046,
    "fft_abs": [
        4580.082777609071,
        1025.780364370815,
        489.38567785105386
    ],
    "fft_bands": {
        "hf": [
            0.15,
            0.4
        ],
        "lf": [
            0.04,
            0.15
        ],
        "ulf": null,
        "vlf": [
            0.0,
            0.04
        ]
    },
    "fft_interpolation": "cubic",
    "fft_log": [
        8.429472350658674,
        6.933208933000481,
        6.193150885870613
    ],
    "fft_nfft": 4096.0,
    "fft_norm": [
        67.70085494171919,
        32.29914505828082
    ],
    "fft_peak": [
        0.0087890625,
        0.0400390625,
        0.1611328125
    ],
    "fft_ratio": 2.0960571810665343,
    "fft_rel": [
        75.14185085779823,
        16.82917949195824,
        8.028969650243543
    ],
    "fft_resampling_frequency": 4.0,
    "fft_total": 6095.248819830939,
    "fft_window": "hamming",
    "hr_max": 121.95121951219512,
    "hr_mean": 84.82232208584351,
    "hr_min": 57.80346820809248,
    "hr_std": 10.689819275070384,
    "lomb_abs": [
        294.2201638693841,
        536.9189609376463,
        1346.6574600883744
    ],
    "lomb_bands": {
        "hf": [
            0.15,
            0.4
        ],
        "lf": [
            0.04,
            0.15
        ],
        "ulf": null,
        "vlf": [
            0.0,
            0.04
        ]
    },
    "lomb_log": [
        5.684328343783994,
        6.285847172390055,
        7.205380845695678
    ],
    "lomb_ma": "n/a",
    "lomb_nfft": 256.0,
    "lomb_norm": [
        28.50529211048289,
        71.49470788951712
    ],
    "lomb_peak": [
        0.017686274509803923,
        0.082,
        0.2572549019607843
    ],
    "lomb_ratio": 0.39870492448941763,
    "lomb_rel": [
        13.509992894194706,
        24.654229171887213,
        61.83577793391809
    ],
    "lomb_total": 2177.7965848954045,
    "nn20": 144.0,
    "nn50": 36.0,
    "nni_counter": 335.0,
    "nni_diff_max": 369.0,
    "nni_diff_mean": 25.79640718562874,
    "nni_diff_min": 0.0,
    "nni_max": 1038.0,
    "nni_mean": 719.5820895522388,
    "nni_min": 492.0,
    "pnn20": 43.11377245508982,
    "pnn50": 10.778443113772456,
    "rmssd": 43.58864599732641,
    "sampen": 0.8084736436526265,
    "sd1": 30.818918666719398,
    "sd2": 135.6588426765034,
    "sd_ratio": 4.401804104275667,
    "sdann": "n/a",
    "sdnn": 98.68490794189829,
    "sdnn_index": "n/a",
    "sdsd": 35.18838856434924,
    "tinn": 320.3125,
    "tinn_m": 875.0,
    "tinn_n": 554.6875,
    "tri_index": 22.333333333333332
}