{
    "Comment": "None",
    "Name": "C:\\Users\\Juan Pablo Botero T\\OneDrive - Universidad de los Andes\\Documentos\\JPB\\Personal\\Bienestar y Tecnolog\u00eda\\Codigo\\HRV-Bienestar-Tecnologia\\HRV_Reports\\Experiencia_Mindfullness\\MarianaPerez-17-03-2022\\HRV_video.json",
    "ar_abs": [
        2486.72805871484,
        5313.994144708254,
        9322.105321371366
    ],
    "ar_bands": {
        "hf": [
            0.15,
            0.4
        ],
        "lf": [
            0.04,
            0.15
        ],
        "ulf": null,
        "vlf": [
            0.0,
            0.04
        ]
    },
    "ar_interpolation": "cubic",
    "ar_log": [
        7.818723092716163,
        8.578099024457702,
        9.140143775020693
    ],
    "ar_nfft": 4096.0,
    "ar_norm": [
        36.307447602579344,
        63.69255239742065
    ],
    "ar_order": 16.0,
    "ar_peak": [
        0.0,
        0.0400390625,
        0.150390625
    ],
    "ar_ratio": 0.5700422770943889,
    "ar_rel": [
        14.52288212979994,
        31.034559782917874,
        54.44255808728219
    ],
    "ar_resampling_frequency": 4.0,
    "ar_total": 17122.82752479446,
    "dfa_alpha1": 1.3090428412279875,
    "dfa_alpha1_beats": [
        4,
        5,
        6,
        7,
        8,
        9,
        10,
        11,
        12,
        13,
        14,
        15,
        16
    ],
    "dfa_alpha2": 0.5250607831225176,
    "dfa_alpha2_beats": [
        17,
        18,
        19,
        20,
        21,
        22,
        23,
        24,
        25,
        26,
        27,
        28,
        29,
        30,
        31,
        32,
        33,
        34,
        35,
        36,
        37,
        38,
        39,
        40,
        41,
        42,
        43,
        44,
        45,
        46,
        47,
        48,
        49,
        50,
        51,
        52,
        53,
        54,
        55,
        56,
        57,
        58,
        59,
        60,
        61,
        62,
        63,
        64
    ],
    "ellipse_area": 13134.81491455086,
    "fft_abs": [
        1403.6869616324582,
        2900.2779648929113,
        960.1233210647074
    ],
    "fft_bands": {
        "hf": [
            0.15,
            0.4
        ],
        "lf": [
            0.04,
            0.15
        ],
        "ulf": null,
        "vlf": [
            0.0,
            0.04
        ]
    },
    "fft_interpolation": "cubic",
    "fft_log": [
        7.246857597925835,
        7.972561861344324,
        6.867061735654078
    ],
    "fft_nfft": 4096.0,
    "fft_norm": [
        75.12892443184084,
        24.871075568159164
    ],
    "fft_peak": [
        0.03515625,
        0.1455078125,
        0.158203125
    ],
    "fft_ratio": 3.0207348381838206,
    "fft_rel": [
        26.66533871796455,
        55.09554225692687,
        18.2391190251086
    ],
    "fft_resampling_frequency": 4.0,
    "fft_total": 5264.088247590076,
    "fft_window": "hamming",
    "hr_max": 88.75739644970415,
    "hr_mean": 69.74956777676906,
    "hr_min": 54.94505494505494,
    "hr_std": 7.066164346744262,
    "lomb_abs": [
        258.7273838225698,
        643.0437472035909,
        1939.071515803275
    ],
    "lomb_bands": {
        "hf": [
            0.15,
            0.4
        ],
        "lf": [
            0.04,
            0.15
        ],
        "ulf": null,
        "vlf": [
            0.0,
            0.04
        ]
    },
    "lomb_log": [
        5.555774935242855,
        6.466212758009726,
        7.569964537390385
    ],
    "lomb_ma": "n/a",
    "lomb_nfft": 256.0,
    "lomb_norm": [
        24.903758419163996,
        75.096241580836
    ],
    "lomb_peak": [
        0.011254901960784314,
        0.09325490196078431,
        0.36498039215686273
    ],
    "lomb_ratio": 0.33162456462427337,
    "lomb_rel": [
        9.107416917699624,
        22.635669311754008,
        68.25691377054636
    ],
    "lomb_total": 2840.8426468294356,
    "nn20": 180.0,
    "nn50": 78.0,
    "nni_counter": 278.0,
    "nni_diff_max": 192.0,
    "nni_diff_mean": 38.99638989169675,
    "nni_diff_min": 0.0,
    "nni_max": 1092.0,
    "nni_mean": 868.6654676258993,
    "nni_min": 676.0,
    "pnn20": 64.98194945848375,
    "pnn50": 28.158844765342963,
    "rmssd": 52.47010494898405,
    "sampen": 1.2963555815713017,
    "sd1": 37.10048286513436,
    "sd2": 112.69237264900754,
    "sd_ratio": 3.0374907264323396,
    "sdann": "n/a",
    "sdnn": 84.2155110713887,
    "sdnn_index": "n/a",
    "sdsd": 35.169001728398136,
    "tinn": 250.0,
    "tinn_m": 953.125,
    "tinn_n": 703.125,
    "tri_index": 16.352941176470587
}