{
    "Comment": "None",
    "Name": "C:\\Users\\Juan Pablo Botero T\\OneDrive - Universidad de los Andes\\Documentos\\JPB\\Personal\\Bienestar y Tecnolog\u00eda\\Codigo\\HRV-Bienestar-Tecnologia\\HRV_Reports\\FedericoDeAngulo_07_12_2021\\HRV_olfative.json",
    "ar_abs": [
        2309.5775268514726,
        4626.629227938489,
        8147.329045430861
    ],
    "ar_bands": {
        "hf": [
            0.15,
            0.4
        ],
        "lf": [
            0.04,
            0.15
        ],
        "ulf": null,
        "vlf": [
            0.0,
            0.04
        ]
    },
    "ar_interpolation": "cubic",
    "ar_log": [
        7.744819897980755,
        8.439583853415815,
        9.005445428034491
    ],
    "ar_nfft": 4096.0,
    "ar_norm": [
        36.219229223442085,
        63.78077077655792
    ],
    "ar_order": 16.0,
    "ar_peak": [
        0.0,
        0.0400390625,
        0.150390625
    ],
    "ar_ratio": 0.5678706729702011,
    "ar_rel": [
        15.311910664989176,
        30.673373201200977,
        54.01471613380985
    ],
    "ar_resampling_frequency": 4.0,
    "ar_total": 15083.535800220823,
    "dfa_alpha1": 1.532350165375991,
    "dfa_alpha1_beats": [
        4,
        5,
        6,
        7,
        8,
        9,
        10,
        11,
        12,
        13,
        14,
        15,
        16
    ],
    "dfa_alpha2": 0.9196325409629321,
    "dfa_alpha2_beats": [
        17,
        18,
        19,
        20,
        21,
        22,
        23,
        24,
        25,
        26,
        27,
        28,
        29,
        30,
        31,
        32,
        33,
        34,
        35,
        36,
        37,
        38,
        39,
        40,
        41,
        42,
        43,
        44,
        45,
        46,
        47,
        48,
        49,
        50,
        51,
        52,
        53,
        54,
        55,
        56,
        57,
        58,
        59,
        60,
        61,
        62,
        63,
        64
    ],
    "ellipse_area": 459.45588192572535,
    "fft_abs": [
        146.95847817537182,
        132.10541180399656,
        43.34003407748723
    ],
    "fft_bands": {
        "hf": [
            0.15,
            0.4
        ],
        "lf": [
            0.04,
            0.15
        ],
        "ulf": null,
        "vlf": [
            0.0,
            0.04
        ]
    },
    "fft_interpolation": "cubic",
    "fft_log": [
        4.990150085486976,
        4.883600178168292,
        3.769076782390489
    ],
    "fft_nfft": 4096.0,
    "fft_norm": [
        75.29714501294941,
        24.70285498705057
    ],
    "fft_peak": [
        0.0048828125,
        0.04296875,
        0.20703125
    ],
    "fft_ratio": 3.0481150884147103,
    "fft_rel": [
        45.582099723282475,
        40.97512528436221,
        13.442774992355321
    ],
    "fft_resampling_frequency": 4.0,
    "fft_total": 322.4039240568556,
    "fft_window": "hamming",
    "hr_max": 126.05042016806723,
    "hr_mean": 115.53468643080082,
    "hr_min": 102.73972602739725,
    "hr_std": 3.844608669927189,
    "lomb_abs": [
        140.46505032967227,
        467.109464375302,
        1095.9262621404084
    ],
    "lomb_bands": {
        "hf": [
            0.15,
            0.4
        ],
        "lf": [
            0.04,
            0.15
        ],
        "ulf": null,
        "vlf": [
            0.0,
            0.04
        ]
    },
    "lomb_log": [
        4.944958705727888,
        6.146563629292305,
        6.999355186175652
    ],
    "lomb_ma": "n/a",
    "lomb_nfft": 256.0,
    "lomb_norm": [
        29.8847592829227,
        70.1152407170773
    ],
    "lomb_peak": [
        0.028941176470588234,
        0.06431372549019608,
        0.34890196078431374
    ],
    "lomb_ratio": 0.42622344268218354,
    "lomb_rel": [
        8.245669872237546,
        27.42056069034003,
        64.33376943742243
    ],
    "lomb_total": 1703.5007768453827,
    "nn20": 12.0,
    "nn50": 0.0,
    "nni_counter": 464.0,
    "nni_diff_max": 38.0,
    "nni_diff_mean": 6.356371490280778,
    "nni_diff_min": 0.0,
    "nni_max": 584.0,
    "nni_mean": 519.8987068965517,
    "nni_min": 476.0,
    "pnn20": 2.591792656587473,
    "pnn50": 0.0,
    "rmssd": 8.758211204288243,
    "sampen": 1.3459282110593762,
    "sd1": 6.1924615430850976,
    "sd2": 23.617320586441473,
    "sd_ratio": 3.8138824798700766,
    "sdann": "n/a",
    "sdnn": 17.311168146625167,
    "sdnn_index": "n/a",
    "sdsd": 6.031698142017294,
    "tinn": 62.5,
    "tinn_m": 554.6875,
    "tinn_n": 492.1875,
    "tri_index": 4.686868686868687
}