{
    "Comment": "None",
    "Name": "C:\\Users\\Juan Pablo Botero T\\OneDrive - Universidad de los Andes\\Documentos\\JPB\\Personal\\Bienestar y Tecnolog\u00eda\\Codigo\\HRV-Bienestar-Tecnologia\\HRV_Reports\\FedericoDeAngulo_07_12_2021\\HRV_final.json",
    "ar_abs": [
        2361.656931252983,
        4774.407226383492,
        8399.409829550226
    ],
    "ar_bands": {
        "hf": [
            0.15,
            0.4
        ],
        "lf": [
            0.04,
            0.15
        ],
        "ulf": null,
        "vlf": [
            0.0,
            0.04
        ]
    },
    "ar_interpolation": "cubic",
    "ar_log": [
        7.767118741184088,
        8.471025104137171,
        9.03591672397629
    ],
    "ar_nfft": 4096.0,
    "ar_norm": [
        36.24163904897264,
        63.758360951027356
    ],
    "ar_order": 16.0,
    "ar_peak": [
        0.0,
        0.0400390625,
        0.150390625
    ],
    "ar_ratio": 0.5684217490598567,
    "ar_rel": [
        15.201705034560407,
        30.732291981057752,
        54.06600298438183
    ],
    "ar_resampling_frequency": 4.0,
    "ar_total": 15535.473987186702,
    "dfa_alpha1": 1.5968250692341415,
    "dfa_alpha1_beats": [
        4,
        5,
        6,
        7,
        8,
        9,
        10,
        11,
        12,
        13,
        14,
        15,
        16
    ],
    "dfa_alpha2": 1.0429595626215629,
    "dfa_alpha2_beats": [
        17,
        18,
        19,
        20,
        21,
        22,
        23,
        24,
        25,
        26,
        27,
        28,
        29,
        30,
        31,
        32,
        33,
        34,
        35,
        36,
        37,
        38,
        39,
        40,
        41,
        42,
        43,
        44,
        45,
        46,
        47,
        48,
        49,
        50,
        51,
        52,
        53,
        54,
        55,
        56,
        57,
        58,
        59,
        60,
        61,
        62,
        63,
        64
    ],
    "ellipse_area": 1010.071268272225,
    "fft_abs": [
        435.4364237727831,
        614.7472899074505,
        45.97222124252642
    ],
    "fft_bands": {
        "hf": [
            0.15,
            0.4
        ],
        "lf": [
            0.04,
            0.15
        ],
        "ulf": null,
        "vlf": [
            0.0,
            0.04
        ]
    },
    "fft_interpolation": "cubic",
    "fft_log": [
        6.076348801187532,
        6.421211272639981,
        3.8280373280444495
    ],
    "fft_nfft": 4096.0,
    "fft_norm": [
        93.04209721875594,
        6.957902781244063
    ],
    "fft_peak": [
        0.013671875,
        0.0556640625,
        0.1611328125
    ],
    "fft_ratio": 13.372146772381338,
    "fft_rel": [
        39.723948929169985,
        56.08210203694862,
        4.193949033881371
    ],
    "fft_resampling_frequency": 4.0,
    "fft_total": 1096.1559349227603,
    "fft_window": "hamming",
    "hr_max": 111.52416356877323,
    "hr_mean": 100.35514182255795,
    "hr_min": 84.86562942008487,
    "hr_std": 4.98192694087557,
    "lomb_abs": [
        202.8365522509713,
        535.9959432981533,
        1209.1836825343732
    ],
    "lomb_bands": {
        "hf": [
            0.15,
            0.4
        ],
        "lf": [
            0.04,
            0.15
        ],
        "ulf": null,
        "vlf": [
            0.0,
            0.04
        ]
    },
    "lomb_log": [
        5.312400493400046,
        6.284126592568566,
        7.0977007683835325
    ],
    "lomb_ma": "n/a",
    "lomb_nfft": 256.0,
    "lomb_norm": [
        30.71293839122491,
        69.28706160877508
    ],
    "lomb_peak": [
        0.02250980392156863,
        0.0836078431372549,
        0.19294117647058823
    ],
    "lomb_ratio": 0.44327090337072644,
    "lomb_rel": [
        10.412467541749395,
        27.51496365012113,
        62.07256880812948
    ],
    "lomb_total": 1948.0161780834978,
    "nn20": 24.0,
    "nn50": 0.0,
    "nni_counter": 403.0,
    "nni_diff_max": 46.0,
    "nni_diff_mean": 7.798507462686567,
    "nni_diff_min": 0.0,
    "nni_max": 707.0,
    "nni_mean": 599.3821339950372,
    "nni_min": 538.0,
    "pnn20": 5.970149253731343,
    "pnn50": 0.0,
    "rmssd": 10.748712754123016,
    "sampen": 1.426774416843858,
    "sd1": 7.598727069575148,
    "sd2": 42.31178031496601,
    "sd_ratio": 5.568272149736745,
    "sdann": "n/a",
    "sdnn": 30.486158320885238,
    "sdnn_index": "n/a",
    "sdsd": 7.406386525006613,
    "tinn": 125.0,
    "tinn_m": 656.25,
    "tinn_n": 531.25,
    "tri_index": 8.06
}