{
    "Comment": "None",
    "Name": "D:\\Users\\jp.botero\\Documents\\Bienestar & Tecnolog\u00eda\\HRV-Bienestar-Tecnologia\\HRV_Reports\\CarlosPerez-30-11\\HRV_interactive.json",
    "ar_abs": [
        1958.5942287434968,
        3909.4472315018616,
        6315.453281161161
    ],
    "ar_bands": {
        "hf": [
            0.15,
            0.4
        ],
        "lf": [
            0.04,
            0.15
        ],
        "ulf": null,
        "vlf": [
            0.0,
            0.04
        ]
    },
    "ar_interpolation": "cubic",
    "ar_log": [
        7.579982264658998,
        8.271151269967877,
        8.750754810698133
    ],
    "ar_nfft": 4096.0,
    "ar_norm": [
        38.23457476833353,
        61.76542523166648
    ],
    "ar_order": 16.0,
    "ar_peak": [
        0.0,
        0.0400390625,
        0.150390625
    ],
    "ar_ratio": 0.6190287628543852,
    "ar_rel": [
        16.075799844908765,
        32.08806105702424,
        51.836139098066994
    ],
    "ar_resampling_frequency": 4.0,
    "ar_total": 12183.49474140652,
    "dfa_alpha1": 1.4882409938719676,
    "dfa_alpha1_beats": [
        4,
        5,
        6,
        7,
        8,
        9,
        10,
        11,
        12,
        13,
        14,
        15,
        16
    ],
    "dfa_alpha2": 1.0924646569726466,
    "dfa_alpha2_beats": [
        17,
        18,
        19,
        20,
        21,
        22,
        23,
        24,
        25,
        26,
        27,
        28,
        29,
        30,
        31,
        32,
        33,
        34,
        35,
        36,
        37,
        38,
        39,
        40,
        41,
        42,
        43,
        44,
        45,
        46,
        47,
        48,
        49,
        50,
        51,
        52,
        53,
        54,
        55,
        56,
        57,
        58,
        59,
        60,
        61,
        62,
        63,
        64
    ],
    "ellipse_area": 73.57444602968702,
    "fft_abs": [
        24.46723812157361,
        15.639320983820443,
        14.461944683431419
    ],
    "fft_bands": {
        "hf": [
            0.15,
            0.4
        ],
        "lf": [
            0.04,
            0.15
        ],
        "ulf": null,
        "vlf": [
            0.0,
            0.04
        ]
    },
    "fft_interpolation": "cubic",
    "fft_log": [
        3.1973350031471885,
        2.749788318817942,
        2.6715206947856482
    ],
    "fft_nfft": 4096.0,
    "fft_norm": [
        51.955692350953086,
        48.044307649046914
    ],
    "fft_peak": [
        0.02734375,
        0.0400390625,
        0.38671875
    ],
    "fft_ratio": 1.081412031795275,
    "fft_rel": [
        44.83765619863671,
        28.659977639011352,
        26.502366162351944
    ],
    "fft_resampling_frequency": 4.0,
    "fft_total": 54.568503788825474,
    "fft_window": "hamming",
    "hr_max": 967.741935483871,
    "hr_mean": 781.2302032935218,
    "hr_min": 560.7476635514018,
    "hr_std": 93.52746882973086,
    "lomb_abs": [
        251.0443954980977,
        446.9878351235815,
        1387.8023600562879
    ],
    "lomb_bands": {
        "hf": [
            0.15,
            0.4
        ],
        "lf": [
            0.04,
            0.15
        ],
        "ulf": null,
        "vlf": [
            0.0,
            0.04
        ]
    },
    "lomb_log": [
        5.525629797985748,
        6.102531379754616,
        7.23547673903778
    ],
    "lomb_ma": "n/a",
    "lomb_nfft": 256.0,
    "lomb_norm": [
        24.36179549562952,
        75.63820450437046
    ],
    "lomb_peak": [
        0.02250980392156863,
        0.09325490196078431,
        0.2492156862745098
    ],
    "lomb_ratio": 0.32208320722660544,
    "lomb_rel": [
        12.035680902985685,
        21.429687527537613,
        66.53463156947672
    ],
    "lomb_total": 2085.834590677967,
    "nn20": 0.0,
    "nn50": 0.0,
    "nni_counter": 401.0,
    "nni_diff_max": 14.0,
    "nni_diff_mean": 1.695,
    "nni_diff_min": 0.0,
    "nni_max": 107.0,
    "nni_mean": 77.93516209476309,
    "nni_min": 62.0,
    "pnn20": 0.0,
    "pnn50": 0.0,
    "rmssd": 2.466779276708802,
    "sampen": 0.684382882566357,
    "sd1": 1.7442620216011124,
    "sd2": 13.42657998151428,
    "sd_ratio": 7.697570557197366,
    "sdann": "n/a",
    "sdnn": 9.582838073147204,
    "sdnn_index": "n/a",
    "sdsd": 1.794442827915295,
    "tinn": 46.875,
    "tinn_m": 101.5625,
    "tinn_n": 54.6875,
    "tri_index": 3.0610687022900764
}