{
    "Comment": "None",
    "Name": "D:\\Users\\jp.botero\\Documents\\Bienestar & Tecnolog\u00eda\\HRV-Bienestar-Tecnologia\\HRV_Reports\\CarlosPerez-30-11\\HRV_baseline.json",
    "ar_abs": [
        1984.7075345657615,
        3856.985603203,
        6328.070482899819
    ],
    "ar_bands": {
        "hf": [
            0.15,
            0.4
        ],
        "lf": [
            0.04,
            0.15
        ],
        "ulf": null,
        "vlf": [
            0.0,
            0.04
        ]
    },
    "ar_interpolation": "cubic",
    "ar_log": [
        7.5932268445157725,
        8.25764122556009,
        8.752750647643964
    ],
    "ar_nfft": 4096.0,
    "ar_norm": [
        37.86906591968338,
        62.13093408031663
    ],
    "ar_order": 16.0,
    "ar_peak": [
        0.0,
        0.0400390625,
        0.150390625
    ],
    "ar_ratio": 0.6095042104264851,
    "ar_rel": [
        16.308513430737666,
        31.693184218076915,
        51.99830235118542
    ],
    "ar_resampling_frequency": 4.0,
    "ar_total": 12169.76362066858,
    "dfa_alpha1": 1.4268538718975095,
    "dfa_alpha1_beats": [
        4,
        5,
        6,
        7,
        8,
        9,
        10,
        11,
        12,
        13,
        14,
        15,
        16
    ],
    "dfa_alpha2": 0.6926992521878707,
    "dfa_alpha2_beats": [
        17,
        18,
        19,
        20,
        21,
        22,
        23,
        24,
        25,
        26,
        27,
        28,
        29,
        30,
        31,
        32,
        33,
        34,
        35,
        36,
        37,
        38,
        39,
        40,
        41,
        42,
        43,
        44,
        45,
        46,
        47,
        48,
        49,
        50,
        51,
        52,
        53,
        54,
        55,
        56,
        57,
        58,
        59,
        60,
        61,
        62,
        63,
        64
    ],
    "ellipse_area": 55.09659417035531,
    "fft_abs": [
        4.00293330382939,
        4.436568545615071,
        3.4000396134581052
    ],
    "fft_bands": {
        "hf": [
            0.15,
            0.4
        ],
        "lf": [
            0.04,
            0.15
        ],
        "ulf": null,
        "vlf": [
            0.0,
            0.04
        ]
    },
    "fft_interpolation": "cubic",
    "fft_log": [
        1.3870274183251388,
        1.4898812275548463,
        1.2237870825713328
    ],
    "fft_nfft": 4096.0,
    "fft_norm": [
        56.613377312714555,
        43.38662268728545
    ],
    "fft_peak": [
        0.0302734375,
        0.0400390625,
        0.150390625
    ],
    "fft_ratio": 1.3048578987298136,
    "fft_rel": [
        33.80986769100799,
        37.47246934787462,
        28.71766296111738
    ],
    "fft_resampling_frequency": 4.0,
    "fft_total": 11.839541462902567,
    "fft_window": "hamming",
    "hr_max": 810.8108108108108,
    "hr_mean": 705.1489448215652,
    "hr_min": 566.0377358490566,
    "hr_std": 49.05000384023587,
    "lomb_abs": [
        258.2875755155287,
        777.8912483717645,
        1464.421807856189
    ],
    "lomb_bands": {
        "hf": [
            0.15,
            0.4
        ],
        "lf": [
            0.04,
            0.15
        ],
        "ulf": null,
        "vlf": [
            0.0,
            0.04
        ]
    },
    "lomb_log": [
        5.554073597959728,
        6.656586730823905,
        7.289215773142973
    ],
    "lomb_ma": "n/a",
    "lomb_nfft": 256.0,
    "lomb_norm": [
        34.691464967890916,
        65.30853503210909
    ],
    "lomb_peak": [
        0.003215686274509804,
        0.07235294117647059,
        0.2492156862745098
    ],
    "lomb_ratio": 0.5311934336122343,
    "lomb_rel": [
        10.329021445357473,
        31.108176111648785,
        58.56280244299374
    ],
    "lomb_total": 2500.600631743482,
    "nn20": 0.0,
    "nn50": 0.0,
    "nni_counter": 366.0,
    "nni_diff_max": 13.0,
    "nni_diff_mean": 2.254794520547945,
    "nni_diff_min": 0.0,
    "nni_max": 106.0,
    "nni_mean": 85.50819672131148,
    "nni_min": 74.0,
    "pnn20": 0.0,
    "pnn50": 0.0,
    "rmssd": 2.981679217975017,
    "sampen": 1.0445632226433388,
    "sd1": 2.108343343295451,
    "sd2": 8.318280167815466,
    "sd_ratio": 3.9454105965556634,
    "sdann": "n/a",
    "sdnn": 6.072952704203785,
    "sdnn_index": "n/a",
    "sdsd": 1.9536554281239118,
    "tinn": 39.0625,
    "tinn_m": 101.5625,
    "tinn_n": 62.5,
    "tri_index": 2.361290322580645
}