{
    "Comment": "None",
    "Name": "D:\\Users\\jp.botero\\Documents\\Bienestar & Tecnolog\u00eda\\HRV-Bienestar-Tecnologia\\HRV_Reports\\CarlosPerez-30-11\\HRV_video.json",
    "ar_abs": [
        1984.9553795314582,
        3951.9713459913482,
        6610.733516079466
    ],
    "ar_bands": {
        "hf": [
            0.15,
            0.4
        ],
        "lf": [
            0.04,
            0.15
        ],
        "ulf": null,
        "vlf": [
            0.0,
            0.04
        ]
    },
    "ar_interpolation": "cubic",
    "ar_log": [
        7.593351714043177,
        8.281969808333212,
        8.796449897351495
    ],
    "ar_nfft": 4096.0,
    "ar_norm": [
        37.414387674338236,
        62.585612325661764
    ],
    "ar_order": 16.0,
    "ar_peak": [
        0.0,
        0.0400390625,
        0.150390625
    ],
    "ar_ratio": 0.597811322507383,
    "ar_rel": [
        15.81932680126498,
        31.495683417442464,
        52.68498978129256
    ],
    "ar_resampling_frequency": 4.0,
    "ar_total": 12547.660241602272,
    "dfa_alpha1": 1.3645694025813007,
    "dfa_alpha1_beats": [
        4,
        5,
        6,
        7,
        8,
        9,
        10,
        11,
        12,
        13,
        14,
        15,
        16
    ],
    "dfa_alpha2": 0.6574713960131175,
    "dfa_alpha2_beats": [
        17,
        18,
        19,
        20,
        21,
        22,
        23,
        24,
        25,
        26,
        27,
        28,
        29,
        30,
        31,
        32,
        33,
        34,
        35,
        36,
        37,
        38,
        39,
        40,
        41,
        42,
        43,
        44,
        45,
        46,
        47,
        48,
        49,
        50,
        51,
        52,
        53,
        54,
        55,
        56,
        57,
        58,
        59,
        60,
        61,
        62,
        63,
        64
    ],
    "ellipse_area": 49.6206581611235,
    "fft_abs": [
        0.6650764765422039,
        1.240194616164269,
        1.7740858644490767
    ],
    "fft_bands": {
        "hf": [
            0.15,
            0.4
        ],
        "lf": [
            0.04,
            0.15
        ],
        "ulf": null,
        "vlf": [
            0.0,
            0.04
        ]
    },
    "fft_interpolation": "cubic",
    "fft_log": [
        -0.407853242619439,
        0.2152683158213869,
        0.5732852843220863
    ],
    "fft_nfft": 4096.0,
    "fft_norm": [
        41.14396865655694,
        58.85603134344305
    ],
    "fft_peak": [
        0.0283203125,
        0.0830078125,
        0.396484375
    ],
    "fft_ratio": 0.6990612128852051,
    "fft_rel": [
        18.075888919904187,
        33.706830584957515,
        48.21728049513829
    ],
    "fft_resampling_frequency": 4.0,
    "fft_total": 3.67935695715555,
    "fft_window": "hamming",
    "hr_max": 800.0,
    "hr_mean": 663.7017308832508,
    "hr_min": 550.4587155963303,
    "hr_std": 38.225829179025,
    "lomb_abs": [
        252.54235444387496,
        570.9186238277478,
        1195.7786099708587
    ],
    "lomb_bands": {
        "hf": [
            0.15,
            0.4
        ],
        "lf": [
            0.04,
            0.15
        ],
        "ulf": null,
        "vlf": [
            0.0,
            0.04
        ]
    },
    "lomb_log": [
        5.531578975020353,
        6.347246684311924,
        7.086552808655825
    ],
    "lomb_ma": "n/a",
    "lomb_nfft": 256.0,
    "lomb_norm": [
        32.31558938937181,
        67.68441061062819
    ],
    "lomb_peak": [
        0.03376470588235294,
        0.10933333333333334,
        0.2411764705882353
    ],
    "lomb_ratio": 0.4774450881352202,
    "lomb_rel": [
        12.506804834570639,
        28.273941693301857,
        59.2192534721275
    ],
    "lomb_total": 2019.2395882424814,
    "nn20": 0.0,
    "nn50": 0.0,
    "nni_counter": 345.0,
    "nni_diff_max": 11.0,
    "nni_diff_mean": 2.4767441860465116,
    "nni_diff_min": 0.0,
    "nni_max": 109.0,
    "nni_mean": 90.69855072463768,
    "nni_min": 75.0,
    "pnn20": 0.0,
    "pnn50": 0.0,
    "rmssd": 3.2060988393126406,
    "sampen": 1.222485503068225,
    "sd1": 2.2670206824095556,
    "sd2": 6.967182158587188,
    "sd_ratio": 3.0732768397957253,
    "sdann": "n/a",
    "sdnn": 5.183451214986621,
    "sdnn_index": "n/a",
    "sdsd": 2.038845750094271,
    "tinn": 23.4375,
    "tinn_m": 101.5625,
    "tinn_n": 78.125,
    "tri_index": 1.760204081632653
}