{
    "Comment": "None",
    "Name": "C:\\Users\\Juan Pablo Botero T\\OneDrive - Universidad de los Andes\\Documentos\\JPB\\Personal\\Bienestar y Tecnolog\u00eda\\Codigo\\HRV-Bienestar-Tecnologia\\HRV_Reports\\GabrielNarvaez-9-12\\HRV_baseline.json",
    "ar_abs": [
        2474.582795735381,
        5145.959603237787,
        9431.149952350852
    ],
    "ar_bands": {
        "hf": [
            0.15,
            0.4
        ],
        "lf": [
            0.04,
            0.15
        ],
        "ulf": null,
        "vlf": [
            0.0,
            0.04
        ]
    },
    "ar_interpolation": "cubic",
    "ar_log": [
        7.813827093414069,
        8.545967142682192,
        9.151773314359254
    ],
    "ar_nfft": 4096.0,
    "ar_norm": [
        35.301645937516504,
        64.69835406248349
    ],
    "ar_order": 16.0,
    "ar_peak": [
        0.0,
        0.0400390625,
        0.150390625
    ],
    "ar_ratio": 0.5456343743060814,
    "ar_rel": [
        14.512241628281759,
        30.178585780303603,
        55.309172591414644
    ],
    "ar_resampling_frequency": 4.0,
    "ar_total": 17051.692351324018,
    "dfa_alpha1": 1.1766627370636453,
    "dfa_alpha1_beats": [
        4,
        5,
        6,
        7,
        8,
        9,
        10,
        11,
        12,
        13,
        14,
        15,
        16
    ],
    "dfa_alpha2": 0.8848398844581186,
    "dfa_alpha2_beats": [
        17,
        18,
        19,
        20,
        21,
        22,
        23,
        24,
        25,
        26,
        27,
        28,
        29,
        30,
        31,
        32,
        33,
        34,
        35,
        36,
        37,
        38,
        39,
        40,
        41,
        42,
        43,
        44,
        45,
        46,
        47,
        48,
        49,
        50,
        51,
        52,
        53,
        54,
        55,
        56,
        57,
        58,
        59,
        60,
        61,
        62,
        63,
        64
    ],
    "ellipse_area": 5112.831598637872,
    "fft_abs": [
        1278.9490066512797,
        845.9958858664024,
        344.54426886477154
    ],
    "fft_bands": {
        "hf": [
            0.15,
            0.4
        ],
        "lf": [
            0.04,
            0.15
        ],
        "ulf": null,
        "vlf": [
            0.0,
            0.04
        ]
    },
    "fft_interpolation": "cubic",
    "fft_log": [
        7.153793931082133,
        6.740514496552321,
        5.842222583982599
    ],
    "fft_nfft": 4096.0,
    "fft_norm": [
        71.05983636960399,
        28.940163630396004
    ],
    "fft_peak": [
        0.0048828125,
        0.08203125,
        0.1748046875
    ],
    "fft_ratio": 2.455405479980406,
    "fft_rel": [
        51.790023080534866,
        34.257930712795776,
        13.952046206669355
    ],
    "fft_resampling_frequency": 4.0,
    "fft_total": 2469.489161382454,
    "fft_window": "hamming",
    "hr_max": 87.71929824561404,
    "hr_mean": 74.6426433067447,
    "hr_min": 63.424947145877375,
    "hr_std": 4.647816739536622,
    "lomb_abs": [
        351.75399760770006,
        704.3438581412821,
        2078.4909994070595
    ],
    "lomb_bands": {
        "hf": [
            0.15,
            0.4
        ],
        "lf": [
            0.04,
            0.15
        ],
        "ulf": null,
        "vlf": [
            0.0,
            0.04
        ]
    },
    "lomb_log": [
        5.862932060841645,
        6.557266671772339,
        7.6393974283523365
    ],
    "lomb_ma": "n/a",
    "lomb_nfft": 256.0,
    "lomb_norm": [
        25.31030025841362,
        74.6896997415864
    ],
    "lomb_peak": [
        0.004823529411764706,
        0.04501960784313726,
        0.34890196078431374
    ],
    "lomb_ratio": 0.3388727005997204,
    "lomb_rel": [
        11.221694897214505,
        22.470055585845547,
        66.30824951693995
    ],
    "lomb_total": 3134.5888551560415,
    "nn20": 176.0,
    "nn50": 44.0,
    "nni_counter": 298.0,
    "nni_diff_max": 100.0,
    "nni_diff_mean": 27.882154882154882,
    "nni_diff_min": 0.0,
    "nni_max": 946.0,
    "nni_mean": 806.9261744966443,
    "nni_min": 684.0,
    "pnn20": 59.25925925925925,
    "pnn50": 14.814814814814813,
    "rmssd": 34.73201882000428,
    "sampen": 1.4308237604284677,
    "sd1": 24.558816618568926,
    "sd2": 66.26804823359376,
    "sd_ratio": 2.6983404478654105,
    "sdann": "n/a",
    "sdnn": 50.07759554147184,
    "sdnn_index": "n/a",
    "sdsd": 20.74481988587879,
    "tinn": 171.875,
    "tinn_m": 890.625,
    "tinn_n": 718.75,
    "tri_index": 11.037037037037036
}