{
    "Comment": "None",
    "Name": "C:\\Users\\Juan Pablo Botero T\\OneDrive - Universidad de los Andes\\Documentos\\JPB\\Personal\\Bienestar y Tecnolog\u00eda\\Codigo\\HRV-Bienestar-Tecnologia\\HRV_Reports\\GabrielNarvaez-9-12\\HRV_interactive.json",
    "ar_abs": [
        2470.406445110195,
        5076.523966548342,
        8819.484197964619
    ],
    "ar_bands": {
        "hf": [
            0.15,
            0.4
        ],
        "lf": [
            0.04,
            0.15
        ],
        "ulf": null,
        "vlf": [
            0.0,
            0.04
        ]
    },
    "ar_interpolation": "cubic",
    "ar_log": [
        7.812137968760909,
        8.532382047807321,
        9.084718666334366
    ],
    "ar_nfft": 4096.0,
    "ar_norm": [
        36.53224657360633,
        63.46775342639367
    ],
    "ar_order": 16.0,
    "ar_peak": [
        0.0,
        0.0400390625,
        0.150390625
    ],
    "ar_ratio": 0.575603272549648,
    "ar_rel": [
        15.09436552864572,
        31.01793573996004,
        53.88769873139424
    ],
    "ar_resampling_frequency": 4.0,
    "ar_total": 16366.414609623156,
    "dfa_alpha1": 1.5579925718467305,
    "dfa_alpha1_beats": [
        4,
        5,
        6,
        7,
        8,
        9,
        10,
        11,
        12,
        13,
        14,
        15,
        16
    ],
    "dfa_alpha2": 1.0223579534274316,
    "dfa_alpha2_beats": [
        17,
        18,
        19,
        20,
        21,
        22,
        23,
        24,
        25,
        26,
        27,
        28,
        29,
        30,
        31,
        32,
        33,
        34,
        35,
        36,
        37,
        38,
        39,
        40,
        41,
        42,
        43,
        44,
        45,
        46,
        47,
        48,
        49,
        50,
        51,
        52,
        53,
        54,
        55,
        56,
        57,
        58,
        59,
        60,
        61,
        62,
        63,
        64
    ],
    "ellipse_area": 3390.4239212715297,
    "fft_abs": [
        1688.9305861373134,
        772.1492172280649,
        75.88865518582371
    ],
    "fft_bands": {
        "hf": [
            0.15,
            0.4
        ],
        "lf": [
            0.04,
            0.15
        ],
        "ulf": null,
        "vlf": [
            0.0,
            0.04
        ]
    },
    "fft_interpolation": "cubic",
    "fft_log": [
        7.431850818353627,
        6.649177817912186,
        4.329267202687243
    ],
    "fft_nfft": 4096.0,
    "fft_norm": [
        91.05126579196148,
        8.94873420803852
    ],
    "fft_peak": [
        0.0146484375,
        0.0947265625,
        0.162109375
    ],
    "fft_ratio": 10.174764796363203,
    "fft_rel": [
        66.57278613159498,
        30.43590134616887,
        2.9913125222361567
    ],
    "fft_resampling_frequency": 4.0,
    "fft_total": 2536.968458551202,
    "fft_window": "hamming",
    "hr_max": 100.0,
    "hr_mean": 82.7199881172135,
    "hr_min": 65.57377049180327,
    "hr_std": 5.912614566699252,
    "lomb_abs": [
        334.78376918270743,
        671.5736868053558,
        1625.0931109221149
    ],
    "lomb_bands": {
        "hf": [
            0.15,
            0.4
        ],
        "lf": [
            0.04,
            0.15
        ],
        "ulf": null,
        "vlf": [
            0.0,
            0.04
        ]
    },
    "lomb_log": [
        5.813484858296523,
        6.50962374457484,
        7.393320392151305
    ],
    "lomb_ma": "n/a",
    "lomb_nfft": 256.0,
    "lomb_norm": [
        29.241232880184075,
        70.75876711981593
    ],
    "lomb_peak": [
        0.00803921568627451,
        0.0868235294117647,
        0.2636862745098039
    ],
    "lomb_ratio": 0.41325243599383027,
    "lomb_rel": [
        12.722403885998402,
        25.521045131921692,
        61.75655098207991
    ],
    "lomb_total": 2631.450566910178,
    "nn20": 94.0,
    "nn50": 12.0,
    "nni_counter": 329.0,
    "nni_diff_max": 77.0,
    "nni_diff_mean": 15.887195121951219,
    "nni_diff_min": 0.0,
    "nni_max": 915.0,
    "nni_mean": 729.0151975683891,
    "nni_min": 600.0,
    "pnn20": 28.65853658536585,
    "pnn50": 3.6585365853658534,
    "rmssd": 21.265095068978248,
    "sampen": 0.9992511995140778,
    "sd1": 15.036658154384382,
    "sd2": 71.77162913556478,
    "sd_ratio": 4.773110381221086,
    "sdann": "n/a",
    "sdnn": 51.85494907855475,
    "sdnn_index": "n/a",
    "sdsd": 14.156705570078676,
    "tinn": 187.5,
    "tinn_m": 812.5,
    "tinn_n": 625.0,
    "tri_index": 12.185185185185185
}