{
    "Comment": "None",
    "Name": "C:\\Users\\admin\\HRV-Bienestar-Tecnologia\\HRV_Reports\\Experiencia_Mindfullness\\IdalyGuiza-14-03-2022\\HRV_interactive.json",
    "ar_abs": [
        2494.953161215887,
        5074.57591305934,
        9510.584382390558
    ],
    "ar_bands": {
        "hf": [
            0.15,
            0.4
        ],
        "lf": [
            0.04,
            0.15
        ],
        "ulf": null,
        "vlf": [
            0.0,
            0.04
        ]
    },
    "ar_interpolation": "cubic",
    "ar_log": [
        7.822025234949638,
        8.531998236489134,
        9.160160602903932
    ],
    "ar_nfft": 4096.0,
    "ar_norm": [
        34.792733232026556,
        65.20726676797344
    ],
    "ar_order": 16.0,
    "ar_peak": [
        0.0,
        0.0400390625,
        0.150390625
    ],
    "ar_ratio": 0.5335714093925957,
    "ar_rel": [
        14.607357073744684,
        29.71043445310901,
        55.6822084731463
    ],
    "ar_resampling_frequency": 4.0,
    "ar_total": 17080.113456665786,
    "dfa_alpha1": 1.0208926250737087,
    "dfa_alpha1_beats": [
        4,
        5,
        6,
        7,
        8,
        9,
        10,
        11,
        12,
        13,
        14,
        15,
        16
    ],
    "dfa_alpha2": 1.0442590578929365,
    "dfa_alpha2_beats": [
        17,
        18,
        19,
        20,
        21,
        22,
        23,
        24,
        25,
        26,
        27,
        28,
        29,
        30,
        31,
        32,
        33,
        34,
        35,
        36,
        37,
        38,
        39,
        40,
        41,
        42,
        43,
        44,
        45,
        46,
        47,
        48,
        49,
        50,
        51,
        52,
        53,
        54,
        55,
        56,
        57,
        58,
        59,
        60,
        61,
        62,
        63,
        64
    ],
    "ellipse_area": 5212.966559303903,
    "fft_abs": [
        878.1190440119276,
        444.3335258240855,
        380.79833225494264
    ],
    "fft_bands": {
        "hf": [
            0.15,
            0.4
        ],
        "lf": [
            0.04,
            0.15
        ],
        "ulf": null,
        "vlf": [
            0.0,
            0.04
        ]
    },
    "fft_interpolation": "cubic",
    "fft_log": [
        6.77778216987924,
        6.096575464723001,
        5.942269923325012
    ],
    "fft_nfft": 4096.0,
    "fft_norm": [
        53.85000245397492,
        46.149997546025084
    ],
    "fft_peak": [
        0.0126953125,
        0.0654296875,
        0.3017578125
    ],
    "fft_ratio": 1.1668473524894702,
    "fft_rel": [
        51.55547212298115,
        26.087379450591218,
        22.35714842642764
    ],
    "fft_resampling_frequency": 4.0,
    "fft_total": 1703.2509020909556,
    "fft_window": "hamming",
    "hr_max": 82.98755186721992,
    "hr_mean": 71.04252432256584,
    "hr_min": 56.98005698005698,
    "hr_std": 4.077175563031139,
    "lomb_abs": [
        292.2629292728483,
        714.2626393562364,
        1897.8790833957094
    ],
    "lomb_bands": {
        "hf": [
            0.15,
            0.4
        ],
        "lf": [
            0.04,
            0.15
        ],
        "ulf": null,
        "vlf": [
            0.0,
            0.04
        ]
    },
    "lomb_log": [
        5.677653839828168,
        6.571250736937841,
        7.548492269762026
    ],
    "lomb_ma": "n/a",
    "lomb_nfft": 256.0,
    "lomb_norm": [
        27.34394666012783,
        72.65605333987216
    ],
    "lomb_peak": [
        0.00803921568627451,
        0.10450980392156863,
        0.18972549019607843
    ],
    "lomb_ratio": 0.3763478114097072,
    "lomb_rel": [
        10.062748283683487,
        24.592394136894494,
        65.34485757942203
    ],
    "lomb_total": 2904.404652024794,
    "nn20": 175.0,
    "nn50": 44.0,
    "nni_counter": 285.0,
    "nni_diff_max": 139.0,
    "nni_diff_mean": 28.795774647887324,
    "nni_diff_min": 0.0,
    "nni_max": 1053.0,
    "nni_mean": 847.4035087719299,
    "nni_min": 723.0,
    "pnn20": 61.61971830985915,
    "pnn50": 15.492957746478872,
    "rmssd": 35.710396166469465,
    "sampen": 1.4202845613484425,
    "sd1": 25.249835752233693,
    "sd2": 65.71681528760601,
    "sd_ratio": 2.6026630799684494,
    "sdann": "n/a",
    "sdnn": 49.88566492600813,
    "sdnn_index": "n/a",
    "sdsd": 21.15683943491636,
    "tinn": 171.875,
    "tinn_m": 937.5,
    "tinn_n": 765.625,
    "tri_index": 11.875
}