{
    "Comment": "None",
    "Name": "C:\\Users\\facartesvirtual1\\Documents\\HRV-Bienestar-Tecnologia\\HRV_Reports\\Experiencia_Mindfullness\\SantiagoSegura-01-04-2022\\HRV_final.json",
    "ar_abs": [
        2464.110910419359,
        5122.799405016582,
        9443.943120084234
    ],
    "ar_bands": {
        "hf": [
            0.15,
            0.4
        ],
        "lf": [
            0.04,
            0.15
        ],
        "ulf": null,
        "vlf": [
            0.0,
            0.04
        ]
    },
    "ar_interpolation": "cubic",
    "ar_log": [
        7.809586335985904,
        8.541456327407728,
        9.153128875324521
    ],
    "ar_nfft": 4096.0,
    "ar_norm": [
        35.16777615990111,
        64.83222384009889
    ],
    "ar_order": 16.0,
    "ar_peak": [
        0.0,
        0.0400390625,
        0.150390625
    ],
    "ar_ratio": 0.5424428482761647,
    "ar_rel": [
        14.468511045254601,
        30.079522581835406,
        55.45196637291
    ],
    "ar_resampling_frequency": 4.0,
    "ar_total": 17030.853435520174,
    "dfa_alpha1": 1.288655740080894,
    "dfa_alpha1_beats": [
        4,
        5,
        6,
        7,
        8,
        9,
        10,
        11,
        12,
        13,
        14,
        15,
        16
    ],
    "dfa_alpha2": 1.0244474965627932,
    "dfa_alpha2_beats": [
        17,
        18,
        19,
        20,
        21,
        22,
        23,
        24,
        25,
        26,
        27,
        28,
        29,
        30,
        31,
        32,
        33,
        34,
        35,
        36,
        37,
        38,
        39,
        40,
        41,
        42,
        43,
        44,
        45,
        46,
        47,
        48,
        49,
        50,
        51,
        52,
        53,
        54,
        55,
        56,
        57,
        58,
        59,
        60,
        61,
        62,
        63,
        64
    ],
    "ellipse_area": 11536.579665196685,
    "fft_abs": [
        1823.1389269962422,
        1627.698385179625,
        612.60220126356
    ],
    "fft_bands": {
        "hf": [
            0.15,
            0.4
        ],
        "lf": [
            0.04,
            0.15
        ],
        "ulf": null,
        "vlf": [
            0.0,
            0.04
        ]
    },
    "fft_interpolation": "cubic",
    "fft_log": [
        7.508314979671995,
        7.394922262309736,
        6.417715787705245
    ],
    "fft_nfft": 4096.0,
    "fft_norm": [
        72.65535683155098,
        27.344643168449036
    ],
    "fft_peak": [
        0.0185546875,
        0.05078125,
        0.1962890625
    ],
    "fft_ratio": 2.6570234024989077,
    "fft_rel": [
        44.866889760912876,
        40.05715797654112,
        15.075952262546014
    ],
    "fft_resampling_frequency": 4.0,
    "fft_total": 4063.4395134394267,
    "fft_window": "hamming",
    "hr_max": 123.96694214876032,
    "hr_mean": 81.29074461831681,
    "hr_min": 57.80346820809248,
    "hr_std": 7.414868984497177,
    "lomb_abs": [
        198.33524926607828,
        813.821776244578,
        1428.6142401556717
    ],
    "lomb_bands": {
        "hf": [
            0.15,
            0.4
        ],
        "lf": [
            0.04,
            0.15
        ],
        "ulf": null,
        "vlf": [
            0.0,
            0.04
        ]
    },
    "lomb_log": [
        5.289958776995961,
        6.7017413939274215,
        7.264460190580805
    ],
    "lomb_ma": "n/a",
    "lomb_nfft": 256.0,
    "lomb_norm": [
        36.291861631396486,
        63.70813836860352
    ],
    "lomb_peak": [
        0.012862745098039216,
        0.04501960784313726,
        0.29905882352941177
    ],
    "lomb_ratio": 0.5696581717930366,
    "lomb_rel": [
        8.125925278456315,
        33.34281207306845,
        58.531262648475234
    ],
    "lomb_total": 2440.771265666328,
    "nn20": 145.0,
    "nn50": 30.0,
    "nni_counter": 323.0,
    "nni_diff_max": 507.0,
    "nni_diff_mean": 29.732919254658384,
    "nni_diff_min": 0.0,
    "nni_max": 1038.0,
    "nni_mean": 743.9628482972137,
    "nni_min": 484.0,
    "pnn20": 45.03105590062112,
    "pnn50": 9.316770186335404,
    "rmssd": 63.94669752398166,
    "sampen": 1.2420980967043311,
    "sd1": 45.21652147480892,
    "sd2": 81.21384043716975,
    "sd_ratio": 1.7961098684341672,
    "sdann": "n/a",
    "sdnn": 65.81145556654612,
    "sdnn_index": "n/a",
    "sdsd": 56.702014750885695,
    "tinn": 234.375,
    "tinn_m": 843.75,
    "tinn_n": 609.375,
    "tri_index": 14.043478260869565
}