{
    "Comment": "None",
    "Name": "C:\\Users\\facartesvirtual1\\Documents\\HRV-Bienestar-Tecnologia\\HRV_Reports\\Experiencia_Mindfullness\\SantiagoSegura-01-04-2022\\HRV_olfative.json",
    "ar_abs": [
        2484.6137824073576,
        5365.724590199427,
        9028.013398072924
    ],
    "ar_bands": {
        "hf": [
            0.15,
            0.4
        ],
        "lf": [
            0.04,
            0.15
        ],
        "ulf": null,
        "vlf": [
            0.0,
            0.04
        ]
    },
    "ar_interpolation": "cubic",
    "ar_log": [
        7.8178725068974755,
        8.587786704696246,
        9.108087621994025
    ],
    "ar_nfft": 4096.0,
    "ar_norm": [
        37.27818718508898,
        62.72181281491103
    ],
    "ar_order": 16.0,
    "ar_peak": [
        0.0,
        0.0400390625,
        0.150390625
    ],
    "ar_ratio": 0.5943416733680046,
    "ar_rel": [
        14.720713350242606,
        31.79057210740515,
        53.488714542352234
    ],
    "ar_resampling_frequency": 4.0,
    "ar_total": 16878.35177067971,
    "dfa_alpha1": 1.6056077714965395,
    "dfa_alpha1_beats": [
        4,
        5,
        6,
        7,
        8,
        9,
        10,
        11,
        12,
        13,
        14,
        15,
        16
    ],
    "dfa_alpha2": 0.6709422001259285,
    "dfa_alpha2_beats": [
        17,
        18,
        19,
        20,
        21,
        22,
        23,
        24,
        25,
        26,
        27,
        28,
        29,
        30,
        31,
        32,
        33,
        34,
        35,
        36,
        37,
        38,
        39,
        40,
        41,
        42,
        43,
        44,
        45,
        46,
        47,
        48,
        49,
        50,
        51,
        52,
        53,
        54,
        55,
        56,
        57,
        58,
        59,
        60,
        61,
        62,
        63,
        64
    ],
    "ellipse_area": 11722.025756783827,
    "fft_abs": [
        1387.4873130118722,
        7199.406128720867,
        486.2665366658806
    ],
    "fft_bands": {
        "hf": [
            0.15,
            0.4
        ],
        "lf": [
            0.04,
            0.15
        ],
        "ulf": null,
        "vlf": [
            0.0,
            0.04
        ]
    },
    "fft_interpolation": "cubic",
    "fft_log": [
        7.235249701803558,
        8.881753819480208,
        6.186756902921742
    ],
    "fft_nfft": 4096.0,
    "fft_norm": [
        93.67307771438362,
        6.326922285616381
    ],
    "fft_peak": [
        0.0068359375,
        0.107421875,
        0.212890625
    ],
    "fft_ratio": 14.805473101406653,
    "fft_rel": [
        15.292217003945726,
        79.34838739602534,
        5.35939560002892
    ],
    "fft_resampling_frequency": 4.0,
    "fft_total": 9073.15997839862,
    "fft_window": "hamming",
    "hr_max": 105.4481546572935,
    "hr_mean": 82.19811292382629,
    "hr_min": 59.58291956305859,
    "hr_std": 9.555379772489134,
    "lomb_abs": [
        257.03759353471514,
        685.0115962733825,
        1769.608092676445
    ],
    "lomb_bands": {
        "hf": [
            0.15,
            0.4
        ],
        "lf": [
            0.04,
            0.15
        ],
        "ulf": null,
        "vlf": [
            0.0,
            0.04
        ]
    },
    "lomb_log": [
        5.549222352542781,
        6.529435766985185,
        7.478513384484628
    ],
    "lomb_ma": "n/a",
    "lomb_nfft": 256.0,
    "lomb_norm": [
        27.90703583765575,
        72.09296416234426
    ],
    "lomb_peak": [
        0.028941176470588234,
        0.04341176470588235,
        0.2427843137254902
    ],
    "lomb_ratio": 0.38709791117497444,
    "lomb_rel": [
        9.478985238842784,
        25.261732030005795,
        65.25928273115143
    ],
    "lomb_total": 2711.6572824845425,
    "nn20": 196.0,
    "nn50": 60.0,
    "nni_counter": 325.0,
    "nni_diff_max": 192.0,
    "nni_diff_mean": 32.00925925925926,
    "nni_diff_min": 0.0,
    "nni_max": 1007.0,
    "nni_mean": 740.1538461538462,
    "nni_min": 569.0,
    "pnn20": 60.49382716049383,
    "pnn50": 18.51851851851852,
    "rmssd": 43.34398017353679,
    "sampen": 0.6782091434510786,
    "sd1": 30.648361601459758,
    "sd2": 121.7434306278743,
    "sd_ratio": 3.9722655393779926,
    "sdann": "n/a",
    "sdnn": 88.86802372634175,
    "sdnn_index": "n/a",
    "sdsd": 29.270330301896358,
    "tinn": 296.875,
    "tinn_m": 898.4375,
    "tinn_n": 601.5625,
    "tri_index": 18.055555555555557
}