{
    "Comment": "None",
    "Name": "C:\\Users\\facartesvirtual1\\Documents\\HRV-Bienestar-Tecnologia\\HRV_Reports\\Experiencia_Mindfullness\\SantiagoSegura-01-04-2022\\HRV_interactive.json",
    "ar_abs": [
        2433.359844172642,
        5036.701985258121,
        9478.29800706607
    ],
    "ar_bands": {
        "hf": [
            0.15,
            0.4
        ],
        "lf": [
            0.04,
            0.15
        ],
        "ulf": null,
        "vlf": [
            0.0,
            0.04
        ]
    },
    "ar_interpolation": "cubic",
    "ar_log": [
        7.797028233274494,
        8.524506778868885,
        9.156760044011095
    ],
    "ar_nfft": 4096.0,
    "ar_norm": [
        34.69997924851274,
        65.30002075148725
    ],
    "ar_order": 16.0,
    "ar_peak": [
        0.0,
        0.0400390625,
        0.150390625
    ],
    "ar_ratio": 0.5313930814902907,
    "ar_rel": [
        14.357494575567195,
        29.717931610184582,
        55.92457381424821
    ],
    "ar_resampling_frequency": 4.0,
    "ar_total": 16948.359836496835,
    "dfa_alpha1": 1.4005206062872941,
    "dfa_alpha1_beats": [
        4,
        5,
        6,
        7,
        8,
        9,
        10,
        11,
        12,
        13,
        14,
        15,
        16
    ],
    "dfa_alpha2": 0.8561454293102198,
    "dfa_alpha2_beats": [
        17,
        18,
        19,
        20,
        21,
        22,
        23,
        24,
        25,
        26,
        27,
        28,
        29,
        30,
        31,
        32,
        33,
        34,
        35,
        36,
        37,
        38,
        39,
        40,
        41,
        42,
        43,
        44,
        45,
        46,
        47,
        48,
        49,
        50,
        51,
        52,
        53,
        54,
        55,
        56,
        57,
        58,
        59,
        60,
        61,
        62,
        63,
        64
    ],
    "ellipse_area": 8155.230608330634,
    "fft_abs": [
        991.5243767517309,
        1935.7701593547138,
        330.8438144440073
    ],
    "fft_bands": {
        "hf": [
            0.15,
            0.4
        ],
        "lf": [
            0.04,
            0.15
        ],
        "ulf": null,
        "vlf": [
            0.0,
            0.04
        ]
    },
    "fft_interpolation": "cubic",
    "fft_log": [
        6.899243533388066,
        7.56826054144725,
        5.80164640433047
    ],
    "fft_nfft": 4096.0,
    "fft_norm": [
        85.40361004262533,
        14.596389957374663
    ],
    "fft_peak": [
        0.0146484375,
        0.1123046875,
        0.150390625
    ],
    "fft_ratio": 5.851009070874824,
    "fft_rel": [
        30.432236758276883,
        59.41338123433805,
        10.154382007385054
    ],
    "fft_resampling_frequency": 4.0,
    "fft_total": 3258.1383505504523,
    "fft_window": "hamming",
    "hr_max": 121.95121951219512,
    "hr_mean": 86.18603625872659,
    "hr_min": 60.483870967741936,
    "hr_std": 6.981407406264883,
    "lomb_abs": [
        210.87763472999632,
        645.3836530663928,
        1693.56791564622
    ],
    "lomb_bands": {
        "hf": [
            0.15,
            0.4
        ],
        "lf": [
            0.04,
            0.15
        ],
        "ulf": null,
        "vlf": [
            0.0,
            0.04
        ]
    },
    "lomb_log": [
        5.351278035061921,
        6.469844950921501,
        7.434592775171568
    ],
    "lomb_ma": "n/a",
    "lomb_nfft": 256.0,
    "lomb_norm": [
        27.592860908258128,
        72.40713909174187
    ],
    "lomb_peak": [
        0.00803921568627451,
        0.14952941176470588,
        0.36498039215686273
    ],
    "lomb_ratio": 0.3810792865783193,
    "lomb_rel": [
        8.270265100316658,
        25.310858162383536,
        66.4188767372998
    ],
    "lomb_total": 2549.829203442609,
    "nn20": 128.0,
    "nn50": 24.0,
    "nni_counter": 343.0,
    "nni_diff_max": 492.0,
    "nni_diff_mean": 23.309941520467838,
    "nni_diff_min": 0.0,
    "nni_max": 992.0,
    "nni_mean": 700.801749271137,
    "nni_min": 492.0,
    "pnn20": 37.42690058479532,
    "pnn50": 7.017543859649122,
    "rmssd": 49.48636766621007,
    "sampen": 0.9010523417692227,
    "sd1": 34.990844093033985,
    "sd2": 74.18770807124035,
    "sd_ratio": 2.120203441620024,
    "sdann": "n/a",
    "sdnn": 58.14622922889574,
    "sdnn_index": "n/a",
    "sdsd": 43.716533784099084,
    "tinn": 156.25,
    "tinn_m": 773.4375,
    "tinn_n": 617.1875,
    "tri_index": 10.393939393939394
}