{
    "Comment": "None",
    "Name": "C:\\Users\\facartesvirtual1\\Documents\\HRV-Bienestar-Tecnologia\\HRV_Reports\\Experiencia_Mindfullness\\SantiagoSegura-01-04-2022\\HRV_video.json",
    "ar_abs": [
        2435.434901253305,
        5112.403825525068,
        9177.11408291966
    ],
    "ar_bands": {
        "hf": [
            0.15,
            0.4
        ],
        "lf": [
            0.04,
            0.15
        ],
        "ulf": null,
        "vlf": [
            0.0,
            0.04
        ]
    },
    "ar_interpolation": "cubic",
    "ar_log": [
        7.79788062377966,
        8.539424988540878,
        9.124468064137588
    ],
    "ar_nfft": 4096.0,
    "ar_norm": [
        35.77730094381822,
        64.2226990561818
    ],
    "ar_order": 16.0,
    "ar_peak": [
        0.0,
        0.0400390625,
        0.150390625
    ],
    "ar_ratio": 0.557081864661595,
    "ar_rel": [
        14.561684741143832,
        30.567523171489132,
        54.870792087367036
    ],
    "ar_resampling_frequency": 4.0,
    "ar_total": 16724.952809698032,
    "dfa_alpha1": 1.3294545920865821,
    "dfa_alpha1_beats": [
        4,
        5,
        6,
        7,
        8,
        9,
        10,
        11,
        12,
        13,
        14,
        15,
        16
    ],
    "dfa_alpha2": 0.9146952126851843,
    "dfa_alpha2_beats": [
        17,
        18,
        19,
        20,
        21,
        22,
        23,
        24,
        25,
        26,
        27,
        28,
        29,
        30,
        31,
        32,
        33,
        34,
        35,
        36,
        37,
        38,
        39,
        40,
        41,
        42,
        43,
        44,
        45,
        46,
        47,
        48,
        49,
        50,
        51,
        52,
        53,
        54,
        55,
        56,
        57,
        58,
        59,
        60,
        61,
        62,
        63,
        64
    ],
    "ellipse_area": 13475.4031007841,
    "fft_abs": [
        2473.9721107653027,
        2103.46378919734,
        383.07513985516994
    ],
    "fft_bands": {
        "hf": [
            0.15,
            0.4
        ],
        "lf": [
            0.04,
            0.15
        ],
        "ulf": null,
        "vlf": [
            0.0,
            0.04
        ]
    },
    "fft_interpolation": "cubic",
    "fft_log": [
        7.8135802799565175,
        7.651340688333955,
        5.948231157549783
    ],
    "fft_nfft": 4096.0,
    "fft_norm": [
        84.59404212902712,
        15.40595787097288
    ],
    "fft_peak": [
        0.00390625,
        0.1181640625,
        0.15625
    ],
    "fft_ratio": 5.4909952914005355,
    "fft_rel": [
        49.87333141498594,
        42.4041751406846,
        7.722493444329466
    ],
    "fft_resampling_frequency": 4.0,
    "fft_total": 4960.511039817812,
    "fft_window": "hamming",
    "hr_max": 120.0,
    "hr_mean": 86.85202051956075,
    "hr_min": 58.25242718446602,
    "hr_std": 10.410916948753258,
    "lomb_abs": [
        290.3083696999874,
        653.8657461905706,
        1379.5975484349788
    ],
    "lomb_bands": {
        "hf": [
            0.15,
            0.4
        ],
        "lf": [
            0.04,
            0.15
        ],
        "ulf": null,
        "vlf": [
            0.0,
            0.04
        ]
    },
    "lomb_log": [
        5.670943701824023,
        6.482902049329986,
        7.229547104049639
    ],
    "lomb_ma": "n/a",
    "lomb_nfft": 256.0,
    "lomb_norm": [
        32.15527656283445,
        67.84472343716556
    ],
    "lomb_peak": [
        0.00803921568627451,
        0.05145098039215686,
        0.28137254901960784
    ],
    "lomb_ratio": 0.47395397805129375,
    "lomb_rel": [
        12.492981739849556,
        28.13812373344142,
        59.36889452670903
    ],
    "lomb_total": 2323.7716643255367,
    "nn20": 144.0,
    "nn50": 32.0,
    "nni_counter": 343.0,
    "nni_diff_max": 530.0,
    "nni_diff_mean": 26.99122807017544,
    "nni_diff_min": 0.0,
    "nni_max": 1030.0,
    "nni_mean": 700.594752186589,
    "nni_min": 500.0,
    "pnn20": 42.10526315789473,
    "pnn50": 9.35672514619883,
    "rmssd": 55.0271862634296,
    "sampen": 0.5785510938690371,
    "sd1": 38.90977086323773,
    "sd2": 110.23848077563221,
    "sd_ratio": 2.833182471392717,
    "sdann": "n/a",
    "sdnn": 82.69433377128692,
    "sdnn_index": "n/a",
    "sdsd": 48.022995887088214,
    "tinn": 265.625,
    "tinn_m": 875.0,
    "tinn_n": 609.375,
    "tri_index": 18.05263157894737
}