{
    "Comment": "None",
    "Name": "D:\\Users\\jp.botero\\Documents\\Bienestar & Tecnolog\u00eda\\HRV-Bienestar-Tecnologia\\HRV_Reports\\AndresMorales-02-12\\HRV_sound.json",
    "ar_abs": [
        2013.7926021842775,
        4086.8392561183628,
        6799.909571838656
    ],
    "ar_bands": {
        "hf": [
            0.15,
            0.4
        ],
        "lf": [
            0.04,
            0.15
        ],
        "ulf": null,
        "vlf": [
            0.0,
            0.04
        ]
    },
    "ar_interpolation": "cubic",
    "ar_log": [
        7.607775089914472,
        8.31552715225946,
        8.824664592816754
    ],
    "ar_nfft": 4096.0,
    "ar_norm": [
        37.5395751358148,
        62.46042486418519
    ],
    "ar_order": 16.0,
    "ar_peak": [
        0.0,
        0.0400390625,
        0.150390625
    ],
    "ar_ratio": 0.6010137653953103,
    "ar_rel": [
        15.610140187443442,
        31.67959483134345,
        52.71026498121311
    ],
    "ar_resampling_frequency": 4.0,
    "ar_total": 12900.541430141297,
    "dfa_alpha1": 1.296263043834116,
    "dfa_alpha1_beats": [
        4,
        5,
        6,
        7,
        8,
        9,
        10,
        11,
        12,
        13,
        14,
        15,
        16
    ],
    "dfa_alpha2": 1.0528179041881467,
    "dfa_alpha2_beats": [
        17,
        18,
        19,
        20,
        21,
        22,
        23,
        24,
        25,
        26,
        27,
        28,
        29,
        30,
        31,
        32,
        33,
        34,
        35,
        36,
        37,
        38,
        39,
        40,
        41,
        42,
        43,
        44,
        45,
        46,
        47,
        48,
        49,
        50,
        51,
        52,
        53,
        54,
        55,
        56,
        57,
        58,
        59,
        60,
        61,
        62,
        63,
        64
    ],
    "ellipse_area": 74.57109112600432,
    "fft_abs": [
        2.2382016341514737,
        15.734258594851557,
        15.391126902946036
    ],
    "fft_bands": {
        "hf": [
            0.15,
            0.4
        ],
        "lf": [
            0.04,
            0.15
        ],
        "ulf": null,
        "vlf": [
            0.0,
            0.04
        ]
    },
    "fft_interpolation": "cubic",
    "fft_log": [
        0.8056727015201336,
        2.755840411189021,
        2.7337911682335303
    ],
    "fft_nfft": 4096.0,
    "fft_norm": [
        50.55120874234602,
        49.44879125765398
    ],
    "fft_peak": [
        0.0302734375,
        0.0986328125,
        0.185546875
    ],
    "fft_ratio": 1.0222941240150416,
    "fft_rel": [
        6.70851615954738,
        47.15997273501921,
        46.13151110543341
    ],
    "fft_resampling_frequency": 4.0,
    "fft_total": 33.36358713194907,
    "fft_window": "hamming",
    "hr_max": 714.2857142857143,
    "hr_mean": 584.4098367819948,
    "hr_min": 491.8032786885246,
    "hr_std": 40.728207723412076,
    "lomb_abs": [
        146.56212518662744,
        777.515669719843,
        1604.370821882442
    ],
    "lomb_bands": {
        "hf": [
            0.15,
            0.4
        ],
        "lf": [
            0.04,
            0.15
        ],
        "ulf": null,
        "vlf": [
            0.0,
            0.04
        ]
    },
    "lomb_log": [
        4.987449401275298,
        6.656103797830806,
        7.380486947419406
    ],
    "lomb_ma": "n/a",
    "lomb_nfft": 256.0,
    "lomb_norm": [
        32.64285147344748,
        67.35714852655252
    ],
    "lomb_peak": [
        0.019294117647058823,
        0.04984313725490196,
        0.35694117647058826
    ],
    "lomb_ratio": 0.48462341692774463,
    "lomb_rel": [
        5.79652377404287,
        30.750700827263593,
        63.452775398693525
    ],
    "lomb_total": 2528.4486167889127,
    "nn20": 0.0,
    "nn50": 0.0,
    "nni_counter": 303.0,
    "nni_diff_max": 12.0,
    "nni_diff_mean": 2.6556291390728477,
    "nni_diff_min": 0.0,
    "nni_max": 122.0,
    "nni_mean": 103.16171617161716,
    "nni_min": 84.0,
    "pnn20": 0.0,
    "pnn50": 0.0,
    "rmssd": 3.426619595797677,
    "sampen": 1.2123346926530643,
    "sd1": 2.4229452258330966,
    "sd2": 9.796637280877025,
    "sd_ratio": 4.043276412700822,
    "sdann": "n/a",
    "sdnn": 7.1435322267168075,
    "sdnn_index": "n/a",
    "sdsd": 2.1690862096580728,
    "tinn": 31.25,
    "tinn_m": 117.1875,
    "tinn_n": 85.9375,
    "tri_index": 2.5677966101694913
}