{
    "Comment": "None",
    "Name": "D:\\Users\\jp.botero\\Documents\\Bienestar & Tecnolog\u00eda\\HRV-Bienestar-Tecnologia\\HRV_Reports\\AndresMorales-02-12\\HRV_final.json",
    "ar_abs": [
        2058.1131452846003,
        4145.007157082129,
        6928.430936403502
    ],
    "ar_bands": {
        "hf": [
            0.15,
            0.4
        ],
        "lf": [
            0.04,
            0.15
        ],
        "ulf": null,
        "vlf": [
            0.0,
            0.04
        ]
    },
    "ar_interpolation": "cubic",
    "ar_log": [
        7.6295448931551455,
        8.329659794246343,
        8.843388650444563
    ],
    "ar_nfft": 4096.0,
    "ar_norm": [
        37.43198022229958,
        62.56801977770042
    ],
    "ar_order": 16.0,
    "ar_peak": [
        0.0,
        0.0400390625,
        0.150390625
    ],
    "ar_ratio": 0.5982605867229402,
    "ar_rel": [
        15.6730389872609,
        31.56525136835478,
        52.761709644384325
    ],
    "ar_resampling_frequency": 4.0,
    "ar_total": 13131.551238770231,
    "dfa_alpha1": 1.1331641367223604,
    "dfa_alpha1_beats": [
        4,
        5,
        6,
        7,
        8,
        9,
        10,
        11,
        12,
        13,
        14,
        15,
        16
    ],
    "dfa_alpha2": 1.0564229122808424,
    "dfa_alpha2_beats": [
        17,
        18,
        19,
        20,
        21,
        22,
        23,
        24,
        25,
        26,
        27,
        28,
        29,
        30,
        31,
        32,
        33,
        34,
        35,
        36,
        37,
        38,
        39,
        40,
        41,
        42,
        43,
        44,
        45,
        46,
        47,
        48,
        49,
        50,
        51,
        52,
        53,
        54,
        55,
        56,
        57,
        58,
        59,
        60,
        61,
        62,
        63,
        64
    ],
    "ellipse_area": 64.24283173600354,
    "fft_abs": [
        4.078477028960716,
        6.30620864810874,
        7.1154620192662685
    ],
    "fft_bands": {
        "hf": [
            0.15,
            0.4
        ],
        "lf": [
            0.04,
            0.15
        ],
        "ulf": null,
        "vlf": [
            0.0,
            0.04
        ]
    },
    "fft_interpolation": "cubic",
    "fft_log": [
        1.4057236415152778,
        1.8415346478112644,
        1.962270165381041
    ],
    "fft_nfft": 4096.0,
    "fft_norm": [
        46.98527332694641,
        53.014726673053595
    ],
    "fft_peak": [
        0.0390625,
        0.0400390625,
        0.1630859375
    ],
    "fft_ratio": 0.8862683309999626,
    "fft_rel": [
        23.305386330051885,
        36.03517385987073,
        40.659439810077394
    ],
    "fft_resampling_frequency": 4.0,
    "fft_total": 17.500147696335723,
    "fft_window": "hamming",
    "hr_max": 618.5567010309278,
    "hr_mean": 532.1852737671722,
    "hr_min": 476.1904761904762,
    "hr_std": 25.206959475194665,
    "lomb_abs": [
        223.1042335756415,
        678.8251537880335,
        1686.745165898215
    ],
    "lomb_bands": {
        "hf": [
            0.15,
            0.4
        ],
        "lf": [
            0.04,
            0.15
        ],
        "ulf": null,
        "vlf": [
            0.0,
            0.04
        ]
    },
    "lomb_log": [
        5.407639077393097,
        6.520363588931657,
        7.430556013576773
    ],
    "lomb_ma": "n/a",
    "lomb_nfft": 256.0,
    "lomb_norm": [
        28.696046282744522,
        71.30395371725547
    ],
    "lomb_peak": [
        0.02411764705882353,
        0.10933333333333334,
        0.29262745098039217
    ],
    "lomb_ratio": 0.402446775904379,
    "lomb_rel": [
        8.618473623674184,
        26.222885102828858,
        65.15864127349697
    ],
    "lomb_total": 2588.6745532618897,
    "nn20": 0.0,
    "nn50": 0.0,
    "nni_counter": 276.0,
    "nni_diff_max": 11.0,
    "nni_diff_mean": 3.4909090909090907,
    "nni_diff_min": 0.0,
    "nni_max": 126.0,
    "nni_mean": 112.9927536231884,
    "nni_min": 97.0,
    "pnn20": 0.0,
    "pnn50": 0.0,
    "rmssd": 4.2047592083257275,
    "sampen": 1.4000876832522264,
    "sd1": 2.9731737223833847,
    "sd2": 6.877878781203229,
    "sd_ratio": 2.31331211137226,
    "sdann": "n/a",
    "sdnn": 5.310019862057144,
    "sdnn_index": "n/a",
    "sdsd": 2.3481062976654257,
    "tinn": 31.25,
    "tinn_m": 125.0,
    "tinn_n": 93.75,
    "tri_index": 1.7579617834394905
}