{
    "Comment": "None",
    "Name": "C:\\Users\\Juan Pablo Botero T\\OneDrive - Universidad de los Andes\\Documentos\\JPB\\Personal\\Bienestar y Tecnolog\u00eda\\Codigo\\HRV-Bienestar-Tecnologia\\HRV_Reports\\AndresMorales-02-12\\HRV_video.json",
    "ar_abs": [
        2462.4074785052103,
        5100.955037743098,
        9190.741328424261
    ],
    "ar_bands": {
        "hf": [
            0.15,
            0.4
        ],
        "lf": [
            0.04,
            0.15
        ],
        "ulf": null,
        "vlf": [
            0.0,
            0.04
        ]
    },
    "ar_interpolation": "cubic",
    "ar_log": [
        7.8088948001597664,
        8.537183063483589,
        9.125951878954254
    ],
    "ar_nfft": 4096.0,
    "ar_norm": [
        35.691739504195986,
        64.308260495804
    ],
    "ar_order": 16.0,
    "ar_peak": [
        0.0,
        0.0400390625,
        0.150390625
    ],
    "ar_ratio": 0.5550101842130344,
    "ar_rel": [
        14.697339238996069,
        30.446003468965532,
        54.8566572920384
    ],
    "ar_resampling_frequency": 4.0,
    "ar_total": 16754.10384467257,
    "dfa_alpha1": 1.5391813869159037,
    "dfa_alpha1_beats": [
        4,
        5,
        6,
        7,
        8,
        9,
        10,
        11,
        12,
        13,
        14,
        15,
        16
    ],
    "dfa_alpha2": 1.3257832525867277,
    "dfa_alpha2_beats": [
        17,
        18,
        19,
        20,
        21,
        22,
        23,
        24,
        25,
        26,
        27,
        28,
        29,
        30,
        31,
        32,
        33,
        34,
        35,
        36,
        37,
        38,
        39,
        40,
        41,
        42,
        43,
        44,
        45,
        46,
        47,
        48,
        49,
        50,
        51,
        52,
        53,
        54,
        55,
        56,
        57,
        58,
        59,
        60,
        61,
        62,
        63,
        64
    ],
    "ellipse_area": 5683.66170377629,
    "fft_abs": [
        3010.6429989212033,
        1003.4733967912811,
        240.84934825946507
    ],
    "fft_bands": {
        "hf": [
            0.15,
            0.4
        ],
        "lf": [
            0.04,
            0.15
        ],
        "ulf": null,
        "vlf": [
            0.0,
            0.04
        ]
    },
    "fft_interpolation": "cubic",
    "fft_log": [
        8.009908955833279,
        6.911222657462744,
        5.484171627070762
    ],
    "fft_nfft": 4096.0,
    "fft_norm": [
        80.64414162503775,
        19.355858374962256
    ],
    "fft_peak": [
        0.0224609375,
        0.0400390625,
        0.1748046875
    ],
    "fft_ratio": 4.166394487022847,
    "fft_rel": [
        70.75598677113699,
        23.583583445129054,
        5.66042978373395
    ],
    "fft_resampling_frequency": 4.0,
    "fft_total": 4254.965743971949,
    "fft_window": "hamming",
    "hr_max": 98.84678747940691,
    "hr_mean": 81.09894183177965,
    "hr_min": 61.919504643962846,
    "hr_std": 7.863606286903773,
    "lomb_abs": [
        231.53314942496473,
        641.629027886672,
        1721.5240154271817
    ],
    "lomb_bands": {
        "hf": [
            0.15,
            0.4
        ],
        "lf": [
            0.04,
            0.15
        ],
        "ulf": null,
        "vlf": [
            0.0,
            0.04
        ]
    },
    "lomb_log": [
        5.444723057335321,
        6.464010298494384,
        7.450965232972986
    ],
    "lomb_ma": "n/a",
    "lomb_nfft": 256.0,
    "lomb_norm": [
        27.151395450330824,
        72.84860454966918
    ],
    "lomb_peak": [
        0.00803921568627451,
        0.14470588235294118,
        0.36498039215686273
    ],
    "lomb_ratio": 0.37270989085067,
    "lomb_rel": [
        8.923358442069256,
        24.728579112274122,
        66.34806244565664
    ],
    "lomb_total": 2594.686192738818,
    "nn20": 114.0,
    "nn50": 21.0,
    "nni_counter": 322.0,
    "nni_diff_max": 100.0,
    "nni_diff_mean": 18.302180685358255,
    "nni_diff_min": 0.0,
    "nni_max": 969.0,
    "nni_mean": 746.8447204968944,
    "nni_min": 607.0,
    "pnn20": 35.51401869158878,
    "pnn50": 6.5420560747663545,
    "rmssd": 25.205139662786255,
    "sampen": 1.0415761615907715,
    "sd1": 17.822725040179545,
    "sd2": 101.50892784114764,
    "sd_ratio": 5.695477409448103,
    "sdann": "n/a",
    "sdnn": 72.93504633919878,
    "sdnn_index": "n/a",
    "sdsd": 17.357067047164126,
    "tinn": 328.125,
    "tinn_m": 937.5,
    "tinn_n": 609.375,
    "tri_index": 18.941176470588236
}