{
    "Comment": "None",
    "Name": "D:\\Users\\jp.botero\\Documents\\Bienestar & Tecnolog\u00eda\\HRV-Bienestar-Tecnologia\\HRV_Reports\\AndresMorales-02-12\\HRV_baseline.json",
    "ar_abs": [
        2059.7777943770684,
        4083.5389455852032,
        6894.700368899447
    ],
    "ar_bands": {
        "hf": [
            0.15,
            0.4
        ],
        "lf": [
            0.04,
            0.15
        ],
        "ulf": null,
        "vlf": [
            0.0,
            0.04
        ]
    },
    "ar_interpolation": "cubic",
    "ar_log": [
        7.630353389158336,
        8.314719280057908,
        8.838508332995906
    ],
    "ar_nfft": 4096.0,
    "ar_norm": [
        37.19666540879098,
        62.80333459120902
    ],
    "ar_order": 16.0,
    "ar_peak": [
        0.0,
        0.0400390625,
        0.150390625
    ],
    "ar_ratio": 0.5922721404986929,
    "ar_rel": [
        15.798244297264134,
        31.320245337074233,
        52.88151036566163
    ],
    "ar_resampling_frequency": 4.0,
    "ar_total": 13038.017108861719,
    "dfa_alpha1": 1.1120560984020322,
    "dfa_alpha1_beats": [
        4,
        5,
        6,
        7,
        8,
        9,
        10,
        11,
        12,
        13,
        14,
        15,
        16
    ],
    "dfa_alpha2": 0.8790044728908908,
    "dfa_alpha2_beats": [
        17,
        18,
        19,
        20,
        21,
        22,
        23,
        24,
        25,
        26,
        27,
        28,
        29,
        30,
        31,
        32,
        33,
        34,
        35,
        36,
        37,
        38,
        39,
        40,
        41,
        42,
        43,
        44,
        45,
        46,
        47,
        48,
        49,
        50,
        51,
        52,
        53,
        54,
        55,
        56,
        57,
        58,
        59,
        60,
        61,
        62,
        63,
        64
    ],
    "ellipse_area": 111.62117245207509,
    "fft_abs": [
        1.004552622207651,
        9.099795054451162,
        12.70243681171027
    ],
    "fft_bands": {
        "hf": [
            0.15,
            0.4
        ],
        "lf": [
            0.04,
            0.15
        ],
        "ulf": null,
        "vlf": [
            0.0,
            0.04
        ]
    },
    "fft_interpolation": "cubic",
    "fft_log": [
        0.004542290369271557,
        2.2082518917803085,
        2.5417938499967208
    ],
    "fft_nfft": 4096.0,
    "fft_norm": [
        41.73790605618992,
        58.26209394381008
    ],
    "fft_peak": [
        0.0185546875,
        0.0947265625,
        0.2001953125
    ],
    "fft_ratio": 0.7163818399050911,
    "fft_rel": [
        4.404621890998922,
        39.89950910919442,
        55.69586899980665
    ],
    "fft_resampling_frequency": 4.0,
    "fft_total": 22.806784488369082,
    "fft_window": "hamming",
    "hr_max": 681.8181818181819,
    "hr_mean": 564.3856709596344,
    "hr_min": 472.4409448818898,
    "hr_std": 39.1311888474832,
    "lomb_abs": [
        184.83283163835134,
        813.0799670103465,
        1714.8723693663262
    ],
    "lomb_bands": {
        "hf": [
            0.15,
            0.4
        ],
        "lf": [
            0.04,
            0.15
        ],
        "ulf": null,
        "vlf": [
            0.0,
            0.04
        ]
    },
    "lomb_log": [
        5.2194518038085365,
        6.7008294651170734,
        7.447093936636159
    ],
    "lomb_ma": "n/a",
    "lomb_nfft": 256.0,
    "lomb_norm": [
        32.16357979975755,
        67.83642020024244
    ],
    "lomb_peak": [
        0.006431372549019608,
        0.0884313725490196,
        0.27172549019607845
    ],
    "lomb_ratio": 0.4741343913021312,
    "lomb_rel": [
        6.813397309068732,
        29.972147319180692,
        63.21445537175057
    ],
    "lomb_total": 2712.7851680150243,
    "nn20": 0.0,
    "nn50": 0.0,
    "nni_counter": 294.0,
    "nni_diff_max": 16.0,
    "nni_diff_mean": 4.187713310580205,
    "nni_diff_min": 0.0,
    "nni_max": 127.0,
    "nni_mean": 106.81632653061224,
    "nni_min": 88.0,
    "pnn20": 0.0,
    "pnn50": 0.0,
    "rmssd": 5.207306497185603,
    "sampen": 1.6379434054320268,
    "sd1": 3.681456551790069,
    "sd2": 9.651104718768213,
    "sd_ratio": 2.621545190877091,
    "sdann": "n/a",
    "sdnn": 7.358235068250743,
    "sdnn_index": "n/a",
    "sdsd": 3.10030697105754,
    "tinn": 31.25,
    "tinn_m": 117.1875,
    "tinn_n": 85.9375,
    "tri_index": 2.3333333333333335
}