{
    "Comment": "None",
    "Name": "C:\\Users\\Juan Pablo Botero T\\OneDrive - Universidad de los Andes\\Documentos\\JPB\\Personal\\Bienestar y Tecnolog\u00eda\\Codigo\\HRV-Bienestar-Tecnologia\\HRV_Reports\\AndresMorales-02-12\\HRV_baseline.json",
    "ar_abs": [
        2474.443390215728,
        5163.8909523515695,
        9584.634019830999
    ],
    "ar_bands": {
        "hf": [
            0.15,
            0.4
        ],
        "lf": [
            0.04,
            0.15
        ],
        "ulf": null,
        "vlf": [
            0.0,
            0.04
        ]
    },
    "ar_interpolation": "cubic",
    "ar_log": [
        7.8137707568684736,
        8.549445634848055,
        9.167916472156197
    ],
    "ar_nfft": 4096.0,
    "ar_norm": [
        35.012931544620685,
        64.98706845537932
    ],
    "ar_order": 16.0,
    "ar_peak": [
        0.0,
        0.0400390625,
        0.150390625
    ],
    "ar_ratio": 0.5387676714277528,
    "ar_rel": [
        14.367113369481693,
        29.982583975626014,
        55.65030265489229
    ],
    "ar_resampling_frequency": 4.0,
    "ar_total": 17222.968362398296,
    "dfa_alpha1": 1.1113905269712347,
    "dfa_alpha1_beats": [
        4,
        5,
        6,
        7,
        8,
        9,
        10,
        11,
        12,
        13,
        14,
        15,
        16
    ],
    "dfa_alpha2": 0.8716838564873024,
    "dfa_alpha2_beats": [
        17,
        18,
        19,
        20,
        21,
        22,
        23,
        24,
        25,
        26,
        27,
        28,
        29,
        30,
        31,
        32,
        33,
        34,
        35,
        36,
        37,
        38,
        39,
        40,
        41,
        42,
        43,
        44,
        45,
        46,
        47,
        48,
        49,
        50,
        51,
        52,
        53,
        54,
        55,
        56,
        57,
        58,
        59,
        60,
        61,
        62,
        63,
        64
    ],
    "ellipse_area": 6610.5769373098865,
    "fft_abs": [
        1211.9389570078363,
        895.8755238317564,
        338.0529689757776
    ],
    "fft_bands": {
        "hf": [
            0.15,
            0.4
        ],
        "lf": [
            0.04,
            0.15
        ],
        "ulf": null,
        "vlf": [
            0.0,
            0.04
        ]
    },
    "fft_interpolation": "cubic",
    "fft_log": [
        7.0999767998557894,
        6.797801479029142,
        5.8232025961509155
    ],
    "fft_nfft": 4096.0,
    "fft_norm": [
        72.60352030557199,
        27.39647969442801
    ],
    "fft_peak": [
        0.025390625,
        0.0498046875,
        0.15625
    ],
    "fft_ratio": 2.650103995672785,
    "fft_rel": [
        49.55047572587472,
        36.62813060042901,
        13.821393673696258
    ],
    "fft_resampling_frequency": 4.0,
    "fft_total": 2445.8674498153705,
    "fft_window": "hamming",
    "hr_max": 88.75739644970415,
    "hr_mean": 73.41296018280033,
    "hr_min": 61.47540983606557,
    "hr_std": 5.0938948110128655,
    "lomb_abs": [
        456.4656545062798,
        646.568390136698,
        1952.5608890188953
    ],
    "lomb_bands": {
        "hf": [
            0.15,
            0.4
        ],
        "lf": [
            0.04,
            0.15
        ],
        "ulf": null,
        "vlf": [
            0.0,
            0.04
        ]
    },
    "lomb_log": [
        6.123513460635673,
        6.471678977824628,
        7.576897066384519
    ],
    "lomb_ma": "n/a",
    "lomb_nfft": 256.0,
    "lomb_norm": [
        24.876345910225577,
        75.12365408977442
    ],
    "lomb_peak": [
        0.00803921568627451,
        0.07878431372549019,
        0.3070980392156863
    ],
    "lomb_ratio": 0.33113865681370874,
    "lomb_rel": [
        14.938683445166081,
        21.160147341972458,
        63.901169212861454
    ],
    "lomb_total": 3055.5949336618733,
    "nn20": 193.0,
    "nn50": 60.0,
    "nni_counter": 294.0,
    "nni_diff_max": 123.0,
    "nni_diff_mean": 32.22184300341297,
    "nni_diff_min": 0.0,
    "nni_max": 976.0,
    "nni_mean": 821.1904761904761,
    "nni_min": 676.0,
    "pnn20": 65.8703071672355,
    "pnn50": 20.477815699658702,
    "rmssd": 40.09012883533963,
    "sampen": 1.6379434054320268,
    "sd1": 28.34289301370873,
    "sd2": 74.24125658261309,
    "sd_ratio": 2.6193958586621524,
    "sdann": "n/a",
    "sdnn": 56.60947391536009,
    "sdnn_index": "n/a",
    "sdsd": 23.893927999009353,
    "tinn": 226.5625,
    "tinn_m": 929.6875,
    "tinn_n": 703.125,
    "tri_index": 14.7
}