{
    "Comment": "None",
    "Name": "D:\\Users\\jp.botero\\Documents\\Bienestar & Tecnolog\u00eda\\HRV-Bienestar-Tecnologia\\HRV_Reports\\AndresMorales-02-12\\HRV_olfative.json",
    "ar_abs": [
        2043.870487589672,
        4097.402447251837,
        6911.729950864847
    ],
    "ar_bands": {
        "hf": [
            0.15,
            0.4
        ],
        "lf": [
            0.04,
            0.15
        ],
        "ulf": null,
        "vlf": [
            0.0,
            0.04
        ]
    },
    "ar_interpolation": "cubic",
    "ar_log": [
        7.622600587080151,
        8.318108502464368,
        8.84097524011198
    ],
    "ar_nfft": 4096.0,
    "ar_norm": [
        37.218213925311446,
        62.78178607468857
    ],
    "ar_order": 16.0,
    "ar_peak": [
        0.0,
        0.0400390625,
        0.150390625
    ],
    "ar_ratio": 0.5928186541401461,
    "ar_rel": [
        15.658239758973815,
        31.390496754878395,
        52.951263486147795
    ],
    "ar_resampling_frequency": 4.0,
    "ar_total": 13053.002885706355,
    "dfa_alpha1": 1.3214640230594172,
    "dfa_alpha1_beats": [
        4,
        5,
        6,
        7,
        8,
        9,
        10,
        11,
        12,
        13,
        14,
        15,
        16
    ],
    "dfa_alpha2": 0.8571811185525027,
    "dfa_alpha2_beats": [
        17,
        18,
        19,
        20,
        21,
        22,
        23,
        24,
        25,
        26,
        27,
        28,
        29,
        30,
        31,
        32,
        33,
        34,
        35,
        36,
        37,
        38,
        39,
        40,
        41,
        42,
        43,
        44,
        45,
        46,
        47,
        48,
        49,
        50,
        51,
        52,
        53,
        54,
        55,
        56,
        57,
        58,
        59,
        60,
        61,
        62,
        63,
        64
    ],
    "ellipse_area": 81.47054735731359,
    "fft_abs": [
        1.4221096584762996,
        4.835367492121641,
        5.943075706406887
    ],
    "fft_bands": {
        "hf": [
            0.15,
            0.4
        ],
        "lf": [
            0.04,
            0.15
        ],
        "ulf": null,
        "vlf": [
            0.0,
            0.04
        ]
    },
    "fft_interpolation": "cubic",
    "fft_log": [
        0.3521414440732599,
        1.5759571326604649,
        1.7822267950560176
    ],
    "fft_nfft": 4096.0,
    "fft_norm": [
        44.861464713027985,
        55.13853528697201
    ],
    "fft_peak": [
        0.029296875,
        0.1494140625,
        0.1513671875
    ],
    "fft_ratio": 0.8136136456934092,
    "fft_rel": [
        11.656108334958027,
        39.632363785428474,
        48.71152787961349
    ],
    "fft_resampling_frequency": 4.0,
    "fft_total": 12.200552857004828,
    "fft_window": "hamming",
    "hr_max": 666.6666666666666,
    "hr_mean": 569.3730307617102,
    "hr_min": 491.8032786885246,
    "hr_std": 36.302216754438376,
    "lomb_abs": [
        257.29536850447516,
        723.2181966274901,
        1560.7304194946335
    ],
    "lomb_bands": {
        "hf": [
            0.15,
            0.4
        ],
        "lf": [
            0.04,
            0.15
        ],
        "ulf": null,
        "vlf": [
            0.0,
            0.04
        ]
    },
    "lomb_log": [
        5.550224718754431,
        6.583710970027315,
        7.352909208288679
    ],
    "lomb_ma": "n/a",
    "lomb_nfft": 256.0,
    "lomb_norm": [
        31.66525689423914,
        68.33474310576086
    ],
    "lomb_peak": [
        0.038588235294117645,
        0.14631372549019608,
        0.1672156862745098
    ],
    "lomb_ratio": 0.4633844433311354,
    "lomb_rel": [
        10.124780228148035,
        28.459219225018927,
        61.416000546833025
    ],
    "lomb_total": 2541.243984626599,
    "nn20": 0.0,
    "nn50": 0.0,
    "nni_counter": 295.0,
    "nni_diff_max": 14.0,
    "nni_diff_mean": 3.129251700680272,
    "nni_diff_min": 0.0,
    "nni_max": 122.0,
    "nni_mean": 105.80677966101695,
    "nni_min": 90.0,
    "pnn20": 0.0,
    "pnn50": 0.0,
    "rmssd": 4.035556254807296,
    "sampen": 1.3100838914768136,
    "sd1": 2.8533705255380117,
    "sd2": 9.088507932823724,
    "sd_ratio": 3.1851832250597942,
    "sdann": "n/a",
    "sdnn": 6.752673051143476,
    "sdnn_index": "n/a",
    "sdsd": 2.5525791249225307,
    "tinn": 31.25,
    "tinn_m": 117.1875,
    "tinn_n": 85.9375,
    "tri_index": 2.218045112781955
}