{
    "Comment": "None",
    "Name": "C:\\Users\\Juan Pablo Botero T\\OneDrive - Universidad de los Andes\\Documentos\\JPB\\Personal\\Bienestar y Tecnolog\u00eda\\Codigo\\HRV-Bienestar-Tecnologia\\HRV_Reports\\AndresMorales-02-12\\HRV_sound.json",
    "ar_abs": [
        2465.5862649332953,
        5156.874032007264,
        9256.70525235041
    ],
    "ar_bands": {
        "hf": [
            0.15,
            0.4
        ],
        "lf": [
            0.04,
            0.15
        ],
        "ulf": null,
        "vlf": [
            0.0,
            0.04
        ]
    },
    "ar_interpolation": "cubic",
    "ar_log": [
        7.810184893871107,
        8.548085867149418,
        9.13310346004505
    ],
    "ar_nfft": 4096.0,
    "ar_norm": [
        35.77788646574246,
        64.22211353425753
    ],
    "ar_order": 16.0,
    "ar_peak": [
        0.0,
        0.0400390625,
        0.150390625
    ],
    "ar_ratio": 0.5570960607931056,
    "ar_rel": [
        14.607275802427717,
        30.551711913412,
        54.84101228416027
    ],
    "ar_resampling_frequency": 4.0,
    "ar_total": 16879.16554929097,
    "dfa_alpha1": 1.296440913209446,
    "dfa_alpha1_beats": [
        4,
        5,
        6,
        7,
        8,
        9,
        10,
        11,
        12,
        13,
        14,
        15,
        16
    ],
    "dfa_alpha2": 1.0915420091969668,
    "dfa_alpha2_beats": [
        17,
        18,
        19,
        20,
        21,
        22,
        23,
        24,
        25,
        26,
        27,
        28,
        29,
        30,
        31,
        32,
        33,
        34,
        35,
        36,
        37,
        38,
        39,
        40,
        41,
        42,
        43,
        44,
        45,
        46,
        47,
        48,
        49,
        50,
        51,
        52,
        53,
        54,
        55,
        56,
        57,
        58,
        59,
        60,
        61,
        62,
        63,
        64
    ],
    "ellipse_area": 4419.064675215597,
    "fft_abs": [
        1959.8299062340511,
        771.8636146950037,
        452.234391535096
    ],
    "fft_bands": {
        "hf": [
            0.15,
            0.4
        ],
        "lf": [
            0.04,
            0.15
        ],
        "ulf": null,
        "vlf": [
            0.0,
            0.04
        ]
    },
    "fft_interpolation": "cubic",
    "fft_log": [
        7.580612965925093,
        6.648807869514849,
        6.1142006107668205
    ],
    "fft_nfft": 4096.0,
    "fft_norm": [
        63.055703936005976,
        36.944296063994024
    ],
    "fft_peak": [
        0.0244140625,
        0.123046875,
        0.166015625
    ],
    "fft_ratio": 1.7067777885599011,
    "fft_rel": [
        61.55384041711144,
        24.242496561350595,
        14.203663021537954
    ],
    "fft_resampling_frequency": 4.0,
    "fft_total": 3183.927912464151,
    "fft_window": "hamming",
    "hr_max": 92.87925696594428,
    "hr_mean": 76.02424875851938,
    "hr_min": 63.96588486140725,
    "hr_std": 5.304919684725551,
    "lomb_abs": [
        435.31944351349495,
        753.5223354025783,
        1722.2755493711238
    ],
    "lomb_bands": {
        "hf": [
            0.15,
            0.4
        ],
        "lf": [
            0.04,
            0.15
        ],
        "ulf": null,
        "vlf": [
            0.0,
            0.04
        ]
    },
    "lomb_log": [
        6.076080114488109,
        6.624758659833703,
        7.451401689242714
    ],
    "lomb_ma": "n/a",
    "lomb_nfft": 256.0,
    "lomb_norm": [
        30.435535147549142,
        69.56446485245085
    ],
    "lomb_peak": [
        0.009647058823529411,
        0.11898039215686275,
        0.3167450980392157
    ],
    "lomb_ratio": 0.4375155506781255,
    "lomb_rel": [
        14.953689405903203,
        25.884299752560143,
        59.16201084153666
    ],
    "lomb_total": 2911.117328287197,
    "nn20": 131.0,
    "nn50": 18.0,
    "nni_counter": 303.0,
    "nni_diff_max": 93.0,
    "nni_diff_mean": 20.443708609271525,
    "nni_diff_min": 0.0,
    "nni_max": 938.0,
    "nni_mean": 793.0297029702971,
    "nni_min": 646.0,
    "pnn20": 43.377483443708606,
    "pnn50": 5.960264900662252,
    "rmssd": 26.378548378740184,
    "sampen": 1.2123346926530643,
    "sd1": 18.65213947289595,
    "sd2": 75.41397467302401,
    "sd_ratio": 4.043180932815273,
    "sdann": "n/a",
    "sdnn": 54.989846524357645,
    "sdnn_index": "n/a",
    "sdsd": 16.69747857766814,
    "tinn": 226.5625,
    "tinn_m": 914.0625,
    "tinn_n": 687.5,
    "tri_index": 13.173913043478262
}