{
    "Comment": "None",
    "Name": "C:\\Users\\admin\\HRV-Bienestar-Tecnologia\\HRV_Reports\\Experiencia_Mindfullness\\28-03-2022_SantiagoMaldonado\\HRV_final.json",
    "ar_abs": [
        2439.719632229886,
        5010.2896841635675,
        8816.819376316842
    ],
    "ar_bands": {
        "hf": [
            0.15,
            0.4
        ],
        "lf": [
            0.04,
            0.15
        ],
        "ulf": null,
        "vlf": [
            0.0,
            0.04
        ]
    },
    "ar_interpolation": "cubic",
    "ar_log": [
        7.799638406861365,
        8.519249013597662,
        9.084416469033574
    ],
    "ar_nfft": 4096.0,
    "ar_norm": [
        36.235265537057174,
        63.76473446294283
    ],
    "ar_order": 16.0,
    "ar_peak": [
        0.0,
        0.0400390625,
        0.150390625
    ],
    "ar_ratio": 0.5682649797297512,
    "ar_rel": [
        14.998127037037065,
        30.80065437960162,
        54.20121858336131
    ],
    "ar_resampling_frequency": 4.0,
    "ar_total": 16266.828692710296,
    "dfa_alpha1": 1.506804237903178,
    "dfa_alpha1_beats": [
        4,
        5,
        6,
        7,
        8,
        9,
        10,
        11,
        12,
        13,
        14,
        15,
        16
    ],
    "dfa_alpha2": 1.2601030780917135,
    "dfa_alpha2_beats": [
        17,
        18,
        19,
        20,
        21,
        22,
        23,
        24,
        25,
        26,
        27,
        28,
        29,
        30,
        31,
        32,
        33,
        34,
        35,
        36,
        37,
        38,
        39,
        40,
        41,
        42,
        43,
        44,
        45,
        46,
        47,
        48,
        49,
        50,
        51,
        52,
        53,
        54,
        55,
        56,
        57,
        58,
        59,
        60,
        61,
        62,
        63,
        64
    ],
    "ellipse_area": 5740.59614551794,
    "fft_abs": [
        3113.284435204126,
        1332.583929430769,
        274.17093247888914
    ],
    "fft_bands": {
        "hf": [
            0.15,
            0.4
        ],
        "lf": [
            0.04,
            0.15
        ],
        "ulf": null,
        "vlf": [
            0.0,
            0.04
        ]
    },
    "fft_interpolation": "cubic",
    "fft_log": [
        8.043433536394218,
        7.1948751404960385,
        5.613751753043891
    ],
    "fft_nfft": 4096.0,
    "fft_norm": [
        82.93635582013849,
        17.063644179861505
    ],
    "fft_peak": [
        0.0126953125,
        0.0400390625,
        0.1689453125
    ],
    "fft_ratio": 4.8604128722995705,
    "fft_rel": [
        65.95886684900782,
        28.232475315313987,
        5.80865783567818
    ],
    "fft_resampling_frequency": 4.0,
    "fft_total": 4720.039297113784,
    "fft_window": "hamming",
    "hr_max": 101.35135135135135,
    "hr_mean": 82.2600541901916,
    "hr_min": 64.51612903225806,
    "hr_std": 7.561842015519985,
    "lomb_abs": [
        312.1647065848857,
        691.8232075621378,
        1417.4217181080112
    ],
    "lomb_bands": {
        "hf": [
            0.15,
            0.4
        ],
        "lf": [
            0.04,
            0.15
        ],
        "ulf": null,
        "vlf": [
            0.0,
            0.04
        ]
    },
    "lomb_log": [
        5.743530954237065,
        6.539330442575458,
        7.256594808756306
    ],
    "lomb_ma": "n/a",
    "lomb_nfft": 256.0,
    "lomb_norm": [
        32.799567235764805,
        67.2004327642352
    ],
    "lomb_peak": [
        0.00803921568627451,
        0.07717647058823529,
        0.30227450980392156
    ],
    "lomb_ratio": 0.4880856549069887,
    "lomb_rel": [
        12.891858627578426,
        28.571093397272467,
        58.5370479751491
    ],
    "lomb_total": 2421.409632255035,
    "nn20": 132.0,
    "nn50": 22.0,
    "nni_counter": 327.0,
    "nni_diff_max": 147.0,
    "nni_diff_mean": 20.36196319018405,
    "nni_diff_min": 0.0,
    "nni_max": 930.0,
    "nni_mean": 735.519877675841,
    "nni_min": 592.0,
    "pnn20": 40.49079754601227,
    "pnn50": 6.748466257668712,
    "rmssd": 27.792946097179698,
    "sampen": 1.1062379755347465,
    "sd1": 19.6517360504838,
    "sd2": 92.983566490653,
    "sd_ratio": 4.731570088860615,
    "sdann": "n/a",
    "sdnn": 67.35574498739567,
    "sdnn_index": "n/a",
    "sdsd": 18.945694728602856,
    "tinn": 250.0,
    "tinn_m": 851.5625,
    "tinn_n": 601.5625,
    "tri_index": 15.571428571428571
}