{
    "Comment": "None",
    "Name": "C:\\Users\\admin\\HRV-Bienestar-Tecnologia\\HRV_Reports\\Experiencia_Mindfullness\\28-03-2022_SantiagoMaldonado\\HRV_olfative.json",
    "ar_abs": [
        2452.2478930560274,
        5188.161312506554,
        9429.08835562783
    ],
    "ar_bands": {
        "hf": [
            0.15,
            0.4
        ],
        "lf": [
            0.04,
            0.15
        ],
        "ulf": null,
        "vlf": [
            0.0,
            0.04
        ]
    },
    "ar_interpolation": "cubic",
    "ar_log": [
        7.804760390255974,
        8.554134638342797,
        9.151554696047272
    ],
    "ar_nfft": 4096.0,
    "ar_norm": [
        35.49341654755169,
        64.50658345244831
    ],
    "ar_order": 16.0,
    "ar_peak": [
        0.0,
        0.0400390625,
        0.150390625
    ],
    "ar_ratio": 0.5502293664911897,
    "ar_rel": [
        14.366257028159474,
        30.39434109825513,
        55.23940187358539
    ],
    "ar_resampling_frequency": 4.0,
    "ar_total": 17069.497561190412,
    "dfa_alpha1": 1.2813686464868639,
    "dfa_alpha1_beats": [
        4,
        5,
        6,
        7,
        8,
        9,
        10,
        11,
        12,
        13,
        14,
        15,
        16
    ],
    "dfa_alpha2": 1.350501416684884,
    "dfa_alpha2_beats": [
        17,
        18,
        19,
        20,
        21,
        22,
        23,
        24,
        25,
        26,
        27,
        28,
        29,
        30,
        31,
        32,
        33,
        34,
        35,
        36,
        37,
        38,
        39,
        40,
        41,
        42,
        43,
        44,
        45,
        46,
        47,
        48,
        49,
        50,
        51,
        52,
        53,
        54,
        55,
        56,
        57,
        58,
        59,
        60,
        61,
        62,
        63,
        64
    ],
    "ellipse_area": 13630.487575052577,
    "fft_abs": [
        13656.876742275488,
        793.7923237300803,
        891.8765453440458
    ],
    "fft_bands": {
        "hf": [
            0.15,
            0.4
        ],
        "lf": [
            0.04,
            0.15
        ],
        "ulf": null,
        "vlf": [
            0.0,
            0.04
        ]
    },
    "fft_interpolation": "cubic",
    "fft_log": [
        9.521998464396098,
        6.676821870020122,
        6.7933277209208915
    ],
    "fft_nfft": 4096.0,
    "fft_norm": [
        47.09064385617326,
        52.90935614382673
    ],
    "fft_peak": [
        0.0068359375,
        0.134765625,
        0.1513671875
    ],
    "fft_ratio": 0.8900248895141323,
    "fft_rel": [
        89.01310830826434,
        5.173798037418733,
        5.813093654316934
    ],
    "fft_resampling_frequency": 4.0,
    "fft_total": 15342.545611349615,
    "fft_window": "hamming",
    "hr_max": 106.95187165775401,
    "hr_mean": 85.31256418343348,
    "hr_min": 58.651026392961874,
    "hr_std": 12.343564476690439,
    "lomb_abs": [
        193.95757885924277,
        652.3483023205339,
        1363.294893699815
    ],
    "lomb_bands": {
        "hf": [
            0.15,
            0.4
        ],
        "lf": [
            0.04,
            0.15
        ],
        "ulf": null,
        "vlf": [
            0.0,
            0.04
        ]
    },
    "lomb_log": [
        5.267639469478498,
        6.480578625302505,
        7.2176597646410325
    ],
    "lomb_ma": "n/a",
    "lomb_nfft": 256.0,
    "lomb_norm": [
        32.36427476889358,
        67.63572523110642
    ],
    "lomb_peak": [
        0.00803921568627451,
        0.14952941176470588,
        0.36498039215686273
    ],
    "lomb_ratio": 0.4785085789840675,
    "lomb_rel": [
        8.777946725231942,
        29.52335597167241,
        61.69869730309564
    ],
    "lomb_total": 2209.600774879592,
    "nn20": 140.0,
    "nn50": 47.0,
    "nni_counter": 334.0,
    "nni_diff_max": 207.0,
    "nni_diff_mean": 24.945945945945947,
    "nni_diff_min": 0.0,
    "nni_max": 1023.0,
    "nni_mean": 719.1197604790419,
    "nni_min": 561.0,
    "pnn20": 42.04204204204204,
    "pnn50": 14.114114114114114,
    "rmssd": 39.908566670499376,
    "sampen": 0.42298831890037064,
    "sd1": 28.218409416218567,
    "sd2": 153.7549081753302,
    "sd_ratio": 5.448744679668563,
    "sdann": "n/a",
    "sdnn": 110.59798163748198,
    "sdnn_index": "n/a",
    "sdsd": 31.19801830993355,
    "tinn": 109.375,
    "tinn_m": 703.125,
    "tinn_n": 593.75,
    "tri_index": 13.916666666666666
}