{
    "Comment": "None",
    "Name": "C:\\Users\\admin\\HRV-Bienestar-Tecnologia\\HRV_Reports\\Experiencia_Mindfullness\\28-03-2022_SantiagoMaldonado\\HRV_sound.json",
    "ar_abs": [
        2497.5420815441375,
        5388.3279920316245,
        10476.326567114425
    ],
    "ar_bands": {
        "hf": [
            0.15,
            0.4
        ],
        "lf": [
            0.04,
            0.15
        ],
        "ulf": null,
        "vlf": [
            0.0,
            0.04
        ]
    },
    "ar_interpolation": "cubic",
    "ar_log": [
        7.82306235984788,
        8.591990410219351,
        9.256873378023986
    ],
    "ar_nfft": 4096.0,
    "ar_norm": [
        33.964357508970956,
        66.03564249102905
    ],
    "ar_order": 16.0,
    "ar_peak": [
        0.0,
        0.0400390625,
        0.150390625
    ],
    "ar_ratio": 0.5143337177886173,
    "ar_rel": [
        13.601543052913637,
        29.34468079974276,
        57.05377614734359
    ],
    "ar_resampling_frequency": 4.0,
    "ar_total": 18362.19664069019,
    "dfa_alpha1": 1.0414188609849402,
    "dfa_alpha1_beats": [
        4,
        5,
        6,
        7,
        8,
        9,
        10,
        11,
        12,
        13,
        14,
        15,
        16
    ],
    "dfa_alpha2": 1.0685962276217473,
    "dfa_alpha2_beats": [
        17,
        18,
        19,
        20,
        21,
        22,
        23,
        24,
        25,
        26,
        27,
        28,
        29,
        30,
        31,
        32,
        33,
        34,
        35,
        36,
        37,
        38,
        39,
        40,
        41,
        42,
        43,
        44,
        45,
        46,
        47,
        48,
        49,
        50,
        51,
        52,
        53,
        54,
        55,
        56,
        57,
        58,
        59,
        60,
        61,
        62,
        63,
        64
    ],
    "ellipse_area": 24913.36695232274,
    "fft_abs": [
        3365.3024998810106,
        2522.978244496094,
        3594.4711796622255
    ],
    "fft_bands": {
        "hf": [
            0.15,
            0.4
        ],
        "lf": [
            0.04,
            0.15
        ],
        "ulf": null,
        "vlf": [
            0.0,
            0.04
        ]
    },
    "fft_interpolation": "cubic",
    "fft_log": [
        8.121273133991181,
        7.833195325732732,
        8.187152160492833
    ],
    "fft_nfft": 4096.0,
    "fft_norm": [
        41.24232289575851,
        58.75767710424149
    ],
    "fft_peak": [
        0.005859375,
        0.1494140625,
        0.150390625
    ],
    "fft_ratio": 0.7019052646106289,
    "fft_rel": [
        35.488669606021986,
        26.60597118543401,
        37.905359208544
    ],
    "fft_resampling_frequency": 4.0,
    "fft_total": 9482.75192403933,
    "fft_window": "hamming",
    "hr_max": 96.30818619582665,
    "hr_mean": 73.19016938289288,
    "hr_min": 53.81165919282511,
    "hr_std": 8.89383576901522,
    "lomb_abs": [
        264.86161155069385,
        709.4913892311858,
        1707.6695128107228
    ],
    "lomb_bands": {
        "hf": [
            0.15,
            0.4
        ],
        "lf": [
            0.04,
            0.15
        ],
        "ulf": null,
        "vlf": [
            0.0,
            0.04
        ]
    },
    "lomb_log": [
        5.5792074690181535,
        6.564548360136297,
        7.442884861955663
    ],
    "lomb_ma": "n/a",
    "lomb_nfft": 256.0,
    "lomb_norm": [
        29.35226151605545,
        70.64773848394455
    ],
    "lomb_peak": [
        0.00803921568627451,
        0.13505882352941176,
        0.36980392156862746
    ],
    "lomb_ratio": 0.4154734765179505,
    "lomb_rel": [
        9.875443260016056,
        26.453595584505862,
        63.67096115547808
    ],
    "lomb_total": 2682.0225135926025,
    "nn20": 195.0,
    "nn50": 90.0,
    "nni_counter": 291.0,
    "nni_diff_max": 400.0,
    "nni_diff_mean": 54.47241379310345,
    "nni_diff_min": 0.0,
    "nni_max": 1115.0,
    "nni_mean": 831.7663230240549,
    "nni_min": 623.0,
    "pnn20": 67.24137931034483,
    "pnn50": 31.03448275862069,
    "rmssd": 88.31653494577098,
    "sampen": 1.2973468751033945,
    "sd1": 62.44921841859941,
    "sd2": 126.98591271219179,
    "sd_ratio": 2.0334267734305422,
    "sdann": "n/a",
    "sdnn": 100.2185561654203,
    "sdnn_index": "n/a",
    "sdsd": 69.6368305116166,
    "tinn": 281.25,
    "tinn_m": 953.125,
    "tinn_n": 671.875,
    "tri_index": 17.11764705882353
}