{
    "Comment": "None",
    "Name": "C:\\Users\\admin\\HRV-Bienestar-Tecnologia\\HRV_Reports\\Experiencia_Mindfullness\\28-03-2022_SantiagoMaldonado\\HRV_video.json",
    "ar_abs": [
        2513.5576761125453,
        5250.9072607499465,
        9873.339557129839
    ],
    "ar_bands": {
        "hf": [
            0.15,
            0.4
        ],
        "lf": [
            0.04,
            0.15
        ],
        "ulf": null,
        "vlf": [
            0.0,
            0.04
        ]
    },
    "ar_interpolation": "cubic",
    "ar_log": [
        7.829454429403098,
        8.566156152226888,
        9.197593429517745
    ],
    "ar_nfft": 4096.0,
    "ar_norm": [
        34.71847110126739,
        65.2815288987326
    ],
    "ar_order": 16.0,
    "ar_peak": [
        0.0,
        0.0400390625,
        0.150390625
    ],
    "ar_ratio": 0.5318268687475766,
    "ar_rel": [
        14.250966876113727,
        29.77075328473266,
        55.97827983915361
    ],
    "ar_resampling_frequency": 4.0,
    "ar_total": 17637.80449399233,
    "dfa_alpha1": 1.366566307710841,
    "dfa_alpha1_beats": [
        4,
        5,
        6,
        7,
        8,
        9,
        10,
        11,
        12,
        13,
        14,
        15,
        16
    ],
    "dfa_alpha2": 1.2748681202219845,
    "dfa_alpha2_beats": [
        17,
        18,
        19,
        20,
        21,
        22,
        23,
        24,
        25,
        26,
        27,
        28,
        29,
        30,
        31,
        32,
        33,
        34,
        35,
        36,
        37,
        38,
        39,
        40,
        41,
        42,
        43,
        44,
        45,
        46,
        47,
        48,
        49,
        50,
        51,
        52,
        53,
        54,
        55,
        56,
        57,
        58,
        59,
        60,
        61,
        62,
        63,
        64
    ],
    "ellipse_area": 16743.506355588863,
    "fft_abs": [
        7556.550365607765,
        2414.109518936109,
        1217.9926537487652
    ],
    "fft_bands": {
        "hf": [
            0.15,
            0.4
        ],
        "lf": [
            0.04,
            0.15
        ],
        "ulf": null,
        "vlf": [
            0.0,
            0.04
        ]
    },
    "fft_interpolation": "cubic",
    "fft_log": [
        8.930170064191135,
        7.789085768870336,
        7.1049594168466985
    ],
    "fft_nfft": 4096.0,
    "fft_norm": [
        66.46590332979491,
        33.534096670205095
    ],
    "fft_peak": [
        0.0126953125,
        0.0400390625,
        0.1953125
    ],
    "fft_ratio": 1.9820394741346825,
    "fft_rel": [
        67.53762653497216,
        21.5764097658224,
        10.885963699205444
    ],
    "fft_resampling_frequency": 4.0,
    "fft_total": 11188.65253829264,
    "fft_window": "hamming",
    "hr_max": 100.1669449081803,
    "hr_mean": 74.86660084734672,
    "hr_min": 54.200542005420054,
    "hr_std": 9.750699387442515,
    "lomb_abs": [
        221.33469086079225,
        901.7128039511573,
        1879.1600182014101
    ],
    "lomb_bands": {
        "hf": [
            0.15,
            0.4
        ],
        "lf": [
            0.04,
            0.15
        ],
        "ulf": null,
        "vlf": [
            0.0,
            0.04
        ]
    },
    "lomb_log": [
        5.399675994196709,
        6.804296070195615,
        7.538580157150619
    ],
    "lomb_ma": "n/a",
    "lomb_nfft": 256.0,
    "lomb_norm": [
        32.42553189660704,
        67.57446810339295
    ],
    "lomb_peak": [
        0.009647058823529411,
        0.09807843137254901,
        0.36498039215686273
    ],
    "lomb_ratio": 0.4798488660982733,
    "lomb_rel": [
        7.372398140414862,
        30.03499258604196,
        62.592609273543175
    ],
    "lomb_total": 3002.20751301336,
    "nn20": 176.0,
    "nn50": 75.0,
    "nni_counter": 296.0,
    "nni_diff_max": 315.0,
    "nni_diff_mean": 37.99322033898305,
    "nni_diff_min": 0.0,
    "nni_max": 1107.0,
    "nni_mean": 813.8986486486486,
    "nni_min": 599.0,
    "pnn20": 59.66101694915255,
    "pnn50": 25.423728813559322,
    "rmssd": 57.29584242614846,
    "sampen": 1.117389143339405,
    "sd1": 40.51421489715828,
    "sd2": 131.5494725960713,
    "sd_ratio": 3.2469954787473454,
    "sdann": "n/a",
    "sdnn": 97.37373326709339,
    "sdnn_index": "n/a",
    "sdsd": 42.960272204601566,
    "tinn": 218.75,
    "tinn_m": 937.5,
    "tinn_n": 718.75,
    "tri_index": 14.8
}