{
    "Comment": "None",
    "Name": "D:\\Users\\jp.botero\\Documents\\Bienestar & Tecnolog\u00eda\\HRV-Bienestar-Tecnologia\\HRV_Reports\\SusanaHernandez-01-12\\HRV_sound.json",
    "ar_abs": [
        2112.1157553471976,
        4268.932735655422,
        7031.242186228021
    ],
    "ar_bands": {
        "hf": [
            0.15,
            0.4
        ],
        "lf": [
            0.04,
            0.15
        ],
        "ulf": null,
        "vlf": [
            0.0,
            0.04
        ]
    },
    "ar_interpolation": "cubic",
    "ar_log": [
        7.655445451727256,
        8.359119130169884,
        8.858118667094198
    ],
    "ar_nfft": 4096.0,
    "ar_norm": [
        37.77758101238227,
        62.22241898761773
    ],
    "ar_order": 16.0,
    "ar_peak": [
        0.0,
        0.0400390625,
        0.150390625
    ],
    "ar_ratio": 0.6071377748894656,
    "ar_rel": [
        15.747613932442043,
        31.828513401536775,
        52.423872666021175
    ],
    "ar_resampling_frequency": 4.0,
    "ar_total": 13412.290677230641,
    "dfa_alpha1": 0.9346248392343551,
    "dfa_alpha1_beats": [
        4,
        5,
        6,
        7,
        8,
        9,
        10,
        11,
        12,
        13,
        14,
        15,
        16
    ],
    "dfa_alpha2": 1.007728092729486,
    "dfa_alpha2_beats": [
        17,
        18,
        19,
        20,
        21,
        22,
        23,
        24,
        25,
        26,
        27,
        28,
        29,
        30,
        31,
        32,
        33,
        34,
        35,
        36,
        37,
        38,
        39,
        40,
        41,
        42,
        43,
        44,
        45,
        46,
        47,
        48,
        49,
        50,
        51,
        52,
        53,
        54,
        55,
        56,
        57,
        58,
        59,
        60,
        61,
        62,
        63,
        64
    ],
    "ellipse_area": 94.47568813627284,
    "fft_abs": [
        4.190073886106429,
        5.776675504755761,
        3.0337825779215692
    ],
    "fft_bands": {
        "hf": [
            0.15,
            0.4
        ],
        "lf": [
            0.04,
            0.15
        ],
        "ulf": null,
        "vlf": [
            0.0,
            0.04
        ]
    },
    "fft_interpolation": "cubic",
    "fft_log": [
        1.4327183676941861,
        1.7538283450217247,
        1.109810216500092
    ],
    "fft_nfft": 4096.0,
    "fft_norm": [
        65.5661198378954,
        34.433880162104586
    ],
    "fft_peak": [
        0.029296875,
        0.0400390625,
        0.150390625
    ],
    "fft_ratio": 1.9041165134230993,
    "fft_rel": [
        32.23001871129142,
        44.43414714587396,
        23.33583414283461
    ],
    "fft_resampling_frequency": 4.0,
    "fft_total": 13.00053196878376,
    "fft_window": "hamming",
    "hr_max": 555.5555555555555,
    "hr_mean": 480.29420648076706,
    "hr_min": 410.958904109589,
    "hr_std": 24.25142421777439,
    "lomb_abs": [
        320.9275105911457,
        1030.3607240590086,
        2342.2798726428855
    ],
    "lomb_bands": {
        "hf": [
            0.15,
            0.4
        ],
        "lf": [
            0.04,
            0.15
        ],
        "ulf": null,
        "vlf": [
            0.0,
            0.04
        ]
    },
    "lomb_log": [
        5.771215273924408,
        6.937664237444854,
        7.75888003857338
    ],
    "lomb_ma": "n/a",
    "lomb_nfft": 256.0,
    "lomb_norm": [
        30.5505640021827,
        69.4494359978173
    ],
    "lomb_peak": [
        0.00803921568627451,
        0.07396078431372549,
        0.19937254901960785
    ],
    "lomb_ratio": 0.4398965025884855,
    "lomb_rel": [
        8.688820708557303,
        27.896080270579994,
        63.41509902086271
    ],
    "lomb_total": 3693.5681072930397,
    "nn20": 0.0,
    "nn50": 0.0,
    "nni_counter": 250.0,
    "nni_diff_max": 17.0,
    "nni_diff_mean": 4.096385542168675,
    "nni_diff_min": 0.0,
    "nni_max": 146.0,
    "nni_mean": 125.244,
    "nni_min": 108.0,
    "pnn20": 0.0,
    "pnn50": 0.0,
    "rmssd": 5.1522989760839595,
    "sampen": 1.610719142590149,
    "sd1": 3.64322111762842,
    "sd2": 8.254383845185943,
    "sd_ratio": 2.2656829159354435,
    "sdann": "n/a",
    "sdnn": 6.394687805398639,
    "sdnn_index": "n/a",
    "sdsd": 3.131323760954648,
    "tinn": 31.25,
    "tinn_m": 132.8125,
    "tinn_n": 101.5625,
    "tri_index": 2.380952380952381
}