{
    "Comment": "None",
    "Name": "D:\\Users\\jp.botero\\Documents\\Bienestar & Tecnolog\u00eda\\HRV-Bienestar-Tecnologia\\HRV_Reports\\SusanaHernandez-01-12\\HRV_final.json",
    "ar_abs": [
        2149.7851449745763,
        4380.162178369042,
        7583.368298548168
    ],
    "ar_bands": {
        "hf": [
            0.15,
            0.4
        ],
        "lf": [
            0.04,
            0.15
        ],
        "ulf": null,
        "vlf": [
            0.0,
            0.04
        ]
    },
    "ar_interpolation": "cubic",
    "ar_log": [
        7.673123183558152,
        8.384841029709904,
        8.933712746497918
    ],
    "ar_nfft": 4096.0,
    "ar_norm": [
        36.612621891340986,
        63.387378108659
    ],
    "ar_order": 16.0,
    "ar_peak": [
        0.0,
        0.0400390625,
        0.150390625
    ],
    "ar_ratio": 0.5776011405390427,
    "ar_rel": [
        15.232318206219023,
        31.035670821212126,
        53.732010972568844
    ],
    "ar_resampling_frequency": 4.0,
    "ar_total": 14113.315621891787,
    "dfa_alpha1": 0.9042641650871743,
    "dfa_alpha1_beats": [
        4,
        5,
        6,
        7,
        8,
        9,
        10,
        11,
        12,
        13,
        14,
        15,
        16
    ],
    "dfa_alpha2": 1.10534789633636,
    "dfa_alpha2_beats": [
        17,
        18,
        19,
        20,
        21,
        22,
        23,
        24,
        25,
        26,
        27,
        28,
        29,
        30,
        31,
        32,
        33,
        34,
        35,
        36,
        37,
        38,
        39,
        40,
        41,
        42,
        43,
        44,
        45,
        46,
        47,
        48,
        49,
        50,
        51,
        52,
        53,
        54,
        55,
        56,
        57,
        58,
        59,
        60,
        61,
        62,
        63,
        64
    ],
    "ellipse_area": 812.7853943447121,
    "fft_abs": [
        13.18449180105667,
        220.82058088830092,
        70.60705001155156
    ],
    "fft_bands": {
        "hf": [
            0.15,
            0.4
        ],
        "lf": [
            0.04,
            0.15
        ],
        "ulf": null,
        "vlf": [
            0.0,
            0.04
        ]
    },
    "fft_interpolation": "cubic",
    "fft_log": [
        2.579041275342791,
        5.397350520603949,
        4.257129998034227
    ],
    "fft_nfft": 4096.0,
    "fft_norm": [
        75.77201249121939,
        24.227987508780625
    ],
    "fft_peak": [
        0.0390625,
        0.0791015625,
        0.234375
    ],
    "fft_ratio": 3.1274579642142517,
    "fft_rel": [
        4.328288606557588,
        72.49238110760254,
        23.179330285839878
    ],
    "fft_resampling_frequency": 4.0,
    "fft_total": 304.61212270090914,
    "fft_window": "hamming",
    "hr_max": 1132.0754716981132,
    "hr_mean": 463.3421592222358,
    "hr_min": 346.8208092485549,
    "hr_std": 80.13572922787841,
    "lomb_abs": [
        415.6136716846691,
        890.9325078030428,
        2131.5215558777204
    ],
    "lomb_bands": {
        "hf": [
            0.15,
            0.4
        ],
        "lf": [
            0.04,
            0.15
        ],
        "ulf": null,
        "vlf": [
            0.0,
            0.04
        ]
    },
    "lomb_log": [
        6.029756154941627,
        6.792268675783589,
        7.664591349162677
    ],
    "lomb_ma": "n/a",
    "lomb_nfft": 256.0,
    "lomb_norm": [
        29.477123193000978,
        70.52287680699902
    ],
    "lomb_peak": [
        0.006431372549019608,
        0.09486274509803921,
        0.15113725490196078
    ],
    "lomb_ratio": 0.4179795908449885,
    "lomb_rel": [
        12.088582997056442,
        25.913756690670482,
        61.99766031227307
    ],
    "lomb_total": 3438.0677353654323,
    "nn20": 38.0,
    "nn50": 2.0,
    "nni_counter": 236.0,
    "nni_diff_max": 76.0,
    "nni_diff_mean": 10.795744680851064,
    "nni_diff_min": 0.0,
    "nni_max": 173.0,
    "nni_mean": 132.4915254237288,
    "nni_min": 53.0,
    "pnn20": 16.170212765957448,
    "pnn50": 0.851063829787234,
    "rmssd": 15.211557755920401,
    "sampen": 1.5943242746240522,
    "sd1": 10.755841686066955,
    "sd2": 24.05368486418444,
    "sd_ratio": 2.236336826651458,
    "sdann": "n/a",
    "sdnn": 18.684956180050698,
    "sdnn_index": "n/a",
    "sdsd": 10.739374741997949,
    "tinn": 78.125,
    "tinn_m": 171.875,
    "tinn_n": 93.75,
    "tri_index": 4.72
}