{
    "Comment": "None",
    "Name": "C:\\Users\\Juan Pablo Botero T\\OneDrive - Universidad de los Andes\\Documentos\\JPB\\Personal\\Bienestar y Tecnolog\u00eda\\Codigo\\HRV-Bienestar-Tecnologia\\HRV_Reports\\SusanaHernandez-01-12\\HRV_final.json",
    "ar_abs": [
        2577.77087144407,
        5438.162186054392,
        10756.238840984875
    ],
    "ar_bands": {
        "hf": [
            0.15,
            0.4
        ],
        "lf": [
            0.04,
            0.15
        ],
        "ulf": null,
        "vlf": [
            0.0,
            0.04
        ]
    },
    "ar_interpolation": "cubic",
    "ar_log": [
        7.854680301133413,
        8.60119644932553,
        9.283241222514558
    ],
    "ar_nfft": 4096.0,
    "ar_norm": [
        33.58050833108596,
        66.41949166891403
    ],
    "ar_order": 16.0,
    "ar_peak": [
        0.0,
        0.0400390625,
        0.150390625
    ],
    "ar_ratio": 0.5055821339084784,
    "ar_rel": [
        13.7318733569254,
        28.969275454449463,
        57.29885118862516
    ],
    "ar_resampling_frequency": 4.0,
    "ar_total": 18772.171898483335,
    "dfa_alpha1": 0.9076192023457008,
    "dfa_alpha1_beats": [
        4,
        5,
        6,
        7,
        8,
        9,
        10,
        11,
        12,
        13,
        14,
        15,
        16
    ],
    "dfa_alpha2": 1.2471785580803962,
    "dfa_alpha2_beats": [
        17,
        18,
        19,
        20,
        21,
        22,
        23,
        24,
        25,
        26,
        27,
        28,
        29,
        30,
        31,
        32,
        33,
        34,
        35,
        36,
        37,
        38,
        39,
        40,
        41,
        42,
        43,
        44,
        45,
        46,
        47,
        48,
        49,
        50,
        51,
        52,
        53,
        54,
        55,
        56,
        57,
        58,
        59,
        60,
        61,
        62,
        63,
        64
    ],
    "ellipse_area": 48144.21770908034,
    "fft_abs": [
        17233.80166348783,
        2043.632795996369,
        4437.528299524376
    ],
    "fft_bands": {
        "hf": [
            0.15,
            0.4
        ],
        "lf": [
            0.04,
            0.15
        ],
        "ulf": null,
        "vlf": [
            0.0,
            0.04
        ]
    },
    "fft_interpolation": "cubic",
    "fft_log": [
        9.75462794729017,
        7.6224842854764185,
        8.397852811120941
    ],
    "fft_nfft": 4096.0,
    "fft_norm": [
        31.53189321908327,
        68.46810678091673
    ],
    "fft_peak": [
        0.009765625,
        0.0400390625,
        0.271484375
    ],
    "fft_ratio": 0.46053403112165164,
    "fft_rel": [
        72.67058286625918,
        8.617482628009006,
        18.71193450573182
    ],
    "fft_resampling_frequency": 4.0,
    "fft_total": 23714.962759008573,
    "fft_window": "hamming",
    "hr_max": 153.0612244897959,
    "hr_mean": 60.27552765923182,
    "hr_min": 45.11278195488722,
    "hr_std": 10.564571593635595,
    "lomb_abs": [
        353.7656203832436,
        806.3739430212739,
        2293.5699271481344
    ],
    "lomb_bands": {
        "hf": [
            0.15,
            0.4
        ],
        "lf": [
            0.04,
            0.15
        ],
        "ulf": null,
        "vlf": [
            0.0,
            0.04
        ]
    },
    "lomb_log": [
        5.868634604542981,
        6.692547584073402,
        7.73786480284566
    ],
    "lomb_ma": "n/a",
    "lomb_nfft": 256.0,
    "lomb_norm": [
        26.012533671366327,
        73.98746632863367
    ],
    "lomb_peak": [
        0.009647058823529411,
        0.06270588235294118,
        0.36498039215686273
    ],
    "lomb_ratio": 0.3515802738240179,
    "lomb_rel": [
        10.243062462287037,
        23.34805359938483,
        66.40888393832813
    ],
    "lomb_total": 3453.709490552652,
    "nn20": 187.0,
    "nn50": 123.0,
    "nni_counter": 236.0,
    "nni_diff_max": 600.0,
    "nni_diff_mean": 82.97446808510638,
    "nni_diff_min": 0.0,
    "nni_max": 1330.0,
    "nni_mean": 1018.6610169491526,
    "nni_min": 392.0,
    "pnn20": 79.57446808510639,
    "pnn50": 52.34042553191489,
    "rmssd": 117.13521918905555,
    "sampen": 1.5878960686593455,
    "sd1": 82.82438980944244,
    "sd2": 185.02738739933216,
    "sd_ratio": 2.2339722372242337,
    "sdann": "n/a",
    "sdnn": 143.75367349764596,
    "sdnn_index": "n/a",
    "sdsd": 82.85596210561211,
    "tinn": 156.25,
    "tinn_m": 1078.125,
    "tinn_n": 921.875,
    "tri_index": 14.75
}