{
    "Comment": "None",
    "Name": "C:\\Users\\Juan Pablo Botero T\\OneDrive - Universidad de los Andes\\Documentos\\JPB\\Personal\\Bienestar y Tecnolog\u00eda\\Codigo\\HRV-Bienestar-Tecnologia\\HRV_Reports\\SusanaHernandez-01-12\\HRV_olfative.json",
    "ar_abs": [
        2521.6652887158157,
        5290.759059271508,
        10062.801651756607
    ],
    "ar_bands": {
        "hf": [
            0.15,
            0.4
        ],
        "lf": [
            0.04,
            0.15
        ],
        "ulf": null,
        "vlf": [
            0.0,
            0.04
        ]
    },
    "ar_interpolation": "cubic",
    "ar_log": [
        7.832674791109709,
        8.57371700402403,
        9.216600899091814
    ],
    "ar_nfft": 4096.0,
    "ar_norm": [
        34.45949222365907,
        65.54050777634093
    ],
    "ar_order": 16.0,
    "ar_peak": [
        0.0,
        0.0400390625,
        0.150390625
    ],
    "ar_ratio": 0.525773958621944,
    "ar_rel": [
        14.10704003827386,
        29.598277858681616,
        56.294682103044515
    ],
    "ar_resampling_frequency": 4.0,
    "ar_total": 17875.225999743932,
    "dfa_alpha1": 1.246011126829522,
    "dfa_alpha1_beats": [
        4,
        5,
        6,
        7,
        8,
        9,
        10,
        11,
        12,
        13,
        14,
        15,
        16
    ],
    "dfa_alpha2": 0.4499250461511962,
    "dfa_alpha2_beats": [
        17,
        18,
        19,
        20,
        21,
        22,
        23,
        24,
        25,
        26,
        27,
        28,
        29,
        30,
        31,
        32,
        33,
        34,
        35,
        36,
        37,
        38,
        39,
        40,
        41,
        42,
        43,
        44,
        45,
        46,
        47,
        48,
        49,
        50,
        51,
        52,
        53,
        54,
        55,
        56,
        57,
        58,
        59,
        60,
        61,
        62,
        63,
        64
    ],
    "ellipse_area": 15748.303937445275,
    "fft_abs": [
        1296.4954900335795,
        2019.4389335351261,
        903.2962507378658
    ],
    "fft_bands": {
        "hf": [
            0.15,
            0.4
        ],
        "lf": [
            0.04,
            0.15
        ],
        "ulf": null,
        "vlf": [
            0.0,
            0.04
        ]
    },
    "fft_interpolation": "cubic",
    "fft_log": [
        7.167420126402348,
        7.610574996138318,
        6.806050573519337
    ],
    "fft_nfft": 4096.0,
    "fft_norm": [
        69.09414661997324,
        30.90585338002676
    ],
    "fft_peak": [
        0.0390625,
        0.072265625,
        0.1865234375
    ],
    "fft_ratio": 2.2356330294579756,
    "fft_rel": [
        30.728243846176,
        47.86272876315348,
        21.409027390670506
    ],
    "fft_resampling_frequency": 4.0,
    "fft_total": 4219.230674306572,
    "fft_window": "hamming",
    "hr_max": 80.42895442359249,
    "hr_mean": 63.606838164709856,
    "hr_min": 50.67567567567568,
    "hr_std": 5.772112708774335,
    "lomb_abs": [
        436.04229056948435,
        744.7904204042218,
        2188.5631808573626
    ],
    "lomb_bands": {
        "hf": [
            0.15,
            0.4
        ],
        "lf": [
            0.04,
            0.15
        ],
        "ulf": null,
        "vlf": [
            0.0,
            0.04
        ]
    },
    "lomb_log": [
        6.077739235364158,
        6.6131028639094405,
        7.69100052569441
    ],
    "lomb_ma": "n/a",
    "lomb_nfft": 256.0,
    "lomb_norm": [
        25.390407078229522,
        74.60959292177048
    ],
    "lomb_peak": [
        0.00803921568627451,
        0.12541176470588236,
        0.344078431372549
    ],
    "lomb_ratio": 0.3403102212989129,
    "lomb_rel": [
        12.941260230851679,
        22.10456842456325,
        64.95417134458506
    ],
    "lomb_total": 3369.3958918310686,
    "nn20": 190.0,
    "nn50": 90.0,
    "nni_counter": 253.0,
    "nni_diff_max": 408.0,
    "nni_diff_mean": 48.43650793650794,
    "nni_diff_min": 0.0,
    "nni_max": 1184.0,
    "nni_mean": 950.7628458498024,
    "nni_min": 746.0,
    "pnn20": 75.39682539682539,
    "pnn50": 35.714285714285715,
    "rmssd": 65.77287760598155,
    "sampen": 1.526307591346604,
    "sd1": 46.507308761135356,
    "sd2": 107.78608712153682,
    "sd_ratio": 2.3176160907338965,
    "sdann": "n/a",
    "sdnn": 83.1269294023844,
    "sdnn_index": "n/a",
    "sdsd": 44.585473851845094,
    "tinn": 39.0625,
    "tinn_m": 992.1875,
    "tinn_n": 953.125,
    "tri_index": 10.12
}