{
    "Comment": "None",
    "Name": "C:\\Users\\Juan Pablo Botero T\\OneDrive - Universidad de los Andes\\Documentos\\JPB\\Personal\\Bienestar y Tecnolog\u00eda\\Codigo\\HRV-Bienestar-Tecnologia\\HRV_Reports\\SusanaHernandez-01-12\\HRV_baseline.json",
    "ar_abs": [
        2534.196418668526,
        5339.047180634818,
        10367.39615811202
    ],
    "ar_bands": {
        "hf": [
            0.15,
            0.4
        ],
        "lf": [
            0.04,
            0.15
        ],
        "ulf": null,
        "vlf": [
            0.0,
            0.04
        ]
    },
    "ar_interpolation": "cubic",
    "ar_log": [
        7.837631871163796,
        8.582802485440878,
        9.24642117597315
    ],
    "ar_nfft": 4096.0,
    "ar_norm": [
        33.99271920119378,
        66.00728079880622
    ],
    "ar_order": 16.0,
    "ar_peak": [
        0.0,
        0.0400390625,
        0.150390625
    ],
    "ar_ratio": 0.5149843894464526,
    "ar_rel": [
        13.893133422791818,
        29.270065368536958,
        56.836801208671226
    ],
    "ar_resampling_frequency": 4.0,
    "ar_total": 18240.639757415363,
    "dfa_alpha1": 1.2275678411245179,
    "dfa_alpha1_beats": [
        4,
        5,
        6,
        7,
        8,
        9,
        10,
        11,
        12,
        13,
        14,
        15,
        16
    ],
    "dfa_alpha2": 0.9643842445341575,
    "dfa_alpha2_beats": [
        17,
        18,
        19,
        20,
        21,
        22,
        23,
        24,
        25,
        26,
        27,
        28,
        29,
        30,
        31,
        32,
        33,
        34,
        35,
        36,
        37,
        38,
        39,
        40,
        41,
        42,
        43,
        44,
        45,
        46,
        47,
        48,
        49,
        50,
        51,
        52,
        53,
        54,
        55,
        56,
        57,
        58,
        59,
        60,
        61,
        62,
        63,
        64
    ],
    "ellipse_area": 24499.454435859472,
    "fft_abs": [
        3147.692705545301,
        3707.507127094494,
        2997.1051155487194
    ],
    "fft_bands": {
        "hf": [
            0.15,
            0.4
        ],
        "lf": [
            0.04,
            0.15
        ],
        "ulf": null,
        "vlf": [
            0.0,
            0.04
        ]
    },
    "fft_interpolation": "cubic",
    "fft_log": [
        8.054424988999154,
        8.218114996355348,
        8.005402140291428
    ],
    "fft_nfft": 4096.0,
    "fft_norm": [
        55.297860531198346,
        44.70213946880165
    ],
    "fft_peak": [
        0.0048828125,
        0.04296875,
        0.1669921875
    ],
    "fft_ratio": 1.2370293947517126,
    "fft_rel": [
        31.94879494796849,
        37.630860459472196,
        30.420344592559324
    ],
    "fft_resampling_frequency": 4.0,
    "fft_total": 9852.304948188514,
    "fft_window": "hamming",
    "hr_max": 88.75739644970415,
    "hr_mean": 63.833603714408774,
    "hr_min": 38.07106598984772,
    "hr_std": 6.704027568097278,
    "lomb_abs": [
        419.1213005623795,
        950.4264740411018,
        2558.627247966688
    ],
    "lomb_bands": {
        "hf": [
            0.15,
            0.4
        ],
        "lf": [
            0.04,
            0.15
        ],
        "ulf": null,
        "vlf": [
            0.0,
            0.04
        ]
    },
    "lomb_log": [
        6.038160378173933,
        6.8569108039033955,
        7.847226162387194
    ],
    "lomb_ma": "n/a",
    "lomb_nfft": 256.0,
    "lomb_norm": [
        27.084979294568686,
        72.91502070543132
    ],
    "lomb_peak": [
        0.02411764705882353,
        0.05145098039215686,
        0.36498039215686273
    ],
    "lomb_ratio": 0.3714595296350396,
    "lomb_rel": [
        10.669618796367994,
        24.195115252763006,
        65.135265950869
    ],
    "lomb_total": 3928.1750225701694,
    "nn20": 167.0,
    "nn50": 85.0,
    "nni_counter": 253.0,
    "nni_diff_max": 823.0,
    "nni_diff_mean": 47.888888888888886,
    "nni_diff_min": 0.0,
    "nni_max": 1576.0,
    "nni_mean": 949.9288537549407,
    "nni_min": 676.0,
    "pnn20": 66.26984126984127,
    "pnn50": 33.730158730158735,
    "rmssd": 89.90806591991799,
    "sampen": 1.3826291157215946,
    "sd1": 63.574472065148186,
    "sd2": 122.66587986844681,
    "sd_ratio": 1.9294832640174262,
    "sdann": "n/a",
    "sdnn": 97.72058318718125,
    "sdnn_index": "n/a",
    "sdsd": 76.24423141627517,
    "tinn": 242.1875,
    "tinn_m": 1078.125,
    "tinn_n": 835.9375,
    "tri_index": 14.055555555555555
}