{
    "Comment": "None",
    "Name": "D:\\Users\\jp.botero\\Documents\\Bienestar & Tecnolog\u00eda\\HRV-Bienestar-Tecnologia\\HRV_Reports\\SusanaHernandez-01-12\\HRV_olfative.json",
    "ar_abs": [
        2112.177320434983,
        4196.958853524117,
        6864.701781117381
    ],
    "ar_bands": {
        "hf": [
            0.15,
            0.4
        ],
        "lf": [
            0.04,
            0.15
        ],
        "ulf": null,
        "vlf": [
            0.0,
            0.04
        ]
    },
    "ar_interpolation": "cubic",
    "ar_log": [
        7.655474599841122,
        8.34211545950286,
        8.834147876780339
    ],
    "ar_nfft": 4096.0,
    "ar_norm": [
        37.94148990957665,
        62.05851009042333
    ],
    "ar_order": 16.0,
    "ar_peak": [
        0.0,
        0.0400390625,
        0.150390625
    ],
    "ar_ratio": 0.6113825461535155,
    "ar_rel": [
        16.03312055027263,
        31.858285093804707,
        52.10859435592267
    ],
    "ar_resampling_frequency": 4.0,
    "ar_total": 13173.83795507648,
    "dfa_alpha1": 1.2454813744065476,
    "dfa_alpha1_beats": [
        4,
        5,
        6,
        7,
        8,
        9,
        10,
        11,
        12,
        13,
        14,
        15,
        16
    ],
    "dfa_alpha2": 0.5199480021135419,
    "dfa_alpha2_beats": [
        17,
        18,
        19,
        20,
        21,
        22,
        23,
        24,
        25,
        26,
        27,
        28,
        29,
        30,
        31,
        32,
        33,
        34,
        35,
        36,
        37,
        38,
        39,
        40,
        41,
        42,
        43,
        44,
        45,
        46,
        47,
        48,
        49,
        50,
        51,
        52,
        53,
        54,
        55,
        56,
        57,
        58,
        59,
        60,
        61,
        62,
        63,
        64
    ],
    "ellipse_area": 265.7879085538012,
    "fft_abs": [
        2.934070433776119,
        6.072094533379878,
        23.20594642532458
    ],
    "fft_bands": {
        "hf": [
            0.15,
            0.4
        ],
        "lf": [
            0.04,
            0.15
        ],
        "ulf": null,
        "vlf": [
            0.0,
            0.04
        ]
    },
    "fft_interpolation": "cubic",
    "fft_log": [
        1.0763906854913128,
        1.8037036087105889,
        3.144408557266504
    ],
    "fft_nfft": 4096.0,
    "fft_norm": [
        20.73941539307337,
        79.26058460692663
    ],
    "fft_peak": [
        0.025390625,
        0.0869140625,
        0.3056640625
    ],
    "fft_ratio": 0.26166114590152717,
    "fft_rel": [
        9.108593963390529,
        18.8503462545374,
        72.04105978207205
    ],
    "fft_resampling_frequency": 4.0,
    "fft_total": 32.21211139248058,
    "fft_window": "hamming",
    "hr_max": 618.5567010309278,
    "hr_mean": 489.02094116322513,
    "hr_min": 389.61038961038963,
    "hr_std": 44.34717059833033,
    "lomb_abs": [
        265.59746733283595,
        957.0741453328627,
        1868.2823429504708
    ],
    "lomb_bands": {
        "hf": [
            0.15,
            0.4
        ],
        "lf": [
            0.04,
            0.15
        ],
        "ulf": null,
        "vlf": [
            0.0,
            0.04
        ]
    },
    "lomb_log": [
        5.581981881912371,
        6.8638808652886265,
        7.532774754556962
    ],
    "lomb_ma": "n/a",
    "lomb_nfft": 256.0,
    "lomb_norm": [
        33.874456172232414,
        66.12554382776759
    ],
    "lomb_peak": [
        0.027333333333333334,
        0.14792156862745098,
        0.36980392156862746
    ],
    "lomb_ratio": 0.5122748972842138,
    "lomb_rel": [
        8.592734513248034,
        30.963714085545924,
        60.443551401206044
    ],
    "lomb_total": 3090.9539556161694,
    "nn20": 4.0,
    "nn50": 1.0,
    "nni_counter": 253.0,
    "nni_diff_max": 53.0,
    "nni_diff_mean": 6.2896825396825395,
    "nni_diff_min": 0.0,
    "nni_max": 154.0,
    "nni_mean": 123.66403162055336,
    "nni_min": 97.0,
    "pnn20": 1.5873015873015872,
    "pnn50": 0.3968253968253968,
    "rmssd": 8.540055016364922,
    "sampen": 1.526307591346604,
    "sd1": 6.038584130350402,
    "sd2": 14.01039003424118,
    "sd_ratio": 2.3201448769793322,
    "sdann": "n/a",
    "sdnn": 10.8031525909689,
    "sdnn_index": "n/a",
    "sdsd": 5.788384155692951,
    "tinn": 54.6875,
    "tinn_m": 140.625,
    "tinn_n": 85.9375,
    "tri_index": 3.513888888888889
}