{
    "Comment": "None",
    "Name": "D:\\Users\\jp.botero\\Documents\\Bienestar & Tecnolog\u00eda\\HRV-Bienestar-Tecnologia\\HRV_Reports\\SusanaHernandez-01-12\\HRV_video.json",
    "ar_abs": [
        2113.3523057835937,
        4238.966341137017,
        7221.719894978698
    ],
    "ar_bands": {
        "hf": [
            0.15,
            0.4
        ],
        "lf": [
            0.04,
            0.15
        ],
        "ulf": null,
        "vlf": [
            0.0,
            0.04
        ]
    },
    "ar_interpolation": "cubic",
    "ar_log": [
        7.656030736222988,
        8.352074731037323,
        8.884848416119683
    ],
    "ar_nfft": 4096.0,
    "ar_norm": [
        36.98702026916058,
        63.01297973083941
    ],
    "ar_order": 16.0,
    "ar_peak": [
        0.0,
        0.0400390625,
        0.150390625
    ],
    "ar_ratio": 0.586974626928468,
    "ar_rel": [
        15.56907547639753,
        31.22848316698452,
        53.202441356617946
    ],
    "ar_resampling_frequency": 4.0,
    "ar_total": 13574.038541899308,
    "dfa_alpha1": 0.9426173552797057,
    "dfa_alpha1_beats": [
        4,
        5,
        6,
        7,
        8,
        9,
        10,
        11,
        12,
        13,
        14,
        15,
        16
    ],
    "dfa_alpha2": 1.2104016038736163,
    "dfa_alpha2_beats": [
        17,
        18,
        19,
        20,
        21,
        22,
        23,
        24,
        25,
        26,
        27,
        28,
        29,
        30,
        31,
        32,
        33,
        34,
        35,
        36,
        37,
        38,
        39,
        40,
        41,
        42,
        43,
        44,
        45,
        46,
        47,
        48,
        49,
        50,
        51,
        52,
        53,
        54,
        55,
        56,
        57,
        58,
        59,
        60,
        61,
        62,
        63,
        64
    ],
    "ellipse_area": 76.38741147596177,
    "fft_abs": [
        4.807717064409694,
        7.817004882082822,
        4.494381773362498
    ],
    "fft_bands": {
        "hf": [
            0.15,
            0.4
        ],
        "lf": [
            0.04,
            0.15
        ],
        "ulf": null,
        "vlf": [
            0.0,
            0.04
        ]
    },
    "fft_interpolation": "cubic",
    "fft_log": [
        1.5702223486647773,
        2.0563014737848606,
        1.5028281219489965
    ],
    "fft_nfft": 4096.0,
    "fft_norm": [
        63.494105910688496,
        36.505894089311504
    ],
    "fft_peak": [
        0.03515625,
        0.0400390625,
        0.150390625
    ],
    "fft_ratio": 1.7392836826664335,
    "fft_rel": [
        28.083929761075204,
        45.66246580430804,
        26.25360443461676
    ],
    "fft_resampling_frequency": 4.0,
    "fft_total": 17.119103719855012,
    "fft_window": "hamming",
    "hr_max": 535.7142857142857,
    "hr_mean": 473.5929752134624,
    "hr_min": 425.531914893617,
    "hr_std": 20.949274576746394,
    "lomb_abs": [
        304.8877821598307,
        930.5002462617406,
        2188.4417029641268
    ],
    "lomb_bands": {
        "hf": [
            0.15,
            0.4
        ],
        "lf": [
            0.04,
            0.15
        ],
        "ulf": null,
        "vlf": [
            0.0,
            0.04
        ]
    },
    "lomb_log": [
        5.719943781560722,
        6.835722340737553,
        7.690945018379937
    ],
    "lomb_ma": "n/a",
    "lomb_nfft": 256.0,
    "lomb_norm": [
        29.833843059909917,
        70.16615694009008
    ],
    "lomb_peak": [
        0.017686274509803923,
        0.07556862745098039,
        0.19133333333333333
    ],
    "lomb_ratio": 0.4251885005670601,
    "lomb_rel": [
        8.904875711691304,
        27.1771764154039,
        63.91794787290479
    ],
    "lomb_total": 3423.8297313856983,
    "nn20": 0.0,
    "nn50": 0.0,
    "nni_counter": 246.0,
    "nni_diff_max": 14.0,
    "nni_diff_mean": 4.126530612244898,
    "nni_diff_min": 0.0,
    "nni_max": 141.0,
    "nni_mean": 126.9349593495935,
    "nni_min": 112.0,
    "pnn20": 0.0,
    "pnn50": 0.0,
    "rmssd": 4.921008690361382,
    "sampen": 1.7047480922384253,
    "sd1": 3.479533783703887,
    "sd2": 6.987967286498116,
    "sd_ratio": 2.0083056296868538,
    "sdann": "n/a",
    "sdnn": 5.546449259309591,
    "sdnn_index": "n/a",
    "sdsd": 2.6865462859971263,
    "tinn": 31.25,
    "tinn_m": 140.625,
    "tinn_n": 109.375,
    "tri_index": 1.8923076923076922
}