{
    "Comment": "None",
    "Name": "D:\\Users\\jp.botero\\Documents\\Bienestar & Tecnolog\u00eda\\HRV-Bienestar-Tecnologia\\HRV_Reports\\SusanaHernandez-01-12\\HRV_baseline.json",
    "ar_abs": [
        2094.857520588777,
        4239.938150318023,
        7321.113859286508
    ],
    "ar_bands": {
        "hf": [
            0.15,
            0.4
        ],
        "lf": [
            0.04,
            0.15
        ],
        "ulf": null,
        "vlf": [
            0.0,
            0.04
        ]
    },
    "ar_interpolation": "cubic",
    "ar_log": [
        7.647240820778003,
        8.352303960930463,
        8.898517761948394
    ],
    "ar_nfft": 4096.0,
    "ar_norm": [
        36.67432813895851,
        63.32567186104149
    ],
    "ar_order": 16.0,
    "ar_peak": [
        0.0,
        0.0400390625,
        0.150390625
    ],
    "ar_ratio": 0.5791383977644126,
    "ar_rel": [
        15.340300226484604,
        31.04837609639615,
        53.61132367711924
    ],
    "ar_resampling_frequency": 4.0,
    "ar_total": 13655.909530193308,
    "dfa_alpha1": 1.2399866925091445,
    "dfa_alpha1_beats": [
        4,
        5,
        6,
        7,
        8,
        9,
        10,
        11,
        12,
        13,
        14,
        15,
        16
    ],
    "dfa_alpha2": 0.9456659512410908,
    "dfa_alpha2_beats": [
        17,
        18,
        19,
        20,
        21,
        22,
        23,
        24,
        25,
        26,
        27,
        28,
        29,
        30,
        31,
        32,
        33,
        34,
        35,
        36,
        37,
        38,
        39,
        40,
        41,
        42,
        43,
        44,
        45,
        46,
        47,
        48,
        49,
        50,
        51,
        52,
        53,
        54,
        55,
        56,
        57,
        58,
        59,
        60,
        61,
        62,
        63,
        64
    ],
    "ellipse_area": 410.31478022068916,
    "fft_abs": [
        15.501147005157254,
        30.272042081231277,
        24.71381888534001
    ],
    "fft_bands": {
        "hf": [
            0.15,
            0.4
        ],
        "lf": [
            0.04,
            0.15
        ],
        "ulf": null,
        "vlf": [
            0.0,
            0.04
        ]
    },
    "fft_interpolation": "cubic",
    "fft_log": [
        2.7409140215200374,
        3.4102245829726003,
        3.2073625562315806
    ],
    "fft_nfft": 4096.0,
    "fft_norm": [
        55.05422948571305,
        44.94577051428694
    ],
    "fft_peak": [
        0.037109375,
        0.0400390625,
        0.3251953125
    ],
    "fft_ratio": 1.2249034526666516,
    "fft_rel": [
        21.991495243172434,
        42.94698122719724,
        35.06152352963034
    ],
    "fft_resampling_frequency": 4.0,
    "fft_total": 70.48700797172853,
    "fft_window": "hamming",
    "hr_max": 681.8181818181819,
    "hr_mean": 490.7241282187227,
    "hr_min": 292.6829268292683,
    "hr_std": 51.12376173585456,
    "lomb_abs": [
        177.94617700698734,
        764.0044594988943,
        1754.078889576016
    ],
    "lomb_bands": {
        "hf": [
            0.15,
            0.4
        ],
        "lf": [
            0.04,
            0.15
        ],
        "ulf": null,
        "vlf": [
            0.0,
            0.04
        ]
    },
    "lomb_log": [
        5.181481128201895,
        6.638573626189923,
        7.469699148873954
    ],
    "lomb_ma": "n/a",
    "lomb_nfft": 256.0,
    "lomb_norm": [
        30.34071369319737,
        69.65928630680263
    ],
    "lomb_peak": [
        0.03215686274509804,
        0.0836078431372549,
        0.19937254901960785
    ],
    "lomb_ratio": 0.43555877904873724,
    "lomb_rel": [
        6.600305200128652,
        28.338133989549124,
        65.06156081032223
    ],
    "lomb_total": 2696.0295260818975,
    "nn20": 6.0,
    "nn50": 2.0,
    "nni_counter": 253.0,
    "nni_diff_max": 107.0,
    "nni_diff_mean": 6.119047619047619,
    "nni_diff_min": 0.0,
    "nni_max": 205.0,
    "nni_mean": 123.55335968379447,
    "nni_min": 88.0,
    "pnn20": 2.380952380952381,
    "pnn50": 0.7936507936507936,
    "rmssd": 11.596729150244348,
    "sampen": 1.3826291157215946,
    "sd1": 8.200108538632367,
    "sd2": 15.927502712465026,
    "sd_ratio": 1.942352669775936,
    "sdann": "n/a",
    "sdnn": 12.670821631235693,
    "sdnn_index": "n/a",
    "sdsd": 9.870562409336555,
    "tinn": 62.5,
    "tinn_m": 148.4375,
    "tinn_n": 85.9375,
    "tri_index": 3.8923076923076922
}