{
    "Comment": "None",
    "Name": "C:\\Users\\Juan Pablo Botero T\\OneDrive - Universidad de los Andes\\Documentos\\JPB\\Personal\\Bienestar y Tecnolog\u00eda\\Codigo\\HRV-Bienestar-Tecnologia\\HRV_Reports\\Experiencia_Mindfullness\\ManuelaGarcia-17-03-2022\\HRV_interactive.json",
    "ar_abs": [
        2526.1896302115806,
        5418.501100501153,
        9754.340788860316
    ],
    "ar_bands": {
        "hf": [
            0.15,
            0.4
        ],
        "lf": [
            0.04,
            0.15
        ],
        "ulf": null,
        "vlf": [
            0.0,
            0.04
        ]
    },
    "ar_interpolation": "cubic",
    "ar_log": [
        7.834467371435393,
        8.597574506463731,
        9.1854676740296
    ],
    "ar_nfft": 4096.0,
    "ar_norm": [
        35.71184053727185,
        64.28815946272816
    ],
    "ar_order": 16.0,
    "ar_peak": [
        0.0,
        0.0400390625,
        0.150390625
    ],
    "ar_ratio": 0.555496390559699,
    "ar_rel": [
        14.27303876722244,
        30.614675692898373,
        55.11228553987918
    ],
    "ar_resampling_frequency": 4.0,
    "ar_total": 17699.03151957305,
    "dfa_alpha1": 0.7879928265913585,
    "dfa_alpha1_beats": [
        4,
        5,
        6,
        7,
        8,
        9,
        10,
        11,
        12,
        13,
        14,
        15,
        16
    ],
    "dfa_alpha2": 0.6440449248798583,
    "dfa_alpha2_beats": [
        17,
        18,
        19,
        20,
        21,
        22,
        23,
        24,
        25,
        26,
        27,
        28,
        29,
        30,
        31,
        32,
        33,
        34,
        35,
        36,
        37,
        38,
        39,
        40,
        41,
        42,
        43,
        44,
        45,
        46,
        47,
        48,
        49,
        50,
        51,
        52,
        53,
        54,
        55,
        56,
        57,
        58,
        59,
        60,
        61,
        62,
        63,
        64
    ],
    "ellipse_area": 9910.049460416518,
    "fft_abs": [
        464.09734790269187,
        2707.896741508684,
        909.0848954639257
    ],
    "fft_bands": {
        "hf": [
            0.15,
            0.4
        ],
        "lf": [
            0.04,
            0.15
        ],
        "ulf": null,
        "vlf": [
            0.0,
            0.04
        ]
    },
    "fft_interpolation": "cubic",
    "fft_log": [
        6.140094331735417,
        7.903927502399951,
        6.812438484166251
    ],
    "fft_nfft": 4096.0,
    "fft_norm": [
        74.86620097344968,
        25.13379902655032
    ],
    "fft_peak": [
        0.0107421875,
        0.123046875,
        0.173828125
    ],
    "fft_ratio": 2.9787061197697997,
    "fft_rel": [
        11.371927610875986,
        66.35247079373605,
        22.275601595387965
    ],
    "fft_resampling_frequency": 4.0,
    "fft_total": 4081.078984875302,
    "fft_window": "hamming",
    "hr_max": 76.53061224489795,
    "hr_mean": 65.34325960397868,
    "hr_min": 57.80346820809248,
    "hr_std": 4.817791178620335,
    "lomb_abs": [
        516.5666753257976,
        791.9403368598354,
        2243.8430634846554
    ],
    "lomb_bands": {
        "hf": [
            0.15,
            0.4
        ],
        "lf": [
            0.04,
            0.15
        ],
        "ulf": null,
        "vlf": [
            0.0,
            0.04
        ]
    },
    "lomb_log": [
        6.247204370888032,
        6.674486056729127,
        7.715945328138416
    ],
    "lomb_ma": "n/a",
    "lomb_nfft": 256.0,
    "lomb_norm": [
        26.086852466811976,
        73.91314753318802
    ],
    "lomb_peak": [
        0.017686274509803923,
        0.04180392156862745,
        0.36498039215686273
    ],
    "lomb_ratio": 0.3529392718000356,
    "lomb_rel": [
        14.541547548022201,
        22.293420411568114,
        63.165032040409685
    ],
    "lomb_total": 3552.3500756702883,
    "nn20": 174.0,
    "nn50": 82.0,
    "nni_counter": 261.0,
    "nni_diff_max": 201.0,
    "nni_diff_mean": 39.67307692307692,
    "nni_diff_min": 0.0,
    "nni_max": 1038.0,
    "nni_mean": 923.0996168582376,
    "nni_min": 784.0,
    "pnn20": 66.92307692307692,
    "pnn50": 31.538461538461537,
    "rmssd": 51.56851305265199,
    "sampen": 1.4580823049385387,
    "sd1": 36.46310397077341,
    "sd2": 86.51119549090899,
    "sd_ratio": 2.3725680501652042,
    "sdann": "n/a",
    "sdnn": 66.48069152773972,
    "sdnn_index": "n/a",
    "sdsd": 33.008318334914904,
    "tinn": 117.1875,
    "tinn_m": 1015.625,
    "tinn_n": 898.4375,
    "tri_index": 10.038461538461538
}