{
    "Comment": "None",
    "Name": "C:\\Users\\Juan Pablo Botero T\\OneDrive - Universidad de los Andes\\Documentos\\JPB\\Personal\\Bienestar y Tecnolog\u00eda\\Codigo\\HRV-Bienestar-Tecnologia\\HRV_Reports\\Experiencia_Mindfullness\\ManuelaGarcia-17-03-2022\\HRV_final.json",
    "ar_abs": [
        2495.1577244087575,
        5186.2843857781045,
        10276.809597851321
    ],
    "ar_bands": {
        "hf": [
            0.15,
            0.4
        ],
        "lf": [
            0.04,
            0.15
        ],
        "ulf": null,
        "vlf": [
            0.0,
            0.04
        ]
    },
    "ar_interpolation": "cubic",
    "ar_log": [
        7.822107222383455,
        8.553772801806463,
        9.237645140436936
    ],
    "ar_nfft": 4096.0,
    "ar_norm": [
        33.539758545532706,
        66.4602414544673
    ],
    "ar_order": 16.0,
    "ar_peak": [
        0.0,
        0.0400390625,
        0.150390625
    ],
    "ar_ratio": 0.5046589932796317,
    "ar_rel": [
        13.89421289429814,
        28.879673088982837,
        57.22611401671901
    ],
    "ar_resampling_frequency": 4.0,
    "ar_total": 17958.251708038184,
    "dfa_alpha1": 0.3726700328806081,
    "dfa_alpha1_beats": [
        4,
        5,
        6,
        7,
        8,
        9,
        10,
        11,
        12,
        13,
        14,
        15,
        16
    ],
    "dfa_alpha2": 0.7848549499613472,
    "dfa_alpha2_beats": [
        17,
        18,
        19,
        20,
        21,
        22,
        23,
        24,
        25,
        26,
        27,
        28,
        29,
        30,
        31,
        32,
        33,
        34,
        35,
        36,
        37,
        38,
        39,
        40,
        41,
        42,
        43,
        44,
        45,
        46,
        47,
        48,
        49,
        50,
        51,
        52,
        53,
        54,
        55,
        56,
        57,
        58,
        59,
        60,
        61,
        62,
        63,
        64
    ],
    "ellipse_area": 7718.464637378979,
    "fft_abs": [
        280.3323729780324,
        211.35613056954546,
        1378.3334621311024
    ],
    "fft_bands": {
        "hf": [
            0.15,
            0.4
        ],
        "lf": [
            0.04,
            0.15
        ],
        "ulf": null,
        "vlf": [
            0.0,
            0.04
        ]
    },
    "fft_interpolation": "cubic",
    "fft_log": [
        5.635975945536898,
        5.353544533308675,
        7.22863041223425
    ],
    "fft_nfft": 4096.0,
    "fft_norm": [
        13.295433997934314,
        86.70456600206568
    ],
    "fft_peak": [
        0.0048828125,
        0.0869140625,
        0.357421875
    ],
    "fft_ratio": 0.15334179745063897,
    "fft_rel": [
        14.990859900209374,
        11.302334114179175,
        73.70680598561144
    ],
    "fft_resampling_frequency": 4.0,
    "fft_total": 1870.0219656786803,
    "fft_window": "hamming",
    "hr_max": 77.31958762886597,
    "hr_mean": 63.936284504934434,
    "hr_min": 57.361376673040155,
    "hr_std": 3.4922549246391847,
    "lomb_abs": [
        402.99873917605623,
        785.2607114313597,
        2192.342443750446
    ],
    "lomb_bands": {
        "hf": [
            0.15,
            0.4
        ],
        "lf": [
            0.04,
            0.15
        ],
        "ulf": null,
        "vlf": [
            0.0,
            0.04
        ]
    },
    "lomb_log": [
        5.998933433346395,
        6.66601577911701,
        7.692725860204862
    ],
    "lomb_ma": "n/a",
    "lomb_nfft": 256.0,
    "lomb_norm": [
        26.37224205196053,
        73.62775794803947
    ],
    "lomb_peak": [
        0.00803921568627451,
        0.05627450980392157,
        0.36498039215686273
    ],
    "lomb_ratio": 0.35818341868527265,
    "lomb_rel": [
        11.920916800308573,
        23.228429018570324,
        64.8506541811211
    ],
    "lomb_total": 3380.601894357862,
    "nn20": 212.0,
    "nn50": 152.0,
    "nni_counter": 255.0,
    "nni_diff_max": 162.0,
    "nni_diff_mean": 61.01968503937008,
    "nni_diff_min": 0.0,
    "nni_max": 1046.0,
    "nni_mean": 941.1372549019608,
    "nni_min": 776.0,
    "pnn20": 83.46456692913385,
    "pnn50": 59.84251968503938,
    "rmssd": 70.90408848423007,
    "sampen": 1.6190688054950617,
    "sd1": 50.1350916205887,
    "sd2": 49.00486906119006,
    "sd_ratio": 0.9774564576853291,
    "sdann": "n/a",
    "sdnn": 49.79660188571006,
    "sdnn_index": "n/a",
    "sdsd": 36.182066047390386,
    "tinn": 101.5625,
    "tinn_m": 992.1875,
    "tinn_n": 890.625,
    "tri_index": 7.5
}