{
    "Comment": "None",
    "Name": "C:\\Users\\admin\\HRV-Bienestar-Tecnologia\\HRV_Reports\\Grupo_Control\\11-03-2022_MariaCamilaGomez\\Momento_4.json",
    "ar_abs": [
        2402.880357904281,
        5240.722725085709,
        9661.332592082956
    ],
    "ar_bands": {
        "hf": [
            0.15,
            0.4
        ],
        "lf": [
            0.04,
            0.15
        ],
        "ulf": null,
        "vlf": [
            0.0,
            0.04
        ]
    },
    "ar_interpolation": "cubic",
    "ar_log": [
        7.784423445859554,
        8.564214692439037,
        9.175886867183397
    ],
    "ar_nfft": 4096.0,
    "ar_norm": [
        35.16778466825224,
        64.83221533174776
    ],
    "ar_order": 16.0,
    "ar_peak": [
        0.0,
        0.0400390625,
        0.1591796875
    ],
    "ar_ratio": 0.5424430507009204,
    "ar_rel": [
        13.885520310633295,
        30.284554785342287,
        55.82992490402441
    ],
    "ar_resampling_frequency": 4.0,
    "ar_total": 17304.935675072946,
    "dfa_alpha1": 0.9376937479711593,
    "dfa_alpha1_beats": [
        4,
        5,
        6,
        7,
        8,
        9,
        10,
        11,
        12,
        13,
        14,
        15,
        16
    ],
    "dfa_alpha2": 0.8037719774772957,
    "dfa_alpha2_beats": [
        17,
        18,
        19,
        20,
        21,
        22,
        23,
        24,
        25,
        26,
        27,
        28,
        29,
        30,
        31,
        32,
        33,
        34,
        35,
        36,
        37,
        38,
        39,
        40,
        41,
        42,
        43,
        44,
        45,
        46,
        47,
        48,
        49,
        50,
        51,
        52,
        53,
        54,
        55,
        56,
        57,
        58,
        59,
        60,
        61,
        62,
        63,
        64
    ],
    "ellipse_area": 13865.373894319655,
    "fft_abs": [
        1290.183937781985,
        1504.2346744828728,
        3384.9894179677626
    ],
    "fft_bands": {
        "hf": [
            0.15,
            0.4
        ],
        "lf": [
            0.04,
            0.15
        ],
        "ulf": null,
        "vlf": [
            0.0,
            0.04
        ]
    },
    "fft_interpolation": "cubic",
    "fft_log": [
        7.162540074618992,
        7.316039525903554,
        8.12710605918721
    ],
    "fft_nfft": 4096.0,
    "fft_norm": [
        30.76632704983875,
        69.23367295016126
    ],
    "fft_peak": [
        0.0078125,
        0.1376953125,
        0.1767578125
    ],
    "fft_ratio": 0.44438386321041035,
    "fft_rel": [
        20.878762681955745,
        24.342698639148562,
        54.77853867889569
    ],
    "fft_resampling_frequency": 4.0,
    "fft_total": 6179.40803023262,
    "fft_window": "hamming",
    "hr_max": 98.84678747940691,
    "hr_mean": 76.30237456206616,
    "hr_min": 57.361376673040155,
    "hr_std": 8.028977951478714,
    "lomb_abs": [
        245.06192855115825,
        618.0330340834482,
        1856.8964390898218
    ],
    "lomb_bands": {
        "hf": [
            0.15,
            0.4
        ],
        "lf": [
            0.04,
            0.15
        ],
        "ulf": null,
        "vlf": [
            0.0,
            0.04
        ]
    },
    "lomb_log": [
        5.501510948200439,
        6.426541909238582,
        7.526661791940767
    ],
    "lomb_ma": "n/a",
    "lomb_nfft": 256.0,
    "lomb_norm": [
        24.971743267133483,
        75.02825673286652
    ],
    "lomb_peak": [
        0.014470588235294117,
        0.09647058823529411,
        0.31513725490196076
    ],
    "lomb_ratio": 0.33283118060497974,
    "lomb_rel": [
        9.009658206852903,
        22.721874550471956,
        68.26846724267514
    ],
    "lomb_total": 2719.991401724428,
    "nn20": 226.0,
    "nn50": 107.0,
    "nni_counter": 303.0,
    "nni_diff_max": 200.0,
    "nni_diff_mean": 45.91059602649007,
    "nni_diff_min": 0.0,
    "nni_max": 1046.0,
    "nni_mean": 794.9207920792079,
    "nni_min": 607.0,
    "pnn20": 74.83443708609272,
    "pnn50": 35.430463576158935,
    "rmssd": 57.33851496170131,
    "sampen": 1.1635048547730895,
    "sd1": 40.544201184411456,
    "sd2": 108.85614853089031,
    "sd_ratio": 2.6848758971910294,
    "sdann": "n/a",
    "sdnn": 82.34128017320708,
    "sdnn_index": "n/a",
    "sdsd": 34.40701205733127,
    "tinn": 335.9375,
    "tinn_m": 953.125,
    "tinn_n": 617.1875,
    "tri_index": 18.9375
}