{
    "Comment": "None",
    "Name": "C:\\Users\\admin\\HRV-Bienestar-Tecnologia\\HRV_Reports\\Grupo_Control\\11-03-2022_MariaCamilaGomez\\Momento_5.json",
    "ar_abs": [
        2421.7225596107564,
        5208.938876947043,
        9802.59241138193
    ],
    "ar_bands": {
        "hf": [
            0.15,
            0.4
        ],
        "lf": [
            0.04,
            0.15
        ],
        "ulf": null,
        "vlf": [
            0.0,
            0.04
        ]
    },
    "ar_interpolation": "cubic",
    "ar_log": [
        7.792234367432248,
        8.558131443552146,
        9.190402161449969
    ],
    "ar_nfft": 4096.0,
    "ar_norm": [
        34.69958378594488,
        65.30041621405512
    ],
    "ar_order": 16.0,
    "ar_peak": [
        0.0,
        0.0400390625,
        0.16015625
    ],
    "ar_ratio": 0.5313838072976359,
    "ar_rel": [
        13.891397330263489,
        29.879326730291595,
        56.22927593944491
    ],
    "ar_resampling_frequency": 4.0,
    "ar_total": 17433.25384793973,
    "dfa_alpha1": 0.7565013785312574,
    "dfa_alpha1_beats": [
        4,
        5,
        6,
        7,
        8,
        9,
        10,
        11,
        12,
        13,
        14,
        15,
        16
    ],
    "dfa_alpha2": 0.577660712311924,
    "dfa_alpha2_beats": [
        17,
        18,
        19,
        20,
        21,
        22,
        23,
        24,
        25,
        26,
        27,
        28,
        29,
        30,
        31,
        32,
        33,
        34,
        35,
        36,
        37,
        38,
        39,
        40,
        41,
        42,
        43,
        44,
        45,
        46,
        47,
        48,
        49,
        50,
        51,
        52,
        53,
        54,
        55,
        56,
        57,
        58,
        59,
        60,
        61,
        62,
        63,
        64
    ],
    "ellipse_area": 10582.627655568156,
    "fft_abs": [
        681.1333290710264,
        1077.8512869093572,
        2885.1518322418874
    ],
    "fft_bands": {
        "hf": [
            0.15,
            0.4
        ],
        "lf": [
            0.04,
            0.15
        ],
        "ulf": null,
        "vlf": [
            0.0,
            0.04
        ]
    },
    "fft_interpolation": "cubic",
    "fft_log": [
        6.523758071231545,
        6.982724789178332,
        7.967332805717486
    ],
    "fft_nfft": 4096.0,
    "fft_norm": [
        27.197840993377778,
        72.80215900662223
    ],
    "fft_peak": [
        0.015625,
        0.1337890625,
        0.1787109375
    ],
    "fft_ratio": 0.37358563763066166,
    "fft_rel": [
        14.666522757567932,
        23.208863454516887,
        62.12461378791518
    ],
    "fft_resampling_frequency": 4.0,
    "fft_total": 4644.136448222271,
    "fft_window": "hamming",
    "hr_max": 94.04388714733543,
    "hr_mean": 75.54135302277768,
    "hr_min": 64.51612903225806,
    "hr_std": 6.761893290598115,
    "lomb_abs": [
        248.1800961108842,
        695.2111392794375,
        1500.6158365511728
    ],
    "lomb_bands": {
        "hf": [
            0.15,
            0.4
        ],
        "lf": [
            0.04,
            0.15
        ],
        "ulf": null,
        "vlf": [
            0.0,
            0.04
        ]
    },
    "lomb_log": [
        5.514154676609208,
        6.544215596952038,
        7.313630860535331
    ],
    "lomb_ma": "n/a",
    "lomb_nfft": 256.0,
    "lomb_norm": [
        31.660561006472815,
        68.33943899352718
    ],
    "lomb_peak": [
        0.012862745098039216,
        0.14149019607843139,
        0.36498039215686273
    ],
    "lomb_ratio": 0.4632838880850568,
    "lomb_rel": [
        10.154639033582356,
        28.445545320258375,
        61.399815646159276
    ],
    "lomb_total": 2444.0070719414944,
    "nn20": 210.0,
    "nn50": 103.0,
    "nni_counter": 299.0,
    "nni_diff_max": 162.0,
    "nni_diff_mean": 42.22818791946309,
    "nni_diff_min": 0.0,
    "nni_max": 930.0,
    "nni_mean": 800.418060200669,
    "nni_min": 638.0,
    "pnn20": 70.46979865771812,
    "pnn50": 34.56375838926174,
    "rmssd": 52.74740363851122,
    "sampen": 1.6428361928359483,
    "sd1": 37.29643787529403,
    "sd2": 90.31841099229317,
    "sd_ratio": 2.421636385069418,
    "sdann": "n/a",
    "sdnn": 69.22816915301345,
    "sdnn_index": "n/a",
    "sdsd": 31.661216076444614,
    "tinn": 289.0625,
    "tinn_m": 929.6875,
    "tinn_n": 640.625,
    "tri_index": 15.736842105263158
}