{
    "Comment": "None",
    "Name": "C:\\Users\\admin\\HRV-Bienestar-Tecnologia\\HRV_Reports\\Grupo_Control\\11-03-2022_MariaCamilaGomez\\Momento_6.json",
    "ar_abs": [
        2467.6337333214433,
        5104.812931230998,
        9678.878617367316
    ],
    "ar_bands": {
        "hf": [
            0.15,
            0.4
        ],
        "lf": [
            0.04,
            0.15
        ],
        "ulf": null,
        "vlf": [
            0.0,
            0.04
        ]
    },
    "ar_interpolation": "cubic",
    "ar_log": [
        7.811014967740277,
        8.537939085702277,
        9.177701328246743
    ],
    "ar_nfft": 4096.0,
    "ar_norm": [
        34.530028676869954,
        65.46997132313004
    ],
    "ar_order": 16.0,
    "ar_peak": [
        0.0,
        0.0400390625,
        0.150390625
    ],
    "ar_ratio": 0.5274178066528458,
    "ar_rel": [
        14.304024143047405,
        29.590845038329284,
        56.10513081862331
    ],
    "ar_resampling_frequency": 4.0,
    "ar_total": 17251.32528191976,
    "dfa_alpha1": 0.898268534586664,
    "dfa_alpha1_beats": [
        4,
        5,
        6,
        7,
        8,
        9,
        10,
        11,
        12,
        13,
        14,
        15,
        16
    ],
    "dfa_alpha2": 1.141829275062921,
    "dfa_alpha2_beats": [
        17,
        18,
        19,
        20,
        21,
        22,
        23,
        24,
        25,
        26,
        27,
        28,
        29,
        30,
        31,
        32,
        33,
        34,
        35,
        36,
        37,
        38,
        39,
        40,
        41,
        42,
        43,
        44,
        45,
        46,
        47,
        48,
        49,
        50,
        51,
        52,
        53,
        54,
        55,
        56,
        57,
        58,
        59,
        60,
        61,
        62,
        63,
        64
    ],
    "ellipse_area": 8762.787405171033,
    "fft_abs": [
        1041.4876092899242,
        682.2897008846809,
        813.544092770476
    ],
    "fft_bands": {
        "hf": [
            0.15,
            0.4
        ],
        "lf": [
            0.04,
            0.15
        ],
        "ulf": null,
        "vlf": [
            0.0,
            0.04
        ]
    },
    "fft_interpolation": "cubic",
    "fft_log": [
        6.948405363645066,
        6.52545434900524,
        6.701400126506144
    ],
    "fft_nfft": 4096.0,
    "fft_norm": [
        45.61266791663172,
        54.38733208336827
    ],
    "fft_peak": [
        0.00390625,
        0.0419921875,
        0.2216796875
    ],
    "fft_ratio": 0.8386634565327417,
    "fft_rel": [
        41.04673566703314,
        26.890156686210272,
        32.06310764675659
    ],
    "fft_resampling_frequency": 4.0,
    "fft_total": 2537.321402945081,
    "fft_window": "hamming",
    "hr_max": 89.68609865470852,
    "hr_mean": 72.06889285679583,
    "hr_min": 54.200542005420054,
    "hr_std": 5.73462730770278,
    "lomb_abs": [
        343.8017372396864,
        814.2541922683564,
        1888.9558213293433
    ],
    "lomb_bands": {
        "hf": [
            0.15,
            0.4
        ],
        "lf": [
            0.04,
            0.15
        ],
        "ulf": null,
        "vlf": [
            0.0,
            0.04
        ]
    },
    "lomb_log": [
        5.840065145989171,
        6.702272592768642,
        7.543779479895752
    ],
    "lomb_ma": "n/a",
    "lomb_nfft": 256.0,
    "lomb_norm": [
        30.12175110969888,
        69.87824889030112
    ],
    "lomb_peak": [
        0.006431372549019608,
        0.04019607843137255,
        0.38266666666666665
    ],
    "lomb_ratio": 0.4310604742970267,
    "lomb_rel": [
        11.283242906601924,
        26.723040764269495,
        61.99371632912858
    ],
    "lomb_total": 3047.011750837386,
    "nn20": 196.0,
    "nn50": 68.0,
    "nni_counter": 287.0,
    "nni_diff_max": 192.0,
    "nni_diff_mean": 35.55944055944056,
    "nni_diff_min": 0.0,
    "nni_max": 1107.0,
    "nni_mean": 837.7351916376307,
    "nni_min": 669.0,
    "pnn20": 68.53146853146853,
    "pnn50": 23.776223776223777,
    "rmssd": 45.11043170876387,
    "sampen": 1.5837588980164088,
    "sd1": 31.895849647020917,
    "sd2": 87.44968052146766,
    "sd_ratio": 2.7417260079050907,
    "sdann": "n/a",
    "sdnn": 66.05141763205697,
    "sdnn_index": "n/a",
    "sdsd": 27.806126392381337,
    "tinn": 226.5625,
    "tinn_m": 937.5,
    "tinn_n": 710.9375,
    "tri_index": 14.35
}