{
    "Comment": "None",
    "Name": "C:\\Users\\admin\\HRV-Bienestar-Tecnologia\\HRV_Reports\\Grupo_Control\\11-03-2022_MariaCamilaGomez\\Momento_2.json",
    "ar_abs": [
        2452.946619710737,
        5368.800447398664,
        9966.018678112627
    ],
    "ar_bands": {
        "hf": [
            0.15,
            0.4
        ],
        "lf": [
            0.04,
            0.15
        ],
        "ulf": null,
        "vlf": [
            0.0,
            0.04
        ]
    },
    "ar_interpolation": "cubic",
    "ar_log": [
        7.805045282794942,
        8.588359782177111,
        9.20693645302308
    ],
    "ar_nfft": 4096.0,
    "ar_norm": [
        35.01052345943245,
        64.98947654056755
    ],
    "ar_order": 16.0,
    "ar_peak": [
        0.0,
        0.0400390625,
        0.15234375
    ],
    "ar_ratio": 0.5387106547562093,
    "ar_rel": [
        13.790077151030747,
        30.18254526339699,
        56.027377585572246
    ],
    "ar_resampling_frequency": 4.0,
    "ar_total": 17787.76574522203,
    "dfa_alpha1": 0.8343228701081878,
    "dfa_alpha1_beats": [
        4,
        5,
        6,
        7,
        8,
        9,
        10,
        11,
        12,
        13,
        14,
        15,
        16
    ],
    "dfa_alpha2": 0.8272575043905606,
    "dfa_alpha2_beats": [
        17,
        18,
        19,
        20,
        21,
        22,
        23,
        24,
        25,
        26,
        27,
        28,
        29,
        30,
        31,
        32,
        33,
        34,
        35,
        36,
        37,
        38,
        39,
        40,
        41,
        42,
        43,
        44,
        45,
        46,
        47,
        48,
        49,
        50,
        51,
        52,
        53,
        54,
        55,
        56,
        57,
        58,
        59,
        60,
        61,
        62,
        63,
        64
    ],
    "ellipse_area": 18452.221954687324,
    "fft_abs": [
        1764.109014599457,
        3077.975338881615,
        6056.761666630227
    ],
    "fft_bands": {
        "hf": [
            0.15,
            0.4
        ],
        "lf": [
            0.04,
            0.15
        ],
        "ulf": null,
        "vlf": [
            0.0,
            0.04
        ]
    },
    "fft_interpolation": "cubic",
    "fft_log": [
        7.475401034316772,
        8.032027302307473,
        8.708930557788456
    ],
    "fft_nfft": 4096.0,
    "fft_norm": [
        33.69528139698367,
        66.30471860301633
    ],
    "fft_peak": [
        0.0048828125,
        0.1494140625,
        0.1552734375
    ],
    "fft_ratio": 0.5081882874539612,
    "fft_rel": [
        16.186200000845975,
        28.24129575922004,
        55.57250423993397
    ],
    "fft_resampling_frequency": 4.0,
    "fft_total": 10898.8460201113,
    "fft_window": "hamming",
    "hr_max": 92.87925696594428,
    "hr_mean": 75.85159992917367,
    "hr_min": 58.25242718446602,
    "hr_std": 8.71418008404521,
    "lomb_abs": [
        223.22342444623587,
        816.7817605398394,
        1510.5736080766167
    ],
    "lomb_bands": {
        "hf": [
            0.15,
            0.4
        ],
        "lf": [
            0.04,
            0.15
        ],
        "ulf": null,
        "vlf": [
            0.0,
            0.04
        ]
    },
    "lomb_log": [
        5.408173173236299,
        6.705371936214057,
        7.3202447305739495
    ],
    "lomb_ma": "n/a",
    "lomb_nfft": 256.0,
    "lomb_norm": [
        35.094845056919354,
        64.90515494308066
    ],
    "lomb_peak": [
        0.00803921568627451,
        0.12541176470588236,
        0.3135294117647059
    ],
    "lomb_ratio": 0.5407096722547876,
    "lomb_rel": [
        8.75187330238063,
        32.023388681870976,
        59.22473801574839
    ],
    "lomb_total": 2550.578793062692,
    "nn20": 229.0,
    "nn50": 131.0,
    "nni_counter": 299.0,
    "nni_diff_max": 223.0,
    "nni_diff_mean": 53.74832214765101,
    "nni_diff_min": 0.0,
    "nni_max": 1030.0,
    "nni_mean": 801.5484949832776,
    "nni_min": 646.0,
    "pnn20": 76.84563758389261,
    "pnn50": 43.95973154362416,
    "rmssd": 68.55103913466924,
    "sampen": 1.3413670195226393,
    "sd1": 48.469361245538096,
    "sd2": 121.18015421082654,
    "sd_ratio": 2.5001392858665312,
    "sdann": "n/a",
    "sdnn": 92.56523269983337,
    "sdnn_index": "n/a",
    "sdsd": 42.61992879520878,
    "tinn": 406.25,
    "tinn_m": 1015.625,
    "tinn_n": 609.375,
    "tri_index": 23.0
}