{
    "Comment": "None",
    "Name": "C:\\Users\\admin\\HRV-Bienestar-Tecnologia\\HRV_Reports\\Experiencia_Mindfullness\\25-03-2022_DanielShamboTest\\HRV_video.json",
    "ar_abs": [
        2492.4506643326686,
        5210.761492379673,
        9510.290642905971
    ],
    "ar_bands": {
        "hf": [
            0.15,
            0.4
        ],
        "lf": [
            0.04,
            0.15
        ],
        "ulf": null,
        "vlf": [
            0.0,
            0.04
        ]
    },
    "ar_interpolation": "cubic",
    "ar_log": [
        7.82102170799222,
        8.558481283832887,
        9.160129716892198
    ],
    "ar_nfft": 4096.0,
    "ar_norm": [
        35.39666488844049,
        64.6033351115595
    ],
    "ar_order": 16.0,
    "ar_peak": [
        0.0,
        0.0400390625,
        0.150390625
    ],
    "ar_ratio": 0.5479077020917911,
    "ar_rel": [
        14.479625055673942,
        30.27136053038092,
        55.24901441394514
    ],
    "ar_resampling_frequency": 4.0,
    "ar_total": 17213.502799618313,
    "dfa_alpha1": 1.1695515277504738,
    "dfa_alpha1_beats": [
        4,
        5,
        6,
        7,
        8,
        9,
        10,
        11,
        12,
        13,
        14,
        15,
        16
    ],
    "dfa_alpha2": 0.9709985373960537,
    "dfa_alpha2_beats": [
        17,
        18,
        19,
        20,
        21,
        22,
        23,
        24,
        25,
        26,
        27,
        28,
        29,
        30,
        31,
        32,
        33,
        34,
        35,
        36,
        37,
        38,
        39,
        40,
        41,
        42,
        43,
        44,
        45,
        46,
        47,
        48,
        49,
        50,
        51,
        52,
        53,
        54,
        55,
        56,
        57,
        58,
        59,
        60,
        61,
        62,
        63,
        64
    ],
    "ellipse_area": 11538.962047880925,
    "fft_abs": [
        2225.757819296493,
        1703.3154956587066,
        1153.1196440449799
    ],
    "fft_bands": {
        "hf": [
            0.15,
            0.4
        ],
        "lf": [
            0.04,
            0.15
        ],
        "ulf": null,
        "vlf": [
            0.0,
            0.04
        ]
    },
    "fft_interpolation": "cubic",
    "fft_log": [
        7.707852729553975,
        7.440331922258783,
        7.050226282487465
    ],
    "fft_nfft": 4096.0,
    "fft_norm": [
        59.630812966241585,
        40.36918703375842
    ],
    "fft_peak": [
        0.0263671875,
        0.0927734375,
        0.21875
    ],
    "fft_ratio": 1.4771368300376169,
    "fft_rel": [
        43.79522456649042,
        33.51536451685219,
        22.689410916657383
    ],
    "fft_resampling_frequency": 4.0,
    "fft_total": 5082.19295900018,
    "fft_window": "hamming",
    "hr_max": 105.4481546572935,
    "hr_mean": 70.31112934578033,
    "hr_min": 57.361376673040155,
    "hr_std": 7.04704582828095,
    "lomb_abs": [
        296.94754673103716,
        814.8750448417572,
        2008.9889990019856
    ],
    "lomb_bands": {
        "hf": [
            0.15,
            0.4
        ],
        "lf": [
            0.04,
            0.15
        ],
        "ulf": null,
        "vlf": [
            0.0,
            0.04
        ]
    },
    "lomb_log": [
        5.69355551287205,
        6.703034782273703,
        7.605386888942294
    ],
    "lomb_ma": "n/a",
    "lomb_nfft": 256.0,
    "lomb_norm": [
        28.85673786662117,
        71.14326213337883
    ],
    "lomb_peak": [
        0.00803921568627451,
        0.10450980392156863,
        0.3376470588235294
    ],
    "lomb_ratio": 0.4056144883055937,
    "lomb_rel": [
        9.515074464214818,
        26.11099777066889,
        64.37392776511629
    ],
    "lomb_total": 3120.81159057478,
    "nn20": 186.0,
    "nn50": 69.0,
    "nni_counter": 279.0,
    "nni_diff_max": 208.0,
    "nni_diff_mean": 37.489208633093526,
    "nni_diff_min": 0.0,
    "nni_max": 1046.0,
    "nni_mean": 861.0143369175627,
    "nni_min": 569.0,
    "pnn20": 66.90647482014388,
    "pnn50": 24.820143884892087,
    "rmssd": 50.706590038981076,
    "sampen": 1.416518884028617,
    "sd1": 35.847280356089904,
    "sd2": 102.46148828180425,
    "sd_ratio": 2.8582778739140142,
    "sdann": "n/a",
    "sdnn": 77.75352920932133,
    "sdnn_index": "n/a",
    "sdsd": 34.20417921695788,
    "tinn": 273.4375,
    "tinn_m": 1000.0,
    "tinn_n": 726.5625,
    "tri_index": 17.4375
}