{
    "Comment": "None",
    "Name": "C:\\Users\\admin\\HRV-Bienestar-Tecnologia\\HRV_Reports\\Experiencia_Mindfullness\\25-03-2022_DanielShamboTest\\HRV_interactive.json",
    "ar_abs": [
        2498.535508728186,
        5268.065709244302,
        10132.692453952
    ],
    "ar_bands": {
        "hf": [
            0.15,
            0.4
        ],
        "lf": [
            0.04,
            0.15
        ],
        "ulf": null,
        "vlf": [
            0.0,
            0.04
        ]
    },
    "ar_interpolation": "cubic",
    "ar_log": [
        7.823460042701756,
        8.56941853606638,
        9.223522352050384
    ],
    "ar_nfft": 4096.0,
    "ar_norm": [
        34.20653485640448,
        65.79346514359553
    ],
    "ar_order": 16.0,
    "ar_peak": [
        0.0,
        0.0400390625,
        0.150390625
    ],
    "ar_ratio": 0.5199077869169537,
    "ar_rel": [
        13.95884974303318,
        29.431696053500705,
        56.6094542034661
    ],
    "ar_resampling_frequency": 4.0,
    "ar_total": 17899.29367192449,
    "dfa_alpha1": 1.1924296758787736,
    "dfa_alpha1_beats": [
        4,
        5,
        6,
        7,
        8,
        9,
        10,
        11,
        12,
        13,
        14,
        15,
        16
    ],
    "dfa_alpha2": 1.0040741251793432,
    "dfa_alpha2_beats": [
        17,
        18,
        19,
        20,
        21,
        22,
        23,
        24,
        25,
        26,
        27,
        28,
        29,
        30,
        31,
        32,
        33,
        34,
        35,
        36,
        37,
        38,
        39,
        40,
        41,
        42,
        43,
        44,
        45,
        46,
        47,
        48,
        49,
        50,
        51,
        52,
        53,
        54,
        55,
        56,
        57,
        58,
        59,
        60,
        61,
        62,
        63,
        64
    ],
    "ellipse_area": 17595.128458729847,
    "fft_abs": [
        5512.010133418795,
        1423.058210725111,
        616.0951540295149
    ],
    "fft_bands": {
        "hf": [
            0.15,
            0.4
        ],
        "lf": [
            0.04,
            0.15
        ],
        "ulf": null,
        "vlf": [
            0.0,
            0.04
        ]
    },
    "fft_interpolation": "cubic",
    "fft_log": [
        8.614684651120468,
        7.2605635042982355,
        6.423401422431264
    ],
    "fft_nfft": 4096.0,
    "fft_norm": [
        69.7867181214371,
        30.213281878562896
    ],
    "fft_peak": [
        0.0068359375,
        0.099609375,
        0.1943359375
    ],
    "fft_ratio": 2.309802635871629,
    "fft_rel": [
        72.99550770887315,
        18.845548915333907,
        8.158943375792942
    ],
    "fft_resampling_frequency": 4.0,
    "fft_total": 7551.1634981734205,
    "fft_window": "hamming",
    "hr_max": 91.88361408882082,
    "hr_mean": 72.86070560583394,
    "hr_min": 42.88777698355968,
    "hr_std": 7.511900736602672,
    "lomb_abs": [
        160.0876122470327,
        697.8588712694904,
        1657.253545033044
    ],
    "lomb_bands": {
        "hf": [
            0.15,
            0.4
        ],
        "lf": [
            0.04,
            0.15
        ],
        "ulf": null,
        "vlf": [
            0.0,
            0.04
        ]
    },
    "lomb_log": [
        5.0757212419124516,
        6.548016892160864,
        7.412917020224987
    ],
    "lomb_ma": "n/a",
    "lomb_nfft": 256.0,
    "lomb_norm": [
        29.631658618025153,
        70.36834138197486
    ],
    "lomb_peak": [
        0.009647058823529411,
        0.09807843137254901,
        0.38266666666666665
    ],
    "lomb_ratio": 0.42109360596092477,
    "lomb_rel": [
        6.364806394318863,
        27.745660915562354,
        65.88953269011878
    ],
    "lomb_total": 2515.200028549567,
    "nn20": 177.0,
    "nn50": 68.0,
    "nni_counter": 290.0,
    "nni_diff_max": 715.0,
    "nni_diff_mean": 37.14532871972318,
    "nni_diff_min": 0.0,
    "nni_max": 1399.0,
    "nni_mean": 832.2,
    "nni_min": 653.0,
    "pnn20": 61.245674740484425,
    "pnn50": 23.52941176470588,
    "rmssd": 71.2020615151966,
    "sampen": 1.2265076737589886,
    "sd1": 50.34742908171883,
    "sd2": 111.24109888504897,
    "sd_ratio": 2.209469299901962,
    "sdann": "n/a",
    "sdnn": 86.34513508554593,
    "sdnn_index": "n/a",
    "sdsd": 60.850394188493475,
    "tinn": 335.9375,
    "tinn_m": 960.9375,
    "tinn_n": 625.0,
    "tri_index": 20.714285714285715
}