{
    "Comment": "None",
    "Name": "C:\\Users\\admin\\HRV-Bienestar-Tecnologia\\HRV_Reports\\Experiencia_Mindfullness\\22-03-2022_Test1\\HRV_sound.json",
    "ar_abs": [
        2665.7158234205785,
        5590.486786736937,
        10917.803004673187
    ],
    "ar_bands": {
        "hf": [
            0.15,
            0.4
        ],
        "lf": [
            0.04,
            0.15
        ],
        "ulf": null,
        "vlf": [
            0.0,
            0.04
        ]
    },
    "ar_interpolation": "cubic",
    "ar_log": [
        7.888227902191732,
        8.628821644063825,
        9.29815003900922
    ],
    "ar_nfft": 4096.0,
    "ar_norm": [
        33.86472407121103,
        66.13527592878899
    ],
    "ar_order": 16.0,
    "ar_peak": [
        0.0,
        0.0400390625,
        0.150390625
    ],
    "ar_ratio": 0.5120523592836416,
    "ar_rel": [
        13.902759167644666,
        29.156593040803163,
        56.94064779155216
    ],
    "ar_resampling_frequency": 4.0,
    "ar_total": 19174.005614830705,
    "dfa_alpha1": 1.0690507753552487,
    "dfa_alpha1_beats": [
        4,
        5,
        6,
        7,
        8,
        9,
        10,
        11,
        12,
        13,
        14,
        15,
        16
    ],
    "dfa_alpha2": 1.3182856624797072,
    "dfa_alpha2_beats": [
        17,
        18,
        19,
        20,
        21,
        22,
        23,
        24,
        25,
        26,
        27,
        28,
        29,
        30,
        31,
        32,
        33,
        34,
        35,
        36,
        37,
        38,
        39,
        40,
        41,
        42,
        43,
        44,
        45,
        46,
        47,
        48,
        49,
        50,
        51,
        52,
        53,
        54,
        55,
        56,
        57,
        58,
        59,
        60,
        61,
        62,
        63,
        64
    ],
    "ellipse_area": 49278.94679656925,
    "fft_abs": [
        17761.575691243117,
        2700.0872984667103,
        2729.5626288680683
    ],
    "fft_bands": {
        "hf": [
            0.15,
            0.4
        ],
        "lf": [
            0.04,
            0.15
        ],
        "ulf": null,
        "vlf": [
            0.0,
            0.04
        ]
    },
    "fft_interpolation": "cubic",
    "fft_log": [
        9.784792733964434,
        7.901039384235176,
        7.911896666138304
    ],
    "fft_nfft": 4096.0,
    "fft_norm": [
        49.72857061877076,
        50.27142938122925
    ],
    "fft_peak": [
        0.0166015625,
        0.048828125,
        0.2177734375
    ],
    "fft_ratio": 0.9892014456493415,
    "fft_rel": [
        76.5874817629939,
        11.642710665122156,
        11.769807571883934
    ],
    "fft_resampling_frequency": 4.0,
    "fft_total": 23191.225618577897,
    "fft_window": "hamming",
    "hr_max": 69.68641114982579,
    "hr_mean": 48.583663395376966,
    "hr_min": 41.06776180698152,
    "hr_std": 6.56580813384686,
    "lomb_abs": [
        390.24651172254056,
        1265.729045492802,
        2620.725032122748
    ],
    "lomb_bands": {
        "hf": [
            0.15,
            0.4
        ],
        "lf": [
            0.04,
            0.15
        ],
        "ulf": null,
        "vlf": [
            0.0,
            0.04
        ]
    },
    "lomb_log": [
        5.966778620784267,
        7.143403555700383,
        7.8712062882903515
    ],
    "lomb_ma": "n/a",
    "lomb_nfft": 256.0,
    "lomb_norm": [
        32.56770877039058,
        67.43229122960942
    ],
    "lomb_peak": [
        0.03376470588235294,
        0.0852156862745098,
        0.29745098039215684
    ],
    "lomb_ratio": 0.482969037185706,
    "lomb_rel": [
        9.124943483194354,
        29.595923751321116,
        61.27913276548453
    ],
    "lomb_total": 4276.70058933809,
    "nn20": 158.0,
    "nn50": 115.0,
    "nni_counter": 191.0,
    "nni_diff_max": 477.0,
    "nni_diff_mean": 86.53684210526316,
    "nni_diff_min": 0.0,
    "nni_max": 1461.0,
    "nni_mean": 1254.8952879581152,
    "nni_min": 861.0,
    "pnn20": 83.15789473684211,
    "pnn50": 60.526315789473685,
    "rmssd": 113.57135480207563,
    "sampen": 1.6094379124341003,
    "sd1": 80.30682367008322,
    "sd2": 195.3255679805519,
    "sd_ratio": 2.4322412349788496,
    "sdann": "n/a",
    "sdnn": 149.41964758003868,
    "sdnn_index": "n/a",
    "sdsd": 73.74585423215302,
    "tinn": 273.4375,
    "tinn_m": 1445.3125,
    "tinn_n": 1171.875,
    "tri_index": 19.1
}