{
    "Comment": "None",
    "Name": "C:\\Users\\admin\\HRV-Bienestar-Tecnologia\\HRV_Reports\\Experiencia_Mindfullness\\22-03-2022_Test1\\HRV_video.json",
    "ar_abs": [
        2655.271175621397,
        5556.770628910803,
        10857.75638208288
    ],
    "ar_bands": {
        "hf": [
            0.15,
            0.4
        ],
        "lf": [
            0.04,
            0.15
        ],
        "ulf": null,
        "vlf": [
            0.0,
            0.04
        ]
    },
    "ar_interpolation": "cubic",
    "ar_log": [
        7.884302066170846,
        8.622772396363763,
        9.292634977492643
    ],
    "ar_nfft": 4096.0,
    "ar_norm": [
        33.85276118641212,
        66.14723881358788
    ],
    "ar_order": 16.0,
    "ar_peak": [
        0.0,
        0.0400390625,
        0.150390625
    ],
    "ar_ratio": 0.5117789010334038,
    "ar_rel": [
        13.923960545555788,
        29.139116075234874,
        56.93692337920934
    ],
    "ar_resampling_frequency": 4.0,
    "ar_total": 19069.79818661508,
    "dfa_alpha1": 1.041482698168298,
    "dfa_alpha1_beats": [
        4,
        5,
        6,
        7,
        8,
        9,
        10,
        11,
        12,
        13,
        14,
        15,
        16
    ],
    "dfa_alpha2": 1.342388351694765,
    "dfa_alpha2_beats": [
        17,
        18,
        19,
        20,
        21,
        22,
        23,
        24,
        25,
        26,
        27,
        28,
        29,
        30,
        31,
        32,
        33,
        34,
        35,
        36,
        37,
        38,
        39,
        40,
        41,
        42,
        43,
        44,
        45,
        46,
        47,
        48,
        49,
        50,
        51,
        52,
        53,
        54,
        55,
        56,
        57,
        58,
        59,
        60,
        61,
        62,
        63,
        64
    ],
    "ellipse_area": 51973.22798028547,
    "fft_abs": [
        15650.28233678698,
        4467.847775169627,
        3689.913640440919
    ],
    "fft_bands": {
        "hf": [
            0.15,
            0.4
        ],
        "lf": [
            0.04,
            0.15
        ],
        "ulf": null,
        "vlf": [
            0.0,
            0.04
        ]
    },
    "fft_interpolation": "cubic",
    "fft_log": [
        9.658244236494832,
        8.404662089592945,
        8.213358333086155
    ],
    "fft_nfft": 4096.0,
    "fft_norm": [
        54.76806132893313,
        45.23193867106687
    ],
    "fft_peak": [
        0.0068359375,
        0.04296875,
        0.294921875
    ],
    "fft_ratio": 1.210827192865075,
    "fft_rel": [
        65.73527207673649,
        18.766127203205027,
        15.498600720058473
    ],
    "fft_resampling_frequency": 4.0,
    "fft_total": 23808.043752397527,
    "fft_window": "hamming",
    "hr_max": 75.75757575757575,
    "hr_mean": 47.69952834323969,
    "hr_min": 41.49377593360996,
    "hr_std": 7.299283744623401,
    "lomb_abs": [
        511.4772345898663,
        1164.539963268247,
        2926.0780313339137
    ],
    "lomb_bands": {
        "hf": [
            0.15,
            0.4
        ],
        "lf": [
            0.04,
            0.15
        ],
        "ulf": null,
        "vlf": [
            0.0,
            0.04
        ]
    },
    "lomb_log": [
        6.237303077245522,
        7.060081406698834,
        7.981418249486239
    ],
    "lomb_ma": "n/a",
    "lomb_nfft": 256.0,
    "lomb_norm": [
        28.468558169081884,
        71.53144183091811
    ],
    "lomb_peak": [
        0.001607843137254902,
        0.0884313725490196,
        0.21062745098039215
    ],
    "lomb_ratio": 0.3979866397265445,
    "lomb_rel": [
        11.114008057579122,
        25.304560320293522,
        63.58143162212735
    ],
    "lomb_total": 4602.095229192028,
    "nn20": 157.0,
    "nn50": 117.0,
    "nni_counter": 187.0,
    "nni_diff_max": 293.0,
    "nni_diff_mean": 90.60215053763442,
    "nni_diff_min": 0.0,
    "nni_max": 1446.0,
    "nni_mean": 1281.1604278074867,
    "nni_min": 792.0,
    "pnn20": 84.40860215053763,
    "pnn50": 62.903225806451616,
    "rmssd": 114.82450377278653,
    "sampen": 1.2235333301804296,
    "sd1": 81.19318526411766,
    "sd2": 203.7559214999798,
    "sd_ratio": 2.509519990343663,
    "sdann": "n/a",
    "sdnn": 155.1253254554699,
    "sdnn_index": "n/a",
    "sdsd": 70.73057212541141,
    "tinn": 78.125,
    "tinn_m": 1437.5,
    "tinn_n": 1359.375,
    "tri_index": 10.38888888888889
}