{
    "Comment": "None",
    "Name": "C:\\Users\\admin\\HRV-Bienestar-Tecnologia\\HRV_Reports\\Experiencia_Mindfullness\\DanielaQuitana-14-03-2022\\HRV_olfative.json",
    "ar_abs": [
        2373.6409636611966,
        4996.91622383529,
        9085.345468989033
    ],
    "ar_bands": {
        "hf": [
            0.15,
            0.4
        ],
        "lf": [
            0.04,
            0.15
        ],
        "ulf": null,
        "vlf": [
            0.0,
            0.04
        ]
    },
    "ar_interpolation": "cubic",
    "ar_log": [
        7.772180326858194,
        8.51657624591155,
        9.114418006413182
    ],
    "ar_nfft": 4096.0,
    "ar_norm": [
        35.4837620038086,
        64.5162379961914
    ],
    "ar_order": 16.0,
    "ar_peak": [
        0.0,
        0.0400390625,
        0.150390625
    ],
    "ar_ratio": 0.5499973821459229,
    "ar_rel": [
        14.424252581037896,
        30.36549454712489,
        55.21025287183722
    ],
    "ar_resampling_frequency": 4.0,
    "ar_total": 16455.90265648552,
    "dfa_alpha1": 1.320128738094716,
    "dfa_alpha1_beats": [
        4,
        5,
        6,
        7,
        8,
        9,
        10,
        11,
        12,
        13,
        14,
        15,
        16
    ],
    "dfa_alpha2": 0.6359625810530934,
    "dfa_alpha2_beats": [
        17,
        18,
        19,
        20,
        21,
        22,
        23,
        24,
        25,
        26,
        27,
        28,
        29,
        30,
        31,
        32,
        33,
        34,
        35,
        36,
        37,
        38,
        39,
        40,
        41,
        42,
        43,
        44,
        45,
        46,
        47,
        48,
        49,
        50,
        51,
        52,
        53,
        54,
        55,
        56,
        57,
        58,
        59,
        60,
        61,
        62,
        63,
        64
    ],
    "ellipse_area": 6132.161481843477,
    "fft_abs": [
        471.7825947447891,
        981.1555433588862,
        1491.1849527485865
    ],
    "fft_bands": {
        "hf": [
            0.15,
            0.4
        ],
        "lf": [
            0.04,
            0.15
        ],
        "ulf": null,
        "vlf": [
            0.0,
            0.04
        ]
    },
    "fft_interpolation": "cubic",
    "fft_log": [
        6.156518275120525,
        6.888731002918094,
        7.307326353180701
    ],
    "fft_nfft": 4096.0,
    "fft_norm": [
        39.685291928989834,
        60.31470807101016
    ],
    "fft_peak": [
        0.0029296875,
        0.1494140625,
        0.158203125
    ],
    "fft_ratio": 0.6579703889516841,
    "fft_rel": [
        16.02455400763213,
        33.32590089074238,
        50.649545101625485
    ],
    "fft_resampling_frequency": 4.0,
    "fft_total": 2944.123090852262,
    "fft_window": "hamming",
    "hr_max": 114.72275334608031,
    "hr_mean": 93.41843571062473,
    "hr_min": 72.90400972053463,
    "hr_std": 9.843068009535786,
    "lomb_abs": [
        203.40326306329524,
        602.9796984526635,
        1326.9034732048738
    ],
    "lomb_bands": {
        "hf": [
            0.15,
            0.4
        ],
        "lf": [
            0.04,
            0.15
        ],
        "ulf": null,
        "vlf": [
            0.0,
            0.04
        ]
    },
    "lomb_log": [
        5.315190526078184,
        6.4018835285860645,
        7.190603291072218
    ],
    "lomb_ma": "n/a",
    "lomb_nfft": 256.0,
    "lomb_norm": [
        31.24436273180083,
        68.75563726819917
    ],
    "lomb_peak": [
        0.02411764705882353,
        0.14792156862745098,
        0.35211764705882354
    ],
    "lomb_ratio": 0.45442619650115534,
    "lomb_rel": [
        9.534737565136824,
        28.265294741424213,
        62.19996769343897
    ],
    "lomb_total": 2133.2864347208324,
    "nn20": 162.0,
    "nn50": 33.0,
    "nni_counter": 370.0,
    "nni_diff_max": 93.0,
    "nni_diff_mean": 21.718157181571815,
    "nni_diff_min": 0.0,
    "nni_max": 823.0,
    "nni_mean": 649.527027027027,
    "nni_min": 523.0,
    "pnn20": 43.90243902439025,
    "pnn50": 8.94308943089431,
    "rmssd": 28.79165416563446,
    "sampen": 1.0806443712519478,
    "sd1": 20.35685142190354,
    "sd2": 95.88553666241283,
    "sd_ratio": 4.710234145504547,
    "sdann": "n/a",
    "sdnn": 69.42154000070676,
    "sdnn_index": "n/a",
    "sdsd": 18.927542643138743,
    "tinn": 312.5,
    "tinn_m": 820.3125,
    "tinn_n": 507.8125,
    "tri_index": 18.5
}