{
    "Comment": "None",
    "Name": "C:\\Users\\admin\\HRV-Bienestar-Tecnologia\\HRV_Reports\\Experiencia_Mindfullness\\DanielaQuitana-14-03-2022\\HRV_sound.json",
    "ar_abs": [
        2368.3620382760378,
        4855.205296875384,
        8655.786226735388
    ],
    "ar_bands": {
        "hf": [
            0.15,
            0.4
        ],
        "lf": [
            0.04,
            0.15
        ],
        "ulf": null,
        "vlf": [
            0.0,
            0.04
        ]
    },
    "ar_interpolation": "cubic",
    "ar_log": [
        7.769953872103239,
        8.487806665490606,
        9.065983304239637
    ],
    "ar_nfft": 4096.0,
    "ar_norm": [
        35.93522568932709,
        64.0647743106729
    ],
    "ar_order": 16.0,
    "ar_peak": [
        0.0,
        0.0400390625,
        0.150390625
    ],
    "ar_ratio": 0.5609201948494251,
    "ar_rel": [
        14.914725772971737,
        30.57558532186546,
        54.509688905162804
    ],
    "ar_resampling_frequency": 4.0,
    "ar_total": 15879.35356188681,
    "dfa_alpha1": 1.4195346898772099,
    "dfa_alpha1_beats": [
        4,
        5,
        6,
        7,
        8,
        9,
        10,
        11,
        12,
        13,
        14,
        15,
        16
    ],
    "dfa_alpha2": 1.1719793608277727,
    "dfa_alpha2_beats": [
        17,
        18,
        19,
        20,
        21,
        22,
        23,
        24,
        25,
        26,
        27,
        28,
        29,
        30,
        31,
        32,
        33,
        34,
        35,
        36,
        37,
        38,
        39,
        40,
        41,
        42,
        43,
        44,
        45,
        46,
        47,
        48,
        49,
        50,
        51,
        52,
        53,
        54,
        55,
        56,
        57,
        58,
        59,
        60,
        61,
        62,
        63,
        64
    ],
    "ellipse_area": 3291.211410677582,
    "fft_abs": [
        1069.5388752686363,
        884.1599575944196,
        225.3698662395306
    ],
    "fft_bands": {
        "hf": [
            0.15,
            0.4
        ],
        "lf": [
            0.04,
            0.15
        ],
        "ulf": null,
        "vlf": [
            0.0,
            0.04
        ]
    },
    "fft_interpolation": "cubic",
    "fft_log": [
        6.974982876874134,
        6.784637993773618,
        5.417742902515426
    ],
    "fft_nfft": 4096.0,
    "fft_norm": [
        79.6878045638493,
        20.31219543615071
    ],
    "fft_peak": [
        0.015625,
        0.1015625,
        0.150390625
    ],
    "fft_ratio": 3.923150740368745,
    "fft_rel": [
        49.08238440160736,
        40.57513000661917,
        10.342485591773471
    ],
    "fft_resampling_frequency": 4.0,
    "fft_total": 2179.0686991025864,
    "fft_window": "hamming",
    "hr_max": 111.52416356877323,
    "hr_mean": 90.33322878279232,
    "hr_min": 73.61963190184049,
    "hr_std": 7.091350806894754,
    "lomb_abs": [
        222.4614488365384,
        627.2778034087743,
        1313.986174547013
    ],
    "lomb_bands": {
        "hf": [
            0.15,
            0.4
        ],
        "lf": [
            0.04,
            0.15
        ],
        "ulf": null,
        "vlf": [
            0.0,
            0.04
        ]
    },
    "lomb_log": [
        5.404753822938407,
        6.4413895101450365,
        7.1808206773354835
    ],
    "lomb_ma": "n/a",
    "lomb_nfft": 256.0,
    "lomb_norm": [
        32.312854435660924,
        67.68714556433909
    ],
    "lomb_peak": [
        0.02411764705882353,
        0.04180392156862745,
        0.37945098039215686
    ],
    "lomb_ratio": 0.47738539077477254,
    "lomb_rel": [
        10.281408448683461,
        28.990637889702096,
        60.72795366161445
    ],
    "lomb_total": 2163.7254267923254,
    "nn20": 106.0,
    "nn50": 12.0,
    "nni_counter": 360.0,
    "nni_diff_max": 100.0,
    "nni_diff_mean": 15.387186629526463,
    "nni_diff_min": 0.0,
    "nni_max": 815.0,
    "nni_mean": 668.1527777777778,
    "nni_min": 538.0,
    "pnn20": 29.526462395543174,
    "pnn50": 3.3426183844011144,
    "rmssd": 21.21018308019204,
    "sampen": 0.9971885802269541,
    "sd1": 14.997487135725361,
    "sd2": 69.85337743974704,
    "sd_ratio": 4.657672102505093,
    "sdann": "n/a",
    "sdnn": 50.71677314866781,
    "sdnn_index": "n/a",
    "sdsd": 14.618536967440487,
    "tinn": 187.5,
    "tinn_m": 757.8125,
    "tinn_n": 570.3125,
    "tri_index": 12.0
}