{
    "Comment": "None",
    "Name": "C:\\Users\\facartesvirtual1\\Documents\\HRV-Bienestar-Tecnologia\\HRV_Reports\\Grupo_Control\\11-03-2022_SorenMolano\\Momento_1.json",
    "ar_abs": [
        2477.8626358183087,
        5022.764392286464,
        9511.643469362145
    ],
    "ar_bands": {
        "hf": [
            0.15,
            0.4
        ],
        "lf": [
            0.04,
            0.15
        ],
        "ulf": null,
        "vlf": [
            0.0,
            0.04
        ]
    },
    "ar_interpolation": "cubic",
    "ar_log": [
        7.81515162716523,
        8.521735736873797,
        9.160271955473247
    ],
    "ar_nfft": 4096.0,
    "ar_norm": [
        34.55775040921923,
        65.44224959078078
    ],
    "ar_order": 16.0,
    "ar_peak": [
        0.0,
        0.0400390625,
        0.150390625
    ],
    "ar_ratio": 0.5280648300648818,
    "ar_rel": [
        14.56514952655647,
        29.524362389102265,
        55.91048808434126
    ],
    "ar_resampling_frequency": 4.0,
    "ar_total": 17012.270497466918,
    "dfa_alpha1": 0.9901132229879123,
    "dfa_alpha1_beats": [
        4,
        5,
        6,
        7,
        8,
        9,
        10,
        11,
        12,
        13,
        14,
        15,
        16
    ],
    "dfa_alpha2": 0.5765723477082357,
    "dfa_alpha2_beats": [
        17,
        18,
        19,
        20,
        21,
        22,
        23,
        24,
        25,
        26,
        27,
        28,
        29,
        30,
        31,
        32,
        33,
        34,
        35,
        36,
        37,
        38,
        39,
        40,
        41,
        42,
        43,
        44,
        45,
        46,
        47,
        48,
        49,
        50,
        51,
        52,
        53,
        54,
        55,
        56,
        57,
        58,
        59,
        60,
        61,
        62,
        63,
        64
    ],
    "ellipse_area": 7234.182726466732,
    "fft_abs": [
        468.60366228885584,
        408.35664352662104,
        446.8381353669007
    ],
    "fft_bands": {
        "hf": [
            0.15,
            0.4
        ],
        "lf": [
            0.04,
            0.15
        ],
        "ulf": null,
        "vlf": [
            0.0,
            0.04
        ]
    },
    "fft_interpolation": "cubic",
    "fft_log": [
        6.14975734142697,
        6.012140918869006,
        6.102196415761573
    ],
    "fft_nfft": 4096.0,
    "fft_norm": [
        47.750132905975626,
        52.24986709402437
    ],
    "fft_peak": [
        0.001953125,
        0.07421875,
        0.3427734375
    ],
    "fft_ratio": 0.9138804663378108,
    "fft_rel": [
        35.3984147216787,
        30.847342829765605,
        33.754242448555694
    ],
    "fft_resampling_frequency": 4.0,
    "fft_total": 1323.7984411823777,
    "fft_window": "hamming",
    "hr_max": 100.0,
    "hr_mean": 72.21804132663169,
    "hr_min": 62.95907660020986,
    "hr_std": 6.489930252006596,
    "lomb_abs": [
        301.0661463127811,
        771.8508883343935,
        1825.0864757476245
    ],
    "lomb_bands": {
        "hf": [
            0.15,
            0.4
        ],
        "lf": [
            0.04,
            0.15
        ],
        "ulf": null,
        "vlf": [
            0.0,
            0.04
        ]
    },
    "lomb_log": [
        5.707329995798204,
        6.648791381543031,
        7.509382648865308
    ],
    "lomb_ma": "n/a",
    "lomb_nfft": 256.0,
    "lomb_norm": [
        29.721582777073728,
        70.27841722292627
    ],
    "lomb_peak": [
        0.00803921568627451,
        0.10129411764705883,
        0.1623921568627451
    ],
    "lomb_ratio": 0.4229119543599786,
    "lomb_rel": [
        10.388743327359407,
        26.633883829534877,
        62.977372843105705
    ],
    "lomb_total": 2898.0035103947994,
    "nn20": 188.0,
    "nn50": 48.0,
    "nni_counter": 288.0,
    "nni_diff_max": 107.0,
    "nni_diff_mean": 30.853658536585368,
    "nni_diff_min": 0.0,
    "nni_max": 953.0,
    "nni_mean": 836.5694444444445,
    "nni_min": 600.0,
    "pnn20": 65.50522648083623,
    "pnn50": 16.72473867595819,
    "rmssd": 37.18973857198064,
    "sampen": 1.502405155583912,
    "sd1": 26.295589906630312,
    "sd2": 87.57026894892941,
    "sd_ratio": 3.3302264470913796,
    "sdann": "n/a",
    "sdnn": 64.77182171970222,
    "sdnn_index": "n/a",
    "sdsd": 20.799900287090924,
    "tinn": 148.4375,
    "tinn_m": 921.875,
    "tinn_n": 773.4375,
    "tri_index": 10.666666666666666
}