{
    "Comment": "None",
    "Name": "C:\\Users\\facartesvirtual1\\Documents\\HRV-Bienestar-Tecnologia\\HRV_Reports\\Grupo_Control\\11-03-2022_SorenMolano\\Momento_4.json",
    "ar_abs": [
        2519.369961311406,
        5211.742784705983,
        10474.728193055273
    ],
    "ar_bands": {
        "hf": [
            0.15,
            0.4
        ],
        "lf": [
            0.04,
            0.15
        ],
        "ulf": null,
        "vlf": [
            0.0,
            0.04
        ]
    },
    "ar_interpolation": "cubic",
    "ar_log": [
        7.831764133893803,
        8.558669586433322,
        9.256720796296666
    ],
    "ar_nfft": 4096.0,
    "ar_norm": [
        33.224444121910416,
        66.77555587808959
    ],
    "ar_order": 16.0,
    "ar_peak": [
        0.0,
        0.0400390625,
        0.263671875
    ],
    "ar_ratio": 0.49755398790790195,
    "ar_rel": [
        13.838250975292404,
        28.626762159174675,
        57.534986865532936
    ],
    "ar_resampling_frequency": 4.0,
    "ar_total": 18205.84093907266,
    "dfa_alpha1": 0.759033295842828,
    "dfa_alpha1_beats": [
        4,
        5,
        6,
        7,
        8,
        9,
        10,
        11,
        12,
        13,
        14,
        15,
        16
    ],
    "dfa_alpha2": 0.5675869352141798,
    "dfa_alpha2_beats": [
        17,
        18,
        19,
        20,
        21,
        22,
        23,
        24,
        25,
        26,
        27,
        28,
        29,
        30,
        31,
        32,
        33,
        34,
        35,
        36,
        37,
        38,
        39,
        40,
        41,
        42,
        43,
        44,
        45,
        46,
        47,
        48,
        49,
        50,
        51,
        52,
        53,
        54,
        55,
        56,
        57,
        58,
        59,
        60,
        61,
        62,
        63,
        64
    ],
    "ellipse_area": 20585.385121369258,
    "fft_abs": [
        821.8646423924072,
        2874.5708545311995,
        3309.6272057482865
    ],
    "fft_bands": {
        "hf": [
            0.15,
            0.4
        ],
        "lf": [
            0.04,
            0.15
        ],
        "ulf": null,
        "vlf": [
            0.0,
            0.04
        ]
    },
    "fft_interpolation": "cubic",
    "fft_log": [
        6.711575712874438,
        7.963658674100728,
        8.104590835366102
    ],
    "fft_nfft": 4096.0,
    "fft_norm": [
        46.48251602732929,
        53.5174839726707
    ],
    "fft_peak": [
        0.00390625,
        0.0830078125,
        0.2666015625
    ],
    "fft_ratio": 0.8685482309120904,
    "fft_rel": [
        11.73076344405216,
        41.02976202931966,
        47.23947452662818
    ],
    "fft_resampling_frequency": 4.0,
    "fft_total": 7006.062702671893,
    "fft_window": "hamming",
    "hr_max": 76.53061224489795,
    "hr_mean": 61.5566698536715,
    "hr_min": 49.71002485501243,
    "hr_std": 5.330709132178856,
    "lomb_abs": [
        303.99086294969334,
        948.1548749751847,
        2537.4225594619948
    ],
    "lomb_bands": {
        "hf": [
            0.15,
            0.4
        ],
        "lf": [
            0.04,
            0.15
        ],
        "ulf": null,
        "vlf": [
            0.0,
            0.04
        ]
    },
    "lomb_log": [
        5.716997644867994,
        6.854517859138547,
        7.838904104445723
    ],
    "lomb_ma": "n/a",
    "lomb_nfft": 256.0,
    "lomb_norm": [
        27.20223242230981,
        72.7977675776902
    ],
    "lomb_peak": [
        0.030549019607843137,
        0.04984313725490196,
        0.36498039215686273
    ],
    "lomb_ratio": 0.3736684973653818,
    "lomb_rel": [
        8.02178082287929,
        25.020128958461907,
        66.95809021865881
    ],
    "lomb_total": 3789.568297386873,
    "nn20": 205.0,
    "nn50": 150.0,
    "nni_counter": 244.0,
    "nni_diff_max": 292.0,
    "nni_diff_mean": 75.46913580246914,
    "nni_diff_min": 0.0,
    "nni_max": 1207.0,
    "nni_mean": 981.9262295081967,
    "nni_min": 784.0,
    "pnn20": 84.36213991769547,
    "pnn50": 61.72839506172839,
    "rmssd": 94.02597924862337,
    "sampen": 1.9241486572738007,
    "sd1": 66.4859474537783,
    "sd2": 98.55513602461532,
    "sd_ratio": 1.4823453646822413,
    "sdann": "n/a",
    "sdnn": 84.11051597546555,
    "sdnn_index": "n/a",
    "sdsd": 56.19867791004388,
    "tinn": 289.0625,
    "tinn_m": 1132.8125,
    "tinn_n": 843.75,
    "tri_index": 16.266666666666666
}