{
    "Comment": "None",
    "Name": "C:\\Users\\facartesvirtual1\\Documents\\HRV-Bienestar-Tecnologia\\HRV_Reports\\Grupo_Control\\11-03-2022_SorenMolano\\Momento_5.json",
    "ar_abs": [
        2554.412581434614,
        5310.853244593674,
        10163.009867023822
    ],
    "ar_bands": {
        "hf": [
            0.15,
            0.4
        ],
        "lf": [
            0.04,
            0.15
        ],
        "ulf": null,
        "vlf": [
            0.0,
            0.04
        ]
    },
    "ar_interpolation": "cubic",
    "ar_log": [
        7.845577566785645,
        8.57750778769147,
        9.226509924014382
    ],
    "ar_nfft": 4096.0,
    "ar_norm": [
        34.32144388434186,
        65.67855611565814
    ],
    "ar_order": 16.0,
    "ar_peak": [
        0.0,
        0.0400390625,
        0.150390625
    ],
    "ar_ratio": 0.5225669672747181,
    "ar_rel": [
        14.168923445180367,
        29.45846477508892,
        56.37261177973071
    ],
    "ar_resampling_frequency": 4.0,
    "ar_total": 18028.27569305211,
    "dfa_alpha1": 1.4328744809219423,
    "dfa_alpha1_beats": [
        4,
        5,
        6,
        7,
        8,
        9,
        10,
        11,
        12,
        13,
        14,
        15,
        16
    ],
    "dfa_alpha2": 1.3867803146817963,
    "dfa_alpha2_beats": [
        17,
        18,
        19,
        20,
        21,
        22,
        23,
        24,
        25,
        26,
        27,
        28,
        29,
        30,
        31,
        32,
        33,
        34,
        35,
        36,
        37,
        38,
        39,
        40,
        41,
        42,
        43,
        44,
        45,
        46,
        47,
        48,
        49,
        50,
        51,
        52,
        53,
        54,
        55,
        56,
        57,
        58,
        59,
        60,
        61,
        62,
        63,
        64
    ],
    "ellipse_area": 22343.819788594195,
    "fft_abs": [
        6236.320506198048,
        2205.520054625159,
        714.0153791616475
    ],
    "fft_bands": {
        "hf": [
            0.15,
            0.4
        ],
        "lf": [
            0.04,
            0.15
        ],
        "ulf": null,
        "vlf": [
            0.0,
            0.04
        ]
    },
    "fft_interpolation": "cubic",
    "fft_log": [
        8.738145624975926,
        7.698718612509847,
        6.570904501549697
    ],
    "fft_nfft": 4096.0,
    "fft_norm": [
        75.5435275455613,
        24.45647245443869
    ],
    "fft_peak": [
        0.00390625,
        0.08984375,
        0.2880859375
    ],
    "fft_ratio": 3.088897128819191,
    "fft_rel": [
        68.11291644468977,
        24.088627749081947,
        7.798455806228301
    ],
    "fft_resampling_frequency": 4.0,
    "fft_total": 9155.855939984853,
    "fft_window": "hamming",
    "hr_max": 116.50485436893204,
    "hr_mean": 79.17718847434841,
    "hr_min": 53.097345132743364,
    "hr_std": 14.613536248805405,
    "lomb_abs": [
        322.2658161283664,
        699.2821130081771,
        1409.8337670965975
    ],
    "lomb_bands": {
        "hf": [
            0.15,
            0.4
        ],
        "lf": [
            0.04,
            0.15
        ],
        "ulf": null,
        "vlf": [
            0.0,
            0.04
        ]
    },
    "lomb_log": [
        5.775376720920146,
        6.550054255958803,
        7.2512270807458
    ],
    "lomb_ma": "n/a",
    "lomb_nfft": 256.0,
    "lomb_norm": [
        33.155224879035046,
        66.84477512096497
    ],
    "lomb_peak": [
        0.00803921568627451,
        0.06431372549019608,
        0.22349019607843137
    ],
    "lomb_ratio": 0.49600323763579174,
    "lomb_rel": [
        13.254431281918514,
        28.76068838107779,
        57.984880337003695
    ],
    "lomb_total": 2431.381696233141,
    "nn20": 163.0,
    "nn50": 84.0,
    "nni_counter": 307.0,
    "nni_diff_max": 185.0,
    "nni_diff_mean": 36.58496732026144,
    "nni_diff_min": 0.0,
    "nni_max": 1130.0,
    "nni_mean": 782.3680781758958,
    "nni_min": 515.0,
    "pnn20": 53.26797385620915,
    "pnn50": 27.450980392156865,
    "rmssd": 53.37329997598797,
    "sampen": 0.7566761104961641,
    "sd1": 37.74058492386077,
    "sd2": 188.45120572898057,
    "sd_ratio": 4.993330286458699,
    "sdann": "n/a",
    "sdnn": 136.7102681185273,
    "sdnn_index": "n/a",
    "sdsd": 38.925582251335506,
    "tinn": 312.5,
    "tinn_m": 914.0625,
    "tinn_n": 601.5625,
    "tri_index": 25.583333333333332
}