{
    "Comment": "None",
    "Name": "C:\\Users\\admin\\HRV-Bienestar-Tecnologia\\HRV_Reports\\Experiencia_Mindfullness\\16-03-2022_LouisGualtero\\HRV_sound.json",
    "ar_abs": [
        2413.6812985175898,
        5003.293167230903,
        8855.38216536168
    ],
    "ar_bands": {
        "hf": [
            0.15,
            0.4
        ],
        "lf": [
            0.04,
            0.15
        ],
        "ulf": null,
        "vlf": [
            0.0,
            0.04
        ]
    },
    "ar_interpolation": "cubic",
    "ar_log": [
        7.788908370786685,
        8.517851608058601,
        9.08878070742926
    ],
    "ar_nfft": 4096.0,
    "ar_norm": [
        36.10224676715132,
        63.897753232848686
    ],
    "ar_order": 16.0,
    "ar_peak": [
        0.0,
        0.0400390625,
        0.150390625
    ],
    "ar_ratio": 0.5650002533828029,
    "ar_rel": [
        14.833016220299724,
        30.74719464828713,
        54.41978913141314
    ],
    "ar_resampling_frequency": 4.0,
    "ar_total": 16272.356631110173,
    "dfa_alpha1": 1.5627790905648749,
    "dfa_alpha1_beats": [
        4,
        5,
        6,
        7,
        8,
        9,
        10,
        11,
        12,
        13,
        14,
        15,
        16
    ],
    "dfa_alpha2": 0.6589441172009979,
    "dfa_alpha2_beats": [
        17,
        18,
        19,
        20,
        21,
        22,
        23,
        24,
        25,
        26,
        27,
        28,
        29,
        30,
        31,
        32,
        33,
        34,
        35,
        36,
        37,
        38,
        39,
        40,
        41,
        42,
        43,
        44,
        45,
        46,
        47,
        48,
        49,
        50,
        51,
        52,
        53,
        54,
        55,
        56,
        57,
        58,
        59,
        60,
        61,
        62,
        63,
        64
    ],
    "ellipse_area": 2804.1776318200664,
    "fft_abs": [
        577.3000013377274,
        912.6542831634566,
        159.33217278033896
    ],
    "fft_bands": {
        "hf": [
            0.15,
            0.4
        ],
        "lf": [
            0.04,
            0.15
        ],
        "ulf": null,
        "vlf": [
            0.0,
            0.04
        ]
    },
    "fft_interpolation": "cubic",
    "fft_log": [
        6.358362064384101,
        6.816357148604072,
        5.070991159991415
    ],
    "fft_nfft": 4096.0,
    "fft_norm": [
        85.13673639280637,
        14.863263607193632
    ],
    "fft_peak": [
        0.0048828125,
        0.0888671875,
        0.1806640625
    ],
    "fft_ratio": 5.7279974736908565,
    "fft_rel": [
        35.00301592782593,
        55.33631099280119,
        9.660673079372891
    ],
    "fft_resampling_frequency": 4.0,
    "fft_total": 1649.2864572815229,
    "fft_window": "hamming",
    "hr_max": 104.16666666666667,
    "hr_mean": 88.79634316449823,
    "hr_min": 67.87330316742081,
    "hr_std": 5.763554140175991,
    "lomb_abs": [
        161.43522962765684,
        565.008525899065,
        1531.4529495705297
    ],
    "lomb_bands": {
        "hf": [
            0.15,
            0.4
        ],
        "lf": [
            0.04,
            0.15
        ],
        "ulf": null,
        "vlf": [
            0.0,
            0.04
        ]
    },
    "lomb_log": [
        5.084104007281562,
        6.336840821119427,
        7.333972204005627
    ],
    "lomb_ma": "n/a",
    "lomb_nfft": 256.0,
    "lomb_norm": [
        26.95057994197134,
        73.04942005802866
    ],
    "lomb_peak": [
        0.01607843137254902,
        0.11898039215686275,
        0.29905882352941177
    ],
    "lomb_ratio": 0.3689362615139513,
    "lomb_rel": [
        7.149805802152652,
        25.02366581356649,
        67.82652838428086
    ],
    "lomb_total": 2257.8967050972515,
    "nn20": 95.0,
    "nn50": 7.0,
    "nni_counter": 354.0,
    "nni_diff_max": 116.0,
    "nni_diff_mean": 14.6657223796034,
    "nni_diff_min": 0.0,
    "nni_max": 884.0,
    "nni_mean": 678.5932203389831,
    "nni_min": 576.0,
    "pnn20": 26.912181303116146,
    "pnn50": 1.9830028328611897,
    "rmssd": 20.42057785666214,
    "sampen": 0.9383027769621942,
    "sd1": 14.439012060967338,
    "sd2": 61.81845815038246,
    "sd_ratio": 4.2813495749819985,
    "sdann": "n/a",
    "sdnn": 44.932036298361986,
    "sdnn_index": "n/a",
    "sdsd": 14.229905612907395,
    "tinn": 179.6875,
    "tinn_m": 781.25,
    "tinn_n": 601.5625,
    "tri_index": 12.642857142857142
}