{
    "Comment": "None",
    "Name": "C:\\Users\\admin\\HRV-Bienestar-Tecnologia\\HRV_Reports\\Experiencia_Mindfullness\\16-03-2022_LouisGualtero\\HRV_baseline.json",
    "ar_abs": [
        2571.885656532876,
        5433.563912787439,
        10630.931687614335
    ],
    "ar_bands": {
        "hf": [
            0.15,
            0.4
        ],
        "lf": [
            0.04,
            0.15
        ],
        "ulf": null,
        "vlf": [
            0.0,
            0.04
        ]
    },
    "ar_interpolation": "cubic",
    "ar_log": [
        7.852394627344724,
        8.600350535162619,
        9.271523114495627
    ],
    "ar_nfft": 4096.0,
    "ar_norm": [
        33.82343304106944,
        66.17656695893058
    ],
    "ar_order": 16.0,
    "ar_peak": [
        0.0,
        0.0400390625,
        0.150390625
    ],
    "ar_ratio": 0.5111089105311308,
    "ar_rel": [
        13.800349011296763,
        29.15568123379959,
        57.04396975490366
    ],
    "ar_resampling_frequency": 4.0,
    "ar_total": 18636.38125693465,
    "dfa_alpha1": 1.2690073931420245,
    "dfa_alpha1_beats": [
        4,
        5,
        6,
        7,
        8,
        9,
        10,
        11,
        12,
        13,
        14,
        15,
        16
    ],
    "dfa_alpha2": 0.7126290261801234,
    "dfa_alpha2_beats": [
        17,
        18,
        19,
        20,
        21,
        22,
        23,
        24,
        25,
        26,
        27,
        28,
        29,
        30,
        31,
        32,
        33,
        34,
        35,
        36,
        37,
        38,
        39,
        40,
        41,
        42,
        43,
        44,
        45,
        46,
        47,
        48,
        49,
        50,
        51,
        52,
        53,
        54,
        55,
        56,
        57,
        58,
        59,
        60,
        61,
        62,
        63,
        64
    ],
    "ellipse_area": 32409.528795671995,
    "fft_abs": [
        685.7921206790168,
        1374.9322796106787,
        1347.3778407731706
    ],
    "fft_bands": {
        "hf": [
            0.15,
            0.4
        ],
        "lf": [
            0.04,
            0.15
        ],
        "ulf": null,
        "vlf": [
            0.0,
            0.04
        ]
    },
    "fft_interpolation": "cubic",
    "fft_log": [
        6.530574550722539,
        7.226159757695558,
        7.205915642475612
    ],
    "fft_nfft": 4096.0,
    "fft_norm": [
        50.506085596772905,
        49.49391440322709
    ],
    "fft_peak": [
        0.0302734375,
        0.068359375,
        0.1630859375
    ],
    "fft_ratio": 1.0204504171017807,
    "fft_rel": [
        20.122404557474265,
        40.343046726846026,
        39.534548715679705
    ],
    "fft_resampling_frequency": 4.0,
    "fft_total": 3408.102241062866,
    "fft_window": "hamming",
    "hr_max": 217.3913043478261,
    "hr_mean": 76.20993332781477,
    "hr_min": 44.0852314474651,
    "hr_std": 17.149172179984998,
    "lomb_abs": [
        347.66576334862884,
        1246.972031805776,
        2390.2541968063356
    ],
    "lomb_bands": {
        "hf": [
            0.15,
            0.4
        ],
        "lf": [
            0.04,
            0.15
        ],
        "ulf": null,
        "vlf": [
            0.0,
            0.04
        ]
    },
    "lomb_log": [
        5.8512415680990735,
        7.128473517045017,
        7.779154997766267
    ],
    "lomb_ma": "n/a",
    "lomb_nfft": 256.0,
    "lomb_norm": [
        34.283598363954226,
        65.71640163604577
    ],
    "lomb_peak": [
        0.009647058823529411,
        0.0852156862745098,
        0.1704313725490196
    ],
    "lomb_ratio": 0.5216901338242096,
    "lomb_rel": [
        8.724596903756032,
        31.29249260259652,
        59.982910493647445
    ],
    "lomb_total": 3984.8919919607406,
    "nn20": 114.0,
    "nn50": 35.0,
    "nni_counter": 188.0,
    "nni_diff_max": 692.0,
    "nni_diff_mean": 46.903743315508024,
    "nni_diff_min": 0.0,
    "nni_max": 1361.0,
    "nni_mean": 808.9734042553191,
    "nni_min": 276.0,
    "pnn20": 60.962566844919785,
    "pnn50": 18.71657754010695,
    "rmssd": 105.8721608285326,
    "sampen": 1.0746795224564816,
    "sd1": 74.86209690207146,
    "sd2": 137.80369304530106,
    "sd_ratio": 1.8407672072766639,
    "sdann": "n/a",
    "sdnn": 110.97021971328785,
    "sdnn_index": "n/a",
    "sdsd": 95.17031330356832,
    "tinn": 164.0625,
    "tinn_m": 921.875,
    "tinn_n": 757.8125,
    "tri_index": 11.75
}