{
    "Comment": "None",
    "Name": "C:\\Users\\facartesvirtual1\\Documents\\HRV-Bienestar-Tecnologia\\HRV_Reports\\Experiencia_Mindfullness\\JosePineda_08-04-2022\\HRV_final.json",
    "ar_abs": [
        2552.950788761356,
        5449.265826654965,
        10235.365765493865
    ],
    "ar_bands": {
        "hf": [
            0.15,
            0.4
        ],
        "lf": [
            0.04,
            0.15
        ],
        "ulf": null,
        "vlf": [
            0.0,
            0.04
        ]
    },
    "ar_interpolation": "cubic",
    "ar_log": [
        7.845005141208212,
        8.603236167877476,
        9.233604234192937
    ],
    "ar_nfft": 4096.0,
    "ar_norm": [
        34.74270845725617,
        65.25729154274381
    ],
    "ar_order": 16.0,
    "ar_peak": [
        0.0,
        0.0400390625,
        0.150390625
    ],
    "ar_ratio": 0.5323958079764854,
    "ar_rel": [
        13.998296130706473,
        29.87932124358145,
        56.12238262571208
    ],
    "ar_resampling_frequency": 4.0,
    "ar_total": 18237.582380910186,
    "dfa_alpha1": 1.0809548282482815,
    "dfa_alpha1_beats": [
        4,
        5,
        6,
        7,
        8,
        9,
        10,
        11,
        12,
        13,
        14,
        15,
        16
    ],
    "dfa_alpha2": 0.5766775018188743,
    "dfa_alpha2_beats": [
        17,
        18,
        19,
        20,
        21,
        22,
        23,
        24,
        25,
        26,
        27,
        28,
        29,
        30,
        31,
        32,
        33,
        34,
        35,
        36,
        37,
        38,
        39,
        40,
        41,
        42,
        43,
        44,
        45,
        46,
        47,
        48,
        49,
        50,
        51,
        52,
        53,
        54,
        55,
        56,
        57,
        58,
        59,
        60,
        61,
        62,
        63,
        64
    ],
    "ellipse_area": 23030.346155086547,
    "fft_abs": [
        1881.3865627267885,
        4896.096001748599,
        2703.9121524631864
    ],
    "fft_bands": {
        "hf": [
            0.15,
            0.4
        ],
        "lf": [
            0.04,
            0.15
        ],
        "ulf": null,
        "vlf": [
            0.0,
            0.04
        ]
    },
    "fft_interpolation": "cubic",
    "fft_log": [
        7.53976431734523,
        8.49619343220021,
        7.902454948640725
    ],
    "fft_nfft": 4096.0,
    "fft_norm": [
        64.42224669239693,
        35.577753307603075
    ],
    "fft_peak": [
        0.03515625,
        0.0908203125,
        0.1533203125
    ],
    "fft_ratio": 1.8107452186597097,
    "fft_rel": [
        19.842930485381853,
        51.638985064103395,
        28.518084450514753
    ],
    "fft_resampling_frequency": 4.0,
    "fft_total": 9481.394716938574,
    "fft_window": "hamming",
    "hr_max": 96.30818619582665,
    "hr_mean": 65.33971246209599,
    "hr_min": 49.71002485501243,
    "hr_std": 7.825562975152286,
    "lomb_abs": [
        230.77386741466987,
        812.6236722652798,
        2233.134502760327
    ],
    "lomb_bands": {
        "hf": [
            0.15,
            0.4
        ],
        "lf": [
            0.04,
            0.15
        ],
        "ulf": null,
        "vlf": [
            0.0,
            0.04
        ]
    },
    "lomb_log": [
        5.441438302117102,
        6.700268114639624,
        7.711161484132886
    ],
    "lomb_ma": "n/a",
    "lomb_nfft": 256.0,
    "lomb_norm": [
        26.680505331269373,
        73.31949466873063
    ],
    "lomb_peak": [
        0.009647058823529411,
        0.11898039215686275,
        0.15435294117647058
    ],
    "lomb_ratio": 0.3638937427462672,
    "lomb_rel": [
        7.043235482684168,
        24.801334512817967,
        68.15543000449786
    ],
    "lomb_total": 3276.5320424402767,
    "nn20": 200.0,
    "nn50": 125.0,
    "nni_counter": 259.0,
    "nni_diff_max": 469.0,
    "nni_diff_mean": 58.406976744186046,
    "nni_diff_min": 0.0,
    "nni_max": 1207.0,
    "nni_mean": 929.6332046332046,
    "nni_min": 623.0,
    "pnn20": 77.51937984496125,
    "pnn50": 48.44961240310077,
    "rmssd": 84.60228431684281,
    "sampen": 1.327899394630725,
    "sd1": 59.820510340722045,
    "sd2": 122.54637785008265,
    "sd_ratio": 2.0485679101045844,
    "sdann": "n/a",
    "sdnn": 96.61431664096474,
    "sdnn_index": "n/a",
    "sdsd": 61.32493882868429,
    "tinn": 156.25,
    "tinn_m": 1031.25,
    "tinn_n": 875.0,
    "tri_index": 11.26086956521739
}