{
    "Comment": "None",
    "Name": "C:\\Users\\facartesvirtual1\\Documents\\HRV-Bienestar-Tecnologia\\HRV_Reports\\Experiencia_Mindfullness\\JosePineda_08-04-2022\\HRV_interactive.json",
    "ar_abs": [
        2500.7798747401966,
        5229.4189189900835,
        9166.941626400487
    ],
    "ar_bands": {
        "hf": [
            0.15,
            0.4
        ],
        "lf": [
            0.04,
            0.15
        ],
        "ulf": null,
        "vlf": [
            0.0,
            0.04
        ]
    },
    "ar_interpolation": "cubic",
    "ar_log": [
        7.824357912106119,
        8.562055445530687,
        9.12335899014402
    ],
    "ar_nfft": 4096.0,
    "ar_norm": [
        36.324589832979974,
        63.675410167020026
    ],
    "ar_order": 16.0,
    "ar_peak": [
        0.0,
        0.0400390625,
        0.150390625
    ],
    "ar_ratio": 0.5704649524471206,
    "ar_rel": [
        14.80001830227344,
        30.94854388947318,
        54.25143780825338
    ],
    "ar_resampling_frequency": 4.0,
    "ar_total": 16897.140420130767,
    "dfa_alpha1": 1.702310266321678,
    "dfa_alpha1_beats": [
        4,
        5,
        6,
        7,
        8,
        9,
        10,
        11,
        12,
        13,
        14,
        15,
        16
    ],
    "dfa_alpha2": 0.4997662763440475,
    "dfa_alpha2_beats": [
        17,
        18,
        19,
        20,
        21,
        22,
        23,
        24,
        25,
        26,
        27,
        28,
        29,
        30,
        31,
        32,
        33,
        34,
        35,
        36,
        37,
        38,
        39,
        40,
        41,
        42,
        43,
        44,
        45,
        46,
        47,
        48,
        49,
        50,
        51,
        52,
        53,
        54,
        55,
        56,
        57,
        58,
        59,
        60,
        61,
        62,
        63,
        64
    ],
    "ellipse_area": 9053.703539061524,
    "fft_abs": [
        1053.274698452166,
        5258.5699314079375,
        360.24897524552114
    ],
    "fft_bands": {
        "hf": [
            0.15,
            0.4
        ],
        "lf": [
            0.04,
            0.15
        ],
        "ulf": null,
        "vlf": [
            0.0,
            0.04
        ]
    },
    "fft_interpolation": "cubic",
    "fft_log": [
        6.959659350337013,
        8.567614392608546,
        5.886795390310759
    ],
    "fft_nfft": 4096.0,
    "fft_norm": [
        93.58852845712937,
        6.411471542870629
    ],
    "fft_peak": [
        0.0390625,
        0.1005859375,
        0.158203125
    ],
    "fft_ratio": 14.597043413722565,
    "fft_rel": [
        15.786269809616854,
        78.81439084403688,
        5.3993393463462676
    ],
    "fft_resampling_frequency": 4.0,
    "fft_total": 6672.093605105624,
    "fft_window": "hamming",
    "hr_max": 108.499095840868,
    "hr_mean": 89.03470997895961,
    "hr_min": 62.95907660020986,
    "hr_std": 10.114822745576808,
    "lomb_abs": [
        157.74852292314503,
        706.4179385509775,
        1199.706273875003
    ],
    "lomb_bands": {
        "hf": [
            0.15,
            0.4
        ],
        "lf": [
            0.04,
            0.15
        ],
        "ulf": null,
        "vlf": [
            0.0,
            0.04
        ]
    },
    "lomb_log": [
        5.061002137974285,
        6.560207043292033,
        7.089832034043762
    ],
    "lomb_ma": "n/a",
    "lomb_nfft": 256.0,
    "lomb_norm": [
        37.06043572322596,
        62.93956427677404
    ],
    "lomb_peak": [
        0.017686274509803923,
        0.12058823529411765,
        0.29584313725490197
    ],
    "lomb_ratio": 0.5888257433790656,
    "lomb_rel": [
        7.643326074388991,
        34.22778577631045,
        58.12888814930055
    ],
    "lomb_total": 2063.872735349126,
    "nn20": 142.0,
    "nn50": 34.0,
    "nni_counter": 353.0,
    "nni_diff_max": 307.0,
    "nni_diff_mean": 21.630681818181817,
    "nni_diff_min": 0.0,
    "nni_max": 953.0,
    "nni_mean": 683.3909348441927,
    "nni_min": 553.0,
    "pnn20": 40.340909090909086,
    "pnn50": 9.659090909090908,
    "rmssd": 35.015986608716574,
    "sampen": 0.5344810511009386,
    "sd1": 24.753092458525874,
    "sd2": 116.4251839599068,
    "sd_ratio": 4.703460149675387,
    "sdann": "n/a",
    "sdnn": 84.57537740408871,
    "sdnn_index": "n/a",
    "sdsd": 27.575226744636755,
    "tinn": 195.3125,
    "tinn_m": 773.4375,
    "tinn_n": 578.125,
    "tri_index": 14.12
}