{
    "Comment": "None",
    "Name": "C:\\Users\\facartesvirtual1\\Documents\\HRV-Bienestar-Tecnologia\\HRV_Reports\\Experiencia_Mindfullness\\JosePineda_08-04-2022\\HRV_sound.json",
    "ar_abs": [
        2455.441705777268,
        5137.492252034609,
        8744.43848394469
    ],
    "ar_bands": {
        "hf": [
            0.15,
            0.4
        ],
        "lf": [
            0.04,
            0.15
        ],
        "ulf": null,
        "vlf": [
            0.0,
            0.04
        ]
    },
    "ar_interpolation": "cubic",
    "ar_log": [
        7.80606194493167,
        8.544320350683568,
        9.076173175436288
    ],
    "ar_nfft": 4096.0,
    "ar_norm": [
        37.00848498486753,
        62.99151501513248
    ],
    "ar_order": 16.0,
    "ar_peak": [
        0.0,
        0.0400390625,
        0.150390625
    ],
    "ar_ratio": 0.5875153975257932,
    "ar_rel": [
        15.029599860877402,
        31.446257777069043,
        53.52414236205355
    ],
    "ar_resampling_frequency": 4.0,
    "ar_total": 16337.372441756568,
    "dfa_alpha1": 1.85871767481761,
    "dfa_alpha1_beats": [
        4,
        5,
        6,
        7,
        8,
        9,
        10,
        11,
        12,
        13,
        14,
        15,
        16
    ],
    "dfa_alpha2": 0.8331811864557317,
    "dfa_alpha2_beats": [
        17,
        18,
        19,
        20,
        21,
        22,
        23,
        24,
        25,
        26,
        27,
        28,
        29,
        30,
        31,
        32,
        33,
        34,
        35,
        36,
        37,
        38,
        39,
        40,
        41,
        42,
        43,
        44,
        45,
        46,
        47,
        48,
        49,
        50,
        51,
        52,
        53,
        54,
        55,
        56,
        57,
        58,
        59,
        60,
        61,
        62,
        63,
        64
    ],
    "ellipse_area": 5804.475387034537,
    "fft_abs": [
        4075.231098462502,
        5645.343536834853,
        422.2326235688597
    ],
    "fft_bands": {
        "hf": [
            0.15,
            0.4
        ],
        "lf": [
            0.04,
            0.15
        ],
        "ulf": null,
        "vlf": [
            0.0,
            0.04
        ]
    },
    "fft_interpolation": "cubic",
    "fft_log": [
        8.312682735346081,
        8.638586331567288,
        6.045556402843179
    ],
    "fft_nfft": 4096.0,
    "fft_norm": [
        93.04116483408482,
        6.958835165915182
    ],
    "fft_peak": [
        0.0341796875,
        0.0400390625,
        0.1923828125
    ],
    "fft_ratio": 13.370221109677432,
    "fft_rel": [
        40.178532377219206,
        55.65859029708016,
        4.162877325700634
    ],
    "fft_resampling_frequency": 4.0,
    "fft_total": 10142.807258866214,
    "fft_window": "hamming",
    "hr_max": 113.20754716981132,
    "hr_mean": 97.68249225507785,
    "hr_min": 59.11330049261084,
    "hr_std": 8.535108785537627,
    "lomb_abs": [
        210.56574304764786,
        473.6724143915703,
        1475.6358010670158
    ],
    "lomb_bands": {
        "hf": [
            0.15,
            0.4
        ],
        "lf": [
            0.04,
            0.15
        ],
        "ulf": null,
        "vlf": [
            0.0,
            0.04
        ]
    },
    "lomb_log": [
        5.349797922877302,
        6.160515973890703,
        7.296844227468738
    ],
    "lomb_ma": "n/a",
    "lomb_nfft": 256.0,
    "lomb_norm": [
        24.299513572825944,
        75.70048642717406
    ],
    "lomb_peak": [
        0.00803921568627451,
        0.11415686274509804,
        0.15113725490196078
    ],
    "lomb_ratio": 0.32099547466188005,
    "lomb_rel": [
        9.748982907932037,
        21.930558147900516,
        68.32045894416746
    ],
    "lomb_total": 2159.873958506234,
    "nn20": 89.0,
    "nn50": 20.0,
    "nni_counter": 388.0,
    "nni_diff_max": 331.0,
    "nni_diff_mean": 15.34625322997416,
    "nni_diff_min": 0.0,
    "nni_max": 1015.0,
    "nni_mean": 619.909793814433,
    "nni_min": 530.0,
    "pnn20": 22.997416020671835,
    "pnn50": 5.167958656330749,
    "rmssd": 28.541868244634177,
    "sampen": 0.5608732806609632,
    "sd1": 20.182104830615987,
    "sd2": 91.54753259435851,
    "sd_ratio": 4.536074575109833,
    "sdann": "n/a",
    "sdnn": 66.30249064394529,
    "sdnn_index": "n/a",
    "sdsd": 24.096287959731455,
    "tinn": 117.1875,
    "tinn_m": 664.0625,
    "tinn_n": 546.875,
    "tri_index": 8.622222222222222
}