{
    "Comment": "None",
    "Name": "C:\\Users\\admin\\HRV-Bienestar-Tecnologia\\HRV_Reports\\Grupo_Control\\10-03-2022_ElianaArciniegas\\Momento_5.json",
    "ar_abs": [
        2616.6958434970775,
        5713.974402037852,
        12306.974776424915
    ],
    "ar_bands": {
        "hf": [
            0.15,
            0.4
        ],
        "lf": [
            0.04,
            0.15
        ],
        "ulf": null,
        "vlf": [
            0.0,
            0.04
        ]
    },
    "ar_interpolation": "cubic",
    "ar_log": [
        7.869667672427228,
        8.650670102913315,
        9.417921435639474
    ],
    "ar_nfft": 4096.0,
    "ar_norm": [
        31.707399790388113,
        68.29260020961188
    ],
    "ar_order": 16.0,
    "ar_peak": [
        0.0,
        0.0400390625,
        0.25390625
    ],
    "ar_ratio": 0.46428748785473006,
    "ar_rel": [
        12.679236612087944,
        27.68714354742413,
        59.63361984048793
    ],
    "ar_resampling_frequency": 4.0,
    "ar_total": 20637.645021959845,
    "dfa_alpha1": 0.683191424308814,
    "dfa_alpha1_beats": [
        4,
        5,
        6,
        7,
        8,
        9,
        10,
        11,
        12,
        13,
        14,
        15,
        16
    ],
    "dfa_alpha2": 0.8744275726694998,
    "dfa_alpha2_beats": [
        17,
        18,
        19,
        20,
        21,
        22,
        23,
        24,
        25,
        26,
        27,
        28,
        29,
        30,
        31,
        32,
        33,
        34,
        35,
        36,
        37,
        38,
        39,
        40,
        41,
        42,
        43,
        44,
        45,
        46,
        47,
        48,
        49,
        50,
        51,
        52,
        53,
        54,
        55,
        56,
        57,
        58,
        59,
        60,
        61,
        62,
        63,
        64
    ],
    "ellipse_area": 88081.54851149194,
    "fft_abs": [
        1771.909998656459,
        1072.6726635627476,
        1421.6116831259983
    ],
    "fft_bands": {
        "hf": [
            0.15,
            0.4
        ],
        "lf": [
            0.04,
            0.15
        ],
        "ulf": null,
        "vlf": [
            0.0,
            0.04
        ]
    },
    "fft_interpolation": "cubic",
    "fft_log": [
        7.479813339049202,
        6.977908629511302,
        7.2595464951001425
    ],
    "fft_nfft": 4096.0,
    "fft_norm": [
        43.00522773142364,
        56.99477226857635
    ],
    "fft_peak": [
        0.0009765625,
        0.1494140625,
        0.1865234375
    ],
    "fft_ratio": 0.7545468824538888,
    "fft_rel": [
        41.5337383912144,
        25.143548950908162,
        33.32271265787744
    ],
    "fft_resampling_frequency": 4.0,
    "fft_total": 4266.194345345205,
    "fft_window": "hamming",
    "hr_max": 279.06976744186045,
    "hr_mean": 86.84003880895105,
    "hr_min": 30.0,
    "hr_std": 26.58878554727687,
    "lomb_abs": [
        312.4577247473029,
        585.3310176635705,
        1290.7646498493282
    ],
    "lomb_bands": {
        "hf": [
            0.15,
            0.4
        ],
        "lf": [
            0.04,
            0.15
        ],
        "ulf": null,
        "vlf": [
            0.0,
            0.04
        ]
    },
    "lomb_log": [
        5.744469179216551,
        6.372177529363495,
        7.162990073568933
    ],
    "lomb_ma": "n/a",
    "lomb_nfft": 256.0,
    "lomb_norm": [
        31.199422705321407,
        68.80057729467859
    ],
    "lomb_peak": [
        0.00803921568627451,
        0.12701960784313726,
        0.3263921568627451
    ],
    "lomb_ratio": 0.453476176103751,
    "lomb_rel": [
        14.27690664766538,
        26.745110251072152,
        58.97798310126247
    ],
    "lomb_total": 2188.5533922602017,
    "nn20": 198.0,
    "nn50": 86.0,
    "nni_counter": 360.0,
    "nni_diff_max": 1516.0,
    "nni_diff_mean": 94.86908077994428,
    "nni_diff_min": 0.0,
    "nni_max": 2000.0,
    "nni_mean": 730.4611111111111,
    "nni_min": 215.0,
    "pnn20": 55.15320334261838,
    "pnn50": 23.955431754874652,
    "rmssd": 239.3088935207086,
    "sampen": 0.4880317294214515,
    "sd1": 169.21510727888614,
    "sd2": 165.6898614576796,
    "sd_ratio": 0.9791670739220907,
    "sdann": "n/a",
    "sdnn": 169.1718107354429,
    "sdnn_index": "n/a",
    "sdsd": 220.00780107294278,
    "tinn": 171.875,
    "tinn_m": 804.6875,
    "tinn_n": 632.8125,
    "tri_index": 12.413793103448276
}