{
    "Comment": "None",
    "Name": "C:\\Users\\admin\\HRV-Bienestar-Tecnologia\\HRV_Reports\\Grupo_Control\\10-03-2022_ElianaArciniegas\\Momento_3.json",
    "ar_abs": [
        2527.2425558933246,
        5489.487490760753,
        10443.699556297097
    ],
    "ar_bands": {
        "hf": [
            0.15,
            0.4
        ],
        "lf": [
            0.04,
            0.15
        ],
        "ulf": null,
        "vlf": [
            0.0,
            0.04
        ]
    },
    "ar_interpolation": "cubic",
    "ar_log": [
        7.834884088493505,
        8.6105901769147,
        9.253754162294658
    ],
    "ar_nfft": 4096.0,
    "ar_norm": [
        34.45316668001093,
        65.54683331998906
    ],
    "ar_order": 16.0,
    "ar_peak": [
        0.0,
        0.0400390625,
        0.150390625
    ],
    "ar_ratio": 0.5256267150514523,
    "ar_rel": [
        13.690052779103837,
        29.736509977444815,
        56.57343724345134
    ],
    "ar_resampling_frequency": 4.0,
    "ar_total": 18460.429602951175,
    "dfa_alpha1": 1.1666443676081213,
    "dfa_alpha1_beats": [
        4,
        5,
        6,
        7,
        8,
        9,
        10,
        11,
        12,
        13,
        14,
        15,
        16
    ],
    "dfa_alpha2": 0.7048288269400675,
    "dfa_alpha2_beats": [
        17,
        18,
        19,
        20,
        21,
        22,
        23,
        24,
        25,
        26,
        27,
        28,
        29,
        30,
        31,
        32,
        33,
        34,
        35,
        36,
        37,
        38,
        39,
        40,
        41,
        42,
        43,
        44,
        45,
        46,
        47,
        48,
        49,
        50,
        51,
        52,
        53,
        54,
        55,
        56,
        57,
        58,
        59,
        60,
        61,
        62,
        63,
        64
    ],
    "ellipse_area": 27383.465126100535,
    "fft_abs": [
        5317.547864411164,
        3935.2853759130503,
        4242.3846787712855
    ],
    "fft_bands": {
        "hf": [
            0.15,
            0.4
        ],
        "lf": [
            0.04,
            0.15
        ],
        "ulf": null,
        "vlf": [
            0.0,
            0.04
        ]
    },
    "fft_interpolation": "cubic",
    "fft_log": [
        8.578767548333582,
        8.27773868069025,
        8.35288081436328
    ],
    "fft_nfft": 4096.0,
    "fft_norm": [
        48.122330071984734,
        51.87766992801527
    ],
    "fft_peak": [
        0.0068359375,
        0.0810546875,
        0.15625
    ],
    "fft_ratio": 0.9276116321098963,
    "fft_rel": [
        39.40320116570275,
        29.16059154809712,
        31.436207286200137
    ],
    "fft_resampling_frequency": 4.0,
    "fft_total": 13495.2179190955,
    "fft_window": "hamming",
    "hr_max": 97.5609756097561,
    "hr_mean": 75.04208093109656,
    "hr_min": 54.200542005420054,
    "hr_std": 10.264463542087668,
    "lomb_abs": [
        360.2653945753337,
        640.3788512179225,
        1933.4604955007248
    ],
    "lomb_bands": {
        "hf": [
            0.15,
            0.4
        ],
        "lf": [
            0.04,
            0.15
        ],
        "ulf": null,
        "vlf": [
            0.0,
            0.04
        ]
    },
    "lomb_log": [
        5.886840967000144,
        6.462059956245455,
        7.567066679238275
    ],
    "lomb_ma": "n/a",
    "lomb_nfft": 256.0,
    "lomb_norm": [
        24.880296123933793,
        75.11970387606621
    ],
    "lomb_peak": [
        0.028941176470588234,
        0.11254901960784314,
        0.36498039215686273
    ],
    "lomb_ratio": 0.33120865552108325,
    "lomb_rel": [
        12.278545803257575,
        21.825357568370464,
        65.89609662837196
    ],
    "lomb_total": 2934.104741293981,
    "nn20": 218.0,
    "nn50": 119.0,
    "nni_counter": 295.0,
    "nni_diff_max": 423.0,
    "nni_diff_mean": 57.7312925170068,
    "nni_diff_min": 0.0,
    "nni_max": 1107.0,
    "nni_mean": 815.1525423728814,
    "nni_min": 615.0,
    "pnn20": 74.14965986394559,
    "pnn50": 40.476190476190474,
    "rmssd": 80.55578622220474,
    "sampen": 1.2293825198513042,
    "sd1": 56.96151584070784,
    "sd2": 153.02309882311144,
    "sd_ratio": 2.6864295404468974,
    "sdann": "n/a",
    "sdnn": 115.61680396534327,
    "sdnn_index": "n/a",
    "sdsd": 56.27703816177842,
    "tinn": 429.6875,
    "tinn_m": 1046.875,
    "tinn_n": 617.1875,
    "tri_index": 24.583333333333332
}