{
    "Comment": "None",
    "Name": "C:\\Users\\admin\\HRV-Bienestar-Tecnologia\\HRV_Reports\\Grupo_Control\\10-03-2022_ElianaArciniegas\\Momento_2.json",
    "ar_abs": [
        2474.7910657154143,
        5338.201066232113,
        10585.520041146443
    ],
    "ar_bands": {
        "hf": [
            0.15,
            0.4
        ],
        "lf": [
            0.04,
            0.15
        ],
        "ulf": null,
        "vlf": [
            0.0,
            0.04
        ]
    },
    "ar_interpolation": "cubic",
    "ar_log": [
        7.813911253546638,
        8.582643996215019,
        9.267242312371238
    ],
    "ar_nfft": 4096.0,
    "ar_norm": [
        33.523578001868906,
        66.4764219981311
    ],
    "ar_order": 16.0,
    "ar_peak": [
        0.0,
        0.0400390625,
        0.181640625
    ],
    "ar_ratio": 0.504292755148756,
    "ar_rel": [
        13.451039097251325,
        29.01430841803997,
        57.534652484708694
    ],
    "ar_resampling_frequency": 4.0,
    "ar_total": 18398.51217309397,
    "dfa_alpha1": 0.8548446013280694,
    "dfa_alpha1_beats": [
        4,
        5,
        6,
        7,
        8,
        9,
        10,
        11,
        12,
        13,
        14,
        15,
        16
    ],
    "dfa_alpha2": 0.6035490008575595,
    "dfa_alpha2_beats": [
        17,
        18,
        19,
        20,
        21,
        22,
        23,
        24,
        25,
        26,
        27,
        28,
        29,
        30,
        31,
        32,
        33,
        34,
        35,
        36,
        37,
        38,
        39,
        40,
        41,
        42,
        43,
        44,
        45,
        46,
        47,
        48,
        49,
        50,
        51,
        52,
        53,
        54,
        55,
        56,
        57,
        58,
        59,
        60,
        61,
        62,
        63,
        64
    ],
    "ellipse_area": 28718.23187828544,
    "fft_abs": [
        1837.6060433660934,
        3588.4295772484015,
        5849.6780147994605
    ],
    "fft_bands": {
        "hf": [
            0.15,
            0.4
        ],
        "lf": [
            0.04,
            0.15
        ],
        "ulf": null,
        "vlf": [
            0.0,
            0.04
        ]
    },
    "fft_interpolation": "cubic",
    "fft_log": [
        7.51621894009722,
        8.185469942112535,
        8.674141898505914
    ],
    "fft_nfft": 4096.0,
    "fft_norm": [
        38.020647065645406,
        61.979352934354594
    ],
    "fft_peak": [
        0.005859375,
        0.0751953125,
        0.193359375
    ],
    "fft_ratio": 0.6134405292342267,
    "fft_rel": [
        16.29702653670338,
        31.82441212393084,
        51.87856133936579
    ],
    "fft_resampling_frequency": 4.0,
    "fft_total": 11275.713635413955,
    "fft_window": "hamming",
    "hr_max": 94.04388714733543,
    "hr_mean": 70.99407767437428,
    "hr_min": 56.550424128180964,
    "hr_std": 9.543861818066361,
    "lomb_abs": [
        377.2730813731083,
        603.4919486777261,
        1632.2982924372598
    ],
    "lomb_bands": {
        "hf": [
            0.15,
            0.4
        ],
        "lf": [
            0.04,
            0.15
        ],
        "ulf": null,
        "vlf": [
            0.0,
            0.04
        ]
    },
    "lomb_log": [
        5.932969279005256,
        6.402732699400915,
        7.397744296051043
    ],
    "lomb_ma": "n/a",
    "lomb_nfft": 256.0,
    "lomb_norm": [
        26.992333072210094,
        73.00766692778991
    ],
    "lomb_peak": [
        0.00803921568627451,
        0.04823529411764706,
        0.30227450980392156
    ],
    "lomb_ratio": 0.3697191570154892,
    "lomb_rel": [
        14.437961687582767,
        23.095190364659672,
        62.46684794775758
    ],
    "lomb_total": 2613.063322488094,
    "nn20": 228.0,
    "nn50": 153.0,
    "nni_counter": 279.0,
    "nni_diff_max": 346.0,
    "nni_diff_mean": 71.93884892086331,
    "nni_diff_min": 0.0,
    "nni_max": 1061.0,
    "nni_mean": 859.763440860215,
    "nni_min": 638.0,
    "pnn20": 82.01438848920863,
    "pnn50": 55.03597122302158,
    "rmssd": 91.58922606363289,
    "sampen": 1.6817585740137264,
    "sd1": 64.76069748521309,
    "sd2": 141.15501338854475,
    "sd_ratio": 2.1796401037955913,
    "sdann": "n/a",
    "sdnn": 110.0506160050089,
    "sdnn_index": "n/a",
    "sdsd": 56.78898684453772,
    "tinn": 93.75,
    "tinn_m": 984.375,
    "tinn_n": 890.625,
    "tri_index": 13.95
}