{
    "Comment": "None",
    "Name": "C:\\Users\\admin\\HRV-Bienestar-Tecnologia\\HRV_Reports\\Grupo_Control\\10-03-2022_ElianaArciniegas\\Momento_6.json",
    "ar_abs": [
        2508.490178428112,
        5168.975812726074,
        10130.06614550207
    ],
    "ar_bands": {
        "hf": [
            0.15,
            0.4
        ],
        "lf": [
            0.04,
            0.15
        ],
        "ulf": null,
        "vlf": [
            0.0,
            0.04
        ]
    },
    "ar_interpolation": "cubic",
    "ar_log": [
        7.827436328599965,
        8.550429845890465,
        9.223263126885978
    ],
    "ar_nfft": 4096.0,
    "ar_norm": [
        33.78627123737046,
        66.21372876262954
    ],
    "ar_order": 16.0,
    "ar_peak": [
        0.0,
        0.0400390625,
        0.150390625
    ],
    "ar_ratio": 0.5102608155249994,
    "ar_rel": [
        14.086680620188027,
        29.02690711469163,
        56.88641226512034
    ],
    "ar_resampling_frequency": 4.0,
    "ar_total": 17807.532136656257,
    "dfa_alpha1": 0.8459008930766444,
    "dfa_alpha1_beats": [
        4,
        5,
        6,
        7,
        8,
        9,
        10,
        11,
        12,
        13,
        14,
        15,
        16
    ],
    "dfa_alpha2": 0.8522968278421781,
    "dfa_alpha2_beats": [
        17,
        18,
        19,
        20,
        21,
        22,
        23,
        24,
        25,
        26,
        27,
        28,
        29,
        30,
        31,
        32,
        33,
        34,
        35,
        36,
        37,
        38,
        39,
        40,
        41,
        42,
        43,
        44,
        45,
        46,
        47,
        48,
        49,
        50,
        51,
        52,
        53,
        54,
        55,
        56,
        57,
        58,
        59,
        60,
        61,
        62,
        63,
        64
    ],
    "ellipse_area": 10993.2160823718,
    "fft_abs": [
        944.8980504596759,
        1716.9229437694132,
        2040.253755923563
    ],
    "fft_bands": {
        "hf": [
            0.15,
            0.4
        ],
        "lf": [
            0.04,
            0.15
        ],
        "ulf": null,
        "vlf": [
            0.0,
            0.04
        ]
    },
    "fft_interpolation": "cubic",
    "fft_log": [
        6.8510770385624875,
        7.44828898148005,
        7.620829469261057
    ],
    "fft_nfft": 4096.0,
    "fft_norm": [
        45.697157227386036,
        54.30284277261395
    ],
    "fft_peak": [
        0.021484375,
        0.1416015625,
        0.3330078125
    ],
    "fft_ratio": 0.8415242166738287,
    "fft_rel": [
        20.095343027649655,
        36.51415672865842,
        43.390500243691925
    ],
    "fft_resampling_frequency": 4.0,
    "fft_total": 4702.074750152652,
    "fft_window": "hamming",
    "hr_max": 86.70520231213872,
    "hr_mean": 73.20932871231906,
    "hr_min": 56.98005698005698,
    "hr_std": 5.426441755246962,
    "lomb_abs": [
        299.79892211702753,
        722.3760495342226,
        2052.4167600232813
    ],
    "lomb_bands": {
        "hf": [
            0.15,
            0.4
        ],
        "lf": [
            0.04,
            0.15
        ],
        "ulf": null,
        "vlf": [
            0.0,
            0.04
        ]
    },
    "lomb_log": [
        5.703111990321899,
        6.582545847530775,
        7.6267732850953145
    ],
    "lomb_ma": "n/a",
    "lomb_nfft": 256.0,
    "lomb_norm": [
        26.033513098566083,
        73.96648690143392
    ],
    "lomb_peak": [
        0.014470588235294117,
        0.07556862745098039,
        0.36498039215686273
    ],
    "lomb_ratio": 0.35196362824771926,
    "lomb_rel": [
        9.750853065416475,
        23.49502348855895,
        66.75412344602456
    ],
    "lomb_total": 3074.5917316745317,
    "nn20": 223.0,
    "nn50": 125.0,
    "nni_counter": 285.0,
    "nni_diff_max": 231.0,
    "nni_diff_mean": 51.82394366197183,
    "nni_diff_min": 0.0,
    "nni_max": 1053.0,
    "nni_mean": 824.1859649122807,
    "nni_min": 692.0,
    "pnn20": 78.52112676056338,
    "pnn50": 44.014084507042256,
    "rmssd": 65.07433452663582,
    "sampen": 2.0462893343629354,
    "sd1": 46.01449891388122,
    "sd2": 76.04666882329049,
    "sd_ratio": 1.6526675421504904,
    "sdann": "n/a",
    "sdnn": 62.88798290509884,
    "sdnn_index": "n/a",
    "sdsd": 39.42614857502204,
    "tinn": 226.5625,
    "tinn_m": 937.5,
    "tinn_n": 710.9375,
    "tri_index": 13.571428571428571
}