{
    "Comment": "None",
    "Name": "C:\\Users\\facartesvirtual1\\Documents\\HRV-Bienestar-Tecnologia\\HRV_Reports\\Experiencia_Mindfullness\\MariaAntoniaRestrepo5-04-2022\\HRV_baseline.json",
    "ar_abs": [
        2450.1099537065506,
        4954.751281033884,
        9037.031611723069
    ],
    "ar_bands": {
        "hf": [
            0.15,
            0.4
        ],
        "lf": [
            0.04,
            0.15
        ],
        "ulf": null,
        "vlf": [
            0.0,
            0.04
        ]
    },
    "ar_interpolation": "cubic",
    "ar_log": [
        7.803888181595636,
        8.508102249951047,
        9.10908603792871
    ],
    "ar_nfft": 4096.0,
    "ar_norm": [
        35.41186508546228,
        64.58813491453772
    ],
    "ar_order": 16.0,
    "ar_peak": [
        0.0,
        0.0400390625,
        0.150390625
    ],
    "ar_ratio": 0.548271987297959,
    "ar_rel": [
        14.90162949355035,
        30.13492015367078,
        54.96345035277888
    ],
    "ar_resampling_frequency": 4.0,
    "ar_total": 16441.892846463503,
    "dfa_alpha1": 0.8643585288970237,
    "dfa_alpha1_beats": [
        4,
        5,
        6,
        7,
        8,
        9,
        10,
        11,
        12,
        13,
        14,
        15,
        16
    ],
    "dfa_alpha2": 1.0569300621054025,
    "dfa_alpha2_beats": [
        17,
        18,
        19,
        20,
        21,
        22,
        23,
        24,
        25,
        26,
        27,
        28,
        29,
        30,
        31,
        32,
        33,
        34,
        35,
        36,
        37,
        38,
        39,
        40,
        41,
        42,
        43,
        44,
        45,
        46,
        47,
        48,
        49,
        50,
        51,
        52,
        53,
        54,
        55,
        56,
        57,
        58,
        59,
        60,
        61,
        62,
        63,
        64
    ],
    "ellipse_area": 3170.8374225875073,
    "fft_abs": [
        654.1769090831792,
        156.4130312414029,
        192.81652816056032
    ],
    "fft_bands": {
        "hf": [
            0.15,
            0.4
        ],
        "lf": [
            0.04,
            0.15
        ],
        "ulf": null,
        "vlf": [
            0.0,
            0.04
        ]
    },
    "fft_interpolation": "cubic",
    "fft_log": [
        6.483377818063098,
        5.052500144598115,
        5.261739105475959
    ],
    "fft_nfft": 4096.0,
    "fft_norm": [
        44.78802753960798,
        55.211972460392026
    ],
    "fft_peak": [
        0.00390625,
        0.0986328125,
        0.3232421875
    ],
    "fft_ratio": 0.8112013670900461,
    "fft_rel": [
        65.19560413745387,
        15.588202403911344,
        19.21619345863479
    ],
    "fft_resampling_frequency": 4.0,
    "fft_total": 1003.4064684851425,
    "fft_window": "hamming",
    "hr_max": 95.23809523809524,
    "hr_mean": 77.31996831442905,
    "hr_min": 68.4931506849315,
    "hr_std": 4.023796797246086,
    "lomb_abs": [
        299.462818023278,
        704.7763055519785,
        1811.5553270738121
    ],
    "lomb_bands": {
        "hf": [
            0.15,
            0.4
        ],
        "lf": [
            0.04,
            0.15
        ],
        "ulf": null,
        "vlf": [
            0.0,
            0.04
        ]
    },
    "lomb_log": [
        5.701990263014852,
        6.557880455373504,
        7.501941052001666
    ],
    "lomb_ma": "n/a",
    "lomb_nfft": 256.0,
    "lomb_norm": [
        28.008085119390437,
        71.99191488060957
    ],
    "lomb_peak": [
        0.001607843137254902,
        0.04662745098039216,
        0.1704313725490196
    ],
    "lomb_ratio": 0.3890448693556585,
    "lomb_rel": [
        10.635109318943677,
        25.02939464880047,
        64.33549603225586
    ],
    "lomb_total": 2815.7944506490685,
    "nn20": 153.0,
    "nn50": 16.0,
    "nni_counter": 310.0,
    "nni_diff_max": 115.0,
    "nni_diff_mean": 21.944983818770226,
    "nni_diff_min": 0.0,
    "nni_max": 876.0,
    "nni_mean": 778.0258064516129,
    "nni_min": 630.0,
    "pnn20": 49.51456310679612,
    "pnn50": 5.177993527508091,
    "rmssd": 27.600185262733596,
    "sampen": 1.8242449243725434,
    "sd1": 19.51450380236471,
    "sd2": 51.720961460922645,
    "sd_ratio": 2.6503856815798335,
    "sdann": "n/a",
    "sdnn": 39.25956250048398,
    "sdnn_index": "n/a",
    "sdsd": 16.765965905465865,
    "tinn": 179.6875,
    "tinn_m": 875.0,
    "tinn_n": 695.3125,
    "tri_index": 11.923076923076923
}