{
    "Comment": "None",
    "Name": "C:\\Users\\facartesvirtual1\\Documents\\HRV-Bienestar-Tecnologia\\HRV_Reports\\Experiencia_Mindfullness\\MariaAntoniaRestrepo5-04-2022\\HRV_video.json",
    "ar_abs": [
        2433.5059707604905,
        4932.492484914891,
        8720.338029111967
    ],
    "ar_bands": {
        "hf": [
            0.15,
            0.4
        ],
        "lf": [
            0.04,
            0.15
        ],
        "ulf": null,
        "vlf": [
            0.0,
            0.04
        ]
    },
    "ar_interpolation": "cubic",
    "ar_log": [
        7.797088282839634,
        8.503599714310186,
        9.073413280958107
    ],
    "ar_nfft": 4096.0,
    "ar_norm": [
        36.127984448699266,
        63.872015551300734
    ],
    "ar_order": 16.0,
    "ar_peak": [
        0.0,
        0.0400390625,
        0.150390625
    ],
    "ar_ratio": 0.5656308813314649,
    "ar_rel": [
        15.127782345357671,
        30.662621595535374,
        54.20959605910696
    ],
    "ar_resampling_frequency": 4.0,
    "ar_total": 16086.336484787349,
    "dfa_alpha1": 1.375561333691265,
    "dfa_alpha1_beats": [
        4,
        5,
        6,
        7,
        8,
        9,
        10,
        11,
        12,
        13,
        14,
        15,
        16
    ],
    "dfa_alpha2": 0.9629255032801199,
    "dfa_alpha2_beats": [
        17,
        18,
        19,
        20,
        21,
        22,
        23,
        24,
        25,
        26,
        27,
        28,
        29,
        30,
        31,
        32,
        33,
        34,
        35,
        36,
        37,
        38,
        39,
        40,
        41,
        42,
        43,
        44,
        45,
        46,
        47,
        48,
        49,
        50,
        51,
        52,
        53,
        54,
        55,
        56,
        57,
        58,
        59,
        60,
        61,
        62,
        63,
        64
    ],
    "ellipse_area": 2296.5658962771317,
    "fft_abs": [
        690.0023783292941,
        491.5657072300967,
        167.78416755807956
    ],
    "fft_bands": {
        "hf": [
            0.15,
            0.4
        ],
        "lf": [
            0.04,
            0.15
        ],
        "ulf": null,
        "vlf": [
            0.0,
            0.04
        ]
    },
    "fft_interpolation": "cubic",
    "fft_log": [
        6.536695044439414,
        6.1975956177934926,
        5.1226784365308
    ],
    "fft_nfft": 4096.0,
    "fft_norm": [
        74.55309025242748,
        25.44690974757251
    ],
    "fft_peak": [
        0.0126953125,
        0.0400390625,
        0.2822265625
    ],
    "fft_ratio": 2.929750252269411,
    "fft_rel": [
        51.13582289095749,
        36.429754061210474,
        12.434423047832032
    ],
    "fft_resampling_frequency": 4.0,
    "fft_total": 1349.3522531174704,
    "fft_window": "hamming",
    "hr_max": 96.30818619582665,
    "hr_mean": 84.95760482107991,
    "hr_min": 71.59904534606206,
    "hr_std": 4.441881405380135,
    "lomb_abs": [
        237.25728736730755,
        656.1933148413884,
        1274.9998958842448
    ],
    "lomb_bands": {
        "hf": [
            0.15,
            0.4
        ],
        "lf": [
            0.04,
            0.15
        ],
        "ulf": null,
        "vlf": [
            0.0,
            0.04
        ]
    },
    "lomb_log": [
        5.4691451530027475,
        6.4864554327905415,
        7.1507013759331075
    ],
    "lomb_ma": "n/a",
    "lomb_nfft": 256.0,
    "lomb_norm": [
        33.97864652780279,
        66.02135347219722
    ],
    "lomb_peak": [
        0.00803921568627451,
        0.10772549019607844,
        0.20419607843137255
    ],
    "lomb_ratio": 0.5146614654319651,
    "lomb_rel": [
        10.941328269931235,
        30.260931269516295,
        58.79774046055248
    ],
    "lomb_total": 2168.4504980929405,
    "nn20": 109.0,
    "nn50": 7.0,
    "nni_counter": 340.0,
    "nni_diff_max": 69.0,
    "nni_diff_mean": 15.454277286135694,
    "nni_diff_min": 0.0,
    "nni_max": 838.0,
    "nni_mean": 708.1764705882352,
    "nni_min": 623.0,
    "pnn20": 32.15339233038348,
    "pnn50": 2.0648967551622417,
    "rmssd": 20.446707475964672,
    "sampen": 1.4276567501412727,
    "sd1": 14.456282745711544,
    "sd2": 50.56760731069722,
    "sd_ratio": 3.49796750659834,
    "sdann": "n/a",
    "sdnn": 37.34260624533085,
    "sdnn_index": "n/a",
    "sdsd": 13.407588738945844,
    "tinn": 156.25,
    "tinn_m": 781.25,
    "tinn_n": 625.0,
    "tri_index": 9.714285714285714
}