{
    "Comment": "None",
    "Name": "C:\\Users\\facartesvirtual1\\Documents\\HRV-Bienestar-Tecnologia\\HRV_Reports\\Experiencia_Mindfullness\\MariaAntoniaRestrepo5-04-2022\\HRV_sound.json",
    "ar_abs": [
        2386.7839622106176,
        5049.534666840942,
        9023.960043366362
    ],
    "ar_bands": {
        "hf": [
            0.15,
            0.4
        ],
        "lf": [
            0.04,
            0.15
        ],
        "ulf": null,
        "vlf": [
            0.0,
            0.04
        ]
    },
    "ar_interpolation": "cubic",
    "ar_log": [
        7.777702116256581,
        8.527051372843767,
        9.107638545909593
    ],
    "ar_nfft": 4096.0,
    "ar_norm": [
        35.879749634457085,
        64.12025036554292
    ],
    "ar_order": 16.0,
    "ar_peak": [
        0.0,
        0.0400390625,
        0.150390625
    ],
    "ar_ratio": 0.5595697058247643,
    "ar_rel": [
        14.50026460493705,
        30.677090997871876,
        54.82264439719108
    ],
    "ar_resampling_frequency": 4.0,
    "ar_total": 16460.27867241792,
    "dfa_alpha1": 1.3801041444552358,
    "dfa_alpha1_beats": [
        4,
        5,
        6,
        7,
        8,
        9,
        10,
        11,
        12,
        13,
        14,
        15,
        16
    ],
    "dfa_alpha2": 0.569720364420542,
    "dfa_alpha2_beats": [
        17,
        18,
        19,
        20,
        21,
        22,
        23,
        24,
        25,
        26,
        27,
        28,
        29,
        30,
        31,
        32,
        33,
        34,
        35,
        36,
        37,
        38,
        39,
        40,
        41,
        42,
        43,
        44,
        45,
        46,
        47,
        48,
        49,
        50,
        51,
        52,
        53,
        54,
        55,
        56,
        57,
        58,
        59,
        60,
        61,
        62,
        63,
        64
    ],
    "ellipse_area": 3046.9904508586196,
    "fft_abs": [
        306.30360558226494,
        993.5456122273483,
        639.4972514551787
    ],
    "fft_bands": {
        "hf": [
            0.15,
            0.4
        ],
        "lf": [
            0.04,
            0.15
        ],
        "ulf": null,
        "vlf": [
            0.0,
            0.04
        ]
    },
    "fft_interpolation": "cubic",
    "fft_log": [
        5.72457678517743,
        6.901279971584561,
        6.460682323050597
    ],
    "fft_nfft": 4096.0,
    "fft_norm": [
        60.84014292110457,
        39.15985707889543
    ],
    "fft_peak": [
        0.0068359375,
        0.1337890625,
        0.1533203125
    ],
    "fft_ratio": 1.5536354690603142,
    "fft_rel": [
        15.794166253252568,
        51.23094959942884,
        32.97488414731859
    ],
    "fft_resampling_frequency": 4.0,
    "fft_total": 1939.346469264792,
    "fft_window": "hamming",
    "hr_max": 106.95187165775401,
    "hr_mean": 90.31117062254543,
    "hr_min": 75.75757575757575,
    "hr_std": 5.746448766917543,
    "lomb_abs": [
        222.41421846184883,
        571.0025580431944,
        1229.4542390651834
    ],
    "lomb_bands": {
        "hf": [
            0.15,
            0.4
        ],
        "lf": [
            0.04,
            0.15
        ],
        "ulf": null,
        "vlf": [
            0.0,
            0.04
        ]
    },
    "lomb_log": [
        5.404541492265642,
        6.3473936895815175,
        7.11432564182182
    ],
    "lomb_ma": "n/a",
    "lomb_nfft": 256.0,
    "lomb_norm": [
        31.714315998042974,
        68.28568400195702
    ],
    "lomb_peak": [
        0.009647058823529411,
        0.04501960784313726,
        0.2733333333333333
    ],
    "lomb_ratio": 0.46443579590026607,
    "lomb_rel": [
        10.994977769215431,
        28.227334004399417,
        60.77768822638515
    ],
    "lomb_total": 2022.8710155702265,
    "nn20": 147.0,
    "nn50": 15.0,
    "nni_counter": 362.0,
    "nni_diff_max": 84.0,
    "nni_diff_mean": 18.66481994459834,
    "nni_diff_min": 0.0,
    "nni_max": 792.0,
    "nni_mean": 667.0690607734807,
    "nni_min": 561.0,
    "pnn20": 40.7202216066482,
    "pnn50": 4.1551246537396125,
    "rmssd": 23.724060043144974,
    "sampen": 0.945858582292718,
    "sd1": 16.774883389532306,
    "sd2": 57.8178197185635,
    "sd_ratio": 3.4466898145260667,
    "sdann": "n/a",
    "sdnn": 42.67214682793547,
    "sdnn_index": "n/a",
    "sdsd": 14.664625162207372,
    "tinn": 187.5,
    "tinn_m": 750.0,
    "tinn_n": 562.5,
    "tri_index": 12.066666666666666
}