{
    "Comment": "None",
    "Name": "C:\\Users\\facartesvirtual1\\Documents\\HRV-Bienestar-Tecnologia\\HRV_Reports\\Experiencia_Mindfullness\\MariaAntoniaRestrepo5-04-2022\\HRV_final.json",
    "ar_abs": [
        2487.5271407962587,
        5075.224569707351,
        9655.060809410683
    ],
    "ar_bands": {
        "hf": [
            0.15,
            0.4
        ],
        "lf": [
            0.04,
            0.15
        ],
        "ulf": null,
        "vlf": [
            0.0,
            0.04
        ]
    },
    "ar_interpolation": "cubic",
    "ar_log": [
        7.819044379846092,
        8.532126053119619,
        9.175237493072784
    ],
    "ar_nfft": 4096.0,
    "ar_norm": [
        34.45435332096211,
        65.54564667903787
    ],
    "ar_order": 16.0,
    "ar_peak": [
        0.0,
        0.0400390625,
        0.150390625
    ],
    "ar_ratio": 0.5256543350571738,
    "ar_rel": [
        14.447405196909655,
        29.476593288707818,
        56.076001514382526
    ],
    "ar_resampling_frequency": 4.0,
    "ar_total": 17217.812519914292,
    "dfa_alpha1": 0.7074602492159204,
    "dfa_alpha1_beats": [
        4,
        5,
        6,
        7,
        8,
        9,
        10,
        11,
        12,
        13,
        14,
        15,
        16
    ],
    "dfa_alpha2": 0.7802421061933971,
    "dfa_alpha2_beats": [
        17,
        18,
        19,
        20,
        21,
        22,
        23,
        24,
        25,
        26,
        27,
        28,
        29,
        30,
        31,
        32,
        33,
        34,
        35,
        36,
        37,
        38,
        39,
        40,
        41,
        42,
        43,
        44,
        45,
        46,
        47,
        48,
        49,
        50,
        51,
        52,
        53,
        54,
        55,
        56,
        57,
        58,
        59,
        60,
        61,
        62,
        63,
        64
    ],
    "ellipse_area": 5241.343687954312,
    "fft_abs": [
        513.2820712713573,
        380.2726106357937,
        808.0594447053858
    ],
    "fft_bands": {
        "hf": [
            0.15,
            0.4
        ],
        "lf": [
            0.04,
            0.15
        ],
        "ulf": null,
        "vlf": [
            0.0,
            0.04
        ]
    },
    "fft_interpolation": "cubic",
    "fft_log": [
        6.240825540593414,
        5.940888391924616,
        6.694635625994875
    ],
    "fft_nfft": 4096.0,
    "fft_norm": [
        32.000534608705344,
        67.99946539129466
    ],
    "fft_peak": [
        0.0126953125,
        0.072265625,
        0.283203125
    ],
    "fft_ratio": 0.47059979699196397,
    "fft_rel": [
        30.164422311958937,
        22.347758207250884,
        47.487819480790165
    ],
    "fft_resampling_frequency": 4.0,
    "fft_total": 1701.614126612537,
    "fft_window": "hamming",
    "hr_max": 85.71428571428571,
    "hr_mean": 71.69378565483237,
    "hr_min": 63.424947145877375,
    "hr_std": 3.7296470257714707,
    "lomb_abs": [
        438.30060058547286,
        709.2908080556691,
        2088.9495703637253
    ],
    "lomb_bands": {
        "hf": [
            0.15,
            0.4
        ],
        "lf": [
            0.04,
            0.15
        ],
        "ulf": null,
        "vlf": [
            0.0,
            0.04
        ]
    },
    "lomb_log": [
        6.082904977685,
        6.56426560894695,
        7.644416620702097
    ],
    "lomb_ma": "n/a",
    "lomb_nfft": 256.0,
    "lomb_norm": [
        25.347744015341423,
        74.65225598465858
    ],
    "lomb_peak": [
        0.00803921568627451,
        0.13505882352941176,
        0.1704313725490196
    ],
    "lomb_ratio": 0.3395442466005382,
    "lomb_rel": [
        13.542254012190394,
        21.915088134424096,
        64.54265785338552
    ],
    "lomb_total": 3236.540979004867,
    "nn20": 206.0,
    "nn50": 83.0,
    "nni_counter": 287.0,
    "nni_diff_max": 138.0,
    "nni_diff_mean": 37.49650349650349,
    "nni_diff_min": 0.0,
    "nni_max": 946.0,
    "nni_mean": 839.1254355400697,
    "nni_min": 700.0,
    "pnn20": 72.02797202797203,
    "pnn50": 29.02097902097902,
    "rmssd": 45.96563021257471,
    "sampen": 1.5020912988046446,
    "sd1": 32.500604312065036,
    "sd2": 51.33355357775688,
    "sd_ratio": 1.5794645873307833,
    "sdann": "n/a",
    "sdnn": 43.17987602377435,
    "sdnn_index": "n/a",
    "sdsd": 26.633279307643193,
    "tinn": 171.875,
    "tinn_m": 914.0625,
    "tinn_n": 742.1875,
    "tri_index": 10.62962962962963
}