{
    "Comment": "None",
    "Name": "C:\\Users\\facartesvirtual1\\Documents\\HRV-Bienestar-Tecnologia\\HRV_Reports\\Experiencia_Mindfullness\\04-04-2022_LuisBarragan\\HRV_video.json",
    "ar_abs": [
        2504.803610514091,
        5263.9798365268025,
        9395.066937017013
    ],
    "ar_bands": {
        "hf": [
            0.15,
            0.4
        ],
        "lf": [
            0.04,
            0.15
        ],
        "ulf": null,
        "vlf": [
            0.0,
            0.04
        ]
    },
    "ar_interpolation": "cubic",
    "ar_log": [
        7.825965611449233,
        8.568642642550781,
        9.147940036571201
    ],
    "ar_nfft": 4096.0,
    "ar_norm": [
        35.90942793106485,
        64.09057206893516
    ],
    "ar_order": 16.0,
    "ar_peak": [
        0.0,
        0.0400390625,
        0.150390625
    ],
    "ar_ratio": 0.5602918927364392,
    "ar_rel": [
        14.593483131504092,
        30.668991623325276,
        54.73752524517062
    ],
    "ar_resampling_frequency": 4.0,
    "ar_total": 17163.850384057907,
    "dfa_alpha1": 1.3696446938742715,
    "dfa_alpha1_beats": [
        4,
        5,
        6,
        7,
        8,
        9,
        10,
        11,
        12,
        13,
        14,
        15,
        16
    ],
    "dfa_alpha2": 0.8619149168256257,
    "dfa_alpha2_beats": [
        17,
        18,
        19,
        20,
        21,
        22,
        23,
        24,
        25,
        26,
        27,
        28,
        29,
        30,
        31,
        32,
        33,
        34,
        35,
        36,
        37,
        38,
        39,
        40,
        41,
        42,
        43,
        44,
        45,
        46,
        47,
        48,
        49,
        50,
        51,
        52,
        53,
        54,
        55,
        56,
        57,
        58,
        59,
        60,
        61,
        62,
        63,
        64
    ],
    "ellipse_area": 8032.1605106135485,
    "fft_abs": [
        1671.356285042084,
        1392.117681276797,
        671.2946750340923
    ],
    "fft_bands": {
        "hf": [
            0.15,
            0.4
        ],
        "lf": [
            0.04,
            0.15
        ],
        "ulf": null,
        "vlf": [
            0.0,
            0.04
        ]
    },
    "fft_interpolation": "cubic",
    "fft_log": [
        7.421390722529881,
        7.238581378468088,
        6.509208198594002
    ],
    "fft_nfft": 4096.0,
    "fft_norm": [
        67.46677061514359,
        32.533229384856405
    ],
    "fft_peak": [
        0.0087890625,
        0.0869140625,
        0.1533203125
    ],
    "fft_ratio": 2.0737803129543626,
    "fft_rel": [
        44.75126696031728,
        37.274535987655774,
        17.974197052026927
    ],
    "fft_resampling_frequency": 4.0,
    "fft_total": 3734.7686413529736,
    "fft_window": "hamming",
    "hr_max": 83.91608391608392,
    "hr_mean": 72.00178674962893,
    "hr_min": 54.94505494505494,
    "hr_std": 5.739243236944506,
    "lomb_abs": [
        667.9131418708246,
        929.037405219011,
        2100.439177546804
    ],
    "lomb_bands": {
        "hf": [
            0.15,
            0.4
        ],
        "lf": [
            0.04,
            0.15
        ],
        "ulf": null,
        "vlf": [
            0.0,
            0.04
        ]
    },
    "lomb_log": [
        6.5041581379429,
        6.834149001963451,
        7.649901734011576
    ],
    "lomb_ma": "n/a",
    "lomb_nfft": 256.0,
    "lomb_norm": [
        30.666598002577384,
        69.33340199742261
    ],
    "lomb_peak": [
        0.00803921568627451,
        0.04823529411764706,
        0.1607843137254902
    ],
    "lomb_ratio": 0.4423062639233739,
    "lomb_rel": [
        18.064450642580386,
        25.12684554264325,
        56.808703814776365
    ],
    "lomb_total": 3697.3897246366396,
    "nn20": 154.0,
    "nn50": 45.0,
    "nni_counter": 286.0,
    "nni_diff_max": 200.0,
    "nni_diff_mean": 27.571929824561405,
    "nni_diff_min": 0.0,
    "nni_max": 1092.0,
    "nni_mean": 838.8461538461538,
    "nni_min": 715.0,
    "pnn20": 54.03508771929825,
    "pnn50": 15.789473684210526,
    "rmssd": 37.946684666687055,
    "sampen": 1.4954936530848826,
    "sd1": 26.831020070852215,
    "sd2": 95.28956003878572,
    "sd_ratio": 3.5514698951868477,
    "sdann": "n/a",
    "sdnn": 70.09615528083688,
    "sdnn_index": "n/a",
    "sdsd": 26.11767623866515,
    "tinn": 273.4375,
    "tinn_m": 976.5625,
    "tinn_n": 703.125,
    "tri_index": 17.875
}