{
    "Comment": "None",
    "Name": "C:\\Users\\facartesvirtual1\\Documents\\HRV-Bienestar-Tecnologia\\HRV_Reports\\Experiencia_Mindfullness\\04-04-2022_LuisBarragan\\HRV_olfative.json",
    "ar_abs": [
        2472.5734681086146,
        5054.501819204092,
        9080.746233222533
    ],
    "ar_bands": {
        "hf": [
            0.15,
            0.4
        ],
        "lf": [
            0.04,
            0.15
        ],
        "ulf": null,
        "vlf": [
            0.0,
            0.04
        ]
    },
    "ar_interpolation": "cubic",
    "ar_log": [
        7.813014777153942,
        8.528034574511763,
        9.113911652494005
    ],
    "ar_nfft": 4096.0,
    "ar_norm": [
        35.75814022122078,
        64.24185977877923
    ],
    "ar_order": 16.0,
    "ar_peak": [
        0.0,
        0.0400390625,
        0.150390625
    ],
    "ar_ratio": 0.5566174507456061,
    "ar_rel": [
        14.888006022050075,
        30.434466151712318,
        54.67752782623761
    ],
    "ar_resampling_frequency": 4.0,
    "ar_total": 16607.82152053524,
    "dfa_alpha1": 1.2601913837705725,
    "dfa_alpha1_beats": [
        4,
        5,
        6,
        7,
        8,
        9,
        10,
        11,
        12,
        13,
        14,
        15,
        16
    ],
    "dfa_alpha2": 0.7814899333757959,
    "dfa_alpha2_beats": [
        17,
        18,
        19,
        20,
        21,
        22,
        23,
        24,
        25,
        26,
        27,
        28,
        29,
        30,
        31,
        32,
        33,
        34,
        35,
        36,
        37,
        38,
        39,
        40,
        41,
        42,
        43,
        44,
        45,
        46,
        47,
        48,
        49,
        50,
        51,
        52,
        53,
        54,
        55,
        56,
        57,
        58,
        59,
        60,
        61,
        62,
        63,
        64
    ],
    "ellipse_area": 4103.163653172976,
    "fft_abs": [
        979.0297744836082,
        1022.0670707949484,
        292.75415241850226
    ],
    "fft_bands": {
        "hf": [
            0.15,
            0.4
        ],
        "lf": [
            0.04,
            0.15
        ],
        "ulf": null,
        "vlf": [
            0.0,
            0.04
        ]
    },
    "fft_interpolation": "cubic",
    "fft_log": [
        6.886562055228008,
        6.92958239561122,
        5.6793331865565735
    ],
    "fft_nfft": 4096.0,
    "fft_norm": [
        77.73429974738276,
        22.265700252617233
    ],
    "fft_peak": [
        0.0068359375,
        0.0791015625,
        0.21875
    ],
    "fft_ratio": 3.491212890923808,
    "fft_rel": [
        42.680617680333974,
        44.55682046571751,
        12.762561853948515
    ],
    "fft_resampling_frequency": 4.0,
    "fft_total": 2293.850997697059,
    "fft_window": "hamming",
    "hr_max": 92.87925696594428,
    "hr_mean": 79.33914273323835,
    "hr_min": 67.26457399103138,
    "hr_std": 5.181560014789886,
    "lomb_abs": [
        270.6172979880017,
        579.7821859643398,
        1700.7673290910918
    ],
    "lomb_bands": {
        "hf": [
            0.15,
            0.4
        ],
        "lf": [
            0.04,
            0.15
        ],
        "ulf": null,
        "vlf": [
            0.0,
            0.04
        ]
    },
    "lomb_log": [
        5.600705638261234,
        6.362652491566325,
        7.438834798261071
    ],
    "lomb_ma": "n/a",
    "lomb_nfft": 256.0,
    "lomb_norm": [
        25.42291593042861,
        74.57708406957138
    ],
    "lomb_peak": [
        0.006431372549019608,
        0.10290196078431373,
        0.18811764705882353
    ],
    "lomb_ratio": 0.3408944751274012,
    "lomb_rel": [
        10.607589304016026,
        22.726157419423483,
        66.6662532765605
    ],
    "lomb_total": 2551.166813043433,
    "nn20": 139.0,
    "nn50": 19.0,
    "nni_counter": 317.0,
    "nni_diff_max": 138.0,
    "nni_diff_mean": 20.829113924050635,
    "nni_diff_min": 0.0,
    "nni_max": 892.0,
    "nni_mean": 759.4826498422713,
    "nni_min": 646.0,
    "pnn20": 43.9873417721519,
    "pnn50": 6.012658227848101,
    "rmssd": 27.29781833912647,
    "sampen": 1.1895029474254042,
    "sd1": 19.300727085140124,
    "sd2": 67.66986288514087,
    "sd_ratio": 3.5060784283738595,
    "sdann": "n/a",
    "sdnn": 49.88591905075413,
    "sdnn_index": "n/a",
    "sdsd": 17.67221585372448,
    "tinn": 171.875,
    "tinn_m": 843.75,
    "tinn_n": 671.875,
    "tri_index": 10.931034482758621
}