{
    "Comment": "None",
    "Name": "C:\\Users\\facartesvirtual1\\Documents\\HRV-Bienestar-Tecnologia\\HRV_Reports\\Experiencia_Mindfullness\\04-04-2022_LuisBarragan\\HRV_baseline.json",
    "ar_abs": [
        2437.110905446409,
        5012.647019626297,
        9015.00791669629
    ],
    "ar_bands": {
        "hf": [
            0.15,
            0.4
        ],
        "lf": [
            0.04,
            0.15
        ],
        "ulf": null,
        "vlf": [
            0.0,
            0.04
        ]
    },
    "ar_interpolation": "cubic",
    "ar_log": [
        7.798568561595205,
        8.519719401783453,
        9.106646013806337
    ],
    "ar_nfft": 4096.0,
    "ar_norm": [
        35.73403425148969,
        64.26596574851031
    ],
    "ar_order": 16.0,
    "ar_peak": [
        0.0,
        0.0400390625,
        0.150390625
    ],
    "ar_ratio": 0.5560335682393134,
    "ar_rel": [
        14.801977318522027,
        30.44469060659129,
        54.753332074886686
    ],
    "ar_resampling_frequency": 4.0,
    "ar_total": 16464.765841768996,
    "dfa_alpha1": 1.3348509122457939,
    "dfa_alpha1_beats": [
        4,
        5,
        6,
        7,
        8,
        9,
        10,
        11,
        12,
        13,
        14,
        15,
        16
    ],
    "dfa_alpha2": 0.7666672596185194,
    "dfa_alpha2_beats": [
        17,
        18,
        19,
        20,
        21,
        22,
        23,
        24,
        25,
        26,
        27,
        28,
        29,
        30,
        31,
        32,
        33,
        34,
        35,
        36,
        37,
        38,
        39,
        40,
        41,
        42,
        43,
        44,
        45,
        46,
        47,
        48,
        49,
        50,
        51,
        52,
        53,
        54,
        55,
        56,
        57,
        58,
        59,
        60,
        61,
        62,
        63,
        64
    ],
    "ellipse_area": 4958.750033750323,
    "fft_abs": [
        691.9388582666751,
        1271.8792274456132,
        409.8474925013162
    ],
    "fft_bands": {
        "hf": [
            0.15,
            0.4
        ],
        "lf": [
            0.04,
            0.15
        ],
        "ulf": null,
        "vlf": [
            0.0,
            0.04
        ]
    },
    "fft_interpolation": "cubic",
    "fft_log": [
        6.539497596608166,
        7.148250792415599,
        6.01578512099155
    ],
    "fft_nfft": 4096.0,
    "fft_norm": [
        75.62936429325154,
        24.370635706748473
    ],
    "fft_peak": [
        0.0390625,
        0.0400390625,
        0.2119140625
    ],
    "fft_ratio": 3.1032987897114648,
    "fft_rel": [
        29.150646351261532,
        53.582915770418516,
        17.266437878319955
    ],
    "fft_resampling_frequency": 4.0,
    "fft_total": 2373.6655782136045,
    "fft_window": "hamming",
    "hr_max": 92.87925696594428,
    "hr_mean": 77.74233716949593,
    "hr_min": 65.00541711809318,
    "hr_std": 5.1784406699055205,
    "lomb_abs": [
        313.77123903550824,
        626.1321400089661,
        1643.1925413537074
    ],
    "lomb_bands": {
        "hf": [
            0.15,
            0.4
        ],
        "lf": [
            0.04,
            0.15
        ],
        "ulf": null,
        "vlf": [
            0.0,
            0.04
        ]
    },
    "lomb_log": [
        5.748664182291927,
        6.439561435100829,
        7.404396300065713
    ],
    "lomb_ma": "n/a",
    "lomb_nfft": 256.0,
    "lomb_norm": [
        27.591121938223015,
        72.408878061777
    ],
    "lomb_peak": [
        0.00803921568627451,
        0.11415686274509804,
        0.30549019607843136
    ],
    "lomb_ratio": 0.38104611860831666,
    "lomb_rel": [
        12.14709978664442,
        24.23960082413232,
        63.61329938922326
    ],
    "lomb_total": 2583.095920398182,
    "nn20": 173.0,
    "nn50": 43.0,
    "nni_counter": 310.0,
    "nni_diff_max": 100.0,
    "nni_diff_mean": 25.666666666666668,
    "nni_diff_min": 0.0,
    "nni_max": 923.0,
    "nni_mean": 775.1870967741935,
    "nni_min": 646.0,
    "pnn20": 55.98705501618123,
    "pnn50": 13.915857605177994,
    "rmssd": 32.557889692511914,
    "sampen": 1.5151272329628591,
    "sd1": 23.02184441851353,
    "sd2": 68.5618028756902,
    "sd_ratio": 2.9781194603397934,
    "sdann": "n/a",
    "sdnn": 51.53222350631852,
    "sdnn_index": "n/a",
    "sdsd": 20.06342756213717,
    "tinn": 210.9375,
    "tinn_m": 882.8125,
    "tinn_n": 671.875,
    "tri_index": 13.478260869565217
}