{
    "Comment": "None",
    "Name": "C:\\Users\\Juan Pablo Botero T\\OneDrive - Universidad de los Andes\\Documentos\\JPB\\Personal\\Bienestar y Tecnolog\u00eda\\Codigo\\HRV-Bienestar-Tecnologia\\HRV_Reports\\CarolynFinck-17-02\\HRV_interactive.json",
    "ar_abs": [
        2345.7103334140716,
        4746.4060782601555,
        8443.984590022641
    ],
    "ar_bands": {
        "hf": [
            0.15,
            0.4
        ],
        "lf": [
            0.04,
            0.15
        ],
        "ulf": null,
        "vlf": [
            0.0,
            0.04
        ]
    },
    "ar_interpolation": "cubic",
    "ar_log": [
        7.760343549047037,
        8.465142995547893,
        9.041209584004756
    ],
    "ar_nfft": 4096.0,
    "ar_norm": [
        35.98381729263877,
        64.01618270736122
    ],
    "ar_order": 16.0,
    "ar_peak": [
        0.0,
        0.0400390625,
        0.150390625
    ],
    "ar_ratio": 0.5621050142451087,
    "ar_rel": [
        15.098449303064331,
        30.550818881402407,
        54.35073181553326
    ],
    "ar_resampling_frequency": 4.0,
    "ar_total": 15536.101001696868,
    "dfa_alpha1": 1.4591669905333016,
    "dfa_alpha1_beats": [
        4,
        5,
        6,
        7,
        8,
        9,
        10,
        11,
        12,
        13,
        14,
        15,
        16
    ],
    "dfa_alpha2": 0.7594786977339495,
    "dfa_alpha2_beats": [
        17,
        18,
        19,
        20,
        21,
        22,
        23,
        24,
        25,
        26,
        27,
        28,
        29,
        30,
        31,
        32,
        33,
        34,
        35,
        36,
        37,
        38,
        39,
        40,
        41,
        42,
        43,
        44,
        45,
        46,
        47,
        48,
        49,
        50,
        51,
        52,
        53,
        54,
        55,
        56,
        57,
        58,
        59,
        60,
        61,
        62,
        63,
        64
    ],
    "ellipse_area": 1646.4864123626487,
    "fft_abs": [
        581.9858340851973,
        400.802136314286,
        97.81382305715204
    ],
    "fft_bands": {
        "hf": [
            0.15,
            0.4
        ],
        "lf": [
            0.04,
            0.15
        ],
        "ulf": null,
        "vlf": [
            0.0,
            0.04
        ]
    },
    "fft_interpolation": "cubic",
    "fft_log": [
        6.366446107375415,
        5.993467879881914,
        4.583065907105887
    ],
    "fft_nfft": 4096.0,
    "fft_norm": [
        80.38293375517753,
        19.61706624482246
    ],
    "fft_peak": [
        0.00390625,
        0.0625,
        0.16796875
    ],
    "fft_ratio": 4.097602197596342,
    "fft_rel": [
        53.857566923291664,
        37.0906414130776,
        9.051791663630745
    ],
    "fft_resampling_frequency": 4.0,
    "fft_total": 1080.6017934566353,
    "fft_window": "hamming",
    "hr_max": 116.50485436893204,
    "hr_mean": 103.19212420685078,
    "hr_min": 86.70520231213872,
    "hr_std": 6.58461753592227,
    "lomb_abs": [
        160.5225990497502,
        359.7030269826865,
        1276.6070431112853
    ],
    "lomb_bands": {
        "hf": [
            0.15,
            0.4
        ],
        "lf": [
            0.04,
            0.15
        ],
        "ulf": null,
        "vlf": [
            0.0,
            0.04
        ]
    },
    "lomb_log": [
        5.078434736706399,
        5.885278765964158,
        7.151961089892188
    ],
    "lomb_ma": "n/a",
    "lomb_nfft": 256.0,
    "lomb_norm": [
        21.98257124714933,
        78.01742875285068
    ],
    "lomb_peak": [
        0.00803921568627451,
        0.07556862745098039,
        0.22509803921568627
    ],
    "lomb_ratio": 0.28176487739409267,
    "lomb_rel": [
        8.93364205840308,
        20.018727016695575,
        71.04763092490136
    ],
    "lomb_total": 1796.832669143722,
    "nn20": 54.0,
    "nn50": 3.0,
    "nni_counter": 412.0,
    "nni_diff_max": 100.0,
    "nni_diff_mean": 9.72992700729927,
    "nni_diff_min": 0.0,
    "nni_max": 692.0,
    "nni_mean": 583.8058252427185,
    "nni_min": 515.0,
    "pnn20": 13.138686131386862,
    "pnn50": 0.7299270072992701,
    "rmssd": 14.342440381854685,
    "sampen": 1.0354616928053866,
    "sd1": 10.141093828045411,
    "sd2": 51.68011571620829,
    "sd_ratio": 5.096108624228072,
    "sdann": "n/a",
    "sdnn": 37.272471659383626,
    "sdnn_index": "n/a",
    "sdsd": 10.550115234350463,
    "tinn": 164.0625,
    "tinn_m": 648.4375,
    "tinn_n": 484.375,
    "tri_index": 10.048780487804878
}