{
    "Comment": "None",
    "Name": "C:\\Users\\Juan Pablo Botero T\\OneDrive - Universidad de los Andes\\Documentos\\JPB\\Personal\\Bienestar y Tecnolog\u00eda\\Codigo\\HRV-Bienestar-Tecnologia\\HRV_Reports\\CarolynFinck-17-02\\HRV_sound.json",
    "ar_abs": [
        2376.817457344565,
        4806.962989009376,
        8451.60967157031
    ],
    "ar_bands": {
        "hf": [
            0.15,
            0.4
        ],
        "lf": [
            0.04,
            0.15
        ],
        "ulf": null,
        "vlf": [
            0.0,
            0.04
        ]
    },
    "ar_interpolation": "cubic",
    "ar_log": [
        7.773517669015637,
        8.477820768469558,
        9.042112195886563
    ],
    "ar_nfft": 4096.0,
    "ar_norm": [
        36.25550888521667,
        63.74449111478334
    ],
    "ar_order": 16.0,
    "ar_peak": [
        0.0,
        0.0400390625,
        0.150390625
    ],
    "ar_ratio": 0.5687630138882457,
    "ar_rel": [
        15.201523207405012,
        30.744119288067672,
        54.05435750452732
    ],
    "ar_resampling_frequency": 4.0,
    "ar_total": 15635.39011792425,
    "dfa_alpha1": 1.4138640141880303,
    "dfa_alpha1_beats": [
        4,
        5,
        6,
        7,
        8,
        9,
        10,
        11,
        12,
        13,
        14,
        15,
        16
    ],
    "dfa_alpha2": 0.7185723108470564,
    "dfa_alpha2_beats": [
        17,
        18,
        19,
        20,
        21,
        22,
        23,
        24,
        25,
        26,
        27,
        28,
        29,
        30,
        31,
        32,
        33,
        34,
        35,
        36,
        37,
        38,
        39,
        40,
        41,
        42,
        43,
        44,
        45,
        46,
        47,
        48,
        49,
        50,
        51,
        52,
        53,
        54,
        55,
        56,
        57,
        58,
        59,
        60,
        61,
        62,
        63,
        64
    ],
    "ellipse_area": 1670.4631054566967,
    "fft_abs": [
        141.34449755999188,
        133.48463983673872,
        85.7049329635736
    ],
    "fft_bands": {
        "hf": [
            0.15,
            0.4
        ],
        "lf": [
            0.04,
            0.15
        ],
        "ulf": null,
        "vlf": [
            0.0,
            0.04
        ]
    },
    "fft_interpolation": "cubic",
    "fft_log": [
        4.9512001556138845,
        4.893986413817987,
        4.450910384782337
    ],
    "fft_nfft": 4096.0,
    "fft_norm": [
        60.899174231406924,
        39.100825768593076
    ],
    "fft_peak": [
        0.0107421875,
        0.10546875,
        0.208984375
    ],
    "fft_ratio": 1.55749074435975,
    "fft_rel": [
        39.204199874574265,
        37.024140243760925,
        23.771659881664807
    ],
    "fft_resampling_frequency": 4.0,
    "fft_total": 360.5340703603042,
    "fft_window": "hamming",
    "hr_max": 114.72275334608031,
    "hr_mean": 101.10167892022928,
    "hr_min": 82.1917808219178,
    "hr_std": 5.159709287077417,
    "lomb_abs": [
        215.36551491686345,
        689.9765280589107,
        1197.2855854922468
    ],
    "lomb_bands": {
        "hf": [
            0.15,
            0.4
        ],
        "lf": [
            0.04,
            0.15
        ],
        "ulf": null,
        "vlf": [
            0.0,
            0.04
        ]
    },
    "lomb_log": [
        5.372336654026255,
        6.536657579706777,
        7.087812261472382
    ],
    "lomb_ma": "n/a",
    "lomb_nfft": 256.0,
    "lomb_norm": [
        36.559655551004504,
        63.44034444899549
    ],
    "lomb_peak": [
        0.02411764705882353,
        0.14309803921568628,
        0.22349019607843137
    ],
    "lomb_ratio": 0.5762840014274763,
    "lomb_rel": [
        10.242684534388015,
        32.81496536605624,
        56.94235009955576
    ],
    "lomb_total": 2102.6276284680207,
    "nn20": 56.0,
    "nn50": 7.0,
    "nni_counter": 404.0,
    "nni_diff_max": 162.0,
    "nni_diff_mean": 10.63771712158809,
    "nni_diff_min": 0.0,
    "nni_max": 730.0,
    "nni_mean": 595.0841584158416,
    "nni_min": 523.0,
    "pnn20": 13.895781637717123,
    "pnn50": 1.7369727047146404,
    "rmssd": 17.285875414156695,
    "sampen": 1.6155965154253074,
    "sd1": 12.222360123067,
    "sd2": 43.504275411475525,
    "sd_ratio": 3.5594005554926196,
    "sdann": "n/a",
    "sdnn": 32.01926911369681,
    "sdnn_index": "n/a",
    "sdsd": 13.64193004937423,
    "tinn": 101.5625,
    "tinn_m": 632.8125,
    "tinn_n": 531.25,
    "tri_index": 7.345454545454546
}