{
    "Comment": "None",
    "Name": "C:\\Users\\Juan Pablo Botero T\\OneDrive - Universidad de los Andes\\Documentos\\JPB\\Personal\\Bienestar y Tecnolog\u00eda\\Codigo\\HRV-Bienestar-Tecnologia\\HRV_Reports\\CarolynFinck-17-02\\HRV_baseline.json",
    "ar_abs": [
        2392.7555414170915,
        4922.832794356994,
        8970.053366568538
    ],
    "ar_bands": {
        "hf": [
            0.15,
            0.4
        ],
        "lf": [
            0.04,
            0.15
        ],
        "ulf": null,
        "vlf": [
            0.0,
            0.04
        ]
    },
    "ar_interpolation": "cubic",
    "ar_log": [
        7.78020092699313,
        8.50163941500448,
        9.10164690448537
    ],
    "ar_nfft": 4096.0,
    "ar_norm": [
        35.43419803008764,
        64.56580196991236
    ],
    "ar_order": 16.0,
    "ar_peak": [
        0.0,
        0.0400390625,
        0.150390625
    ],
    "ar_ratio": 0.5488075257951566,
    "ar_rel": [
        14.692424069927213,
        30.228055389729374,
        55.07952054034341
    ],
    "ar_resampling_frequency": 4.0,
    "ar_total": 16285.641702342624,
    "dfa_alpha1": 1.4769895623273197,
    "dfa_alpha1_beats": [
        4,
        5,
        6,
        7,
        8,
        9,
        10,
        11,
        12,
        13,
        14,
        15,
        16
    ],
    "dfa_alpha2": 0.590328135672589,
    "dfa_alpha2_beats": [
        17,
        18,
        19,
        20,
        21,
        22,
        23,
        24,
        25,
        26,
        27,
        28,
        29,
        30,
        31,
        32,
        33,
        34,
        35,
        36,
        37,
        38,
        39,
        40,
        41,
        42,
        43,
        44,
        45,
        46,
        47,
        48,
        49,
        50,
        51,
        52,
        53,
        54,
        55,
        56,
        57,
        58,
        59,
        60,
        61,
        62,
        63,
        64
    ],
    "ellipse_area": 3725.528993806736,
    "fft_abs": [
        652.0403714658054,
        862.5369717358565,
        267.4740694737763
    ],
    "fft_bands": {
        "hf": [
            0.15,
            0.4
        ],
        "lf": [
            0.04,
            0.15
        ],
        "ulf": null,
        "vlf": [
            0.0,
            0.04
        ]
    },
    "fft_interpolation": "cubic",
    "fft_log": [
        6.480106479435806,
        6.759878013767507,
        5.58902262509078
    ],
    "fft_nfft": 4096.0,
    "fft_norm": [
        76.32995964469022,
        23.670040355309776
    ],
    "fft_peak": [
        0.0048828125,
        0.1298828125,
        0.1552734375
    ],
    "fft_ratio": 3.2247498736337183,
    "fft_rel": [
        36.58931312688004,
        48.40135170067334,
        15.009335172446614
    ],
    "fft_resampling_frequency": 4.0,
    "fft_total": 1782.051412675438,
    "fft_window": "hamming",
    "hr_max": 111.52416356877323,
    "hr_mean": 98.47468442319169,
    "hr_min": 74.34944237918215,
    "hr_std": 7.006747475487875,
    "lomb_abs": [
        169.54347217236634,
        545.5504826673697,
        1195.9694275066906
    ],
    "lomb_bands": {
        "hf": [
            0.15,
            0.4
        ],
        "lf": [
            0.04,
            0.15
        ],
        "ulf": null,
        "vlf": [
            0.0,
            0.04
        ]
    },
    "lomb_log": [
        5.133109366930241,
        6.301795344836066,
        7.08671237189848
    ],
    "lomb_ma": "n/a",
    "lomb_nfft": 256.0,
    "lomb_norm": [
        31.32611229307412,
        68.67388770692588
    ],
    "lomb_peak": [
        0.017686274509803923,
        0.14470588235294118,
        0.22992156862745097
    ],
    "lomb_ratio": 0.45615754894731014,
    "lomb_rel": [
        8.871682317736568,
        28.54695912793516,
        62.58135855432826
    ],
    "lomb_total": 1911.0633823464268,
    "nn20": 100.0,
    "nn50": 16.0,
    "nni_counter": 391.0,
    "nni_diff_max": 208.0,
    "nni_diff_mean": 16.55128205128205,
    "nni_diff_min": 0.0,
    "nni_max": 807.0,
    "nni_mean": 612.5780051150895,
    "nni_min": 538.0,
    "pnn20": 25.64102564102564,
    "pnn50": 4.102564102564102,
    "rmssd": 26.719770841946865,
    "sampen": 0.8062023054767867,
    "sd1": 18.892050253681827,
    "sd2": 62.77099065846082,
    "sd_ratio": 3.322613999834535,
    "sdann": "n/a",
    "sdnn": 46.5325188428091,
    "sdnn_index": "n/a",
    "sdsd": 21.003150354893627,
    "tinn": 140.625,
    "tinn_m": 671.875,
    "tinn_n": 531.25,
    "tri_index": 9.30952380952381
}