{
    "Comment": "None",
    "Name": "C:\\Users\\Juan Pablo Botero T\\OneDrive - Universidad de los Andes\\Documentos\\JPB\\Personal\\Bienestar y Tecnolog\u00eda\\Codigo\\HRV-Bienestar-Tecnologia\\HRV_Reports\\CarolynFinck-17-02\\HRV_olfative.json",
    "ar_abs": [
        2399.854222247985,
        4911.512365741238,
        8521.533334298683
    ],
    "ar_bands": {
        "hf": [
            0.15,
            0.4
        ],
        "lf": [
            0.04,
            0.15
        ],
        "ulf": null,
        "vlf": [
            0.0,
            0.04
        ]
    },
    "ar_interpolation": "cubic",
    "ar_log": [
        7.783163273761238,
        8.4993371908235,
        9.050351572445317
    ],
    "ar_nfft": 4096.0,
    "ar_norm": [
        36.5629096737655,
        63.43709032623449
    ],
    "ar_order": 16.0,
    "ar_peak": [
        0.0,
        0.0400390625,
        0.150390625
    ],
    "ar_ratio": 0.5763648598278296,
    "ar_rel": [
        15.157388943447565,
        31.02092724547145,
        53.82168381108098
    ],
    "ar_resampling_frequency": 4.0,
    "ar_total": 15832.899922287907,
    "dfa_alpha1": 1.527018511462135,
    "dfa_alpha1_beats": [
        4,
        5,
        6,
        7,
        8,
        9,
        10,
        11,
        12,
        13,
        14,
        15,
        16
    ],
    "dfa_alpha2": 0.688856568135443,
    "dfa_alpha2_beats": [
        17,
        18,
        19,
        20,
        21,
        22,
        23,
        24,
        25,
        26,
        27,
        28,
        29,
        30,
        31,
        32,
        33,
        34,
        35,
        36,
        37,
        38,
        39,
        40,
        41,
        42,
        43,
        44,
        45,
        46,
        47,
        48,
        49,
        50,
        51,
        52,
        53,
        54,
        55,
        56,
        57,
        58,
        59,
        60,
        61,
        62,
        63,
        64
    ],
    "ellipse_area": 1934.8159517428273,
    "fft_abs": [
        209.53832621938932,
        803.3156046883324,
        148.3683163012902
    ],
    "fft_bands": {
        "hf": [
            0.15,
            0.4
        ],
        "lf": [
            0.04,
            0.15
        ],
        "ulf": null,
        "vlf": [
            0.0,
            0.04
        ]
    },
    "fft_interpolation": "cubic",
    "fft_log": [
        5.344906664011792,
        6.688747668720372,
        4.999697805925612
    ],
    "fft_nfft": 4096.0,
    "fft_norm": [
        84.40991667201783,
        15.590083327982176
    ],
    "fft_peak": [
        0.0283203125,
        0.0703125,
        0.16015625
    ],
    "fft_ratio": 5.414333900352732,
    "fft_rel": [
        18.044635875949925,
        69.17845456535944,
        12.776909558690614
    ],
    "fft_resampling_frequency": 4.0,
    "fft_total": 1161.222247209012,
    "fft_window": "hamming",
    "hr_max": 118.34319526627219,
    "hr_mean": 102.37758917109836,
    "hr_min": 82.1917808219178,
    "hr_std": 6.084807072333732,
    "lomb_abs": [
        169.40037937405774,
        504.72723654004875,
        1133.3486559858206
    ],
    "lomb_bands": {
        "hf": [
            0.15,
            0.4
        ],
        "lf": [
            0.04,
            0.15
        ],
        "ulf": null,
        "vlf": [
            0.0,
            0.04
        ]
    },
    "lomb_log": [
        5.132265021731726,
        6.224018157691678,
        7.032931941832238
    ],
    "lomb_ma": "n/a",
    "lomb_nfft": 256.0,
    "lomb_norm": [
        30.812201000148583,
        69.18779899985141
    ],
    "lomb_peak": [
        0.036980392156862746,
        0.05305882352941176,
        0.18007843137254903
    ],
    "lomb_ratio": 0.44534154064092646,
    "lomb_rel": [
        9.372204880786217,
        27.924418394134996,
        62.70337672507878
    ],
    "lomb_total": 1807.4762718999273,
    "nn20": 72.0,
    "nn50": 6.0,
    "nni_counter": 409.0,
    "nni_diff_max": 107.0,
    "nni_diff_mean": 11.906862745098039,
    "nni_diff_min": 0.0,
    "nni_max": 730.0,
    "nni_mean": 588.2029339853301,
    "nni_min": 507.0,
    "pnn20": 17.647058823529413,
    "pnn50": 1.4705882352941175,
    "rmssd": 17.540010284612542,
    "sampen": 1.2635598775260113,
    "sd1": 12.402307113663886,
    "sd2": 49.657780584011164,
    "sd_ratio": 4.003914765931101,
    "sdann": "n/a",
    "sdnn": 36.216673540663884,
    "sdnn_index": "n/a",
    "sdsd": 12.895198503055441,
    "tinn": 117.1875,
    "tinn_m": 632.8125,
    "tinn_n": 515.625,
    "tri_index": 8.520833333333334
}