{
    "Comment": "None",
    "Name": "C:\\Users\\facartesvirtual1\\Documents\\HRV-Bienestar-Tecnologia\\HRV_Reports\\Experiencia_Mindfullness\\JuanAndresGuevara_08-04-2022\\HRV_interactive.json",
    "ar_abs": [
        2417.6096365318763,
        4977.406640434489,
        8980.679889142928
    ],
    "ar_bands": {
        "hf": [
            0.15,
            0.4
        ],
        "lf": [
            0.04,
            0.15
        ],
        "ulf": null,
        "vlf": [
            0.0,
            0.04
        ]
    },
    "ar_interpolation": "cubic",
    "ar_log": [
        7.790534577501545,
        8.512664279445923,
        9.102830869916124
    ],
    "ar_nfft": 4096.0,
    "ar_norm": [
        35.65966316290763,
        64.34033683709238
    ],
    "ar_order": 16.0,
    "ar_peak": [
        0.0,
        0.0400390625,
        0.150390625
    ],
    "ar_ratio": 0.5542349467830223,
    "ar_rel": [
        14.763400664060297,
        30.395084214713254,
        54.84151512122645
    ],
    "ar_resampling_frequency": 4.0,
    "ar_total": 16375.696166109294,
    "dfa_alpha1": 1.2751995767521724,
    "dfa_alpha1_beats": [
        4,
        5,
        6,
        7,
        8,
        9,
        10,
        11,
        12,
        13,
        14,
        15,
        16
    ],
    "dfa_alpha2": 0.8776522002944074,
    "dfa_alpha2_beats": [
        17,
        18,
        19,
        20,
        21,
        22,
        23,
        24,
        25,
        26,
        27,
        28,
        29,
        30,
        31,
        32,
        33,
        34,
        35,
        36,
        37,
        38,
        39,
        40,
        41,
        42,
        43,
        44,
        45,
        46,
        47,
        48,
        49,
        50,
        51,
        52,
        53,
        54,
        55,
        56,
        57,
        58,
        59,
        60,
        61,
        62,
        63,
        64
    ],
    "ellipse_area": 3482.8942872011726,
    "fft_abs": [
        762.4515318361618,
        1082.56653120764,
        455.6639663366815
    ],
    "fft_bands": {
        "hf": [
            0.15,
            0.4
        ],
        "lf": [
            0.04,
            0.15
        ],
        "ulf": null,
        "vlf": [
            0.0,
            0.04
        ]
    },
    "fft_interpolation": "cubic",
    "fft_log": [
        6.636538941656205,
        6.987089918687912,
        6.121755621930046
    ],
    "fft_nfft": 4096.0,
    "fft_norm": [
        70.37739356591112,
        29.62260643408887
    ],
    "fft_peak": [
        0.0078125,
        0.0439453125,
        0.1552734375
    ],
    "fft_ratio": 2.3758001755349514,
    "fft_rel": [
        33.14023937681954,
        47.05415687100179,
        19.805603752178673
    ],
    "fft_resampling_frequency": 4.0,
    "fft_total": 2300.6820293804835,
    "fft_window": "hamming",
    "hr_max": 113.20754716981132,
    "hr_mean": 90.89789186541095,
    "hr_min": 75.0,
    "hr_std": 6.472959317173681,
    "lomb_abs": [
        266.5948171532655,
        715.7098346139836,
        1040.420517271028
    ],
    "lomb_bands": {
        "hf": [
            0.15,
            0.4
        ],
        "lf": [
            0.04,
            0.15
        ],
        "ulf": null,
        "vlf": [
            0.0,
            0.04
        ]
    },
    "lomb_log": [
        5.58572996702025,
        6.57327482590204,
        6.9473802539404375
    ],
    "lomb_ma": "n/a",
    "lomb_nfft": 256.0,
    "lomb_norm": [
        40.75493791481641,
        59.24506208518358
    ],
    "lomb_peak": [
        0.00803921568627451,
        0.09647058823529411,
        0.18972549019607843
    ],
    "lomb_ratio": 0.6879043835960246,
    "lomb_rel": [
        13.179982196000479,
        35.383444353652564,
        51.436573450346955
    ],
    "lomb_total": 2022.7251690382773,
    "nn20": 153.0,
    "nn50": 14.0,
    "nni_counter": 364.0,
    "nni_diff_max": 124.0,
    "nni_diff_mean": 19.12121212121212,
    "nni_diff_min": 0.0,
    "nni_max": 800.0,
    "nni_mean": 663.3708791208791,
    "nni_min": 530.0,
    "pnn20": 42.14876033057851,
    "pnn50": 3.8567493112947657,
    "rmssd": 24.677925358506133,
    "sampen": 1.224883201952206,
    "sd1": 17.449903903264932,
    "sd2": 63.532709996285426,
    "sd_ratio": 3.640863029875956,
    "sdann": "n/a",
    "sdnn": 46.59055968290803,
    "sdnn_index": "n/a",
    "sdsd": 15.62214983213041,
    "tinn": 203.125,
    "tinn_m": 757.8125,
    "tinn_n": 554.6875,
    "tri_index": 13.481481481481481
}