{
    "Comment": "None",
    "Name": "C:\\Users\\facartesvirtual1\\Documents\\HRV-Bienestar-Tecnologia\\HRV_Reports\\Experiencia_Mindfullness\\JuanAndresGuevara_08-04-2022\\HRV_sound.json",
    "ar_abs": [
        2380.191637277647,
        4883.835290354918,
        8891.298139626013
    ],
    "ar_bands": {
        "hf": [
            0.15,
            0.4
        ],
        "lf": [
            0.04,
            0.15
        ],
        "ulf": null,
        "vlf": [
            0.0,
            0.04
        ]
    },
    "ar_interpolation": "cubic",
    "ar_log": [
        7.774936283288527,
        8.493686110328362,
        9.092828340302828
    ],
    "ar_nfft": 4096.0,
    "ar_norm": [
        35.45399625476933,
        64.54600374523066
    ],
    "ar_order": 16.0,
    "ar_peak": [
        0.0,
        0.0400390625,
        0.150390625
    ],
    "ar_ratio": 0.5492825922222806,
    "ar_rel": [
        14.7331708112856,
        30.230498427127365,
        55.036330761587024
    ],
    "ar_resampling_frequency": 4.0,
    "ar_total": 16155.325067258578,
    "dfa_alpha1": 1.1489610484555912,
    "dfa_alpha1_beats": [
        4,
        5,
        6,
        7,
        8,
        9,
        10,
        11,
        12,
        13,
        14,
        15,
        16
    ],
    "dfa_alpha2": 0.9268394857987676,
    "dfa_alpha2_beats": [
        17,
        18,
        19,
        20,
        21,
        22,
        23,
        24,
        25,
        26,
        27,
        28,
        29,
        30,
        31,
        32,
        33,
        34,
        35,
        36,
        37,
        38,
        39,
        40,
        41,
        42,
        43,
        44,
        45,
        46,
        47,
        48,
        49,
        50,
        51,
        52,
        53,
        54,
        55,
        56,
        57,
        58,
        59,
        60,
        61,
        62,
        63,
        64
    ],
    "ellipse_area": 2112.951444083302,
    "fft_abs": [
        346.94984892299567,
        439.79558046224065,
        278.8235328651731
    ],
    "fft_bands": {
        "hf": [
            0.15,
            0.4
        ],
        "lf": [
            0.04,
            0.15
        ],
        "ulf": null,
        "vlf": [
            0.0,
            0.04
        ]
    },
    "fft_interpolation": "cubic",
    "fft_log": [
        5.849180241902303,
        6.086310029098456,
        5.630579083018548
    ],
    "fft_nfft": 4096.0,
    "fft_norm": [
        61.200095058126166,
        38.799904941873834
    ],
    "fft_peak": [
        0.0048828125,
        0.0908203125,
        0.2236328125
    ],
    "fft_ratio": 1.577325901952855,
    "fft_rel": [
        32.56005582128266,
        41.27330994452224,
        26.1666342341951
    ],
    "fft_resampling_frequency": 4.0,
    "fft_total": 1065.5689622504094,
    "fft_window": "hamming",
    "hr_max": 102.73972602739725,
    "hr_mean": 91.43793914158017,
    "hr_min": 81.30081300813008,
    "hr_std": 4.690850564379132,
    "lomb_abs": [
        313.94124302552166,
        588.2394632918891,
        1229.0394195534784
    ],
    "lomb_bands": {
        "hf": [
            0.15,
            0.4
        ],
        "lf": [
            0.04,
            0.15
        ],
        "ulf": null,
        "vlf": [
            0.0,
            0.04
        ]
    },
    "lomb_log": [
        5.749205844275808,
        6.377134115491061,
        7.1139881835459455
    ],
    "lomb_ma": "n/a",
    "lomb_nfft": 256.0,
    "lomb_norm": [
        32.36924551562857,
        67.63075448437142
    ],
    "lomb_peak": [
        0.00803921568627451,
        0.12701960784313726,
        0.36819607843137253
    ],
    "lomb_ratio": 0.4786172468785436,
    "lomb_rel": [
        14.730587385816591,
        27.601065518819386,
        57.66834709536403
    ],
    "lomb_total": 2131.220125870889,
    "nn20": 130.0,
    "nn50": 4.0,
    "nni_counter": 367.0,
    "nni_diff_max": 62.0,
    "nni_diff_mean": 16.614754098360656,
    "nni_diff_min": 0.0,
    "nni_max": 738.0,
    "nni_mean": 657.9155313351498,
    "nni_min": 584.0,
    "pnn20": 35.51912568306011,
    "pnn50": 1.092896174863388,
    "rmssd": 20.91506372714132,
    "sampen": 1.9980959022258835,
    "sd1": 14.788582575576436,
    "sd2": 45.47922900933027,
    "sd_ratio": 3.075293306637777,
    "sdann": "n/a",
    "sdnn": 33.92141277213183,
    "sdnn_index": "n/a",
    "sdsd": 12.721320721460915,
    "tinn": 156.25,
    "tinn_m": 734.375,
    "tinn_n": 578.125,
    "tri_index": 11.46875
}