{
    "Comment": "None",
    "Name": "C:\\Users\\facartesvirtual1\\Documents\\HRV-Bienestar-Tecnologia\\HRV_Reports\\Experiencia_Mindfullness\\JuanAndresGuevara_08-04-2022\\HRV_final.json",
    "ar_abs": [
        2436.3676338930504,
        5014.117847125791,
        9029.442116904345
    ],
    "ar_bands": {
        "hf": [
            0.15,
            0.4
        ],
        "lf": [
            0.04,
            0.15
        ],
        "ulf": null,
        "vlf": [
            0.0,
            0.04
        ]
    },
    "ar_interpolation": "cubic",
    "ar_log": [
        7.79826353447623,
        8.52001278205707,
        9.108245863428786
    ],
    "ar_nfft": 4096.0,
    "ar_norm": [
        35.70403701033416,
        64.29596298966582
    ],
    "ar_order": 16.0,
    "ar_peak": [
        0.0,
        0.0400390625,
        0.150390625
    ],
    "ar_ratio": 0.5553076017552269,
    "ar_rel": [
        14.783849136570742,
        30.425606043060977,
        54.79054482036828
    ],
    "ar_resampling_frequency": 4.0,
    "ar_total": 16479.927597923186,
    "dfa_alpha1": 1.3971082394492806,
    "dfa_alpha1_beats": [
        4,
        5,
        6,
        7,
        8,
        9,
        10,
        11,
        12,
        13,
        14,
        15,
        16
    ],
    "dfa_alpha2": 1.034816058200525,
    "dfa_alpha2_beats": [
        17,
        18,
        19,
        20,
        21,
        22,
        23,
        24,
        25,
        26,
        27,
        28,
        29,
        30,
        31,
        32,
        33,
        34,
        35,
        36,
        37,
        38,
        39,
        40,
        41,
        42,
        43,
        44,
        45,
        46,
        47,
        48,
        49,
        50,
        51,
        52,
        53,
        54,
        55,
        56,
        57,
        58,
        59,
        60,
        61,
        62,
        63,
        64
    ],
    "ellipse_area": 3926.0852118741805,
    "fft_abs": [
        1289.8417665490815,
        1721.7332925931187,
        313.55007546790716
    ],
    "fft_bands": {
        "hf": [
            0.15,
            0.4
        ],
        "lf": [
            0.04,
            0.15
        ],
        "ulf": null,
        "vlf": [
            0.0,
            0.04
        ]
    },
    "fft_interpolation": "cubic",
    "fft_log": [
        7.16227482824231,
        7.451086790642061,
        5.74795907767759
    ],
    "fft_nfft": 4096.0,
    "fft_norm": [
        84.59427908721034,
        15.405720912789658
    ],
    "fft_peak": [
        0.0185546875,
        0.09375,
        0.2724609375
    ],
    "fft_ratio": 5.491095130574585,
    "fft_rel": [
        38.79077371024486,
        51.77950371467759,
        9.429722575077554
    ],
    "fft_resampling_frequency": 4.0,
    "fft_total": 3325.125134610107,
    "fft_window": "hamming",
    "hr_max": 108.499095840868,
    "hr_mean": 89.42878027342222,
    "hr_min": 72.28915662650603,
    "hr_std": 6.686750685910527,
    "lomb_abs": [
        222.60169724551233,
        740.0206323205178,
        1463.7717877975833
    ],
    "lomb_bands": {
        "hf": [
            0.15,
            0.4
        ],
        "lf": [
            0.04,
            0.15
        ],
        "ulf": null,
        "vlf": [
            0.0,
            0.04
        ]
    },
    "lomb_log": [
        5.40538406345529,
        6.606678067323746,
        7.288771799718369
    ],
    "lomb_ma": "n/a",
    "lomb_nfft": 256.0,
    "lomb_norm": [
        33.57941635359923,
        66.42058364640077
    ],
    "lomb_peak": [
        0.02411764705882353,
        0.14792156862745098,
        0.36498039215686273
    ],
    "lomb_ratio": 0.5055573816147706,
    "lomb_rel": [
        9.174177255563869,
        30.49878117593623,
        60.327041568499894
    ],
    "lomb_total": 2426.3941173636135,
    "nn20": 151.0,
    "nn50": 14.0,
    "nni_counter": 356.0,
    "nni_diff_max": 77.0,
    "nni_diff_mean": 19.614084507042254,
    "nni_diff_min": 0.0,
    "nni_max": 830.0,
    "nni_mean": 674.75,
    "nni_min": 553.0,
    "pnn20": 42.53521126760563,
    "pnn50": 3.943661971830986,
    "rmssd": 25.034792690781813,
    "sampen": 1.257346628163026,
    "sd1": 17.70146201836956,
    "sd2": 70.59935137801922,
    "sd_ratio": 3.9883344836011436,
    "sdann": "n/a",
    "sdnn": 51.58946147432892,
    "sdnn_index": "n/a",
    "sdsd": 15.579224321024965,
    "tinn": 187.5,
    "tinn_m": 757.8125,
    "tinn_n": 570.3125,
    "tri_index": 13.185185185185185
}