{
    "Comment": "None",
    "Name": "C:\\Users\\admin\\HRV-Bienestar-Tecnologia\\HRV_Reports\\Experiencia_Mindfullness\\25-03-2022_DanielaGonzalez\\HRV_interactive.json",
    "ar_abs": [
        2433.7857188892813,
        5019.562214003556,
        9126.651482670595
    ],
    "ar_bands": {
        "hf": [
            0.15,
            0.4
        ],
        "lf": [
            0.04,
            0.15
        ],
        "ulf": null,
        "vlf": [
            0.0,
            0.04
        ]
    },
    "ar_interpolation": "cubic",
    "ar_log": [
        7.79720323306121,
        8.521098000517078,
        9.118954146477249
    ],
    "ar_nfft": 4096.0,
    "ar_norm": [
        35.4834326812388,
        64.51656731876119
    ],
    "ar_order": 16.0,
    "ar_peak": [
        0.0,
        0.0400390625,
        0.150390625
    ],
    "ar_ratio": 0.5499894702382956,
    "ar_rel": [
        14.679045866580173,
        30.274803322922654,
        55.04615081049716
    ],
    "ar_resampling_frequency": 4.0,
    "ar_total": 16579.999415563434,
    "dfa_alpha1": 1.5288687795385578,
    "dfa_alpha1_beats": [
        4,
        5,
        6,
        7,
        8,
        9,
        10,
        11,
        12,
        13,
        14,
        15,
        16
    ],
    "dfa_alpha2": 0.7461899775379299,
    "dfa_alpha2_beats": [
        17,
        18,
        19,
        20,
        21,
        22,
        23,
        24,
        25,
        26,
        27,
        28,
        29,
        30,
        31,
        32,
        33,
        34,
        35,
        36,
        37,
        38,
        39,
        40,
        41,
        42,
        43,
        44,
        45,
        46,
        47,
        48,
        49,
        50,
        51,
        52,
        53,
        54,
        55,
        56,
        57,
        58,
        59,
        60,
        61,
        62,
        63,
        64
    ],
    "ellipse_area": 5186.963062728308,
    "fft_abs": [
        1422.9700775448587,
        2296.622077396594,
        447.04833542509357
    ],
    "fft_bands": {
        "hf": [
            0.15,
            0.4
        ],
        "lf": [
            0.04,
            0.15
        ],
        "ulf": null,
        "vlf": [
            0.0,
            0.04
        ]
    },
    "fft_interpolation": "cubic",
    "fft_log": [
        7.260501570142034,
        7.739194660374606,
        6.102666721709667
    ],
    "fft_nfft": 4096.0,
    "fft_norm": [
        83.7061939606174,
        16.293806039382595
    ],
    "fft_peak": [
        0.0068359375,
        0.0693359375,
        0.1513671875
    ],
    "fft_ratio": 5.137301484889234,
    "fft_rel": [
        34.15149641143332,
        55.11927613400973,
        10.729227454556945
    ],
    "fft_resampling_frequency": 4.0,
    "fft_total": 4166.640490366546,
    "fft_window": "hamming",
    "hr_max": 105.4481546572935,
    "hr_mean": 87.01512050451312,
    "hr_min": 66.66666666666667,
    "hr_std": 7.662445175620128,
    "lomb_abs": [
        271.08698654917765,
        606.5379904879427,
        1416.0456426199191
    ],
    "lomb_bands": {
        "hf": [
            0.15,
            0.4
        ],
        "lf": [
            0.04,
            0.15
        ],
        "ulf": null,
        "vlf": [
            0.0,
            0.04
        ]
    },
    "lomb_log": [
        5.6024397529517955,
        6.40776736531428,
        7.255623507222821
    ],
    "lomb_ma": "n/a",
    "lomb_nfft": 256.0,
    "lomb_norm": [
        29.988277397258894,
        70.0117226027411
    ],
    "lomb_peak": [
        0.01607843137254902,
        0.12701960784313726,
        0.36498039215686273
    ],
    "lomb_ratio": 0.42833223183805497,
    "lomb_rel": [
        11.818915245542618,
        26.44398830807865,
        61.737096446378736
    ],
    "lomb_total": 2293.6706196570394,
    "nn20": 136.0,
    "nn50": 24.0,
    "nni_counter": 347.0,
    "nni_diff_max": 93.0,
    "nni_diff_mean": 20.286127167630056,
    "nni_diff_min": 0.0,
    "nni_max": 900.0,
    "nni_mean": 694.9971181556195,
    "nni_min": 569.0,
    "pnn20": 39.30635838150289,
    "pnn50": 6.9364161849710975,
    "rmssd": 27.095047859288048,
    "sampen": 1.1360514571847444,
    "sd1": 19.155361306556546,
    "sd2": 86.19318611189256,
    "sd_ratio": 4.499689916179766,
    "sdann": "n/a",
    "sdnn": 62.6505354090984,
    "sdnn_index": "n/a",
    "sdsd": 17.987489485783524,
    "tinn": 226.5625,
    "tinn_m": 796.875,
    "tinn_n": 570.3125,
    "tri_index": 13.346153846153847
}