{
    "Comment": "None",
    "Name": "C:\\Users\\admin\\HRV-Bienestar-Tecnologia\\HRV_Reports\\Experiencia_Mindfullness\\25-03-2022_DanielaGonzalez\\HRV_video.json",
    "ar_abs": [
        2403.5134185517836,
        4952.330748930507,
        8833.259058234456
    ],
    "ar_bands": {
        "hf": [
            0.15,
            0.4
        ],
        "lf": [
            0.04,
            0.15
        ],
        "ulf": null,
        "vlf": [
            0.0,
            0.04
        ]
    },
    "ar_interpolation": "cubic",
    "ar_log": [
        7.784686870239914,
        8.50761360311352,
        9.086279314769092
    ],
    "ar_nfft": 4096.0,
    "ar_norm": [
        35.923967114969344,
        64.07603288503066
    ],
    "ar_order": 16.0,
    "ar_peak": [
        0.0,
        0.0400390625,
        0.150390625
    ],
    "ar_ratio": 0.5606459310523552,
    "ar_rel": [
        14.84648893172631,
        30.59051931340842,
        54.56299175486527
    ],
    "ar_resampling_frequency": 4.0,
    "ar_total": 16189.103225716746,
    "dfa_alpha1": 1.5508751084751475,
    "dfa_alpha1_beats": [
        4,
        5,
        6,
        7,
        8,
        9,
        10,
        11,
        12,
        13,
        14,
        15,
        16
    ],
    "dfa_alpha2": 0.7453514088915686,
    "dfa_alpha2_beats": [
        17,
        18,
        19,
        20,
        21,
        22,
        23,
        24,
        25,
        26,
        27,
        28,
        29,
        30,
        31,
        32,
        33,
        34,
        35,
        36,
        37,
        38,
        39,
        40,
        41,
        42,
        43,
        44,
        45,
        46,
        47,
        48,
        49,
        50,
        51,
        52,
        53,
        54,
        55,
        56,
        57,
        58,
        59,
        60,
        61,
        62,
        63,
        64
    ],
    "ellipse_area": 6511.565707212585,
    "fft_abs": [
        394.53109686406066,
        1390.796259873537,
        408.1541130341401
    ],
    "fft_bands": {
        "hf": [
            0.15,
            0.4
        ],
        "lf": [
            0.04,
            0.15
        ],
        "ulf": null,
        "vlf": [
            0.0,
            0.04
        ]
    },
    "fft_interpolation": "cubic",
    "fft_log": [
        5.97769796319722,
        7.237631710939364,
        6.011644831107744
    ],
    "fft_nfft": 4096.0,
    "fft_norm": [
        77.31154126422993,
        22.688458735770066
    ],
    "fft_peak": [
        0.00390625,
        0.044921875,
        0.216796875
    ],
    "fft_ratio": 3.4075272438996684,
    "fft_rel": [
        17.986525179313098,
        63.40588142822418,
        18.60759339246272
    ],
    "fft_resampling_frequency": 4.0,
    "fft_total": 2193.481469771738,
    "fft_window": "hamming",
    "hr_max": 173.41040462427745,
    "hr_mean": 94.61749613527145,
    "hr_min": 63.96588486140725,
    "hr_std": 8.19063204474103,
    "lomb_abs": [
        145.18134853851623,
        660.3751233628823,
        1365.069551119847
    ],
    "lomb_bands": {
        "hf": [
            0.15,
            0.4
        ],
        "lf": [
            0.04,
            0.15
        ],
        "ulf": null,
        "vlf": [
            0.0,
            0.04
        ]
    },
    "lomb_log": [
        4.977983640548341,
        6.49280804229178,
        7.218960659522343
    ],
    "lomb_ma": "n/a",
    "lomb_nfft": 256.0,
    "lomb_norm": [
        32.603957623850334,
        67.39604237614967
    ],
    "lomb_peak": [
        0.00803921568627451,
        0.14631372549019608,
        0.3199607843137255
    ],
    "lomb_ratio": 0.4837666497074363,
    "lomb_rel": [
        6.688455173703371,
        30.423256533325855,
        62.88828829297076
    ],
    "lomb_total": 2170.6260230212456,
    "nn20": 107.0,
    "nn50": 9.0,
    "nni_counter": 376.0,
    "nni_diff_max": 592.0,
    "nni_diff_mean": 18.04,
    "nni_diff_min": 0.0,
    "nni_max": 938.0,
    "nni_mean": 638.6117021276596,
    "nni_min": 346.0,
    "pnn20": 28.53333333333333,
    "pnn50": 2.4,
    "rmssd": 41.88539920624688,
    "sampen": 0.7307102821355939,
    "sd1": 29.617358513772512,
    "sd2": 69.98246444487202,
    "sd_ratio": 2.3628867649466154,
    "sdann": "n/a",
    "sdnn": 53.753742406413295,
    "sdnn_index": "n/a",
    "sdsd": 37.851892626407334,
    "tinn": 164.0625,
    "tinn_m": 718.75,
    "tinn_n": 554.6875,
    "tri_index": 10.742857142857142
}