{
    "Comment": "None",
    "Name": "C:\\Users\\Juan Pablo Botero T\\OneDrive - Universidad de los Andes\\Documentos\\JPB\\Personal\\Bienestar y Tecnolog\u00eda\\Codigo\\HRV-Bienestar-Tecnologia\\HRV_Reports\\Experiencia_Mindfullness\\ViviolaGomez-17-03-2022\\HRV_olfative.json",
    "ar_abs": [
        2475.3190875783544,
        5087.96919204476,
        9174.63802214928
    ],
    "ar_bands": {
        "hf": [
            0.15,
            0.4
        ],
        "lf": [
            0.04,
            0.15
        ],
        "ulf": null,
        "vlf": [
            0.0,
            0.04
        ]
    },
    "ar_interpolation": "cubic",
    "ar_log": [
        7.814124590966853,
        8.534634049978978,
        9.124198219517714
    ],
    "ar_nfft": 4096.0,
    "ar_norm": [
        35.67348602982806,
        64.32651397017193
    ],
    "ar_order": 16.0,
    "ar_peak": [
        0.0,
        0.0400390625,
        0.150390625
    ],
    "ar_ratio": 0.5545689301050851,
    "ar_rel": [
        14.788684350439759,
        30.39784678407857,
        54.81346886548168
    ],
    "ar_resampling_frequency": 4.0,
    "ar_total": 16737.926301772393,
    "dfa_alpha1": 1.0100061321721978,
    "dfa_alpha1_beats": [
        4,
        5,
        6,
        7,
        8,
        9,
        10,
        11,
        12,
        13,
        14,
        15,
        16
    ],
    "dfa_alpha2": 1.2371867330097726,
    "dfa_alpha2_beats": [
        17,
        18,
        19,
        20,
        21,
        22,
        23,
        24,
        25,
        26,
        27,
        28,
        29,
        30,
        31,
        32,
        33,
        34,
        35,
        36,
        37,
        38,
        39,
        40,
        41,
        42,
        43,
        44,
        45,
        46,
        47,
        48,
        49,
        50,
        51,
        52,
        53,
        54,
        55,
        56,
        57,
        58,
        59,
        60,
        61,
        62,
        63,
        64
    ],
    "ellipse_area": 721.2594352205751,
    "fft_abs": [
        268.55334973601356,
        63.70538362684429,
        59.17235692929013
    ],
    "fft_bands": {
        "hf": [
            0.15,
            0.4
        ],
        "lf": [
            0.04,
            0.15
        ],
        "ulf": null,
        "vlf": [
            0.0,
            0.04
        ]
    },
    "fft_interpolation": "cubic",
    "fft_log": [
        5.593049589690223,
        4.154269074341973,
        4.080454489075782
    ],
    "fft_nfft": 4096.0,
    "fft_norm": [
        51.844527201199355,
        48.15547279880064
    ],
    "fft_peak": [
        0.0048828125,
        0.068359375,
        0.1669921875
    ],
    "fft_ratio": 1.0766071681574394,
    "fft_rel": [
        68.60807850893408,
        16.274993276414815,
        15.116928214651098
    ],
    "fft_resampling_frequency": 4.0,
    "fft_total": 391.431090292148,
    "fft_window": "hamming",
    "hr_max": 75.0,
    "hr_mean": 69.82435451439294,
    "hr_min": 64.51612903225806,
    "hr_std": 1.734698849775119,
    "lomb_abs": [
        225.62284007435338,
        682.8529024607495,
        1809.3131816715434
    ],
    "lomb_bands": {
        "hf": [
            0.15,
            0.4
        ],
        "lf": [
            0.04,
            0.15
        ],
        "ulf": null,
        "vlf": [
            0.0,
            0.04
        ]
    },
    "lomb_log": [
        5.418864755963665,
        6.526279466625394,
        7.5007025946075725
    ],
    "lomb_ma": "n/a",
    "lomb_nfft": 256.0,
    "lomb_norm": [
        27.399975740320734,
        72.60002425967926
    ],
    "lomb_peak": [
        0.001607843137254902,
        0.05305882352941176,
        0.18650980392156863
    ],
    "lomb_ratio": 0.3774100080506197,
    "lomb_rel": [
        8.301705775043413,
        25.125310371926034,
        66.57298385303055
    ],
    "lomb_total": 2717.7889242066462,
    "nn20": 23.0,
    "nn50": 0.0,
    "nni_counter": 280.0,
    "nni_diff_max": 31.0,
    "nni_diff_mean": 8.487455197132617,
    "nni_diff_min": 0.0,
    "nni_max": 930.0,
    "nni_mean": 859.8285714285714,
    "nni_min": 800.0,
    "pnn20": 8.24372759856631,
    "pnn50": 0.0,
    "rmssd": 11.108135802356047,
    "sampen": 1.6476905713007466,
    "sd1": 7.854638152187032,
    "sd2": 29.22910060091329,
    "sd_ratio": 3.721253612780977,
    "sdann": "n/a",
    "sdnn": 21.40526946048293,
    "sdnn_index": "n/a",
    "sdsd": 7.17903274310562,
    "tinn": 101.5625,
    "tinn_m": 914.0625,
    "tinn_n": 812.5,
    "tri_index": 6.222222222222222
}