{
    "Comment": "None",
    "Name": "C:\\Users\\Juan Pablo Botero T\\OneDrive - Universidad de los Andes\\Documentos\\JPB\\Personal\\Bienestar y Tecnolog\u00eda\\Codigo\\HRV-Bienestar-Tecnologia\\HRV_Reports\\Experiencia_Mindfullness\\ViviolaGomez-17-03-2022\\HRV_final.json",
    "ar_abs": [
        2538.221329104817,
        5264.165376707559,
        9650.845547518707
    ],
    "ar_bands": {
        "hf": [
            0.15,
            0.4
        ],
        "lf": [
            0.04,
            0.15
        ],
        "ulf": null,
        "vlf": [
            0.0,
            0.04
        ]
    },
    "ar_interpolation": "cubic",
    "ar_log": [
        7.839218850581171,
        8.568677889059453,
        9.17480081199902
    ],
    "ar_nfft": 4096.0,
    "ar_norm": [
        35.294411807349334,
        64.70558819265067
    ],
    "ar_order": 16.0,
    "ar_peak": [
        0.0,
        0.0400390625,
        0.150390625
    ],
    "ar_ratio": 0.5454615712983831,
    "ar_rel": [
        14.542987180041553,
        30.16155002293545,
        55.295462797023
    ],
    "ar_resampling_frequency": 4.0,
    "ar_total": 17453.232253331083,
    "dfa_alpha1": 0.7886609061596656,
    "dfa_alpha1_beats": [
        4,
        5,
        6,
        7,
        8,
        9,
        10,
        11,
        12,
        13,
        14,
        15,
        16
    ],
    "dfa_alpha2": 0.314322013291933,
    "dfa_alpha2_beats": [
        17,
        18,
        19,
        20,
        21,
        22,
        23,
        24,
        25,
        26,
        27,
        28,
        29,
        30,
        31,
        32,
        33,
        34,
        35,
        36,
        37,
        38,
        39,
        40,
        41,
        42,
        43,
        44,
        45,
        46,
        47,
        48,
        49,
        50,
        51,
        52,
        53,
        54,
        55,
        56,
        57,
        58,
        59,
        60,
        61,
        62,
        63,
        64
    ],
    "ellipse_area": 1939.0782009649308,
    "fft_abs": [
        242.3403792432681,
        154.2759077885781,
        152.97308241727393
    ],
    "fft_bands": {
        "hf": [
            0.15,
            0.4
        ],
        "lf": [
            0.04,
            0.15
        ],
        "ulf": null,
        "vlf": [
            0.0,
            0.04
        ]
    },
    "fft_interpolation": "cubic",
    "fft_log": [
        5.490343263724443,
        5.038742608413303,
        5.030261974001359
    ],
    "fft_nfft": 4096.0,
    "fft_norm": [
        50.212014589605545,
        49.78798541039447
    ],
    "fft_peak": [
        0.00390625,
        0.0498046875,
        0.24609375
    ],
    "fft_ratio": 1.0085166968640298,
    "fft_rel": [
        44.09480836322899,
        28.071122981002393,
        27.83406865576862
    ],
    "fft_resampling_frequency": 4.0,
    "fft_total": 549.5893694491201,
    "fft_window": "hamming",
    "hr_max": 62.43496357960458,
    "hr_mean": 59.035706130284964,
    "hr_min": 53.81165919282511,
    "hr_std": 1.7110589673588807,
    "lomb_abs": [
        557.2156556189013,
        936.0131409948145,
        2179.4815591763563
    ],
    "lomb_bands": {
        "hf": [
            0.15,
            0.4
        ],
        "lf": [
            0.04,
            0.15
        ],
        "ulf": null,
        "vlf": [
            0.0,
            0.04
        ]
    },
    "lomb_log": [
        6.3229523384579975,
        6.8416295159034135,
        7.686842310608633
    ],
    "lomb_ma": "n/a",
    "lomb_nfft": 256.0,
    "lomb_norm": [
        30.04380463055798,
        69.95619536944203
    ],
    "lomb_peak": [
        0.02572549019607843,
        0.10290196078431373,
        0.3103137254901961
    ],
    "lomb_ratio": 0.4294659604041529,
    "lomb_rel": [
        15.171783278265986,
        25.48562370346408,
        59.34259301826993
    ],
    "lomb_total": 3672.7103557900723,
    "nn20": 94.0,
    "nn50": 3.0,
    "nni_counter": 236.0,
    "nni_diff_max": 54.0,
    "nni_diff_mean": 18.557446808510637,
    "nni_diff_min": 0.0,
    "nni_max": 1115.0,
    "nni_mean": 1017.1906779661017,
    "nni_min": 961.0,
    "pnn20": 40.0,
    "pnn50": 1.276595744680851,
    "rmssd": 22.852254416466085,
    "sampen": 2.3025850929940455,
    "sd1": 16.15474512179637,
    "sd2": 38.20721136713189,
    "sd_ratio": 2.3650767052698223,
    "sdann": "n/a",
    "sdnn": 29.701523672609397,
    "sdnn_index": "n/a",
    "sdsd": 13.36438283259239,
    "tinn": 62.5,
    "tinn_m": 1054.6875,
    "tinn_n": 992.1875,
    "tri_index": 5.7560975609756095
}