{
    "Comment": "None",
    "Name": "C:\\Users\\admin\\HRV-Bienestar-Tecnologia\\HRV_Reports\\Experiencia_Mindfullness\\16-03-2022_JessicaSanchez\\HRV_baseline.json",
    "ar_abs": [
        2419.6809913957964,
        4989.53111802426,
        9111.367472209758
    ],
    "ar_bands": {
        "hf": [
            0.15,
            0.4
        ],
        "lf": [
            0.04,
            0.15
        ],
        "ulf": null,
        "vlf": [
            0.0,
            0.04
        ]
    },
    "ar_interpolation": "cubic",
    "ar_log": [
        7.791390988724209,
        8.515097220006846,
        9.117278085708081
    ],
    "ar_nfft": 4096.0,
    "ar_norm": [
        35.38449047126616,
        64.61550952873385
    ],
    "ar_order": 16.0,
    "ar_peak": [
        0.0,
        0.0400390625,
        0.150390625
    ],
    "ar_ratio": 0.5476160557943297,
    "ar_rel": [
        14.646465515570528,
        30.201913276531823,
        55.15162120789766
    ],
    "ar_resampling_frequency": 4.0,
    "ar_total": 16520.579581629812,
    "dfa_alpha1": 1.233483361586921,
    "dfa_alpha1_beats": [
        4,
        5,
        6,
        7,
        8,
        9,
        10,
        11,
        12,
        13,
        14,
        15,
        16
    ],
    "dfa_alpha2": 1.1077532492185813,
    "dfa_alpha2_beats": [
        17,
        18,
        19,
        20,
        21,
        22,
        23,
        24,
        25,
        26,
        27,
        28,
        29,
        30,
        31,
        32,
        33,
        34,
        35,
        36,
        37,
        38,
        39,
        40,
        41,
        42,
        43,
        44,
        45,
        46,
        47,
        48,
        49,
        50,
        51,
        52,
        53,
        54,
        55,
        56,
        57,
        58,
        59,
        60,
        61,
        62,
        63,
        64
    ],
    "ellipse_area": 6839.754277167425,
    "fft_abs": [
        2233.993431274303,
        1035.4610564368186,
        223.17537770787112
    ],
    "fft_bands": {
        "hf": [
            0.15,
            0.4
        ],
        "lf": [
            0.04,
            0.15
        ],
        "ulf": null,
        "vlf": [
            0.0,
            0.04
        ]
    },
    "fft_interpolation": "cubic",
    "fft_log": [
        7.7115460392820765,
        6.942602071665669,
        5.407957909493124
    ],
    "fft_nfft": 4096.0,
    "fft_norm": [
        82.26847947083857,
        17.731520529161436
    ],
    "fft_peak": [
        0.00390625,
        0.08984375,
        0.2060546875
    ],
    "fft_ratio": 4.63967426456964,
    "fft_rel": [
        63.96307416922069,
        29.647030929016,
        6.389894901763314
    ],
    "fft_resampling_frequency": 4.0,
    "fft_total": 3492.6298654189927,
    "fft_window": "hamming",
    "hr_max": 104.16666666666667,
    "hr_mean": 88.08764344388831,
    "hr_min": 65.57377049180327,
    "hr_std": 7.643452968505404,
    "lomb_abs": [
        223.7784343755365,
        658.1868831227155,
        1553.920480661417
    ],
    "lomb_bands": {
        "hf": [
            0.15,
            0.4
        ],
        "lf": [
            0.04,
            0.15
        ],
        "ulf": null,
        "vlf": [
            0.0,
            0.04
        ]
    },
    "lomb_log": [
        5.410656430088842,
        6.489488907903975,
        7.348536358872777
    ],
    "lomb_ma": "n/a",
    "lomb_nfft": 256.0,
    "lomb_norm": [
        29.75383988581778,
        70.2461601141822
    ],
    "lomb_peak": [
        0.00803921568627451,
        0.12862745098039216,
        0.36498039215686273
    ],
    "lomb_ratio": 0.423565356988256,
    "lomb_rel": [
        9.18673751226773,
        27.020432715687274,
        63.79282977204498
    ],
    "lomb_total": 2435.8857981596693,
    "nn20": 176.0,
    "nn50": 54.0,
    "nni_counter": 349.0,
    "nni_diff_max": 138.0,
    "nni_diff_mean": 26.977011494252874,
    "nni_diff_min": 0.0,
    "nni_max": 915.0,
    "nni_mean": 686.4985673352436,
    "nni_min": 576.0,
    "pnn20": 50.57471264367817,
    "pnn50": 15.517241379310345,
    "rmssd": 36.49610276784878,
    "sampen": 1.1658492334527961,
    "sd1": 25.806472489046552,
    "sd2": 84.36493621568565,
    "sd_ratio": 3.2691386337863104,
    "sdann": "n/a",
    "sdnn": 62.39591906793567,
    "sdnn_index": "n/a",
    "sdsd": 24.61600286006613,
    "tinn": 226.5625,
    "tinn_m": 796.875,
    "tinn_n": 570.3125,
    "tri_index": 14.541666666666666
}