{
    "Comment": "None",
    "Name": "C:\\Users\\facartesvirtual1\\Documents\\HRV-Bienestar-Tecnologia\\HRV_Reports\\Experiencia_Mindfullness\\ValentinaCorredor-30-03-2022\\HRV_baseline.json",
    "ar_abs": [
        2385.5158585977993,
        4834.602750276057,
        8621.02865899082
    ],
    "ar_bands": {
        "hf": [
            0.15,
            0.4
        ],
        "lf": [
            0.04,
            0.15
        ],
        "ulf": null,
        "vlf": [
            0.0,
            0.04
        ]
    },
    "ar_interpolation": "cubic",
    "ar_log": [
        7.7771706728476255,
        8.483554243245386,
        9.061959690527658
    ],
    "ar_nfft": 4096.0,
    "ar_norm": [
        35.929958269713545,
        64.07004173028646
    ],
    "ar_order": 16.0,
    "ar_peak": [
        0.0,
        0.0400390625,
        0.150390625
    ],
    "ar_ratio": 0.5607918662042817,
    "ar_rel": [
        15.058984164846779,
        30.519271543441327,
        54.421744291711896
    ],
    "ar_resampling_frequency": 4.0,
    "ar_total": 15841.147267864675,
    "dfa_alpha1": 1.4379180508617957,
    "dfa_alpha1_beats": [
        4,
        5,
        6,
        7,
        8,
        9,
        10,
        11,
        12,
        13,
        14,
        15,
        16
    ],
    "dfa_alpha2": 1.0854831289451827,
    "dfa_alpha2_beats": [
        17,
        18,
        19,
        20,
        21,
        22,
        23,
        24,
        25,
        26,
        27,
        28,
        29,
        30,
        31,
        32,
        33,
        34,
        35,
        36,
        37,
        38,
        39,
        40,
        41,
        42,
        43,
        44,
        45,
        46,
        47,
        48,
        49,
        50,
        51,
        52,
        53,
        54,
        55,
        56,
        57,
        58,
        59,
        60,
        61,
        62,
        63,
        64
    ],
    "ellipse_area": 1574.1629171991397,
    "fft_abs": [
        720.1072258281695,
        292.18869222285133,
        94.45162787014908
    ],
    "fft_bands": {
        "hf": [
            0.15,
            0.4
        ],
        "lf": [
            0.04,
            0.15
        ],
        "ulf": null,
        "vlf": [
            0.0,
            0.04
        ]
    },
    "fft_interpolation": "cubic",
    "fft_log": [
        6.579400125683256,
        5.6773997998095735,
        4.548087829057321
    ],
    "fft_nfft": 4096.0,
    "fft_norm": [
        75.57119033849594,
        24.42880966150405
    ],
    "fft_peak": [
        0.00390625,
        0.08203125,
        0.1796875
    ],
    "fft_ratio": 3.09352733046114,
    "fft_rel": [
        65.06517484335677,
        26.400663213547617,
        8.534161943095608
    ],
    "fft_resampling_frequency": 4.0,
    "fft_total": 1106.74754592117,
    "fft_window": "hamming",
    "hr_max": 111.52416356877323,
    "hr_mean": 95.26566093603593,
    "hr_min": 77.31958762886597,
    "hr_std": 5.814663321465765,
    "lomb_abs": [
        100.48153840857432,
        570.5633997136039,
        1119.0367701368239
    ],
    "lomb_bands": {
        "hf": [
            0.15,
            0.4
        ],
        "lf": [
            0.04,
            0.15
        ],
        "ulf": null,
        "vlf": [
            0.0,
            0.04
        ]
    },
    "lomb_log": [
        4.60997401319757,
        6.346624293212835,
        7.020223567590484
    ],
    "lomb_ma": "n/a",
    "lomb_nfft": 256.0,
    "lomb_norm": [
        33.76913721333924,
        66.23086278666075
    ],
    "lomb_peak": [
        0.027333333333333334,
        0.09968627450980393,
        0.18972549019607843
    ],
    "lomb_ratio": 0.5098701087756405,
    "lomb_rel": [
        5.613237537983709,
        31.87359532702686,
        62.51316713498943
    ],
    "lomb_total": 1790.081708259002,
    "nn20": 54.0,
    "nn50": 1.0,
    "nni_counter": 381.0,
    "nni_diff_max": 54.0,
    "nni_diff_mean": 10.376315789473685,
    "nni_diff_min": 0.0,
    "nni_max": 776.0,
    "nni_mean": 632.1154855643044,
    "nni_min": 538.0,
    "pnn20": 14.210526315789473,
    "pnn50": 0.2631578947368421,
    "rmssd": 13.456264438230209,
    "sampen": 1.3772240041499264,
    "sd1": 9.51414950790273,
    "sd2": 52.66593914592128,
    "sd_ratio": 5.535538316081266,
    "sdann": "n/a",
    "sdnn": 37.88489904111812,
    "sdnn_index": "n/a",
    "sdsd": 8.57885767778477,
    "tinn": 156.25,
    "tinn_m": 703.125,
    "tinn_n": 546.875,
    "tri_index": 10.026315789473685
}