{
    "Comment": "None",
    "Name": "C:\\Users\\facartesvirtual1\\Documents\\HRV-Bienestar-Tecnologia\\HRV_Reports\\Experiencia_Mindfullness\\ValentinaCorredor-30-03-2022\\HRV_olfative.json",
    "ar_abs": [
        2415.9868853727335,
        4907.932467066464,
        8770.170150360087
    ],
    "ar_bands": {
        "hf": [
            0.15,
            0.4
        ],
        "lf": [
            0.04,
            0.15
        ],
        "ulf": null,
        "vlf": [
            0.0,
            0.04
        ]
    },
    "ar_interpolation": "cubic",
    "ar_log": [
        7.78986313080021,
        8.498608045969727,
        9.079111486587383
    ],
    "ar_nfft": 4096.0,
    "ar_norm": [
        35.88167602144997,
        64.11832397855002
    ],
    "ar_order": 16.0,
    "ar_peak": [
        0.0,
        0.0400390625,
        0.150390625
    ],
    "ar_ratio": 0.5596165619278154,
    "ar_rel": [
        15.011640670648157,
        30.49524775050378,
        54.493111578848065
    ],
    "ar_resampling_frequency": 4.0,
    "ar_total": 16094.089502799285,
    "dfa_alpha1": 1.3947485178388708,
    "dfa_alpha1_beats": [
        4,
        5,
        6,
        7,
        8,
        9,
        10,
        11,
        12,
        13,
        14,
        15,
        16
    ],
    "dfa_alpha2": 1.1915788522854307,
    "dfa_alpha2_beats": [
        17,
        18,
        19,
        20,
        21,
        22,
        23,
        24,
        25,
        26,
        27,
        28,
        29,
        30,
        31,
        32,
        33,
        34,
        35,
        36,
        37,
        38,
        39,
        40,
        41,
        42,
        43,
        44,
        45,
        46,
        47,
        48,
        49,
        50,
        51,
        52,
        53,
        54,
        55,
        56,
        57,
        58,
        59,
        60,
        61,
        62,
        63,
        64
    ],
    "ellipse_area": 4290.7500564140455,
    "fft_abs": [
        2463.846401866839,
        1935.8612545614963,
        218.41703467056814
    ],
    "fft_bands": {
        "hf": [
            0.15,
            0.4
        ],
        "lf": [
            0.04,
            0.15
        ],
        "ulf": null,
        "vlf": [
            0.0,
            0.04
        ]
    },
    "fft_interpolation": "cubic",
    "fft_log": [
        7.8094789858056926,
        7.568307599236104,
        5.386406238404959
    ],
    "fft_nfft": 4096.0,
    "fft_norm": [
        89.86124328679806,
        10.138756713201955
    ],
    "fft_peak": [
        0.0380859375,
        0.0400390625,
        0.2587890625
    ],
    "fft_ratio": 8.863142279544714,
    "fft_rel": [
        53.35166472693391,
        41.91877404897115,
        4.729561224094944
    ],
    "fft_resampling_frequency": 4.0,
    "fft_total": 4618.124691098903,
    "fft_window": "hamming",
    "hr_max": 106.95187165775401,
    "hr_mean": 86.95585446262997,
    "hr_min": 65.57377049180327,
    "hr_std": 7.718564564218191,
    "lomb_abs": [
        200.75362003824307,
        688.976796190361,
        1418.9505038099628
    ],
    "lomb_bands": {
        "hf": [
            0.15,
            0.4
        ],
        "lf": [
            0.04,
            0.15
        ],
        "ulf": null,
        "vlf": [
            0.0,
            0.04
        ]
    },
    "lomb_log": [
        5.302078385233368,
        6.53520759292894,
        7.2576727955157185
    ],
    "lomb_ma": "n/a",
    "lomb_nfft": 256.0,
    "lomb_norm": [
        32.685035968282925,
        67.31496403171707
    ],
    "lomb_peak": [
        0.00803921568627451,
        0.0868235294117647,
        0.36498039215686273
    ],
    "lomb_ratio": 0.4855537908760166,
    "lomb_rel": [
        8.695598352105298,
        29.84287651923989,
        61.461525128654806
    ],
    "lomb_total": 2308.680920038567,
    "nn20": 123.0,
    "nn50": 11.0,
    "nni_counter": 346.0,
    "nni_diff_max": 101.0,
    "nni_diff_mean": 17.3536231884058,
    "nni_diff_min": 0.0,
    "nni_max": 915.0,
    "nni_mean": 695.3612716763006,
    "nni_min": 561.0,
    "pnn20": 35.65217391304348,
    "pnn50": 3.1884057971014492,
    "rmssd": 22.815263134227884,
    "sampen": 1.1268344621543482,
    "sd1": 16.13059286092574,
    "sd2": 84.67067353790152,
    "sd_ratio": 5.249073872728212,
    "sdann": "n/a",
    "sdnn": 61.084352251393774,
    "sdnn_index": "n/a",
    "sdsd": 14.833264978275679,
    "tinn": 140.625,
    "tinn_m": 773.4375,
    "tinn_n": 632.8125,
    "tri_index": 10.8125
}