{
    "Comment": "None",
    "Name": "C:\\Users\\facartesvirtual1\\Documents\\HRV-Bienestar-Tecnologia\\HRV_Reports\\Experiencia_Mindfullness\\ValentinaCorredor-30-03-2022\\HRV_sound.json",
    "ar_abs": [
        2443.8311509895702,
        4978.014444291192,
        8990.760550744943
    ],
    "ar_bands": {
        "hf": [
            0.15,
            0.4
        ],
        "lf": [
            0.04,
            0.15
        ],
        "ulf": null,
        "vlf": [
            0.0,
            0.04
        ]
    },
    "ar_interpolation": "cubic",
    "ar_log": [
        7.801322230748381,
        8.512786384548718,
        9.103952723525243
    ],
    "ar_nfft": 4096.0,
    "ar_norm": [
        35.63672867563656,
        64.36327132436342
    ],
    "ar_order": 16.0,
    "ar_peak": [
        0.0,
        0.0400390625,
        0.150390625
    ],
    "ar_ratio": 0.5536811281086483,
    "ar_rel": [
        14.889964026714559,
        30.33043259553641,
        54.779603377749034
    ],
    "ar_resampling_frequency": 4.0,
    "ar_total": 16412.606146025704,
    "dfa_alpha1": 1.5469341309961693,
    "dfa_alpha1_beats": [
        4,
        5,
        6,
        7,
        8,
        9,
        10,
        11,
        12,
        13,
        14,
        15,
        16
    ],
    "dfa_alpha2": 1.1796831675569224,
    "dfa_alpha2_beats": [
        17,
        18,
        19,
        20,
        21,
        22,
        23,
        24,
        25,
        26,
        27,
        28,
        29,
        30,
        31,
        32,
        33,
        34,
        35,
        36,
        37,
        38,
        39,
        40,
        41,
        42,
        43,
        44,
        45,
        46,
        47,
        48,
        49,
        50,
        51,
        52,
        53,
        54,
        55,
        56,
        57,
        58,
        59,
        60,
        61,
        62,
        63,
        64
    ],
    "ellipse_area": 6101.097412435233,
    "fft_abs": [
        1831.2787518446582,
        1932.9583748050215,
        354.3505059414383
    ],
    "fft_bands": {
        "hf": [
            0.15,
            0.4
        ],
        "lf": [
            0.04,
            0.15
        ],
        "ulf": null,
        "vlf": [
            0.0,
            0.04
        ]
    },
    "fft_interpolation": "cubic",
    "fft_log": [
        7.512769773308149,
        7.56680694499045,
        5.870286553056681
    ],
    "fft_nfft": 4096.0,
    "fft_norm": [
        84.5079731502727,
        15.492026849727289
    ],
    "fft_peak": [
        0.0029296875,
        0.0439453125,
        0.3740234375
    ],
    "fft_ratio": 5.454933300206637,
    "fft_rel": [
        44.46375590878347,
        46.93255424527519,
        8.603689845941352
    ],
    "fft_resampling_frequency": 4.0,
    "fft_total": 4118.587632591118,
    "fft_window": "hamming",
    "hr_max": 116.50485436893204,
    "hr_mean": 85.80175359148238,
    "hr_min": 66.66666666666667,
    "hr_std": 9.48950847194084,
    "lomb_abs": [
        193.91457968972918,
        553.4324699697235,
        1327.2273598616982
    ],
    "lomb_bands": {
        "hf": [
            0.15,
            0.4
        ],
        "lf": [
            0.04,
            0.15
        ],
        "ulf": null,
        "vlf": [
            0.0,
            0.04
        ]
    },
    "lomb_log": [
        5.267417751220345,
        6.316139739230664,
        7.190847353387758
    ],
    "lomb_ma": "n/a",
    "lomb_nfft": 256.0,
    "lomb_norm": [
        29.427569047366315,
        70.5724309526337
    ],
    "lomb_peak": [
        0.02250980392156863,
        0.04019607843137255,
        0.26207843137254905
    ],
    "lomb_ratio": 0.41698392205190304,
    "lomb_rel": [
        9.347198095174045,
        26.676915873914865,
        63.9758860309111
    ],
    "lomb_total": 2074.5744095211508,
    "nn20": 129.0,
    "nn50": 20.0,
    "nni_counter": 341.0,
    "nni_diff_max": 124.0,
    "nni_diff_mean": 19.402941176470588,
    "nni_diff_min": 0.0,
    "nni_max": 900.0,
    "nni_mean": 707.3577712609971,
    "nni_min": 515.0,
    "pnn20": 37.94117647058823,
    "pnn50": 5.88235294117647,
    "rmssd": 26.76130876954308,
    "sampen": 1.1605492763251253,
    "sd1": 18.920633155276274,
    "sd2": 102.64136548765097,
    "sd_ratio": 5.4248377760565605,
    "sdann": "n/a",
    "sdnn": 73.97587746544693,
    "sdnn_index": "n/a",
    "sdsd": 18.457940474094126,
    "tinn": 289.0625,
    "tinn_m": 867.1875,
    "tinn_n": 578.125,
    "tri_index": 18.944444444444443
}