{
    "Comment": "None",
    "Name": "C:\\Users\\facartesvirtual1\\Documents\\HRV-Bienestar-Tecnologia\\HRV_Reports\\Experiencia_Mindfullness\\ValentinaCorredor-30-03-2022\\HRV_interactive.json",
    "ar_abs": [
        2456.2091031536556,
        4982.334470371668,
        9044.983844226816
    ],
    "ar_bands": {
        "hf": [
            0.15,
            0.4
        ],
        "lf": [
            0.04,
            0.15
        ],
        "ulf": null,
        "vlf": [
            0.0,
            0.04
        ]
    },
    "ar_interpolation": "cubic",
    "ar_log": [
        7.806374425363397,
        8.513653829331702,
        9.109965611672667
    ],
    "ar_nfft": 4096.0,
    "ar_norm": [
        35.518795243895354,
        64.48120475610465
    ],
    "ar_order": 16.0,
    "ar_peak": [
        0.0,
        0.0400390625,
        0.150390625
    ],
    "ar_ratio": 0.5508395101835108,
    "ar_rel": [
        14.900992007987385,
        30.226142403269108,
        54.872865588743515
    ],
    "ar_resampling_frequency": 4.0,
    "ar_total": 16483.52741775214,
    "dfa_alpha1": 1.3832586040912296,
    "dfa_alpha1_beats": [
        4,
        5,
        6,
        7,
        8,
        9,
        10,
        11,
        12,
        13,
        14,
        15,
        16
    ],
    "dfa_alpha2": 1.2633932398100831,
    "dfa_alpha2_beats": [
        17,
        18,
        19,
        20,
        21,
        22,
        23,
        24,
        25,
        26,
        27,
        28,
        29,
        30,
        31,
        32,
        33,
        34,
        35,
        36,
        37,
        38,
        39,
        40,
        41,
        42,
        43,
        44,
        45,
        46,
        47,
        48,
        49,
        50,
        51,
        52,
        53,
        54,
        55,
        56,
        57,
        58,
        59,
        60,
        61,
        62,
        63,
        64
    ],
    "ellipse_area": 5009.775782504319,
    "fft_abs": [
        1974.1167681802065,
        323.96524891223885,
        144.45785719634534
    ],
    "fft_bands": {
        "hf": [
            0.15,
            0.4
        ],
        "lf": [
            0.04,
            0.15
        ],
        "ulf": null,
        "vlf": [
            0.0,
            0.04
        ]
    },
    "fft_interpolation": "cubic",
    "fft_log": [
        7.587876371324097,
        5.780636253596239,
        4.972987819315577
    ],
    "fft_nfft": 4096.0,
    "fft_norm": [
        69.16081736521792,
        30.83918263478208
    ],
    "fft_peak": [
        0.0068359375,
        0.0400390625,
        0.3681640625
    ],
    "fft_ratio": 2.242628093755463,
    "fft_rel": [
        80.82229440594178,
        13.26345794074579,
        5.914247653312437
    ],
    "fft_resampling_frequency": 4.0,
    "fft_total": 2442.5398742887905,
    "fft_window": "hamming",
    "hr_max": 114.72275334608031,
    "hr_mean": 92.42637751523435,
    "hr_min": 63.96588486140725,
    "hr_std": 9.376530325149574,
    "lomb_abs": [
        282.09817025906756,
        673.9640470945109,
        1495.2759458230669
    ],
    "lomb_bands": {
        "hf": [
            0.15,
            0.4
        ],
        "lf": [
            0.04,
            0.15
        ],
        "ulf": null,
        "vlf": [
            0.0,
            0.04
        ]
    },
    "lomb_log": [
        5.642255131843943,
        6.513176766899794,
        7.310066047938016
    ],
    "lomb_ma": "n/a",
    "lomb_nfft": 256.0,
    "lomb_norm": [
        31.069132474735763,
        68.93086752526425
    ],
    "lomb_peak": [
        0.00803921568627451,
        0.05145098039215686,
        0.20580392156862745
    ],
    "lomb_ratio": 0.4507288764840866,
    "lomb_rel": [
        11.507925528051242,
        27.493719847331587,
        60.99835462461718
    ],
    "lomb_total": 2451.338163176645,
    "nn20": 95.0,
    "nn50": 13.0,
    "nni_counter": 366.0,
    "nni_diff_max": 115.0,
    "nni_diff_mean": 15.172602739726027,
    "nni_diff_min": 0.0,
    "nni_max": 938.0,
    "nni_mean": 656.4071038251366,
    "nni_min": 523.0,
    "pnn20": 26.027397260273972,
    "pnn50": 3.5616438356164384,
    "rmssd": 22.259736979824332,
    "sampen": 0.796208604390969,
    "sd1": 15.738818720347263,
    "sd2": 101.32025709614858,
    "sd_ratio": 6.437602395480989,
    "sdann": "n/a",
    "sdnn": 72.56970841566333,
    "sdnn_index": "n/a",
    "sdsd": 16.31002237109431,
    "tinn": 171.875,
    "tinn_m": 718.75,
    "tinn_n": 546.875,
    "tri_index": 11.806451612903226
}