{
    "Comment": "None",
    "Name": "C:\\Users\\facartesvirtual1\\Documents\\HRV-Bienestar-Tecnologia\\HRV_Reports\\Experiencia_Mindfullness\\ValentinaCorredor-30-03-2022\\HRV_video.json",
    "ar_abs": [
        2478.2616871960768,
        4977.0277483389455,
        9105.950772950106
    ],
    "ar_bands": {
        "hf": [
            0.15,
            0.4
        ],
        "lf": [
            0.04,
            0.15
        ],
        "ulf": null,
        "vlf": [
            0.0,
            0.04
        ]
    },
    "ar_interpolation": "cubic",
    "ar_log": [
        7.815312660808707,
        8.512588154157246,
        9.11668340987859
    ],
    "ar_nfft": 4096.0,
    "ar_norm": [
        35.340732365779296,
        64.65926763422071
    ],
    "ar_order": 16.0,
    "ar_peak": [
        0.0,
        0.0400390625,
        0.150390625
    ],
    "ar_ratio": 0.5465687079182957,
    "ar_rel": [
        14.964227654438242,
        30.05226471981834,
        54.98350762574342
    ],
    "ar_resampling_frequency": 4.0,
    "ar_total": 16561.240208485127,
    "dfa_alpha1": 1.1918358518973038,
    "dfa_alpha1_beats": [
        4,
        5,
        6,
        7,
        8,
        9,
        10,
        11,
        12,
        13,
        14,
        15,
        16
    ],
    "dfa_alpha2": 1.2720738719397195,
    "dfa_alpha2_beats": [
        17,
        18,
        19,
        20,
        21,
        22,
        23,
        24,
        25,
        26,
        27,
        28,
        29,
        30,
        31,
        32,
        33,
        34,
        35,
        36,
        37,
        38,
        39,
        40,
        41,
        42,
        43,
        44,
        45,
        46,
        47,
        48,
        49,
        50,
        51,
        52,
        53,
        54,
        55,
        56,
        57,
        58,
        59,
        60,
        61,
        62,
        63,
        64
    ],
    "ellipse_area": 4564.115747970179,
    "fft_abs": [
        1472.5344078417368,
        371.5766181646397,
        294.35936431369385
    ],
    "fft_bands": {
        "hf": [
            0.15,
            0.4
        ],
        "lf": [
            0.04,
            0.15
        ],
        "ulf": null,
        "vlf": [
            0.0,
            0.04
        ]
    },
    "fft_interpolation": "cubic",
    "fft_log": [
        7.294740282208077,
        5.917755082905755,
        5.684801348502098
    ],
    "fft_nfft": 4096.0,
    "fft_norm": [
        55.79764841385922,
        44.202351586140786
    ],
    "fft_peak": [
        0.01171875,
        0.0595703125,
        0.255859375
    ],
    "fft_ratio": 1.2623230758463546,
    "fft_rel": [
        68.85923763580092,
        17.375813097371196,
        13.76494926682788
    ],
    "fft_resampling_frequency": 4.0,
    "fft_total": 2138.4703903200702,
    "fft_window": "hamming",
    "hr_max": 94.04388714733543,
    "hr_mean": 79.5974853269357,
    "hr_min": 61.919504643962846,
    "hr_std": 5.4377824144707985,
    "lomb_abs": [
        397.2587842145382,
        629.9973102429107,
        1585.1118824888863
    ],
    "lomb_bands": {
        "hf": [
            0.15,
            0.4
        ],
        "lf": [
            0.04,
            0.15
        ],
        "ulf": null,
        "vlf": [
            0.0,
            0.04
        ]
    },
    "lomb_log": [
        5.984587917732543,
        6.445715549920767,
        7.368410272141206
    ],
    "lomb_ma": "n/a",
    "lomb_nfft": 256.0,
    "lomb_norm": [
        28.440914439344752,
        71.55908556065523
    ],
    "lomb_peak": [
        0.00803921568627451,
        0.14309803921568628,
        0.38588235294117645
    ],
    "lomb_ratio": 0.3974465885989772,
    "lomb_rel": [
        15.206846344782726,
        24.115948281502476,
        60.677205373714806
    ],
    "lomb_total": 2612.367976946335,
    "nn20": 137.0,
    "nn50": 26.0,
    "nni_counter": 317.0,
    "nni_diff_max": 108.0,
    "nni_diff_mean": 21.553797468354432,
    "nni_diff_min": 0.0,
    "nni_max": 969.0,
    "nni_mean": 757.3753943217665,
    "nni_min": 638.0,
    "pnn20": 43.35443037974683,
    "pnn50": 8.227848101265822,
    "rmssd": 28.608498781509763,
    "sampen": 1.27375139325695,
    "sd1": 20.227139504350113,
    "sd2": 71.82444971784517,
    "sd_ratio": 3.5508950587105197,
    "sdann": "n/a",
    "sdnn": 52.93733840785672,
    "sdnn_index": "n/a",
    "sdsd": 18.841535124583512,
    "tinn": 210.9375,
    "tinn_m": 843.75,
    "tinn_n": 632.8125,
    "tri_index": 13.782608695652174
}