{
    "Comment": "None",
    "Name": "C:\\Users\\facartesvirtual1\\Documents\\HRV-Bienestar-Tecnologia\\HRV_Reports\\Experiencia_Mindfullness\\SantiagoHerreraTEST-30-03-2022\\HRV_sound_1.json",
    "ar_abs": [
        2419.8228472445394,
        4971.906859417333,
        8963.734269053257
    ],
    "ar_bands": {
        "hf": [
            0.15,
            0.4
        ],
        "lf": [
            0.04,
            0.15
        ],
        "ulf": null,
        "vlf": [
            0.0,
            0.04
        ]
    },
    "ar_interpolation": "cubic",
    "ar_log": [
        7.791449612853257,
        8.511558719433683,
        9.10094219024372
    ],
    "ar_nfft": 4096.0,
    "ar_norm": [
        35.677632723044944,
        64.32236727695506
    ],
    "ar_order": 16.0,
    "ar_peak": [
        0.0,
        0.0400390625,
        0.150390625
    ],
    "ar_ratio": 0.5546691490601787,
    "ar_rel": [
        14.79519536001873,
        30.39905726184048,
        54.8057473781408
    ],
    "ar_resampling_frequency": 4.0,
    "ar_total": 16355.463975715129,
    "dfa_alpha1": 1.4793856121904234,
    "dfa_alpha1_beats": [
        4,
        5,
        6,
        7,
        8,
        9,
        10,
        11,
        12,
        13,
        14,
        15,
        16
    ],
    "dfa_alpha2": 0.9927740217346086,
    "dfa_alpha2_beats": [
        17,
        18,
        19,
        20,
        21,
        22,
        23,
        24,
        25,
        26,
        27,
        28,
        29,
        30,
        31,
        32,
        33,
        34,
        35,
        36,
        37,
        38,
        39,
        40,
        41,
        42,
        43,
        44,
        45,
        46,
        47,
        48,
        49,
        50,
        51,
        52,
        53,
        54,
        55,
        56,
        57,
        58,
        59,
        60,
        61,
        62,
        63,
        64
    ],
    "ellipse_area": 2332.40499196912,
    "fft_abs": [
        737.790317040453,
        433.55305664156924,
        115.43228662666807
    ],
    "fft_bands": {
        "hf": [
            0.15,
            0.4
        ],
        "lf": [
            0.04,
            0.15
        ],
        "ulf": null,
        "vlf": [
            0.0,
            0.04
        ]
    },
    "fft_interpolation": "cubic",
    "fft_log": [
        6.603659660978396,
        6.072014180061422,
        4.748684095069945
    ],
    "fft_nfft": 4096.0,
    "fft_norm": [
        78.9735212347432,
        21.026478765256797
    ],
    "fft_peak": [
        0.0380859375,
        0.0400390625,
        0.1572265625
    ],
    "fft_ratio": 3.7559080679374364,
    "fft_rel": [
        57.33635938244754,
        33.692979282617316,
        8.970661334935144
    ],
    "fft_resampling_frequency": 4.0,
    "fft_total": 1286.7756603086902,
    "fft_window": "hamming",
    "hr_max": 98.84678747940691,
    "hr_mean": 86.29051785430161,
    "hr_min": 70.33997655334115,
    "hr_std": 5.1175463395680385,
    "lomb_abs": [
        254.0542609550775,
        637.9866967537216,
        1317.7918526275716
    ],
    "lomb_bands": {
        "hf": [
            0.15,
            0.4
        ],
        "lf": [
            0.04,
            0.15
        ],
        "ulf": null,
        "vlf": [
            0.0,
            0.04
        ]
    },
    "lomb_log": [
        5.537547870011185,
        6.4583174316442,
        7.183712775904508
    ],
    "lomb_ma": "n/a",
    "lomb_nfft": 256.0,
    "lomb_norm": [
        32.62059996289189,
        67.37940003710813
    ],
    "lomb_peak": [
        0.030549019607843137,
        0.14309803921568628,
        0.2636862745098039
    ],
    "lomb_ratio": 0.4841331318611715,
    "lomb_rel": [
        11.496537646049633,
        28.870360407790763,
        59.63310194615959
    ],
    "lomb_total": 2209.832810336371,
    "nn20": 77.0,
    "nn50": 5.0,
    "nni_counter": 344.0,
    "nni_diff_max": 131.0,
    "nni_diff_mean": 13.055393586005831,
    "nni_diff_min": 0.0,
    "nni_max": 853.0,
    "nni_mean": 697.7790697674419,
    "nni_min": 607.0,
    "pnn20": 22.448979591836736,
    "pnn50": 1.4577259475218658,
    "rmssd": 18.2887433715602,
    "sampen": 0.8378494887387262,
    "sd1": 12.931857181265666,
    "sd2": 57.41074596800743,
    "sd_ratio": 4.439481906062044,
    "sdann": "n/a",
    "sdnn": 41.67139286595427,
    "sdnn_index": "n/a",
    "sdsd": 12.826319286459556,
    "tinn": 140.625,
    "tinn_m": 773.4375,
    "tinn_n": 632.8125,
    "tri_index": 9.82857142857143
}