{
    "Comment": "None",
    "Name": "C:\\Users\\facartesvirtual1\\Documents\\HRV-Bienestar-Tecnologia\\HRV_Reports\\Experiencia_Mindfullness\\SantiagoHerreraTEST-30-03-2022\\HRV_final.json",
    "ar_abs": [
        2440.00859973848,
        5034.853122520486,
        8850.285790424467
    ],
    "ar_bands": {
        "hf": [
            0.15,
            0.4
        ],
        "lf": [
            0.04,
            0.15
        ],
        "ulf": null,
        "vlf": [
            0.0,
            0.04
        ]
    },
    "ar_interpolation": "cubic",
    "ar_log": [
        7.79975684276402,
        8.524139633430346,
        9.088205030183907
    ],
    "ar_nfft": 4096.0,
    "ar_norm": [
        36.260732817203234,
        63.73926718279677
    ],
    "ar_order": 16.0,
    "ar_peak": [
        0.0,
        0.0400390625,
        0.150390625
    ],
    "ar_ratio": 0.5688915862997245,
    "ar_rel": [
        14.94631884852969,
        30.841088073530592,
        54.21259307793972
    ],
    "ar_resampling_frequency": 4.0,
    "ar_total": 16325.147512683432,
    "dfa_alpha1": 1.293505092619244,
    "dfa_alpha1_beats": [
        4,
        5,
        6,
        7,
        8,
        9,
        10,
        11,
        12,
        13,
        14,
        15,
        16
    ],
    "dfa_alpha2": 1.0716917583315506,
    "dfa_alpha2_beats": [
        17,
        18,
        19,
        20,
        21,
        22,
        23,
        24,
        25,
        26,
        27,
        28,
        29,
        30,
        31,
        32,
        33,
        34,
        35,
        36,
        37,
        38,
        39,
        40,
        41,
        42,
        43,
        44,
        45,
        46,
        47,
        48,
        49,
        50,
        51,
        52,
        53,
        54,
        55,
        56,
        57,
        58,
        59,
        60,
        61,
        62,
        63,
        64
    ],
    "ellipse_area": 2391.3407078807595,
    "fft_abs": [
        587.0105683826579,
        293.64642396836535,
        78.74935901970508
    ],
    "fft_bands": {
        "hf": [
            0.15,
            0.4
        ],
        "lf": [
            0.04,
            0.15
        ],
        "ulf": null,
        "vlf": [
            0.0,
            0.04
        ]
    },
    "fft_interpolation": "cubic",
    "fft_log": [
        6.375042823725067,
        5.682376404024006,
        4.366270138240301
    ],
    "fft_nfft": 4096.0,
    "fft_norm": [
        78.85331611764578,
        21.146683882354218
    ],
    "fft_peak": [
        0.009765625,
        0.11328125,
        0.3349609375
    ],
    "fft_ratio": 3.7288738298795243,
    "fft_rel": [
        61.18476988858589,
        30.607096101545007,
        8.20813400986911
    ],
    "fft_resampling_frequency": 4.0,
    "fft_total": 959.4063513707283,
    "fft_window": "hamming",
    "hr_max": 94.04388714733543,
    "hr_mean": 83.94411720110722,
    "hr_min": 65.57377049180327,
    "hr_std": 4.38021305526587,
    "lomb_abs": [
        199.9639226364942,
        676.3203076460517,
        1552.712171274412
    ],
    "lomb_bands": {
        "hf": [
            0.15,
            0.4
        ],
        "lf": [
            0.04,
            0.15
        ],
        "ulf": null,
        "vlf": [
            0.0,
            0.04
        ]
    },
    "lomb_log": [
        5.298136963458849,
        6.516666791700757,
        7.347758468736855
    ],
    "lomb_ma": "n/a",
    "lomb_nfft": 256.0,
    "lomb_norm": [
        30.341429029943896,
        69.6585709700561
    ],
    "lomb_peak": [
        0.00803921568627451,
        0.12701960784313726,
        0.2636862745098039
    ],
    "lomb_ratio": 0.43557352106730224,
    "lomb_rel": [
        8.23236800632227,
        27.84361093382182,
        63.92402105985592
    ],
    "lomb_total": 2428.9964015569576,
    "nn20": 100.0,
    "nn50": 7.0,
    "nni_counter": 336.0,
    "nni_diff_max": 85.0,
    "nni_diff_mean": 14.746268656716419,
    "nni_diff_min": 0.0,
    "nni_max": 915.0,
    "nni_mean": 716.8125,
    "nni_min": 638.0,
    "pnn20": 29.850746268656714,
    "pnn50": 2.0895522388059704,
    "rmssd": 19.98611458286485,
    "sampen": 1.6264101822773827,
    "sd1": 14.128578319441095,
    "sd2": 53.87572417705941,
    "sd_ratio": 3.813244543007258,
    "sdann": "n/a",
    "sdnn": 39.62575626661897,
    "sdnn_index": "n/a",
    "sdsd": 13.510633740107975,
    "tinn": 140.625,
    "tinn_m": 773.4375,
    "tinn_n": 632.8125,
    "tri_index": 9.882352941176471
}