{
    "Comment": "None",
    "Name": "C:\\Users\\facartesvirtual1\\Documents\\HRV-Bienestar-Tecnologia\\HRV_Reports\\Experiencia_Mindfullness\\SantiagoHerreraTEST-30-03-2022\\HRV_olfative.json",
    "ar_abs": [
        2428.6669763693844,
        5012.742718164258,
        8981.746599800123
    ],
    "ar_bands": {
        "hf": [
            0.15,
            0.4
        ],
        "lf": [
            0.04,
            0.15
        ],
        "ulf": null,
        "vlf": [
            0.0,
            0.04
        ]
    },
    "ar_interpolation": "cubic",
    "ar_log": [
        7.795097816420039,
        8.5197384930189,
        9.10294964124795
    ],
    "ar_nfft": 4096.0,
    "ar_norm": [
        35.81940436890058,
        64.18059563109942
    ],
    "ar_order": 16.0,
    "ar_peak": [
        0.0,
        0.0400390625,
        0.150390625
    ],
    "ar_ratio": 0.5581033335182057,
    "ar_rel": [
        14.788064686489715,
        30.52240768051224,
        54.68952763299806
    ],
    "ar_resampling_frequency": 4.0,
    "ar_total": 16423.156294333763,
    "dfa_alpha1": 1.5498155907866555,
    "dfa_alpha1_beats": [
        4,
        5,
        6,
        7,
        8,
        9,
        10,
        11,
        12,
        13,
        14,
        15,
        16
    ],
    "dfa_alpha2": 1.1301500976707126,
    "dfa_alpha2_beats": [
        17,
        18,
        19,
        20,
        21,
        22,
        23,
        24,
        25,
        26,
        27,
        28,
        29,
        30,
        31,
        32,
        33,
        34,
        35,
        36,
        37,
        38,
        39,
        40,
        41,
        42,
        43,
        44,
        45,
        46,
        47,
        48,
        49,
        50,
        51,
        52,
        53,
        54,
        55,
        56,
        57,
        58,
        59,
        60,
        61,
        62,
        63,
        64
    ],
    "ellipse_area": 4277.149221288642,
    "fft_abs": [
        1663.2240104163102,
        1159.621389001471,
        195.8292825138104
    ],
    "fft_bands": {
        "hf": [
            0.15,
            0.4
        ],
        "lf": [
            0.04,
            0.15
        ],
        "ulf": null,
        "vlf": [
            0.0,
            0.04
        ]
    },
    "fft_interpolation": "cubic",
    "fft_log": [
        7.416513172716844,
        7.055848842032161,
        5.277243272100404
    ],
    "fft_nfft": 4096.0,
    "fft_norm": [
        85.55245966311047,
        14.447540336889539
    ],
    "fft_peak": [
        0.017578125,
        0.09375,
        0.1650390625
    ],
    "fft_ratio": 5.9215934109327675,
    "fft_rel": [
        55.09782224535852,
        38.4149175113978,
        6.487260243243669
    ],
    "fft_resampling_frequency": 4.0,
    "fft_total": 3018.6746819315917,
    "fft_window": "hamming",
    "hr_max": 102.73972602739725,
    "hr_mean": 85.82923567941059,
    "hr_min": 63.424947145877375,
    "hr_std": 6.591654138261738,
    "lomb_abs": [
        240.34327242961754,
        631.4550052379898,
        1325.0373385665714
    ],
    "lomb_bands": {
        "hf": [
            0.15,
            0.4
        ],
        "lf": [
            0.04,
            0.15
        ],
        "ulf": null,
        "vlf": [
            0.0,
            0.04
        ]
    },
    "lomb_log": [
        5.482068203224767,
        6.448026688639257,
        7.189195918073515
    ],
    "lomb_ma": "n/a",
    "lomb_nfft": 256.0,
    "lomb_norm": [
        32.274851840721915,
        67.72514815927808
    ],
    "lomb_peak": [
        0.017686274509803923,
        0.14952941176470588,
        0.1672156862745098
    ],
    "lomb_ratio": 0.4765563858910567,
    "lomb_rel": [
        10.940430437923006,
        28.743844126145017,
        60.31572543593197
    ],
    "lomb_total": 2196.835616234179,
    "nn20": 116.0,
    "nn50": 17.0,
    "nni_counter": 342.0,
    "nni_diff_max": 139.0,
    "nni_diff_mean": 17.12316715542522,
    "nni_diff_min": 0.0,
    "nni_max": 946.0,
    "nni_mean": 703.280701754386,
    "nni_min": 584.0,
    "pnn20": 34.01759530791789,
    "pnn50": 4.9853372434017595,
    "rmssd": 25.205489789776394,
    "sampen": 0.9191036732507698,
    "sd1": 17.822398430376747,
    "sd2": 76.39032912085429,
    "sd_ratio": 4.286198034415701,
    "sdann": "n/a",
    "sdnn": 55.50443306465419,
    "sdnn_index": "n/a",
    "sdsd": 18.523500731540693,
    "tinn": 203.125,
    "tinn_m": 804.6875,
    "tinn_n": 601.5625,
    "tri_index": 12.666666666666666
}