{
    "Comment": "None",
    "Name": "D:\\Users\\jp.botero\\Documents\\Bienestar & Tecnolog\u00eda\\HRV-Bienestar-Tecnologia\\HRV_Reports\\AnaMariaGomez_01122021\\HRV_video.json",
    "ar_abs": [
        1978.0692874637234,
        3887.2283035898176,
        6590.1644505067125
    ],
    "ar_bands": {
        "hf": [
            0.15,
            0.4
        ],
        "lf": [
            0.04,
            0.15
        ],
        "ulf": null,
        "vlf": [
            0.0,
            0.04
        ]
    },
    "ar_interpolation": "cubic",
    "ar_log": [
        7.589876540620582,
        8.265451664293272,
        8.793333581738564
    ],
    "ar_nfft": 4096.0,
    "ar_norm": [
        37.10110324985154,
        62.89889675014845
    ],
    "ar_order": 16.0,
    "ar_peak": [
        0.0,
        0.0400390625,
        0.150390625
    ],
    "ar_ratio": 0.5898530048504225,
    "ar_rel": [
        15.881139381770678,
        31.209025330567968,
        52.90983528766135
    ],
    "ar_resampling_frequency": 4.0,
    "ar_total": 12455.462041560253,
    "dfa_alpha1": 1.564884613372265,
    "dfa_alpha1_beats": [
        4,
        5,
        6,
        7,
        8,
        9,
        10,
        11,
        12,
        13,
        14,
        15,
        16
    ],
    "dfa_alpha2": 0.6528104213826967,
    "dfa_alpha2_beats": [
        17,
        18,
        19,
        20,
        21,
        22,
        23,
        24,
        25,
        26,
        27,
        28,
        29,
        30,
        31,
        32,
        33,
        34,
        35,
        36,
        37,
        38,
        39,
        40,
        41,
        42,
        43,
        44,
        45,
        46,
        47,
        48,
        49,
        50,
        51,
        52,
        53,
        54,
        55,
        56,
        57,
        58,
        59,
        60,
        61,
        62,
        63,
        64
    ],
    "ellipse_area": 82.73901354969688,
    "fft_abs": [
        0.6510349477916167,
        4.755774083892965,
        8.725325440002454
    ],
    "fft_bands": {
        "hf": [
            0.15,
            0.4
        ],
        "lf": [
            0.04,
            0.15
        ],
        "ulf": null,
        "vlf": [
            0.0,
            0.04
        ]
    },
    "fft_interpolation": "cubic",
    "fft_log": [
        -0.42919195497081064,
        1.5593594764162442,
        2.166229767106622
    ],
    "fft_nfft": 4096.0,
    "fft_norm": [
        35.277345705098426,
        64.72265429490157
    ],
    "fft_peak": [
        0.0244140625,
        0.083984375,
        0.2529296875
    ],
    "fft_ratio": 0.5450540632088593,
    "fft_rel": [
        4.6067701173940145,
        33.65219948494618,
        61.74103039765981
    ],
    "fft_resampling_frequency": 4.0,
    "fft_total": 14.132134471687035,
    "fft_window": "hamming",
    "hr_max": 779.2207792207793,
    "hr_mean": 681.112637395298,
    "hr_min": 491.8032786885246,
    "hr_std": 50.78569366353149,
    "lomb_abs": [
        230.09150285531229,
        680.3864342650782,
        1333.0549690997038
    ],
    "lomb_bands": {
        "hf": [
            0.15,
            0.4
        ],
        "lf": [
            0.04,
            0.15
        ],
        "ulf": null,
        "vlf": [
            0.0,
            0.04
        ]
    },
    "lomb_log": [
        5.4384770683078,
        6.522660922440931,
        7.195228556462543
    ],
    "lomb_ma": "n/a",
    "lomb_nfft": 256.0,
    "lomb_norm": [
        33.79221432161094,
        66.20778567838906
    ],
    "lomb_peak": [
        0.003215686274509804,
        0.14309803921568628,
        0.18972549019607843
    ],
    "lomb_ratio": 0.5103963827722618,
    "lomb_rel": [
        10.255766796082817,
        30.32656362555402,
        59.41766957836315
    ],
    "lomb_total": 2243.5329062200944,
    "nn20": 1.0,
    "nn50": 0.0,
    "nni_counter": 353.0,
    "nni_diff_max": 27.0,
    "nni_diff_mean": 2.5880681818181817,
    "nni_diff_min": 0.0,
    "nni_max": 122.0,
    "nni_mean": 88.62606232294617,
    "nni_min": 77.0,
    "pnn20": 0.2840909090909091,
    "pnn50": 0.0,
    "rmssd": 3.764743743542906,
    "sampen": 1.0683282842316673,
    "sd1": 2.66201443672118,
    "sd2": 9.893502312632886,
    "sd_ratio": 3.7165472043114742,
    "sdann": "n/a",
    "sdnn": 7.248557894707264,
    "sdnn_index": "n/a",
    "sdsd": 2.7379728637708234,
    "tinn": 31.25,
    "tinn_m": 101.5625,
    "tinn_n": 70.3125,
    "tri_index": 2.2774193548387096
}