{
    "Comment": "None",
    "Name": "D:\\Users\\jp.botero\\Documents\\Bienestar & Tecnolog\u00eda\\HRV-Bienestar-Tecnologia\\HRV_Reports\\AnaMariaGomez_01122021\\HRV_sound.json",
    "ar_abs": [
        2003.9980945041111,
        3918.692297651779,
        6793.59741272294
    ],
    "ar_bands": {
        "hf": [
            0.15,
            0.4
        ],
        "lf": [
            0.04,
            0.15
        ],
        "ulf": null,
        "vlf": [
            0.0,
            0.04
        ]
    },
    "ar_interpolation": "cubic",
    "ar_log": [
        7.602899511358052,
        8.27351327959066,
        8.823735890668505
    ],
    "ar_nfft": 4096.0,
    "ar_norm": [
        36.58127630600369,
        63.41872369399629
    ],
    "ar_order": 16.0,
    "ar_peak": [
        0.0,
        0.0400390625,
        0.150390625
    ],
    "ar_ratio": 0.5768213892558477,
    "ar_rel": [
        15.759301183284336,
        30.816322796251143,
        53.42437602046453
    ],
    "ar_resampling_frequency": 4.0,
    "ar_total": 12716.28780487883,
    "dfa_alpha1": 1.728251771076174,
    "dfa_alpha1_beats": [
        4,
        5,
        6,
        7,
        8,
        9,
        10,
        11,
        12,
        13,
        14,
        15,
        16
    ],
    "dfa_alpha2": 0.79915612775395,
    "dfa_alpha2_beats": [
        17,
        18,
        19,
        20,
        21,
        22,
        23,
        24,
        25,
        26,
        27,
        28,
        29,
        30,
        31,
        32,
        33,
        34,
        35,
        36,
        37,
        38,
        39,
        40,
        41,
        42,
        43,
        44,
        45,
        46,
        47,
        48,
        49,
        50,
        51,
        52,
        53,
        54,
        55,
        56,
        57,
        58,
        59,
        60,
        61,
        62,
        63,
        64
    ],
    "ellipse_area": 365.9593341030211,
    "fft_abs": [
        2.800090696312768,
        7.915714414576886,
        30.85597908708561
    ],
    "fft_bands": {
        "hf": [
            0.15,
            0.4
        ],
        "lf": [
            0.04,
            0.15
        ],
        "ulf": null,
        "vlf": [
            0.0,
            0.04
        ]
    },
    "fft_interpolation": "cubic",
    "fft_log": [
        1.0296518081968378,
        2.068849950103284,
        3.429330543147258
    ],
    "fft_nfft": 4096.0,
    "fft_norm": [
        20.41622044246653,
        79.58377955753348
    ],
    "fft_peak": [
        0.02734375,
        0.1494140625,
        0.15625
    ],
    "fft_ratio": 0.2565374572051713,
    "fft_rel": [
        6.735555738907029,
        19.041074534786066,
        74.22336972630691
    ],
    "fft_resampling_frequency": 4.0,
    "fft_total": 41.57178419797526,
    "fft_window": "hamming",
    "hr_max": 821.917808219178,
    "hr_mean": 701.8817683274777,
    "hr_min": 270.27027027027026,
    "hr_std": 71.26919302527564,
    "lomb_abs": [
        215.1701008615567,
        717.0188998183258,
        1243.6091923785987
    ],
    "lomb_bands": {
        "hf": [
            0.15,
            0.4
        ],
        "lf": [
            0.04,
            0.15
        ],
        "ulf": null,
        "vlf": [
            0.0,
            0.04
        ]
    },
    "lomb_log": [
        5.371428882118128,
        6.575102199831468,
        7.125773069905912
    ],
    "lomb_ma": "n/a",
    "lomb_nfft": 256.0,
    "lomb_norm": [
        36.57087760151857,
        63.42912239848143
    ],
    "lomb_peak": [
        0.009647058823529411,
        0.14309803921568628,
        0.15435294117647058
    ],
    "lomb_ratio": 0.5765628818221535,
    "lomb_rel": [
        9.889248991382601,
        32.95429245717063,
        57.156458551446775
    ],
    "lomb_total": 2175.798193058481,
    "nn20": 7.0,
    "nn50": 2.0,
    "nni_counter": 362.0,
    "nni_diff_max": 143.0,
    "nni_diff_mean": 3.4238227146814406,
    "nni_diff_min": 0.0,
    "nni_max": 222.0,
    "nni_mean": 86.6353591160221,
    "nni_min": 73.0,
    "pnn20": 1.9390581717451523,
    "pnn50": 0.554016620498615,
    "rmssd": 10.858954715207409,
    "sampen": 0.539381454082769,
    "sd1": 7.678431521670001,
    "sd2": 15.170868380798309,
    "sd_ratio": 1.9757769979432933,
    "sdann": "n/a",
    "sdnn": 12.027883970464902,
    "sdnn_index": "n/a",
    "sdsd": 10.319366249470209,
    "tinn": 31.25,
    "tinn_m": 93.75,
    "tinn_n": 62.5,
    "tri_index": 1.9567567567567568
}