{
    "Comment": "None",
    "Name": "C:\\Users\\Juan Pablo Botero T\\OneDrive - Universidad de los Andes\\Documentos\\JPB\\Personal\\Bienestar y Tecnolog\u00eda\\Codigo\\HRV-Bienestar-Tecnologia\\HRV_Reports\\AnaMariaGomez_01122021\\HRV_baseline.json",
    "ar_abs": [
        2449.597684847854,
        5047.789762707689,
        9251.88484686345
    ],
    "ar_bands": {
        "hf": [
            0.15,
            0.4
        ],
        "lf": [
            0.04,
            0.15
        ],
        "ulf": null,
        "vlf": [
            0.0,
            0.04
        ]
    },
    "ar_interpolation": "cubic",
    "ar_log": [
        7.803679079788608,
        8.526705755712655,
        9.13258257697723
    ],
    "ar_nfft": 4096.0,
    "ar_norm": [
        35.30003234709323,
        64.69996765290678
    ],
    "ar_order": 16.0,
    "ar_peak": [
        0.0,
        0.0400390625,
        0.150390625
    ],
    "ar_ratio": 0.5455958268243014,
    "ar_rel": [
        14.625099179169007,
        30.137367606052102,
        55.2375332147789
    ],
    "ar_resampling_frequency": 4.0,
    "ar_total": 16749.27229441899,
    "dfa_alpha1": 1.2854686428414748,
    "dfa_alpha1_beats": [
        4,
        5,
        6,
        7,
        8,
        9,
        10,
        11,
        12,
        13,
        14,
        15,
        16
    ],
    "dfa_alpha2": 0.7972522240336786,
    "dfa_alpha2_beats": [
        17,
        18,
        19,
        20,
        21,
        22,
        23,
        24,
        25,
        26,
        27,
        28,
        29,
        30,
        31,
        32,
        33,
        34,
        35,
        36,
        37,
        38,
        39,
        40,
        41,
        42,
        43,
        44,
        45,
        46,
        47,
        48,
        49,
        50,
        51,
        52,
        53,
        54,
        55,
        56,
        57,
        58,
        59,
        60,
        61,
        62,
        63,
        64
    ],
    "ellipse_area": 5049.056132865412,
    "fft_abs": [
        907.6579917657052,
        1929.0333209750788,
        506.8379816293861
    ],
    "fft_bands": {
        "hf": [
            0.15,
            0.4
        ],
        "lf": [
            0.04,
            0.15
        ],
        "ulf": null,
        "vlf": [
            0.0,
            0.04
        ]
    },
    "fft_interpolation": "cubic",
    "fft_log": [
        6.8108676465957165,
        7.564774286460573,
        6.22819138965892
    ],
    "fft_nfft": 4096.0,
    "fft_norm": [
        79.19274384129127,
        20.807256158708732
    ],
    "fft_peak": [
        0.0224609375,
        0.0947265625,
        0.2939453125
    ],
    "fft_ratio": 3.8060157109252346,
    "fft_rel": [
        27.146703732909366,
        57.694524292734094,
        15.158771974356533
    ],
    "fft_resampling_frequency": 4.0,
    "fft_total": 3343.52929437017,
    "fft_window": "hamming",
    "hr_max": 95.23809523809524,
    "hr_mean": 80.92526617696343,
    "hr_min": 63.96588486140725,
    "hr_std": 5.094296756159101,
    "lomb_abs": [
        502.37993653588916,
        779.0421430171813,
        1607.181421806391
    ],
    "lomb_bands": {
        "hf": [
            0.15,
            0.4
        ],
        "lf": [
            0.04,
            0.15
        ],
        "ulf": null,
        "vlf": [
            0.0,
            0.04
        ]
    },
    "lomb_log": [
        6.219356679117482,
        6.658065143274186,
        7.382237254080001
    ],
    "lomb_ma": "n/a",
    "lomb_nfft": 256.0,
    "lomb_norm": [
        32.64749181515943,
        67.35250818484056
    ],
    "lomb_peak": [
        0.00803921568627451,
        0.07878431372549019,
        0.19776470588235295
    ],
    "lomb_ratio": 0.4847257020564468,
    "lomb_rel": [
        17.391792826514767,
        26.969507675613535,
        55.6386994978717
    ],
    "lomb_total": 2888.6035013594615,
    "nn20": 174.0,
    "nn50": 37.0,
    "nni_counter": 324.0,
    "nni_diff_max": 207.0,
    "nni_diff_mean": 25.854489164086687,
    "nni_diff_min": 0.0,
    "nni_max": 938.0,
    "nni_mean": 744.5,
    "nni_min": 630.0,
    "pnn20": 53.86996904024768,
    "pnn50": 11.455108359133128,
    "rmssd": 34.84752279863288,
    "sampen": 1.3713571789394945,
    "sd1": 24.640897797788785,
    "sd2": 65.22345476925693,
    "sd_ratio": 2.6469593480116593,
    "sdann": "n/a",
    "sdnn": 49.303288343538185,
    "sdnn_index": "n/a",
    "sdsd": 23.40065302684856,
    "tinn": 140.625,
    "tinn_m": 804.6875,
    "tinn_n": 664.0625,
    "tri_index": 9.257142857142858
}