{
    "Comment": "None",
    "Name": "D:\\Users\\jp.botero\\Documents\\Bienestar & Tecnolog\u00eda\\HRV-Bienestar-Tecnologia\\HRV_Reports\\AnaMariaGomez_01122021\\HRV_interactive.json",
    "ar_abs": [
        1930.770226855395,
        3903.91953802245,
        6382.860424682318
    ],
    "ar_bands": {
        "hf": [
            0.15,
            0.4
        ],
        "lf": [
            0.04,
            0.15
        ],
        "ulf": null,
        "vlf": [
            0.0,
            0.04
        ]
    },
    "ar_interpolation": "cubic",
    "ar_log": [
        7.565674283559406,
        8.269736337182898,
        8.761371618290095
    ],
    "ar_nfft": 4096.0,
    "ar_norm": [
        37.95084129510211,
        62.04915870489789
    ],
    "ar_order": 16.0,
    "ar_peak": [
        0.0,
        0.0400390625,
        0.150390625
    ],
    "ar_ratio": 0.6116253964956084,
    "ar_rel": [
        15.8032518540847,
        31.95337426449314,
        52.24337388142216
    ],
    "ar_resampling_frequency": 4.0,
    "ar_total": 12217.550189560163,
    "dfa_alpha1": 1.3271746639767288,
    "dfa_alpha1_beats": [
        4,
        5,
        6,
        7,
        8,
        9,
        10,
        11,
        12,
        13,
        14,
        15,
        16
    ],
    "dfa_alpha2": 0.983966603455287,
    "dfa_alpha2_beats": [
        17,
        18,
        19,
        20,
        21,
        22,
        23,
        24,
        25,
        26,
        27,
        28,
        29,
        30,
        31,
        32,
        33,
        34,
        35,
        36,
        37,
        38,
        39,
        40,
        41,
        42,
        43,
        44,
        45,
        46,
        47,
        48,
        49,
        50,
        51,
        52,
        53,
        54,
        55,
        56,
        57,
        58,
        59,
        60,
        61,
        62,
        63,
        64
    ],
    "ellipse_area": 147.91377041952916,
    "fft_abs": [
        3.062979561485235,
        1.9561343796269193,
        22.45093821687844
    ],
    "fft_bands": {
        "hf": [
            0.15,
            0.4
        ],
        "lf": [
            0.04,
            0.15
        ],
        "ulf": null,
        "vlf": [
            0.0,
            0.04
        ]
    },
    "fft_interpolation": "cubic",
    "fft_log": [
        1.1193881551170584,
        0.6709702704935597,
        3.1113324047127304
    ],
    "fft_nfft": 4096.0,
    "fft_norm": [
        8.014621056631762,
        91.98537894336823
    ],
    "fft_peak": [
        0.0244140625,
        0.0400390625,
        0.396484375
    ],
    "fft_ratio": 0.08712929324959402,
    "fft_rel": [
        11.150250257512758,
        7.120970751626008,
        81.72877899086124
    ],
    "fft_resampling_frequency": 4.0,
    "fft_total": 27.470052157990594,
    "fft_window": "hamming",
    "hr_max": 1935.483870967742,
    "hr_mean": 741.9711126074301,
    "hr_min": 521.7391304347826,
    "hr_std": 110.44399767004317,
    "lomb_abs": [
        185.16922344805673,
        691.4668641363918,
        1239.9208741757789
    ],
    "lomb_bands": {
        "hf": [
            0.15,
            0.4
        ],
        "lf": [
            0.04,
            0.15
        ],
        "ulf": null,
        "vlf": [
            0.0,
            0.04
        ]
    },
    "lomb_log": [
        5.221270128316552,
        6.53881523113728,
        7.122802845414499
    ],
    "lomb_ma": "n/a",
    "lomb_nfft": 256.0,
    "lomb_norm": [
        35.80155607390678,
        64.19844392609322
    ],
    "lomb_peak": [
        0.02411764705882353,
        0.14309803921568628,
        0.2508235294117647
    ],
    "lomb_ratio": 0.5576701534249395,
    "lomb_rel": [
        8.74860572115486,
        32.669419090962506,
        58.58197518788263
    ],
    "lomb_total": 2116.5569617602273,
    "nn20": 7.0,
    "nn50": 1.0,
    "nni_counter": 382.0,
    "nni_diff_max": 56.0,
    "nni_diff_mean": 2.884514435695538,
    "nni_diff_min": 0.0,
    "nni_max": 115.0,
    "nni_mean": 81.97905759162303,
    "nni_min": 31.0,
    "pnn20": 1.837270341207349,
    "pnn50": 0.26246719160104987,
    "rmssd": 6.058117480007696,
    "sampen": 1.0599484574643254,
    "sd1": 4.283668006336633,
    "sd2": 10.99114482205643,
    "sd_ratio": 2.565825550859155,
    "sdann": "n/a",
    "sdnn": 8.349930840509634,
    "sdnn_index": "n/a",
    "sdsd": 5.334327421514605,
    "tinn": 31.25,
    "tinn_m": 93.75,
    "tinn_n": 62.5,
    "tri_index": 2.581081081081081
}