{
    "Comment": "None",
    "Name": "C:\\Users\\Juan Pablo Botero T\\OneDrive - Universidad de los Andes\\Documentos\\JPB\\Personal\\Bienestar y Tecnolog\u00eda\\Codigo\\HRV-Bienestar-Tecnologia\\HRV_Reports\\AnaMariaGomez_01122021\\HRV_sound.json",
    "ar_abs": [
        2512.026080306473,
        5395.969233606895,
        10918.311708815676
    ],
    "ar_bands": {
        "hf": [
            0.15,
            0.4
        ],
        "lf": [
            0.04,
            0.15
        ],
        "ulf": null,
        "vlf": [
            0.0,
            0.04
        ]
    },
    "ar_interpolation": "cubic",
    "ar_log": [
        7.828844909821802,
        8.593407515607703,
        9.298196631926436
    ],
    "ar_nfft": 4096.0,
    "ar_norm": [
        33.07512756860509,
        66.9248724313949
    ],
    "ar_order": 16.0,
    "ar_peak": [
        0.0,
        0.0400390625,
        0.150390625
    ],
    "ar_ratio": 0.4942127846789788,
    "ar_rel": [
        13.343169625746027,
        28.66185719319423,
        57.99497318105974
    ],
    "ar_resampling_frequency": 4.0,
    "ar_total": 18826.307022729045,
    "dfa_alpha1": 1.738176608613309,
    "dfa_alpha1_beats": [
        4,
        5,
        6,
        7,
        8,
        9,
        10,
        11,
        12,
        13,
        14,
        15,
        16
    ],
    "dfa_alpha2": 0.797825296526118,
    "dfa_alpha2_beats": [
        17,
        18,
        19,
        20,
        21,
        22,
        23,
        24,
        25,
        26,
        27,
        28,
        29,
        30,
        31,
        32,
        33,
        34,
        35,
        36,
        37,
        38,
        39,
        40,
        41,
        42,
        43,
        44,
        45,
        46,
        47,
        48,
        49,
        50,
        51,
        52,
        53,
        54,
        55,
        56,
        57,
        58,
        59,
        60,
        61,
        62,
        63,
        64
    ],
    "ellipse_area": 26943.985932908734,
    "fft_abs": [
        2888.542361736979,
        8937.98285131546,
        7641.750583048137
    ],
    "fft_bands": {
        "hf": [
            0.15,
            0.4
        ],
        "lf": [
            0.04,
            0.15
        ],
        "ulf": null,
        "vlf": [
            0.0,
            0.04
        ]
    },
    "fft_interpolation": "cubic",
    "fft_log": [
        7.968507280766188,
        9.098065210864958,
        8.941381989820226
    ],
    "fft_nfft": 4096.0,
    "fft_norm": [
        53.90908657668983,
        46.090913423310184
    ],
    "fft_peak": [
        0.0205078125,
        0.078125,
        0.21484375
    ],
    "fft_ratio": 1.1696250426103654,
    "fft_rel": [
        14.837176090938382,
        45.910500472289925,
        39.25232343677168
    ],
    "fft_resampling_frequency": 4.0,
    "fft_total": 19468.275796100577,
    "fft_window": "hamming",
    "hr_max": 106.95187165775401,
    "hr_mean": 91.36794018854333,
    "hr_min": 31.712473572938688,
    "hr_std": 9.312574485393576,
    "lomb_abs": [
        337.82776861535046,
        565.2377952422125,
        1398.3075122402017
    ],
    "lomb_bands": {
        "hf": [
            0.15,
            0.4
        ],
        "lf": [
            0.04,
            0.15
        ],
        "ulf": null,
        "vlf": [
            0.0,
            0.04
        ]
    },
    "lomb_log": [
        5.822536205303431,
        6.337246519137644,
        7.243017864441872
    ],
    "lomb_ma": "n/a",
    "lomb_nfft": 256.0,
    "lomb_norm": [
        28.786592959596113,
        71.2134070404039
    ],
    "lomb_peak": [
        0.00803921568627451,
        0.0852156862745098,
        0.38909803921568625
    ],
    "lomb_ratio": 0.404229963934511,
    "lomb_rel": [
        14.679400403352908,
        24.560893716573602,
        60.75970588007349
    ],
    "lomb_total": 2301.3730760977646,
    "nn20": 129.0,
    "nn50": 28.0,
    "nni_counter": 362.0,
    "nni_diff_max": 1285.0,
    "nni_diff_mean": 27.479224376731302,
    "nni_diff_min": 0.0,
    "nni_max": 1892.0,
    "nni_mean": 665.939226519337,
    "nni_min": 561.0,
    "pnn20": 35.73407202216066,
    "pnn50": 7.756232686980609,
    "rmssd": 101.84399563049057,
    "sampen": 0.537968802520271,
    "sd1": 72.01452356696107,
    "sd2": 119.09454747231838,
    "sd_ratio": 1.6537573474547953,
    "sdann": "n/a",
    "sdnn": 98.4448699437235,
    "sdnn_index": "n/a",
    "sdsd": 98.20288090058517,
    "tinn": 132.8125,
    "tinn_m": 695.3125,
    "tinn_n": 562.5,
    "tri_index": 10.342857142857143
}