{
    "Comment": "None",
    "Name": "C:\\Users\\Juan Pablo Botero T\\OneDrive - Universidad de los Andes\\Documentos\\JPB\\Personal\\Bienestar y Tecnolog\u00eda\\Codigo\\HRV-Bienestar-Tecnologia\\HRV_Reports\\AnaMariaGomez_01122021\\HRV_final.json",
    "ar_abs": [
        2499.60840636593,
        5260.932227918462,
        9950.996089947721
    ],
    "ar_bands": {
        "hf": [
            0.15,
            0.4
        ],
        "lf": [
            0.04,
            0.15
        ],
        "ulf": null,
        "vlf": [
            0.0,
            0.04
        ]
    },
    "ar_interpolation": "cubic",
    "ar_log": [
        7.823889361133737,
        8.568063519670732,
        9.205427934684497
    ],
    "ar_nfft": 4096.0,
    "ar_norm": [
        34.58425597325209,
        65.4157440267479
    ],
    "ar_order": 16.0,
    "ar_peak": [
        0.0,
        0.0400390625,
        0.150390625
    ],
    "ar_ratio": 0.5286839810170301,
    "ar_rel": [
        14.11288272319183,
        29.703420487058562,
        56.18369678974962
    ],
    "ar_resampling_frequency": 4.0,
    "ar_total": 17711.53672423211,
    "dfa_alpha1": 1.1731320328596793,
    "dfa_alpha1_beats": [
        4,
        5,
        6,
        7,
        8,
        9,
        10,
        11,
        12,
        13,
        14,
        15,
        16
    ],
    "dfa_alpha2": 0.4734096534714661,
    "dfa_alpha2_beats": [
        17,
        18,
        19,
        20,
        21,
        22,
        23,
        24,
        25,
        26,
        27,
        28,
        29,
        30,
        31,
        32,
        33,
        34,
        35,
        36,
        37,
        38,
        39,
        40,
        41,
        42,
        43,
        44,
        45,
        46,
        47,
        48,
        49,
        50,
        51,
        52,
        53,
        54,
        55,
        56,
        57,
        58,
        59,
        60,
        61,
        62,
        63,
        64
    ],
    "ellipse_area": 10835.28443842427,
    "fft_abs": [
        468.73739255918485,
        2119.9576394475293,
        826.1512387410328
    ],
    "fft_bands": {
        "hf": [
            0.15,
            0.4
        ],
        "lf": [
            0.04,
            0.15
        ],
        "ulf": null,
        "vlf": [
            0.0,
            0.04
        ]
    },
    "fft_interpolation": "cubic",
    "fft_log": [
        6.1500426810491815,
        7.659151386073753,
        6.716777854510065
    ],
    "fft_nfft": 4096.0,
    "fft_norm": [
        71.95788503074611,
        28.042114969253895
    ],
    "fft_peak": [
        0.015625,
        0.0888671875,
        0.359375
    ],
    "fft_ratio": 2.5660648317590384,
    "fft_rel": [
        13.726456636554406,
        62.08061714541906,
        24.19292621802652
    ],
    "fft_resampling_frequency": 4.0,
    "fft_total": 3414.8462707477474,
    "fft_window": "hamming",
    "hr_max": 91.88361408882082,
    "hr_mean": 77.78227499335578,
    "hr_min": 60.483870967741936,
    "hr_std": 6.581423211815136,
    "lomb_abs": [
        275.7750352598035,
        718.2663762310135,
        1411.9920781985948
    ],
    "lomb_bands": {
        "hf": [
            0.15,
            0.4
        ],
        "lf": [
            0.04,
            0.15
        ],
        "ulf": null,
        "vlf": [
            0.0,
            0.04
        ]
    },
    "lomb_log": [
        5.619585443712579,
        6.576840497781885,
        7.252756807696511
    ],
    "lomb_ma": "n/a",
    "lomb_nfft": 256.0,
    "lomb_norm": [
        33.71733484908687,
        66.28266515091313
    ],
    "lomb_peak": [
        0.00803921568627451,
        0.04984313725490196,
        0.36176470588235293
    ],
    "lomb_ratio": 0.5086900892159186,
    "lomb_rel": [
        11.461812000605299,
        29.85271731706995,
        58.68547068232475
    ],
    "lomb_total": 2406.033489689412,
    "nn20": 232.0,
    "nn50": 105.0,
    "nni_counter": 311.0,
    "nni_diff_max": 231.0,
    "nni_diff_mean": 43.85806451612903,
    "nni_diff_min": 0.0,
    "nni_max": 992.0,
    "nni_mean": 777.0675241157556,
    "nni_min": 653.0,
    "pnn20": 74.83870967741936,
    "pnn50": 33.87096774193548,
    "rmssd": 55.86510250075046,
    "sampen": 2.0500504083079103,
    "sd1": 39.50233966121092,
    "sd2": 87.31073110969503,
    "sd_ratio": 2.210267337542775,
    "sdann": "n/a",
    "sdnn": 67.7910828181456,
    "sdnn_index": "n/a",
    "sdsd": 34.65912390739539,
    "tinn": 273.4375,
    "tinn_m": 906.25,
    "tinn_n": 632.8125,
    "tri_index": 16.36842105263158
}