{
    "Comment": "None",
    "Name": "D:\\Users\\jp.botero\\Documents\\Bienestar & Tecnolog\u00eda\\HRV-Bienestar-Tecnologia\\HRV_Reports\\AnaMariaGomez_01122021\\HRV_final.json",
    "ar_abs": [
        2039.4557624987472,
        4001.58107523517,
        6891.804102089984
    ],
    "ar_bands": {
        "hf": [
            0.15,
            0.4
        ],
        "lf": [
            0.04,
            0.15
        ],
        "ulf": null,
        "vlf": [
            0.0,
            0.04
        ]
    },
    "ar_interpolation": "cubic",
    "ar_log": [
        7.620438268156474,
        8.294444830812683,
        8.838088173287089
    ],
    "ar_nfft": 4096.0,
    "ar_norm": [
        36.73404557074286,
        63.26595442925714
    ],
    "ar_order": 16.0,
    "ar_peak": [
        0.0,
        0.0400390625,
        0.150390625
    ],
    "ar_ratio": 0.5806289639053531,
    "ar_rel": [
        15.769588228822034,
        30.94123784444887,
        53.289173926729084
    ],
    "ar_resampling_frequency": 4.0,
    "ar_total": 12932.840939823902,
    "dfa_alpha1": 1.1644210955571817,
    "dfa_alpha1_beats": [
        4,
        5,
        6,
        7,
        8,
        9,
        10,
        11,
        12,
        13,
        14,
        15,
        16
    ],
    "dfa_alpha2": 0.5264579811331221,
    "dfa_alpha2_beats": [
        17,
        18,
        19,
        20,
        21,
        22,
        23,
        24,
        25,
        26,
        27,
        28,
        29,
        30,
        31,
        32,
        33,
        34,
        35,
        36,
        37,
        38,
        39,
        40,
        41,
        42,
        43,
        44,
        45,
        46,
        47,
        48,
        49,
        50,
        51,
        52,
        53,
        54,
        55,
        56,
        57,
        58,
        59,
        60,
        61,
        62,
        63,
        64
    ],
    "ellipse_area": 186.46333737883307,
    "fft_abs": [
        0.8452575593322926,
        3.9374924954914365,
        16.644168956960694
    ],
    "fft_bands": {
        "hf": [
            0.15,
            0.4
        ],
        "lf": [
            0.04,
            0.15
        ],
        "ulf": null,
        "vlf": [
            0.0,
            0.04
        ]
    },
    "fft_interpolation": "cubic",
    "fft_log": [
        -0.16811389412470648,
        1.3705440982429984,
        2.812059942292477
    ],
    "fft_nfft": 4096.0,
    "fft_norm": [
        19.131072117709515,
        80.86892788229048
    ],
    "fft_peak": [
        0.025390625,
        0.119140625,
        0.3388671875
    ],
    "fft_ratio": 0.2365688852157892,
    "fft_rel": [
        3.944839474435947,
        18.3763820329273,
        77.67877849263675
    ],
    "fft_resampling_frequency": 4.0,
    "fft_total": 21.426919011784424,
    "fft_window": "hamming",
    "hr_max": 740.7407407407408,
    "hr_mean": 597.98504370557,
    "hr_min": 465.1162790697674,
    "hr_std": 50.951843830699964,
    "lomb_abs": [
        239.52312228557318,
        722.369215535372,
        1462.5396649848838
    ],
    "lomb_bands": {
        "hf": [
            0.15,
            0.4
        ],
        "lf": [
            0.04,
            0.15
        ],
        "ulf": null,
        "vlf": [
            0.0,
            0.04
        ]
    },
    "lomb_log": [
        5.4786499561807664,
        6.582536387041073,
        7.28792970009542
    ],
    "lomb_ma": "n/a",
    "lomb_nfft": 256.0,
    "lomb_norm": [
        33.06175474756486,
        66.93824525243515
    ],
    "lomb_peak": [
        0.02250980392156863,
        0.12219607843137255,
        0.3344313725490196
    ],
    "lomb_ratio": 0.4939142731167145,
    "lomb_rel": [
        9.87955620155029,
        29.795400106060466,
        60.32504369238924
    ],
    "lomb_total": 2424.432002805829,
    "nn20": 6.0,
    "nn50": 0.0,
    "nni_counter": 311.0,
    "nni_diff_max": 30.0,
    "nni_diff_mean": 5.806451612903226,
    "nni_diff_min": 0.0,
    "nni_max": 129.0,
    "nni_mean": 101.08360128617363,
    "nni_min": 81.0,
    "pnn20": 1.935483870967742,
    "pnn50": 0.0,
    "rmssd": 7.386561468137976,
    "sampen": 2.0460786380107145,
    "sd1": 5.223055827273713,
    "sd2": 11.363677827944404,
    "sd_ratio": 2.17567611829949,
    "sdann": "n/a",
    "sdnn": 8.847056438955436,
    "sdnn_index": "n/a",
    "sdsd": 4.573168934075459,
    "tinn": 46.875,
    "tinn_m": 125.0,
    "tinn_n": 78.125,
    "tri_index": 3.11
}