{
    "Comment": "None",
    "Name": "D:\\Users\\jp.botero\\Documents\\Bienestar & Tecnolog\u00eda\\HRV-Bienestar-Tecnologia\\HRV_Reports\\Alba_Avila-30-11\\HRV_interactive.json",
    "ar_abs": [
        2001.0563657821958,
        3884.0213269071974,
        6525.9194805487305
    ],
    "ar_bands": {
        "hf": [
            0.15,
            0.4
        ],
        "lf": [
            0.04,
            0.15
        ],
        "ulf": null,
        "vlf": [
            0.0,
            0.04
        ]
    },
    "ar_interpolation": "cubic",
    "ar_log": [
        7.601430502993694,
        8.264626320360918,
        8.78353713882228
    ],
    "ar_nfft": 4096.0,
    "ar_norm": [
        37.31069560093309,
        62.689304399066906
    ],
    "ar_order": 16.0,
    "ar_peak": [
        0.0,
        0.0400390625,
        0.150390625
    ],
    "ar_ratio": 0.5951684415481955,
    "ar_rel": [
        16.123252127533156,
        31.294998078658224,
        52.58174979380862
    ],
    "ar_resampling_frequency": 4.0,
    "ar_total": 12410.997173238124,
    "dfa_alpha1": 1.403084113937022,
    "dfa_alpha1_beats": [
        4,
        5,
        6,
        7,
        8,
        9,
        10,
        11,
        12,
        13,
        14,
        15,
        16
    ],
    "dfa_alpha2": 1.252988900616406,
    "dfa_alpha2_beats": [
        17,
        18,
        19,
        20,
        21,
        22,
        23,
        24,
        25,
        26,
        27,
        28,
        29,
        30,
        31,
        32,
        33,
        34,
        35,
        36,
        37,
        38,
        39,
        40,
        41,
        42,
        43,
        44,
        45,
        46,
        47,
        48,
        49,
        50,
        51,
        52,
        53,
        54,
        55,
        56,
        57,
        58,
        59,
        60,
        61,
        62,
        63,
        64
    ],
    "ellipse_area": 101.21331349655065,
    "fft_abs": [
        17.411608788476858,
        17.831018691896734,
        7.76960814954017
    ],
    "fft_bands": {
        "hf": [
            0.15,
            0.4
        ],
        "lf": [
            0.04,
            0.15
        ],
        "ulf": null,
        "vlf": [
            0.0,
            0.04
        ]
    },
    "fft_interpolation": "cubic",
    "fft_log": [
        2.8571371555118943,
        2.8809395638322606,
        2.050219731903249
    ],
    "fft_nfft": 4096.0,
    "fft_norm": [
        69.6507112983485,
        30.349288701651492
    ],
    "fft_peak": [
        0.0234375,
        0.076171875,
        0.2998046875
    ],
    "fft_ratio": 2.294970138610147,
    "fft_rel": [
        40.48059472725382,
        41.45568913301446,
        18.063716139731724
    ],
    "fft_resampling_frequency": 4.0,
    "fft_total": 43.01223562991376,
    "fft_window": "hamming",
    "hr_max": 895.5223880597015,
    "hr_mean": 711.9029916143779,
    "hr_min": 526.3157894736842,
    "hr_std": 100.46206056743195,
    "lomb_abs": [
        213.73835143980176,
        651.6437002940128,
        1225.8149777620756
    ],
    "lomb_bands": {
        "hf": [
            0.15,
            0.4
        ],
        "lf": [
            0.04,
            0.15
        ],
        "ulf": null,
        "vlf": [
            0.0,
            0.04
        ]
    },
    "lomb_log": [
        5.364752610143836,
        6.479497940614743,
        7.111361189741933
    ],
    "lomb_ma": "n/a",
    "lomb_nfft": 256.0,
    "lomb_norm": [
        34.70881718519214,
        65.29118281480785
    ],
    "lomb_peak": [
        0.030549019607843137,
        0.0868235294117647,
        0.21223529411764705
    ],
    "lomb_ratio": 0.5316003737233609,
    "lomb_rel": [
        10.220861469534801,
        31.161277062979565,
        58.61786146748563
    ],
    "lomb_total": 2091.19702949589,
    "nn20": 0.0,
    "nn50": 0.0,
    "nni_counter": 364.0,
    "nni_diff_max": 10.0,
    "nni_diff_mean": 1.8705234159779613,
    "nni_diff_min": 0.0,
    "nni_max": 114.0,
    "nni_mean": 85.96703296703296,
    "nni_min": 67.0,
    "pnn20": 0.0,
    "pnn50": 0.0,
    "rmssd": 2.686052127762574,
    "sampen": 0.3616638912482686,
    "sd1": 1.8992767268326902,
    "sd2": 16.962877417604147,
    "sd_ratio": 8.931230071929603,
    "sdann": "n/a",
    "sdnn": 12.075702946031068,
    "sdnn_index": "n/a",
    "sdsd": 1.930358367489406,
    "tinn": 62.5,
    "tinn_m": 109.375,
    "tinn_n": 46.875,
    "tri_index": 3.913978494623656
}