{
    "Comment": "None",
    "Name": "D:\\Users\\jp.botero\\Documents\\Bienestar & Tecnolog\u00eda\\HRV-Bienestar-Tecnologia\\HRV_Reports\\Alba_Avila-30-11\\HRV_olfative.json",
    "ar_abs": [
        2025.2961423154047,
        4113.121561013406,
        6979.074136777751
    ],
    "ar_bands": {
        "hf": [
            0.15,
            0.4
        ],
        "lf": [
            0.04,
            0.15
        ],
        "ulf": null,
        "vlf": [
            0.0,
            0.04
        ]
    },
    "ar_interpolation": "cubic",
    "ar_log": [
        7.613471211966876,
        8.321937523109359,
        8.85067154179749
    ],
    "ar_nfft": 4096.0,
    "ar_norm": [
        37.08122064446151,
        62.91877935553848
    ],
    "ar_order": 16.0,
    "ar_peak": [
        0.0,
        0.0400390625,
        0.150390625
    ],
    "ar_ratio": 0.5893506044502975,
    "ar_rel": [
        15.439660012770794,
        31.356006248371276,
        53.204333738857926
    ],
    "ar_resampling_frequency": 4.0,
    "ar_total": 13117.491840106562,
    "dfa_alpha1": 1.530529280857631,
    "dfa_alpha1_beats": [
        4,
        5,
        6,
        7,
        8,
        9,
        10,
        11,
        12,
        13,
        14,
        15,
        16
    ],
    "dfa_alpha2": 1.2754529560201113,
    "dfa_alpha2_beats": [
        17,
        18,
        19,
        20,
        21,
        22,
        23,
        24,
        25,
        26,
        27,
        28,
        29,
        30,
        31,
        32,
        33,
        34,
        35,
        36,
        37,
        38,
        39,
        40,
        41,
        42,
        43,
        44,
        45,
        46,
        47,
        48,
        49,
        50,
        51,
        52,
        53,
        54,
        55,
        56,
        57,
        58,
        59,
        60,
        61,
        62,
        63,
        64
    ],
    "ellipse_area": 193.84145035615606,
    "fft_abs": [
        65.4197002450105,
        32.51101147471356,
        29.269568564504198
    ],
    "fft_bands": {
        "hf": [
            0.15,
            0.4
        ],
        "lf": [
            0.04,
            0.15
        ],
        "ulf": null,
        "vlf": [
            0.0,
            0.04
        ]
    },
    "fft_interpolation": "cubic",
    "fft_log": [
        4.180823440091341,
        3.4815788465575555,
        3.376548360742213
    ],
    "fft_nfft": 4096.0,
    "fft_norm": [
        52.62335098517344,
        47.37664901482656
    ],
    "fft_peak": [
        0.029296875,
        0.0400390625,
        0.185546875
    ],
    "fft_ratio": 1.1107444717904154,
    "fft_rel": [
        51.430468626979895,
        25.5589149662783,
        23.010616406741814
    ],
    "fft_resampling_frequency": 4.0,
    "fft_total": 127.20028028422826,
    "fft_window": "hamming",
    "hr_max": 869.5652173913044,
    "hr_mean": 597.0556097700824,
    "hr_min": 461.53846153846155,
    "hr_std": 109.08396108341664,
    "lomb_abs": [
        371.4001749015675,
        730.9671287816568,
        1427.9335921363624
    ],
    "lomb_bands": {
        "hf": [
            0.15,
            0.4
        ],
        "lf": [
            0.04,
            0.15
        ],
        "ulf": null,
        "vlf": [
            0.0,
            0.04
        ]
    },
    "lomb_log": [
        5.917280119843555,
        6.594368491271758,
        7.263983637711991
    ],
    "lomb_ma": "n/a",
    "lomb_nfft": 256.0,
    "lomb_norm": [
        33.85830213030042,
        66.1416978696996
    ],
    "lomb_peak": [
        0.00803921568627451,
        0.12541176470588236,
        0.3842745098039216
    ],
    "lomb_ratio": 0.511905548554286,
    "lomb_rel": [
        14.67810312659545,
        28.888545626700658,
        56.433351246703886
    ],
    "lomb_total": 2530.300895819587,
    "nn20": 0.0,
    "nn50": 0.0,
    "nni_counter": 303.0,
    "nni_diff_max": 17.0,
    "nni_diff_mean": 2.9006622516556293,
    "nni_diff_min": 0.0,
    "nni_max": 130.0,
    "nni_mean": 103.41254125412541,
    "nni_min": 69.0,
    "pnn20": 0.0,
    "pnn50": 0.0,
    "rmssd": 3.8567048351449538,
    "sampen": 0.5972807962805216,
    "sd1": 2.725328505746422,
    "sd2": 22.640078020124733,
    "sd_ratio": 8.307284047551542,
    "sdann": "n/a",
    "sdnn": 16.178989762831577,
    "sdnn_index": "n/a",
    "sdsd": 2.545936680261163,
    "tinn": 31.25,
    "tinn_m": 125.0,
    "tinn_n": 93.75,
    "tri_index": 2.6578947368421053
}