{
    "Comment": "None",
    "Name": "D:\\Users\\jp.botero\\Documents\\Bienestar & Tecnolog\u00eda\\HRV-Bienestar-Tecnologia\\HRV_Reports\\Alba_Avila-30-11\\HRV_final.json",
    "ar_abs": [
        2071.094984411782,
        4025.934714622694,
        6802.343857064898
    ],
    "ar_bands": {
        "hf": [
            0.15,
            0.4
        ],
        "lf": [
            0.04,
            0.15
        ],
        "ulf": null,
        "vlf": [
            0.0,
            0.04
        ]
    },
    "ar_interpolation": "cubic",
    "ar_log": [
        7.63583272437659,
        8.300512390127546,
        8.825022516636503
    ],
    "ar_nfft": 4096.0,
    "ar_norm": [
        37.1798221478084,
        62.820177852191605
    ],
    "ar_order": 16.0,
    "ar_peak": [
        0.0,
        0.0400390625,
        0.150390625
    ],
    "ar_ratio": 0.5918452226494502,
    "ar_rel": [
        16.055779572586147,
        31.210311858276718,
        52.73390856913714
    ],
    "ar_resampling_frequency": 4.0,
    "ar_total": 12899.373556099374,
    "dfa_alpha1": 1.4355215443227893,
    "dfa_alpha1_beats": [
        4,
        5,
        6,
        7,
        8,
        9,
        10,
        11,
        12,
        13,
        14,
        15,
        16
    ],
    "dfa_alpha2": 1.0754099687087268,
    "dfa_alpha2_beats": [
        17,
        18,
        19,
        20,
        21,
        22,
        23,
        24,
        25,
        26,
        27,
        28,
        29,
        30,
        31,
        32,
        33,
        34,
        35,
        36,
        37,
        38,
        39,
        40,
        41,
        42,
        43,
        44,
        45,
        46,
        47,
        48,
        49,
        50,
        51,
        52,
        53,
        54,
        55,
        56,
        57,
        58,
        59,
        60,
        61,
        62,
        63,
        64
    ],
    "ellipse_area": 68.66809698974883,
    "fft_abs": [
        0.5623079656320836,
        4.686908711434316,
        3.753097380616936
    ],
    "fft_bands": {
        "hf": [
            0.15,
            0.4
        ],
        "lf": [
            0.04,
            0.15
        ],
        "ulf": null,
        "vlf": [
            0.0,
            0.04
        ]
    },
    "fft_interpolation": "cubic",
    "fft_log": [
        -0.5757055976237588,
        1.544773241779334,
        1.3225814672228466
    ],
    "fft_nfft": 4096.0,
    "fft_norm": [
        55.53205365394722,
        44.46794634605277
    ],
    "fft_peak": [
        0.0390625,
        0.0634765625,
        0.1650390625
    ],
    "fft_ratio": 1.2488108450476387,
    "fft_rel": [
        6.2462602618508125,
        52.06337705397105,
        41.69036268417814
    ],
    "fft_resampling_frequency": 4.0,
    "fft_total": 9.002314057683336,
    "fft_window": "hamming",
    "hr_max": 652.1739130434783,
    "hr_mean": 556.8698492374444,
    "hr_min": 480.0,
    "hr_std": 31.810414763886374,
    "lomb_abs": [
        251.5625487756134,
        591.2503773636396,
        1469.4053186350707
    ],
    "lomb_bands": {
        "hf": [
            0.15,
            0.4
        ],
        "lf": [
            0.04,
            0.15
        ],
        "ulf": null,
        "vlf": [
            0.0,
            0.04
        ]
    },
    "lomb_log": [
        5.527691661503501,
        6.38223957805311,
        7.292613052776108
    ],
    "lomb_ma": "n/a",
    "lomb_nfft": 256.0,
    "lomb_norm": [
        28.69234188475558,
        71.30765811524442
    ],
    "lomb_peak": [
        0.035372549019607846,
        0.061098039215686274,
        0.1736470588235294
    ],
    "lomb_ratio": 0.4023739194797876,
    "lomb_rel": [
        10.87970607204366,
        25.5706994225083,
        63.54959450544805
    ],
    "lomb_total": 2312.2182447743235,
    "nn20": 0.0,
    "nn50": 0.0,
    "nni_counter": 289.0,
    "nni_diff_max": 15.0,
    "nni_diff_mean": 2.767361111111111,
    "nni_diff_min": 0.0,
    "nni_max": 125.0,
    "nni_mean": 108.10034602076125,
    "nni_min": 92.0,
    "pnn20": 0.0,
    "pnn50": 0.0,
    "rmssd": 3.66808684617896,
    "sampen": 1.2534528615893057,
    "sd1": 2.5936721411042147,
    "sd2": 8.427331192275854,
    "sd_ratio": 3.2491890778022747,
    "sdann": "n/a",
    "sdnn": 6.258907531747454,
    "sdnn_index": "n/a",
    "sdsd": 2.4117982320977807,
    "tinn": 23.4375,
    "tinn_m": 117.1875,
    "tinn_n": 93.75,
    "tri_index": 1.965986394557823
}