{
    "Comment": "None",
    "Name": "D:\\Users\\jp.botero\\Documents\\Bienestar & Tecnolog\u00eda\\HRV-Bienestar-Tecnologia\\HRV_Reports\\Alba_Avila-30-11\\HRV_baseline.json",
    "ar_abs": [
        2061.185651616683,
        4147.951877301864,
        7128.847668685599
    ],
    "ar_bands": {
        "hf": [
            0.15,
            0.4
        ],
        "lf": [
            0.04,
            0.15
        ],
        "ulf": null,
        "vlf": [
            0.0,
            0.04
        ]
    },
    "ar_interpolation": "cubic",
    "ar_log": [
        7.631036655250276,
        8.330369967860198,
        8.871904883051712
    ],
    "ar_nfft": 4096.0,
    "ar_norm": [
        36.783059416692375,
        63.216940583307625
    ],
    "ar_order": 16.0,
    "ar_peak": [
        0.0,
        0.0400390625,
        0.150390625
    ],
    "ar_ratio": 0.5818544693446444,
    "ar_rel": [
        15.453500818001556,
        31.09878902884782,
        53.44771015315063
    ],
    "ar_resampling_frequency": 4.0,
    "ar_total": 13337.985197604146,
    "dfa_alpha1": 1.2691779747463312,
    "dfa_alpha1_beats": [
        4,
        5,
        6,
        7,
        8,
        9,
        10,
        11,
        12,
        13,
        14,
        15,
        16
    ],
    "dfa_alpha2": 0.9038028903518981,
    "dfa_alpha2_beats": [
        17,
        18,
        19,
        20,
        21,
        22,
        23,
        24,
        25,
        26,
        27,
        28,
        29,
        30,
        31,
        32,
        33,
        34,
        35,
        36,
        37,
        38,
        39,
        40,
        41,
        42,
        43,
        44,
        45,
        46,
        47,
        48,
        49,
        50,
        51,
        52,
        53,
        54,
        55,
        56,
        57,
        58,
        59,
        60,
        61,
        62,
        63,
        64
    ],
    "ellipse_area": 328.42211292771316,
    "fft_abs": [
        5.859201844537899,
        12.48830220589773,
        59.062827804090375
    ],
    "fft_bands": {
        "hf": [
            0.15,
            0.4
        ],
        "lf": [
            0.04,
            0.15
        ],
        "ulf": null,
        "vlf": [
            0.0,
            0.04
        ]
    },
    "fft_interpolation": "cubic",
    "fft_log": [
        1.768013390308542,
        2.5247923826238567,
        4.078601755360725
    ],
    "fft_nfft": 4096.0,
    "fft_norm": [
        17.453675719942424,
        82.54632428005759
    ],
    "fft_peak": [
        0.033203125,
        0.0400390625,
        0.2626953125
    ],
    "fft_ratio": 0.21144098022737842,
    "fft_rel": [
        7.5690178612705745,
        16.132603887251733,
        76.29837825147769
    ],
    "fft_resampling_frequency": 4.0,
    "fft_total": 77.410331854526,
    "fft_window": "hamming",
    "hr_max": 2000.0,
    "hr_mean": 573.5695621608861,
    "hr_min": 335.195530726257,
    "hr_std": 106.63100309603361,
    "lomb_abs": [
        260.95368390413137,
        730.3315849019516,
        1544.1408980931003
    ],
    "lomb_bands": {
        "hf": [
            0.15,
            0.4
        ],
        "lf": [
            0.04,
            0.15
        ],
        "ulf": null,
        "vlf": [
            0.0,
            0.04
        ]
    },
    "lomb_log": [
        5.56434293526945,
        6.593498656906168,
        7.342222981662861
    ],
    "lomb_ma": "n/a",
    "lomb_nfft": 256.0,
    "lomb_norm": [
        32.10993275857277,
        67.89006724142723
    ],
    "lomb_peak": [
        0.03376470588235294,
        0.07235294117647059,
        0.2379607843137255
    ],
    "lomb_ratio": 0.4729695235738248,
    "lomb_rel": [
        10.292300651896985,
        28.805081939938503,
        60.90261740816452
    ],
    "lomb_total": 2535.426166899183,
    "nn20": 6.0,
    "nn50": 5.0,
    "nni_counter": 293.0,
    "nni_diff_max": 93.0,
    "nni_diff_mean": 4.897260273972603,
    "nni_diff_min": 0.0,
    "nni_max": 179.0,
    "nni_mean": 106.40273037542661,
    "nni_min": 30.0,
    "pnn20": 2.054794520547945,
    "pnn50": 1.7123287671232876,
    "rmssd": 10.222859155591868,
    "sampen": 1.1261303175620019,
    "sd1": 7.228612470147566,
    "sd2": 14.46197397052139,
    "sd_ratio": 2.0006569767359736,
    "sdann": "n/a",
    "sdnn": 11.437213626282322,
    "sdnn_index": "n/a",
    "sdsd": 8.988904540556716,
    "tinn": 39.0625,
    "tinn_m": 117.1875,
    "tinn_n": 78.125,
    "tri_index": 2.93
}