{
    "Comment": "None",
    "Name": "D:\\Users\\jp.botero\\Documents\\Bienestar & Tecnolog\u00eda\\HRV-Bienestar-Tecnologia\\HRV_Reports\\Alba_Avila-30-11\\HRV_video.json",
    "ar_abs": [
        2021.2136429810323,
        4072.6889287831764,
        6969.7484120496765
    ],
    "ar_bands": {
        "hf": [
            0.15,
            0.4
        ],
        "lf": [
            0.04,
            0.15
        ],
        "ulf": null,
        "vlf": [
            0.0,
            0.04
        ]
    },
    "ar_interpolation": "cubic",
    "ar_log": [
        7.611453423336113,
        8.312058730752684,
        8.849334407270915
    ],
    "ar_nfft": 4096.0,
    "ar_norm": [
        36.88215566071758,
        63.117844339282414
    ],
    "ar_order": 16.0,
    "ar_peak": [
        0.0,
        0.0400390625,
        0.150390625
    ],
    "ar_ratio": 0.5843380116478942,
    "ar_rel": [
        15.472042582011378,
        31.175732831727643,
        53.35222458626099
    ],
    "ar_resampling_frequency": 4.0,
    "ar_total": 13063.650983813885,
    "dfa_alpha1": 1.5371977052428605,
    "dfa_alpha1_beats": [
        4,
        5,
        6,
        7,
        8,
        9,
        10,
        11,
        12,
        13,
        14,
        15,
        16
    ],
    "dfa_alpha2": 0.8753241547646793,
    "dfa_alpha2_beats": [
        17,
        18,
        19,
        20,
        21,
        22,
        23,
        24,
        25,
        26,
        27,
        28,
        29,
        30,
        31,
        32,
        33,
        34,
        35,
        36,
        37,
        38,
        39,
        40,
        41,
        42,
        43,
        44,
        45,
        46,
        47,
        48,
        49,
        50,
        51,
        52,
        53,
        54,
        55,
        56,
        57,
        58,
        59,
        60,
        61,
        62,
        63,
        64
    ],
    "ellipse_area": 85.00120610719524,
    "fft_abs": [
        8.193527016378676,
        19.434018975813444,
        13.029082187476664
    ],
    "fft_bands": {
        "hf": [
            0.15,
            0.4
        ],
        "lf": [
            0.04,
            0.15
        ],
        "ulf": null,
        "vlf": [
            0.0,
            0.04
        ]
    },
    "fft_interpolation": "cubic",
    "fft_log": [
        2.1033444542927406,
        2.9670250858402265,
        2.5671839502427027
    ],
    "fft_nfft": 4096.0,
    "fft_norm": [
        59.86494906343022,
        40.1350509365698
    ],
    "fft_peak": [
        0.0390625,
        0.0537109375,
        0.349609375
    ],
    "fft_ratio": 1.4915877186263433,
    "fft_rel": [
        20.15299197997935,
        47.800370679858396,
        32.04663734016225
    ],
    "fft_resampling_frequency": 4.0,
    "fft_total": 40.656628179668786,
    "fft_window": "hamming",
    "hr_max": 722.8915662650602,
    "hr_mean": 587.993772998385,
    "hr_min": 480.0,
    "hr_std": 51.294501785465705,
    "lomb_abs": [
        194.72794452358912,
        784.9505018805303,
        1529.67039674758
    ],
    "lomb_bands": {
        "hf": [
            0.15,
            0.4
        ],
        "lf": [
            0.04,
            0.15
        ],
        "ulf": null,
        "vlf": [
            0.0,
            0.04
        ]
    },
    "lomb_log": [
        5.27160342813777,
        6.665620660865102,
        7.332807564216394
    ],
    "lomb_ma": "n/a",
    "lomb_nfft": 256.0,
    "lomb_norm": [
        33.91270260913029,
        66.08729739086971
    ],
    "lomb_peak": [
        0.027333333333333334,
        0.04180392156862745,
        0.2588627450980392
    ],
    "lomb_ratio": 0.5131500900779082,
    "lomb_rel": [
        7.7600986030708325,
        31.281043447695613,
        60.95885794923356
    ],
    "lomb_total": 2509.3488431516994,
    "nn20": 0.0,
    "nn50": 0.0,
    "nni_counter": 306.0,
    "nni_diff_max": 13.0,
    "nni_diff_mean": 2.4885245901639346,
    "nni_diff_min": 0.0,
    "nni_max": 125.0,
    "nni_mean": 102.7843137254902,
    "nni_min": 83.0,
    "pnn20": 0.0,
    "pnn50": 0.0,
    "rmssd": 3.2284595118526935,
    "sampen": 1.227796345764907,
    "sd1": 2.2826666536898848,
    "sd2": 11.85312108438155,
    "sd_ratio": 5.192664055972088,
    "sdann": "n/a",
    "sdnn": 8.577470433390012,
    "sdnn_index": "n/a",
    "sdsd": 2.0601240988948413,
    "tinn": 39.0625,
    "tinn_m": 117.1875,
    "tinn_n": 78.125,
    "tri_index": 2.7818181818181817
}