{
    "Comment": "None",
    "Name": "C:\\Users\\admin\\HRV-Bienestar-Tecnologia\\HRV_Reports\\Experiencia_Mindfullness\\25-03-2022_AlejandroVillaizan\\HRV_final.json",
    "ar_abs": [
        2530.692619634393,
        5241.913835146709,
        9719.434906338418
    ],
    "ar_bands": {
        "hf": [
            0.15,
            0.4
        ],
        "lf": [
            0.04,
            0.15
        ],
        "ulf": null,
        "vlf": [
            0.0,
            0.04
        ]
    },
    "ar_interpolation": "cubic",
    "ar_log": [
        7.836248306956737,
        8.564441946347781,
        9.18188275855647
    ],
    "ar_nfft": 4096.0,
    "ar_norm": [
        35.03637222633429,
        64.96362777366572
    ],
    "ar_order": 16.0,
    "ar_peak": [
        0.0,
        0.0400390625,
        0.150390625
    ],
    "ar_ratio": 0.53932290155349,
    "ar_rel": [
        14.467680286072824,
        29.967421908789827,
        55.564897805137356
    ],
    "ar_resampling_frequency": 4.0,
    "ar_total": 17492.041361119518,
    "dfa_alpha1": 1.280372907494421,
    "dfa_alpha1_beats": [
        4,
        5,
        6,
        7,
        8,
        9,
        10,
        11,
        12,
        13,
        14,
        15,
        16
    ],
    "dfa_alpha2": 0.8616373156364259,
    "dfa_alpha2_beats": [
        17,
        18,
        19,
        20,
        21,
        22,
        23,
        24,
        25,
        26,
        27,
        28,
        29,
        30,
        31,
        32,
        33,
        34,
        35,
        36,
        37,
        38,
        39,
        40,
        41,
        42,
        43,
        44,
        45,
        46,
        47,
        48,
        49,
        50,
        51,
        52,
        53,
        54,
        55,
        56,
        57,
        58,
        59,
        60,
        61,
        62,
        63,
        64
    ],
    "ellipse_area": 6354.494150113398,
    "fft_abs": [
        1462.4193959337865,
        871.3781975055366,
        446.5519388634845
    ],
    "fft_bands": {
        "hf": [
            0.15,
            0.4
        ],
        "lf": [
            0.04,
            0.15
        ],
        "ulf": null,
        "vlf": [
            0.0,
            0.04
        ]
    },
    "fft_interpolation": "cubic",
    "fft_log": [
        7.2878474636957575,
        6.770076093294063,
        6.101555717993685
    ],
    "fft_nfft": 4096.0,
    "fft_norm": [
        66.11717673489412,
        33.8828232651059
    ],
    "fft_peak": [
        0.0048828125,
        0.06640625,
        0.35546875
    ],
    "fft_ratio": 1.9513479209681046,
    "fft_rel": [
        52.598400990344075,
        31.34059899238003,
        16.06100001727591
    ],
    "fft_resampling_frequency": 4.0,
    "fft_total": 2780.3495323028073,
    "fft_window": "hamming",
    "hr_max": 80.42895442359249,
    "hr_mean": 65.86153915458297,
    "hr_min": 56.98005698005698,
    "hr_std": 4.085573441949884,
    "lomb_abs": [
        422.47588359888647,
        630.0454898330171,
        2295.1107789400075
    ],
    "lomb_bands": {
        "hf": [
            0.15,
            0.4
        ],
        "lf": [
            0.04,
            0.15
        ],
        "ulf": null,
        "vlf": [
            0.0,
            0.04
        ]
    },
    "lomb_log": [
        6.046132364928768,
        6.445792022862999,
        7.738536391020337
    ],
    "lomb_ma": "n/a",
    "lomb_nfft": 256.0,
    "lomb_norm": [
        21.538866027738532,
        78.46113397226146
    ],
    "lomb_peak": [
        0.00803921568627451,
        0.12219607843137255,
        0.36498039215686273
    ],
    "lomb_ratio": 0.27451637437910614,
    "lomb_rel": [
        12.620140576065022,
        18.82063085654762,
        68.55922856738735
    ],
    "lomb_total": 3347.632152371911,
    "nn20": 165.0,
    "nn50": 58.0,
    "nni_counter": 263.0,
    "nni_diff_max": 100.0,
    "nni_diff_mean": 31.454198473282442,
    "nni_diff_min": 0.0,
    "nni_max": 1053.0,
    "nni_mean": 914.4524714828897,
    "nni_min": 746.0,
    "pnn20": 62.97709923664122,
    "pnn50": 22.137404580152673,
    "rmssd": 38.665674068158154,
    "sampen": 1.60793302125468,
    "sd1": 27.340632320578514,
    "sd2": 73.9814019647136,
    "sd_ratio": 2.705914080451969,
    "sdann": "n/a",
    "sdnn": 56.02688680798869,
    "sdnn_index": "n/a",
    "sdsd": 22.530094848361518,
    "tinn": 187.5,
    "tinn_m": 992.1875,
    "tinn_n": 804.6875,
    "tri_index": 11.434782608695652
}