{
    "Comment": "None",
    "Name": "C:\\Users\\admin\\HRV-Bienestar-Tecnologia\\HRV_Reports\\Experiencia_Mindfullness\\25-03-2022_AlejandroVillaizan\\HRV_interactive.json",
    "ar_abs": [
        2528.807576004873,
        5298.26229958636,
        9813.004047739842
    ],
    "ar_bands": {
        "hf": [
            0.15,
            0.4
        ],
        "lf": [
            0.04,
            0.15
        ],
        "ulf": null,
        "vlf": [
            0.0,
            0.04
        ]
    },
    "ar_interpolation": "cubic",
    "ar_log": [
        7.835503156786225,
        8.575134177777175,
        9.19146372869391
    ],
    "ar_nfft": 4096.0,
    "ar_norm": [
        35.06166973573223,
        64.93833026426776
    ],
    "ar_order": 16.0,
    "ar_peak": [
        0.0,
        0.0400390625,
        0.150390625
    ],
    "ar_ratio": 0.5399225633466106,
    "ar_rel": [
        14.335583779273325,
        30.035374696354218,
        55.62904152437246
    ],
    "ar_resampling_frequency": 4.0,
    "ar_total": 17640.073923331074,
    "dfa_alpha1": 1.1975100925214723,
    "dfa_alpha1_beats": [
        4,
        5,
        6,
        7,
        8,
        9,
        10,
        11,
        12,
        13,
        14,
        15,
        16
    ],
    "dfa_alpha2": 1.2417179058073102,
    "dfa_alpha2_beats": [
        17,
        18,
        19,
        20,
        21,
        22,
        23,
        24,
        25,
        26,
        27,
        28,
        29,
        30,
        31,
        32,
        33,
        34,
        35,
        36,
        37,
        38,
        39,
        40,
        41,
        42,
        43,
        44,
        45,
        46,
        47,
        48,
        49,
        50,
        51,
        52,
        53,
        54,
        55,
        56,
        57,
        58,
        59,
        60,
        61,
        62,
        63,
        64
    ],
    "ellipse_area": 12160.109018995981,
    "fft_abs": [
        3480.271256024584,
        1418.6404226038853,
        393.61382062652507
    ],
    "fft_bands": {
        "hf": [
            0.15,
            0.4
        ],
        "lf": [
            0.04,
            0.15
        ],
        "ulf": null,
        "vlf": [
            0.0,
            0.04
        ]
    },
    "fft_interpolation": "cubic",
    "fft_log": [
        8.154865516864302,
        7.257454243077856,
        5.975370277942037
    ],
    "fft_nfft": 4096.0,
    "fft_norm": [
        78.28043045853799,
        21.71956954146201
    ],
    "fft_peak": [
        0.00390625,
        0.103515625,
        0.365234375
    ],
    "fft_ratio": 3.604142812734064,
    "fft_rel": [
        65.7582331254613,
        26.80460250599796,
        7.437164368540734
    ],
    "fft_resampling_frequency": 4.0,
    "fft_total": 5292.525499254994,
    "fft_window": "hamming",
    "hr_max": 81.30081300813008,
    "hr_mean": 68.64447618022939,
    "hr_min": 44.84304932735426,
    "hr_std": 6.117168335391575,
    "lomb_abs": [
        303.74169808277696,
        741.7327735194876,
        2548.2610259913276
    ],
    "lomb_bands": {
        "hf": [
            0.15,
            0.4
        ],
        "lf": [
            0.04,
            0.15
        ],
        "ulf": null,
        "vlf": [
            0.0,
            0.04
        ]
    },
    "lomb_log": [
        5.716177662866523,
        6.6089890347954,
        7.843166454926761
    ],
    "lomb_ma": "n/a",
    "lomb_nfft": 256.0,
    "lomb_norm": [
        22.545111593516527,
        77.45488840648348
    ],
    "lomb_peak": [
        0.00803921568627451,
        0.10611764705882352,
        0.36498039215686273
    ],
    "lomb_ratio": 0.29107409561033404,
    "lomb_rel": [
        8.451977010722297,
        20.63960394459082,
        70.90841904468688
    ],
    "lomb_total": 3593.7354975935923,
    "nn20": 167.0,
    "nn50": 71.0,
    "nni_counter": 274.0,
    "nni_diff_max": 262.0,
    "nni_diff_mean": 35.62637362637363,
    "nni_diff_min": 0.0,
    "nni_max": 1338.0,
    "nni_mean": 881.57299270073,
    "nni_min": 738.0,
    "pnn20": 61.172161172161175,
    "pnn50": 26.00732600732601,
    "rmssd": 48.64335334016174,
    "sampen": 1.1872013677993571,
    "sd1": 34.37165565707469,
    "sd2": 112.61264096314773,
    "sd_ratio": 3.2763228541179905,
    "sdann": "n/a",
    "sdnn": 85.54498934478832,
    "sdnn_index": "n/a",
    "sdsd": 33.18087075752439,
    "tinn": 265.625,
    "tinn_m": 1039.0625,
    "tinn_n": 773.4375,
    "tri_index": 17.125
}