{
    "Comment": "None",
    "Name": "C:\\Users\\facartesvirtual1\\Documents\\HRV-Bienestar-Tecnologia\\HRV_Reports\\Experiencia_Mindfullness\\Experiencia_Mindfullness\\Experiencia_Mindfullness\\02-03-2022_MariaAlejandraCastilla\\HRV_final.json",
    "ar_abs": [
        2504.015943448188,
        5072.941386602684,
        10053.60208465104
    ],
    "ar_bands": {
        "hf": [
            0.15,
            0.4
        ],
        "lf": [
            0.04,
            0.15
        ],
        "ulf": null,
        "vlf": [
            0.0,
            0.04
        ]
    },
    "ar_interpolation": "cubic",
    "ar_log": [
        7.825651099391487,
        8.531676083508751,
        9.215686265654602
    ],
    "ar_nfft": 4096.0,
    "ar_norm": [
        33.536685999965776,
        66.46331400003423
    ],
    "ar_order": 16.0,
    "ar_peak": [
        0.0,
        0.0400390625,
        0.2890625
    ],
    "ar_ratio": 0.5045894341041811,
    "ar_rel": [
        14.202702730805687,
        28.7735701816269,
        57.0237270875674
    ],
    "ar_resampling_frequency": 4.0,
    "ar_total": 17630.559414701915,
    "dfa_alpha1": 0.9226554536922953,
    "dfa_alpha1_beats": [
        4,
        5,
        6,
        7,
        8,
        9,
        10,
        11,
        12,
        13,
        14,
        15,
        16
    ],
    "dfa_alpha2": 1.0722766671540205,
    "dfa_alpha2_beats": [
        17,
        18,
        19,
        20,
        21,
        22,
        23,
        24,
        25,
        26,
        27,
        28,
        29,
        30,
        31,
        32,
        33,
        34,
        35,
        36,
        37,
        38,
        39,
        40,
        41,
        42,
        43,
        44,
        45,
        46,
        47,
        48,
        49,
        50,
        51,
        52,
        53,
        54,
        55,
        56,
        57,
        58,
        59,
        60,
        61,
        62,
        63,
        64
    ],
    "ellipse_area": 15017.580835063043,
    "fft_abs": [
        2447.002209478435,
        1128.4253890997866,
        1644.047661691401
    ],
    "fft_bands": {
        "hf": [
            0.15,
            0.4
        ],
        "lf": [
            0.04,
            0.15
        ],
        "ulf": null,
        "vlf": [
            0.0,
            0.04
        ]
    },
    "fft_interpolation": "cubic",
    "fft_log": [
        7.80261896637583,
        7.02857847896315,
        7.404916566492358
    ],
    "fft_nfft": 4096.0,
    "fft_norm": [
        40.701040855122656,
        59.29895914487735
    ],
    "fft_peak": [
        0.015625,
        0.103515625,
        0.3125
    ],
    "fft_ratio": 0.6863702405919664,
    "fft_rel": [
        46.88214978438331,
        21.619517917621003,
        31.498332297995685
    ],
    "fft_resampling_frequency": 4.0,
    "fft_total": 5219.475260269623,
    "fft_window": "hamming",
    "hr_max": 104.16666666666667,
    "hr_mean": 82.66183218510852,
    "hr_min": 60.97560975609756,
    "hr_std": 9.145043452584304,
    "lomb_abs": [
        286.15696343373065,
        590.9180109391627,
        1434.5040063506121
    ],
    "lomb_bands": {
        "hf": [
            0.15,
            0.4
        ],
        "lf": [
            0.04,
            0.15
        ],
        "ulf": null,
        "vlf": [
            0.0,
            0.04
        ]
    },
    "lomb_log": [
        5.656540483466346,
        6.381677278406929,
        7.2685744282726
    ],
    "lomb_ma": "n/a",
    "lomb_nfft": 256.0,
    "lomb_norm": [
        29.175056155944848,
        70.82494384405516
    ],
    "lomb_peak": [
        0.00803921568627451,
        0.09807843137254901,
        0.37301960784313726
    ],
    "lomb_ratio": 0.4119319348870012,
    "lomb_rel": [
        12.379285580117442,
        25.5633926362408,
        62.05732178364176
    ],
    "lomb_total": 2311.5789807235055,
    "nn20": 235.0,
    "nn50": 134.0,
    "nni_counter": 327.0,
    "nni_diff_max": 161.0,
    "nni_diff_mean": 49.29141104294479,
    "nni_diff_min": 0.0,
    "nni_max": 984.0,
    "nni_mean": 734.8776758409786,
    "nni_min": 576.0,
    "pnn20": 72.08588957055214,
    "pnn50": 41.104294478527606,
    "rmssd": 62.7345415173053,
    "sampen": 1.3582738487877157,
    "sd1": 44.35941258884234,
    "sd2": 107.76167147820081,
    "sd_ratio": 2.429285357698942,
    "sdann": "n/a",
    "sdnn": 82.47924273232799,
    "sdnn_index": "n/a",
    "sdsd": 38.866608803045644,
    "tinn": 335.9375,
    "tinn_m": 921.875,
    "tinn_n": 585.9375,
    "tri_index": 19.235294117647058
}