{
    "Comment": "None",
    "Name": "C:\\Users\\facartesvirtual1\\Documents\\HRV-Bienestar-Tecnologia\\HRV_Reports\\Experiencia_Mindfullness\\Experiencia_Mindfullness\\Experiencia_Mindfullness\\02-03-2022_MariaAlejandraCastilla\\HRV_olfative.json",
    "ar_abs": [
        2427.807207058273,
        4939.828576547822,
        9869.554168942948
    ],
    "ar_bands": {
        "hf": [
            0.15,
            0.4
        ],
        "lf": [
            0.04,
            0.15
        ],
        "ulf": null,
        "vlf": [
            0.0,
            0.04
        ]
    },
    "ar_interpolation": "cubic",
    "ar_log": [
        7.79474374501448,
        8.505085908476191,
        9.197209961087454
    ],
    "ar_nfft": 4096.0,
    "ar_norm": [
        33.356073385650895,
        66.64392661434911
    ],
    "ar_order": 16.0,
    "ar_peak": [
        0.0,
        0.0400390625,
        0.2578125
    ],
    "ar_ratio": 0.5005118257613139,
    "ar_rel": [
        14.084704141113486,
        28.657969136189266,
        57.25732672269724
    ],
    "ar_resampling_frequency": 4.0,
    "ar_total": 17237.189952549044,
    "dfa_alpha1": 0.7666956132395296,
    "dfa_alpha1_beats": [
        4,
        5,
        6,
        7,
        8,
        9,
        10,
        11,
        12,
        13,
        14,
        15,
        16
    ],
    "dfa_alpha2": 0.748086971255666,
    "dfa_alpha2_beats": [
        17,
        18,
        19,
        20,
        21,
        22,
        23,
        24,
        25,
        26,
        27,
        28,
        29,
        30,
        31,
        32,
        33,
        34,
        35,
        36,
        37,
        38,
        39,
        40,
        41,
        42,
        43,
        44,
        45,
        46,
        47,
        48,
        49,
        50,
        51,
        52,
        53,
        54,
        55,
        56,
        57,
        58,
        59,
        60,
        61,
        62,
        63,
        64
    ],
    "ellipse_area": 10590.318901433671,
    "fft_abs": [
        1727.2284558722286,
        500.4899370862225,
        2065.5848536868525
    ],
    "fft_bands": {
        "hf": [
            0.15,
            0.4
        ],
        "lf": [
            0.04,
            0.15
        ],
        "ulf": null,
        "vlf": [
            0.0,
            0.04
        ]
    },
    "fft_interpolation": "cubic",
    "fft_log": [
        7.454273354210917,
        6.215587492831319,
        7.633168687419702
    ],
    "fft_nfft": 4096.0,
    "fft_norm": [
        19.504105604632088,
        80.4958943953679
    ],
    "fft_peak": [
        0.0068359375,
        0.0908203125,
        0.2470703125
    ],
    "fft_ratio": 0.24229938372800341,
    "fft_rel": [
        40.230758384510764,
        11.65745600377273,
        48.1117856117165
    ],
    "fft_resampling_frequency": 4.0,
    "fft_total": 4293.303246645304,
    "fft_window": "hamming",
    "hr_max": 98.84678747940691,
    "hr_mean": 81.92796928271945,
    "hr_min": 64.51612903225806,
    "hr_std": 7.143788225406978,
    "lomb_abs": [
        323.86562192054447,
        629.1879471111171,
        1539.206674561584
    ],
    "lomb_bands": {
        "hf": [
            0.15,
            0.4
        ],
        "lf": [
            0.04,
            0.15
        ],
        "ulf": null,
        "vlf": [
            0.0,
            0.04
        ]
    },
    "lomb_log": [
        5.780328682602125,
        6.444430015106045,
        7.339022416285605
    ],
    "lomb_ma": "n/a",
    "lomb_nfft": 256.0,
    "lomb_norm": [
        29.01630269797299,
        70.98369730202701
    ],
    "lomb_peak": [
        0.00803921568627451,
        0.082,
        0.36498039215686273
    ],
    "lomb_ratio": 0.40877418056306847,
    "lomb_rel": [
        12.994855683835304,
        25.24567603758659,
        61.75946827857811
    ],
    "lomb_total": 2492.2602435932454,
    "nn20": 262.0,
    "nn50": 143.0,
    "nni_counter": 326.0,
    "nni_diff_max": 131.0,
    "nni_diff_mean": 48.63384615384616,
    "nni_diff_min": 0.0,
    "nni_max": 930.0,
    "nni_mean": 737.9815950920246,
    "nni_min": 607.0,
    "pnn20": 80.61538461538461,
    "pnn50": 44.0,
    "rmssd": 58.085613206184384,
    "sampen": 1.6448921427919048,
    "sd1": 41.07163354015524,
    "sd2": 82.07619014884348,
    "sd_ratio": 1.9983668306885962,
    "sdann": "n/a",
    "sdnn": 65.07978274207395,
    "sdnn_index": "n/a",
    "sdsd": 31.808814859312758,
    "tinn": 265.625,
    "tinn_m": 867.1875,
    "tinn_n": 601.5625,
    "tri_index": 14.173913043478262
}