{
    "Comment": "None",
    "Name": "C:\\Users\\facartesvirtual1\\Documents\\HRV-Bienestar-Tecnologia\\HRV_Reports\\Experiencia_Mindfullness\\Experiencia_Mindfullness\\Experiencia_Mindfullness\\02-03-2022_MariaAlejandraCastilla\\HRV_sound.json",
    "ar_abs": [
        2428.356141322236,
        5062.730910245518,
        9947.524059583291
    ],
    "ar_bands": {
        "hf": [
            0.15,
            0.4
        ],
        "lf": [
            0.04,
            0.15
        ],
        "ulf": null,
        "vlf": [
            0.0,
            0.04
        ]
    },
    "ar_interpolation": "cubic",
    "ar_log": [
        7.7949698223627575,
        8.529661322274952,
        9.205078960954433
    ],
    "ar_nfft": 4096.0,
    "ar_norm": [
        33.728480431690215,
        66.27151956830978
    ],
    "ar_order": 16.0,
    "ar_peak": [
        0.0,
        0.0400390625,
        0.2265625
    ],
    "ar_ratio": 0.5089438215902742,
    "ar_rel": [
        13.92516941770342,
        29.031732389560403,
        57.04309819273617
    ],
    "ar_resampling_frequency": 4.0,
    "ar_total": 17438.611111151047,
    "dfa_alpha1": 0.6540499181349071,
    "dfa_alpha1_beats": [
        4,
        5,
        6,
        7,
        8,
        9,
        10,
        11,
        12,
        13,
        14,
        15,
        16
    ],
    "dfa_alpha2": 0.8842092346133726,
    "dfa_alpha2_beats": [
        17,
        18,
        19,
        20,
        21,
        22,
        23,
        24,
        25,
        26,
        27,
        28,
        29,
        30,
        31,
        32,
        33,
        34,
        35,
        36,
        37,
        38,
        39,
        40,
        41,
        42,
        43,
        44,
        45,
        46,
        47,
        48,
        49,
        50,
        51,
        52,
        53,
        54,
        55,
        56,
        57,
        58,
        59,
        60,
        61,
        62,
        63,
        64
    ],
    "ellipse_area": 12517.704513451738,
    "fft_abs": [
        1064.037839487149,
        788.0934048432016,
        2154.432055552274
    ],
    "fft_bands": {
        "hf": [
            0.15,
            0.4
        ],
        "lf": [
            0.04,
            0.15
        ],
        "ulf": null,
        "vlf": [
            0.0,
            0.04
        ]
    },
    "fft_interpolation": "cubic",
    "fft_log": [
        6.969826232696998,
        6.6696166168982485,
        7.675282420495624
    ],
    "fft_nfft": 4096.0,
    "fft_norm": [
        26.782891616417206,
        73.2171083835828
    ],
    "fft_peak": [
        0.0107421875,
        0.09375,
        0.2421875
    ],
    "fft_ratio": 0.3658010020841336,
    "fft_rel": [
        26.55736999134198,
        19.670059995465174,
        53.77257001319285
    ],
    "fft_resampling_frequency": 4.0,
    "fft_total": 4006.563299882625,
    "fft_window": "hamming",
    "hr_max": 105.4481546572935,
    "hr_mean": 79.40533044748672,
    "hr_min": 65.00541711809318,
    "hr_std": 7.7949978898304595,
    "lomb_abs": [
        238.74575719583686,
        535.7793029088817,
        1486.722298582946
    ],
    "lomb_bands": {
        "hf": [
            0.15,
            0.4
        ],
        "lf": [
            0.04,
            0.15
        ],
        "ulf": null,
        "vlf": [
            0.0,
            0.04
        ]
    },
    "lomb_log": [
        5.475399208295445,
        6.283722327974868,
        7.304329176217356
    ],
    "lomb_ma": "n/a",
    "lomb_nfft": 256.0,
    "lomb_norm": [
        26.490921070899663,
        73.50907892910033
    ],
    "lomb_peak": [
        0.00803921568627451,
        0.14631372549019608,
        0.36176470588235293
    ],
    "lomb_ratio": 0.3603761801511649,
    "lomb_rel": [
        10.55814421534118,
        23.693971420261875,
        65.74788436439695
    ],
    "lomb_total": 2261.2473586876645,
    "nn20": 249.0,
    "nn50": 144.0,
    "nni_counter": 315.0,
    "nni_diff_max": 185.0,
    "nni_diff_mean": 50.84076433121019,
    "nni_diff_min": 0.0,
    "nni_max": 923.0,
    "nni_mean": 762.6031746031746,
    "nni_min": 569.0,
    "pnn20": 79.29936305732484,
    "pnn50": 45.85987261146497,
    "rmssd": 61.41360250993592,
    "sampen": 1.5326113160413852,
    "sd1": 43.42459001595145,
    "sd2": 91.75697680727644,
    "sd_ratio": 2.1130188396383414,
    "sdann": "n/a",
    "sdnn": 71.91292941218146,
    "sdnn_index": "n/a",
    "sdsd": 34.5056386657807,
    "tinn": 312.5,
    "tinn_m": 921.875,
    "tinn_n": 609.375,
    "tri_index": 19.6875
}