{
    "Comment": "None",
    "Name": "C:\\Users\\facartesvirtual1\\Documents\\HRV-Bienestar-Tecnologia\\HRV_Reports\\Experiencia_Mindfullness\\Experiencia_Mindfullness\\Experiencia_Mindfullness\\02-03-2022_MariaAlejandraCastilla\\HRV_video.json",
    "ar_abs": [
        2442.1692551190954,
        5051.09038797188,
        10052.690129844315
    ],
    "ar_bands": {
        "hf": [
            0.15,
            0.4
        ],
        "lf": [
            0.04,
            0.15
        ],
        "ulf": null,
        "vlf": [
            0.0,
            0.04
        ]
    },
    "ar_interpolation": "cubic",
    "ar_log": [
        7.8006419623094,
        8.527359417372654,
        9.215595552280138
    ],
    "ar_nfft": 4096.0,
    "ar_norm": [
        33.44255686193062,
        66.55744313806939
    ],
    "ar_order": 16.0,
    "ar_peak": [
        0.0,
        0.0400390625,
        0.2470703125
    ],
    "ar_ratio": 0.502461562301245,
    "ar_rel": [
        13.918706520442415,
        28.787785519386418,
        57.29350796017116
    ],
    "ar_resampling_frequency": 4.0,
    "ar_total": 17545.94977293529,
    "dfa_alpha1": 0.8804642023139785,
    "dfa_alpha1_beats": [
        4,
        5,
        6,
        7,
        8,
        9,
        10,
        11,
        12,
        13,
        14,
        15,
        16
    ],
    "dfa_alpha2": 1.127083571382569,
    "dfa_alpha2_beats": [
        17,
        18,
        19,
        20,
        21,
        22,
        23,
        24,
        25,
        26,
        27,
        28,
        29,
        30,
        31,
        32,
        33,
        34,
        35,
        36,
        37,
        38,
        39,
        40,
        41,
        42,
        43,
        44,
        45,
        46,
        47,
        48,
        49,
        50,
        51,
        52,
        53,
        54,
        55,
        56,
        57,
        58,
        59,
        60,
        61,
        62,
        63,
        64
    ],
    "ellipse_area": 16468.093986834137,
    "fft_abs": [
        2439.5445124210937,
        1374.5166101721359,
        3138.090289017872
    ],
    "fft_bands": {
        "hf": [
            0.15,
            0.4
        ],
        "lf": [
            0.04,
            0.15
        ],
        "ulf": null,
        "vlf": [
            0.0,
            0.04
        ]
    },
    "fft_interpolation": "cubic",
    "fft_log": [
        7.799566625624,
        7.225857392051844,
        8.051369705669957
    ],
    "fft_nfft": 4096.0,
    "fft_norm": [
        30.45948031544373,
        69.54051968455627
    ],
    "fft_peak": [
        0.01953125,
        0.0400390625,
        0.2578125
    ],
    "fft_ratio": 0.4380105362112823,
    "fft_rel": [
        35.09049742999988,
        19.771097158161627,
        45.1384054118385
    ],
    "fft_resampling_frequency": 4.0,
    "fft_total": 6952.151411611101,
    "fft_window": "hamming",
    "hr_max": 104.16666666666667,
    "hr_mean": 84.22334462025087,
    "hr_min": 61.919504643962846,
    "hr_std": 10.196107383460323,
    "lomb_abs": [
        323.6363362799624,
        618.5275263818075,
        1609.9691697932265
    ],
    "lomb_bands": {
        "hf": [
            0.15,
            0.4
        ],
        "lf": [
            0.04,
            0.15
        ],
        "ulf": null,
        "vlf": [
            0.0,
            0.04
        ]
    },
    "lomb_log": [
        5.779620466519496,
        6.427341695905775,
        7.383970308598407
    ],
    "lomb_ma": "n/a",
    "lomb_nfft": 256.0,
    "lomb_norm": [
        27.75537102852524,
        72.24462897147475
    ],
    "lomb_peak": [
        0.00803921568627451,
        0.13827450980392156,
        0.22992156862745097
    ],
    "lomb_ratio": 0.38418594466703176,
    "lomb_rel": [
        12.68101357430588,
        24.235708660798995,
        63.08327776489513
    ],
    "lomb_total": 2552.1330324549963,
    "nn20": 227.0,
    "nn50": 132.0,
    "nni_counter": 332.0,
    "nni_diff_max": 184.0,
    "nni_diff_mean": 48.68882175226586,
    "nni_diff_min": 0.0,
    "nni_max": 969.0,
    "nni_mean": 722.9969879518072,
    "nni_min": 576.0,
    "pnn20": 68.58006042296071,
    "pnn50": 39.87915407854985,
    "rmssd": 63.509354165077575,
    "sampen": 1.000001775835128,
    "sd1": 44.90746492899565,
    "sd2": 116.72796785348129,
    "sd_ratio": 2.5992998722605,
    "sdann": "n/a",
    "sdnn": 88.53874153289881,
    "sdnn_index": "n/a",
    "sdsd": 40.83963273513682,
    "tinn": 312.5,
    "tinn_m": 875.0,
    "tinn_n": 562.5,
    "tri_index": 15.80952380952381
}