{
    "Comment": "None",
    "Name": "C:\\Users\\admin\\HRV-Bienestar-Tecnologia\\HRV_Reports\\Grupo_Control\\10-03-2022_LucianoGuapucal\\Momento_3.json",
    "ar_abs": [
        2472.040160203354,
        5158.69460361705,
        9416.64518172595
    ],
    "ar_bands": {
        "hf": [
            0.15,
            0.4
        ],
        "lf": [
            0.04,
            0.15
        ],
        "ulf": null,
        "vlf": [
            0.0,
            0.04
        ]
    },
    "ar_interpolation": "cubic",
    "ar_log": [
        7.812799064482571,
        8.548438842674665,
        9.150234166317249
    ],
    "ar_nfft": 4096.0,
    "ar_norm": [
        35.393305950950435,
        64.60669404904957
    ],
    "ar_order": 16.0,
    "ar_peak": [
        0.0,
        0.0400390625,
        0.150390625
    ],
    "ar_ratio": 0.5478272255206209,
    "ar_rel": [
        14.50099762016026,
        30.260923497307076,
        55.23807888253267
    ],
    "ar_resampling_frequency": 4.0,
    "ar_total": 17047.379945546352,
    "dfa_alpha1": 1.3656143148025717,
    "dfa_alpha1_beats": [
        4,
        5,
        6,
        7,
        8,
        9,
        10,
        11,
        12,
        13,
        14,
        15,
        16
    ],
    "dfa_alpha2": 0.8510020895312368,
    "dfa_alpha2_beats": [
        17,
        18,
        19,
        20,
        21,
        22,
        23,
        24,
        25,
        26,
        27,
        28,
        29,
        30,
        31,
        32,
        33,
        34,
        35,
        36,
        37,
        38,
        39,
        40,
        41,
        42,
        43,
        44,
        45,
        46,
        47,
        48,
        49,
        50,
        51,
        52,
        53,
        54,
        55,
        56,
        57,
        58,
        59,
        60,
        61,
        62,
        63,
        64
    ],
    "ellipse_area": 7158.0750464049,
    "fft_abs": [
        1115.8641189280977,
        1681.5763565293628,
        970.4036021477367
    ],
    "fft_bands": {
        "hf": [
            0.15,
            0.4
        ],
        "lf": [
            0.04,
            0.15
        ],
        "ulf": null,
        "vlf": [
            0.0,
            0.04
        ]
    },
    "fft_interpolation": "cubic",
    "fft_log": [
        7.017384378295355,
        7.427486939919991,
        6.877712069646587
    ],
    "fft_nfft": 4096.0,
    "fft_norm": [
        63.40833576163946,
        36.59166423836053
    ],
    "fft_peak": [
        0.0068359375,
        0.0908203125,
        0.1708984375
    ],
    "fft_ratio": 1.7328628550096368,
    "fft_rel": [
        29.615453716899275,
        44.62966943149503,
        25.754876851605683
    ],
    "fft_resampling_frequency": 4.0,
    "fft_total": 3767.8440776051975,
    "fft_window": "hamming",
    "hr_max": 106.95187165775401,
    "hr_mean": 81.4133976155581,
    "hr_min": 65.57377049180327,
    "hr_std": 7.976401292598527,
    "lomb_abs": [
        229.28671248610453,
        618.4807694682585,
        1528.571041829815
    ],
    "lomb_bands": {
        "hf": [
            0.15,
            0.4
        ],
        "lf": [
            0.04,
            0.15
        ],
        "ulf": null,
        "vlf": [
            0.0,
            0.04
        ]
    },
    "lomb_log": [
        5.434973240021278,
        6.427266099139402,
        7.33208861838612
    ],
    "lomb_ma": "n/a",
    "lomb_nfft": 256.0,
    "lomb_norm": [
        28.806047726176423,
        71.19395227382356
    ],
    "lomb_peak": [
        0.011254901960784314,
        0.04180392156862745,
        0.20258823529411765
    ],
    "lomb_ratio": 0.4046136898733148,
    "lomb_rel": [
        9.648739444790007,
        26.026627236735806,
        64.32463331847418
    ],
    "lomb_total": 2376.338523784178,
    "nn20": 162.0,
    "nn50": 43.0,
    "nni_counter": 324.0,
    "nni_diff_max": 177.0,
    "nni_diff_mean": 25.343653250773993,
    "nni_diff_min": 0.0,
    "nni_max": 915.0,
    "nni_mean": 743.5987654320987,
    "nni_min": 561.0,
    "pnn20": 50.15479876160991,
    "pnn50": 13.312693498452013,
    "rmssd": 34.500056086462244,
    "sampen": 1.4058186048945769,
    "sd1": 24.39439220393561,
    "sd2": 93.40204233285148,
    "sd_ratio": 3.828832526427229,
    "sdann": "n/a",
    "sdnn": 68.4782363452819,
    "sdnn_index": "n/a",
    "sdsd": 23.444718543972748,
    "tinn": 179.6875,
    "tinn_m": 835.9375,
    "tinn_n": 656.25,
    "tri_index": 12.96
}