{
    "Comment": "None",
    "Name": "C:\\Users\\admin\\HRV-Bienestar-Tecnologia\\HRV_Reports\\Grupo_Control\\10-03-2022_LucianoGuapucal\\Momento_5.json",
    "ar_abs": [
        2462.9228277461425,
        5046.648815511047,
        9264.960227914067
    ],
    "ar_bands": {
        "hf": [
            0.15,
            0.4
        ],
        "lf": [
            0.04,
            0.15
        ],
        "ulf": null,
        "vlf": [
            0.0,
            0.04
        ]
    },
    "ar_interpolation": "cubic",
    "ar_log": [
        7.809104065005277,
        8.526479701099976,
        9.133994845986454
    ],
    "ar_nfft": 4096.0,
    "ar_norm": [
        35.262623512130695,
        64.7373764878693
    ],
    "ar_order": 16.0,
    "ar_peak": [
        0.0,
        0.0400390625,
        0.150390625
    ],
    "ar_ratio": 0.5447026961115472,
    "ar_rel": [
        14.68251303023798,
        30.085184220158347,
        55.232302749603676
    ],
    "ar_resampling_frequency": 4.0,
    "ar_total": 16774.531871171257,
    "dfa_alpha1": 1.4115470420179217,
    "dfa_alpha1_beats": [
        4,
        5,
        6,
        7,
        8,
        9,
        10,
        11,
        12,
        13,
        14,
        15,
        16
    ],
    "dfa_alpha2": 1.1083094439687595,
    "dfa_alpha2_beats": [
        17,
        18,
        19,
        20,
        21,
        22,
        23,
        24,
        25,
        26,
        27,
        28,
        29,
        30,
        31,
        32,
        33,
        34,
        35,
        36,
        37,
        38,
        39,
        40,
        41,
        42,
        43,
        44,
        45,
        46,
        47,
        48,
        49,
        50,
        51,
        52,
        53,
        54,
        55,
        56,
        57,
        58,
        59,
        60,
        61,
        62,
        63,
        64
    ],
    "ellipse_area": 5424.295148935912,
    "fft_abs": [
        1583.387080623108,
        972.3412193740105,
        250.85832026829036
    ],
    "fft_bands": {
        "hf": [
            0.15,
            0.4
        ],
        "lf": [
            0.04,
            0.15
        ],
        "ulf": null,
        "vlf": [
            0.0,
            0.04
        ]
    },
    "fft_interpolation": "cubic",
    "fft_log": [
        7.367321553441136,
        6.879706791595941,
        5.524888318681144
    ],
    "fft_nfft": 4096.0,
    "fft_norm": [
        79.4916273152254,
        20.508372684774606
    ],
    "fft_peak": [
        0.01953125,
        0.0634765625,
        0.349609375
    ],
    "fft_ratio": 3.8760572833865017,
    "fft_rel": [
        56.41682566253283,
        34.64497451648435,
        8.938199820982813
    ],
    "fft_resampling_frequency": 4.0,
    "fft_total": 2806.586620265409,
    "fft_window": "hamming",
    "hr_max": 114.72275334608031,
    "hr_mean": 87.43499886092314,
    "hr_min": 67.87330316742081,
    "hr_std": 8.906898623692399,
    "lomb_abs": [
        235.37758252353927,
        689.3661060690879,
        1473.0246749624393
    ],
    "lomb_bands": {
        "hf": [
            0.15,
            0.4
        ],
        "lf": [
            0.04,
            0.15
        ],
        "ulf": null,
        "vlf": [
            0.0,
            0.04
        ]
    },
    "lomb_log": [
        5.461190958870558,
        6.535772488483509,
        7.295073167824321
    ],
    "lomb_ma": "n/a",
    "lomb_nfft": 256.0,
    "lomb_norm": [
        31.879811554701455,
        68.12018844529855
    ],
    "lomb_peak": [
        0.03215686274509804,
        0.09003921568627452,
        0.30870588235294116
    ],
    "lomb_ratio": 0.46799359018657716,
    "lomb_rel": [
        9.816527155048254,
        28.750321196455975,
        61.433151648495766
    ],
    "lomb_total": 2397.7683635550666,
    "nn20": 171.0,
    "nn50": 17.0,
    "nni_counter": 347.0,
    "nni_diff_max": 92.0,
    "nni_diff_mean": 21.491329479768787,
    "nni_diff_min": 0.0,
    "nni_max": 884.0,
    "nni_mean": 692.850144092219,
    "nni_min": 523.0,
    "pnn20": 49.421965317919074,
    "pnn50": 4.913294797687861,
    "rmssd": 26.94567431262112,
    "sampen": 1.343956549962512,
    "sd1": 19.04872667059555,
    "sd2": 90.64158467612138,
    "sd_ratio": 4.758406493177295,
    "sdann": "n/a",
    "sdnn": 65.8994725630124,
    "sdnn_index": "n/a",
    "sdsd": 16.277527318934677,
    "tinn": 265.625,
    "tinn_m": 820.3125,
    "tinn_n": 554.6875,
    "tri_index": 17.35
}