{
    "Comment": "None",
    "Name": "C:\\Users\\admin\\HRV-Bienestar-Tecnologia\\HRV_Reports\\Grupo_Control\\11-03-2022_SaraCantor\\Momento_3.json",
    "ar_abs": [
        2531.5561044249116,
        5399.205334288299,
        11356.391878138682
    ],
    "ar_bands": {
        "hf": [
            0.15,
            0.4
        ],
        "lf": [
            0.04,
            0.15
        ],
        "ulf": null,
        "vlf": [
            0.0,
            0.04
        ]
    },
    "ar_interpolation": "cubic",
    "ar_log": [
        7.836589453686564,
        8.594007061406241,
        9.33753602546335
    ],
    "ar_nfft": 4096.0,
    "ar_norm": [
        32.22329389897195,
        67.77670610102804
    ],
    "ar_order": 16.0,
    "ar_peak": [
        0.0,
        0.0400390625,
        0.244140625
    ],
    "ar_ratio": 0.47543316506027716,
    "ar_rel": [
        13.125607822140337,
        27.993790714417223,
        58.88060146344243
    ],
    "ar_resampling_frequency": 4.0,
    "ar_total": 19287.153316851894,
    "dfa_alpha1": 0.4722206063149877,
    "dfa_alpha1_beats": [
        4,
        5,
        6,
        7,
        8,
        9,
        10,
        11,
        12,
        13,
        14,
        15,
        16
    ],
    "dfa_alpha2": 0.45603350531534687,
    "dfa_alpha2_beats": [
        17,
        18,
        19,
        20,
        21,
        22,
        23,
        24,
        25,
        26,
        27,
        28,
        29,
        30,
        31,
        32,
        33,
        34,
        35,
        36,
        37,
        38,
        39,
        40,
        41,
        42,
        43,
        44,
        45,
        46,
        47,
        48,
        49,
        50,
        51,
        52,
        53,
        54,
        55,
        56,
        57,
        58,
        59,
        60,
        61,
        62,
        63,
        64
    ],
    "ellipse_area": 38196.6229592178,
    "fft_abs": [
        276.0842217971211,
        1615.6508365757916,
        10059.95646910874
    ],
    "fft_bands": {
        "hf": [
            0.15,
            0.4
        ],
        "lf": [
            0.04,
            0.15
        ],
        "ulf": null,
        "vlf": [
            0.0,
            0.04
        ]
    },
    "fft_interpolation": "cubic",
    "fft_log": [
        5.620705970606764,
        7.3874931492599405,
        9.216318116518
    ],
    "fft_nfft": 4096.0,
    "fft_norm": [
        13.837831251734338,
        86.16216874826566
    ],
    "fft_peak": [
        0.01171875,
        0.1240234375,
        0.2529296875
    ],
    "fft_ratio": 0.16060216975461028,
    "fft_rel": [
        2.3100012342378027,
        13.51817717902753,
        84.17182158673467
    ],
    "fft_resampling_frequency": 4.0,
    "fft_total": 11951.691527481653,
    "fft_window": "hamming",
    "hr_max": 75.09386733416771,
    "hr_mean": 56.57289405657816,
    "hr_min": 47.02194357366771,
    "hr_std": 6.355671004434667,
    "lomb_abs": [
        274.439301145743,
        1053.4346787486859,
        2350.8537287773165
    ],
    "lomb_bands": {
        "hf": [
            0.15,
            0.4
        ],
        "lf": [
            0.04,
            0.15
        ],
        "ulf": null,
        "vlf": [
            0.0,
            0.04
        ]
    },
    "lomb_log": [
        5.614730111345694,
        6.959811227286495,
        7.762533830006203
    ],
    "lomb_ma": "n/a",
    "lomb_nfft": 256.0,
    "lomb_norm": [
        30.94434291817972,
        69.05565708182027
    ],
    "lomb_peak": [
        0.019294117647058823,
        0.09325490196078431,
        0.36498039215686273
    ],
    "lomb_ratio": 0.44810728368735186,
    "lomb_rel": [
        7.460168919238468,
        28.63584266553511,
        63.90398841522642
    ],
    "lomb_total": 3678.7277086717454,
    "nn20": 197.0,
    "nn50": 165.0,
    "nni_counter": 224.0,
    "nni_diff_max": 438.0,
    "nni_diff_mean": 122.80717488789237,
    "nni_diff_min": 0.0,
    "nni_max": 1276.0,
    "nni_mean": 1072.857142857143,
    "nni_min": 799.0,
    "pnn20": 88.34080717488789,
    "pnn50": 73.99103139013454,
    "rmssd": 152.0765679229077,
    "sampen": 1.8341801851120072,
    "sd1": 107.53437243786463,
    "sd2": 113.06489665691883,
    "sd_ratio": 1.0514302924141752,
    "sdann": "n/a",
    "sdnn": 110.58615594173861,
    "sdnn_index": "n/a",
    "sdsd": 89.89951118026872,
    "tinn": 265.625,
    "tinn_m": 1257.8125,
    "tinn_n": 992.1875,
    "tri_index": 16.0
}