{
    "Comment": "None",
    "Name": "C:\\Users\\admin\\HRV-Bienestar-Tecnologia\\HRV_Reports\\Grupo_Control\\11-03-2022_SaraCantor\\Momento_2.json",
    "ar_abs": [
        2549.7410063227194,
        5523.554778029134,
        11228.268807738037
    ],
    "ar_bands": {
        "hf": [
            0.15,
            0.4
        ],
        "lf": [
            0.04,
            0.15
        ],
        "ulf": null,
        "vlf": [
            0.0,
            0.04
        ]
    },
    "ar_interpolation": "cubic",
    "ar_log": [
        7.843747066846328,
        8.616776913531034,
        9.326189878033995
    ],
    "ar_nfft": 4096.0,
    "ar_norm": [
        32.972856654973995,
        67.027143345026
    ],
    "ar_order": 16.0,
    "ar_peak": [
        0.0,
        0.0400390625,
        0.20703125
    ],
    "ar_ratio": 0.49193289478628605,
    "ar_rel": [
        13.210022400814319,
        28.617134904663533,
        58.17284269452215
    ],
    "ar_resampling_frequency": 4.0,
    "ar_total": 19301.56459208989,
    "dfa_alpha1": 0.637443244161411,
    "dfa_alpha1_beats": [
        4,
        5,
        6,
        7,
        8,
        9,
        10,
        11,
        12,
        13,
        14,
        15,
        16
    ],
    "dfa_alpha2": 0.9317468714353971,
    "dfa_alpha2_beats": [
        17,
        18,
        19,
        20,
        21,
        22,
        23,
        24,
        25,
        26,
        27,
        28,
        29,
        30,
        31,
        32,
        33,
        34,
        35,
        36,
        37,
        38,
        39,
        40,
        41,
        42,
        43,
        44,
        45,
        46,
        47,
        48,
        49,
        50,
        51,
        52,
        53,
        54,
        55,
        56,
        57,
        58,
        59,
        60,
        61,
        62,
        63,
        64
    ],
    "ellipse_area": 55238.74714906264,
    "fft_abs": [
        13511.157559220215,
        3194.5174418239,
        8000.021166848677
    ],
    "fft_bands": {
        "hf": [
            0.15,
            0.4
        ],
        "lf": [
            0.04,
            0.15
        ],
        "ulf": null,
        "vlf": [
            0.0,
            0.04
        ]
    },
    "fft_interpolation": "cubic",
    "fft_log": [
        9.511271108943308,
        8.069191319981758,
        8.987199466514557
    ],
    "fft_nfft": 4096.0,
    "fft_norm": [
        28.536392195289398,
        71.4636078047106
    ],
    "fft_peak": [
        0.0078125,
        0.1279296875,
        0.224609375
    ],
    "fft_ratio": 0.3993136237016065,
    "fft_rel": [
        54.68843082745891,
        12.930287088916176,
        32.381282083624924
    ],
    "fft_resampling_frequency": 4.0,
    "fft_total": 24705.69616789279,
    "fft_window": "hamming",
    "hr_max": 85.71428571428571,
    "hr_mean": 60.271940868374585,
    "hr_min": 46.728971962616825,
    "hr_std": 9.466145666571558,
    "lomb_abs": [
        343.405740353696,
        1111.7657652258138,
        2283.16281028313
    ],
    "lomb_bands": {
        "hf": [
            0.15,
            0.4
        ],
        "lf": [
            0.04,
            0.15
        ],
        "ulf": null,
        "vlf": [
            0.0,
            0.04
        ]
    },
    "lomb_log": [
        5.838912664554575,
        7.0137048098396795,
        7.733316958171524
    ],
    "lomb_ma": "n/a",
    "lomb_nfft": 256.0,
    "lomb_norm": [
        32.74783962308089,
        67.2521603769191
    ],
    "lomb_peak": [
        0.006431372549019608,
        0.14792156862745098,
        0.36498039215686273
    ],
    "lomb_ratio": 0.48694108024996524,
    "lomb_rel": [
        9.186062864857856,
        29.739602488421855,
        61.07433464672029
    ],
    "lomb_total": 3738.33431586264,
    "nn20": 201.0,
    "nn50": 158.0,
    "nni_counter": 236.0,
    "nni_diff_max": 392.0,
    "nni_diff_mean": 108.45106382978723,
    "nni_diff_min": 0.0,
    "nni_max": 1284.0,
    "nni_mean": 1017.7838983050848,
    "nni_min": 700.0,
    "pnn20": 85.53191489361703,
    "pnn50": 67.23404255319149,
    "rmssd": 140.12978786399597,
    "sampen": 1.444636398060309,
    "sd1": 99.08489576410255,
    "sd2": 177.4542848570415,
    "sd_ratio": 1.7909317407924386,
    "sdann": "n/a",
    "sdnn": 143.90227148878563,
    "sdnn_index": "n/a",
    "sdsd": 88.92905525485779,
    "tinn": 125.0,
    "tinn_m": 1195.3125,
    "tinn_n": 1070.3125,
    "tri_index": 15.733333333333333
}