{
    "Comment": "None",
    "Name": "C:\\Users\\admin\\HRV-Bienestar-Tecnologia\\HRV_Reports\\Grupo_Control\\11-03-2022_SaraCantor\\Momento_1.json",
    "ar_abs": [
        2562.9936840244523,
        5421.1946778659285,
        11333.406879489294
    ],
    "ar_bands": {
        "hf": [
            0.15,
            0.4
        ],
        "lf": [
            0.04,
            0.15
        ],
        "ulf": null,
        "vlf": [
            0.0,
            0.04
        ]
    },
    "ar_interpolation": "cubic",
    "ar_log": [
        7.848931262070926,
        8.59807149041518,
        9.335510004275836
    ],
    "ar_nfft": 4096.0,
    "ar_norm": [
        32.35645240089902,
        67.64354759910098
    ],
    "ar_order": 16.0,
    "ar_peak": [
        0.0,
        0.0400390625,
        0.2841796875
    ],
    "ar_ratio": 0.4783376027624112,
    "ar_rel": [
        13.267664282220467,
        28.06350692271127,
        58.66882879506825
    ],
    "ar_resampling_frequency": 4.0,
    "ar_total": 19317.595241379677,
    "dfa_alpha1": 0.4734049302561892,
    "dfa_alpha1_beats": [
        4,
        5,
        6,
        7,
        8,
        9,
        10,
        11,
        12,
        13,
        14,
        15,
        16
    ],
    "dfa_alpha2": 0.6296748235933043,
    "dfa_alpha2_beats": [
        17,
        18,
        19,
        20,
        21,
        22,
        23,
        24,
        25,
        26,
        27,
        28,
        29,
        30,
        31,
        32,
        33,
        34,
        35,
        36,
        37,
        38,
        39,
        40,
        41,
        42,
        43,
        44,
        45,
        46,
        47,
        48,
        49,
        50,
        51,
        52,
        53,
        54,
        55,
        56,
        57,
        58,
        59,
        60,
        61,
        62,
        63,
        64
    ],
    "ellipse_area": 37298.482049251485,
    "fft_abs": [
        776.0963325973289,
        1819.5699339833925,
        7378.733472569359
    ],
    "fft_bands": {
        "hf": [
            0.15,
            0.4
        ],
        "lf": [
            0.04,
            0.15
        ],
        "ulf": null,
        "vlf": [
            0.0,
            0.04
        ]
    },
    "fft_interpolation": "cubic",
    "fft_log": [
        6.654276652423505,
        7.50635545213847,
        8.906357286683763
    ],
    "fft_nfft": 4096.0,
    "fft_norm": [
        19.781582032694796,
        80.2184179673052
    ],
    "fft_peak": [
        0.0068359375,
        0.087890625,
        0.26171875
    ],
    "fft_ratio": 0.24659651154872214,
    "fft_rel": [
        7.78088258836376,
        18.24240036060995,
        73.97671705102627
    ],
    "fft_resampling_frequency": 4.0,
    "fft_total": 9974.399739150082,
    "fft_window": "hamming",
    "hr_max": 78.02340702210664,
    "hr_mean": 59.117476841655645,
    "hr_min": 48.46526655896607,
    "hr_std": 6.734628645297671,
    "lomb_abs": [
        360.2993071033854,
        1034.6144463329313,
        2570.3251344887444
    ],
    "lomb_bands": {
        "hf": [
            0.15,
            0.4
        ],
        "lf": [
            0.04,
            0.15
        ],
        "ulf": null,
        "vlf": [
            0.0,
            0.04
        ]
    },
    "lomb_log": [
        5.886935094641972,
        6.941784120677934,
        7.851787681361583
    ],
    "lomb_ma": "n/a",
    "lomb_nfft": 256.0,
    "lomb_norm": [
        28.699910862226183,
        71.30008913777381
    ],
    "lomb_peak": [
        0.00803921568627451,
        0.06752941176470588,
        0.36498039215686273
    ],
    "lomb_ratio": 0.4025227907747645,
    "lomb_rel": [
        9.08644642320462,
        26.092108838222522,
        64.82144473857285
    ],
    "lomb_total": 3965.238887925061,
    "nn20": 210.0,
    "nn50": 171.0,
    "nni_counter": 233.0,
    "nni_diff_max": 462.0,
    "nni_diff_mean": 118.32327586206897,
    "nni_diff_min": 0.0,
    "nni_max": 1238.0,
    "nni_mean": 1027.25321888412,
    "nni_min": 769.0,
    "pnn20": 90.51724137931035,
    "pnn50": 73.70689655172413,
    "rmssd": 147.24151810943954,
    "sampen": 2.0230002307748842,
    "sd1": 104.11420176489327,
    "sd2": 114.033199838917,
    "sd_ratio": 1.0952703656742473,
    "sdann": "n/a",
    "sdnn": 109.34148619722644,
    "sdnn_index": "n/a",
    "sdsd": 87.82318803324006,
    "tinn": 281.25,
    "tinn_m": 1164.0625,
    "tinn_n": 882.8125,
    "tri_index": 17.923076923076923
}