{
    "Comment": "None",
    "Name": "D:\\Users\\jp.botero\\Documents\\Bienestar & Tecnolog\u00eda\\HRV-Bienestar-Tecnologia\\HRV_Reports\\AndreaValderrama-9-12\\HRV_interactive.json",
    "ar_abs": [
        1921.7413287812435,
        3703.5389862244047,
        6018.267357642885
    ],
    "ar_bands": {
        "hf": [
            0.15,
            0.4
        ],
        "lf": [
            0.04,
            0.15
        ],
        "ulf": null,
        "vlf": [
            0.0,
            0.04
        ]
    },
    "ar_interpolation": "cubic",
    "ar_log": [
        7.560986996071927,
        8.217044124257503,
        8.702554682531334
    ],
    "ar_nfft": 4096.0,
    "ar_norm": [
        38.09517341970786,
        61.904826580292124
    ],
    "ar_order": 16.0,
    "ar_peak": [
        0.0,
        0.0400390625,
        0.150390625
    ],
    "ar_ratio": 0.6153829276994655,
    "ar_rel": [
        16.504774857370506,
        31.80765081526023,
        51.68757432736927
    ],
    "ar_resampling_frequency": 4.0,
    "ar_total": 11643.547672648532,
    "dfa_alpha1": 1.2711276729586884,
    "dfa_alpha1_beats": [
        4,
        5,
        6,
        7,
        8,
        9,
        10,
        11,
        12,
        13,
        14,
        15,
        16
    ],
    "dfa_alpha2": 1.0527738681822638,
    "dfa_alpha2_beats": [
        17,
        18,
        19,
        20,
        21,
        22,
        23,
        24,
        25,
        26,
        27,
        28,
        29,
        30,
        31,
        32,
        33,
        34,
        35,
        36,
        37,
        38,
        39,
        40,
        41,
        42,
        43,
        44,
        45,
        46,
        47,
        48,
        49,
        50,
        51,
        52,
        53,
        54,
        55,
        56,
        57,
        58,
        59,
        60,
        61,
        62,
        63,
        64
    ],
    "ellipse_area": 52.095678573786195,
    "fft_abs": [
        1.9557228480514015,
        3.624672936627884,
        3.270888031707488
    ],
    "fft_bands": {
        "hf": [
            0.15,
            0.4
        ],
        "lf": [
            0.04,
            0.15
        ],
        "ulf": null,
        "vlf": [
            0.0,
            0.04
        ]
    },
    "fft_interpolation": "cubic",
    "fft_log": [
        0.6707598683479373,
        1.2877640598576592,
        1.1850615173703933
    ],
    "fft_nfft": 4096.0,
    "fft_norm": [
        52.565309091928754,
        47.43469090807124
    ],
    "fft_peak": [
        0.025390625,
        0.1376953125,
        0.150390625
    ],
    "fft_ratio": 1.1081617290139127,
    "fft_rel": [
        22.095358013836197,
        40.95081585698751,
        36.95382612917629
    ],
    "fft_resampling_frequency": 4.0,
    "fft_total": 8.851283816386774,
    "fft_window": "hamming",
    "hr_max": 1034.4827586206898,
    "hr_mean": 824.6939552711806,
    "hr_min": 659.3406593406594,
    "hr_std": 71.17338353377573,
    "lomb_abs": [
        313.4355473054844,
        611.8232930555633,
        1408.8798188211342
    ],
    "lomb_bands": {
        "hf": [
            0.15,
            0.4
        ],
        "lf": [
            0.04,
            0.15
        ],
        "ulf": null,
        "vlf": [
            0.0,
            0.04
        ]
    },
    "lomb_log": [
        5.7475937482041966,
        6.416443503982505,
        7.250550212889023
    ],
    "lomb_ma": "n/a",
    "lomb_nfft": 256.0,
    "lomb_norm": [
        30.277742903426404,
        69.72225709657359
    ],
    "lomb_peak": [
        0.038588235294117645,
        0.11415686274509804,
        0.3971372549019608
    ],
    "lomb_ratio": 0.4342622308036893,
    "lomb_rel": [
        13.428317382623003,
        26.211951490059693,
        60.3597311273173
    ],
    "lomb_total": 2334.138659182182,
    "nn20": 0.0,
    "nn50": 0.0,
    "nni_counter": 429.0,
    "nni_diff_max": 15.0,
    "nni_diff_mean": 2.046728971962617,
    "nni_diff_min": 0.0,
    "nni_max": 91.0,
    "nni_mean": 73.27972027972028,
    "nni_min": 58.0,
    "pnn20": 0.0,
    "pnn50": 0.0,
    "rmssd": 2.7733713752483147,
    "sampen": 0.9225717777492244,
    "sd1": 1.9610001129323726,
    "sd2": 8.456179787104936,
    "sd_ratio": 4.312177103580084,
    "sdann": "n/a",
    "sdnn": 6.148176837587437,
    "sdnn_index": "n/a",
    "sdsd": 1.8736840319088817,
    "tinn": 31.25,
    "tinn_m": 85.9375,
    "tinn_n": 54.6875,
    "tri_index": 1.8177966101694916
}