{
    "Comment": "None",
    "Name": "D:\\Users\\jp.botero\\Documents\\Bienestar & Tecnolog\u00eda\\HRV-Bienestar-Tecnologia\\HRV_Reports\\AndreaValderrama-9-12\\HRV_video.json",
    "ar_abs": [
        1923.4280568424692,
        3753.5996474126982,
        6591.96949205263
    ],
    "ar_bands": {
        "hf": [
            0.15,
            0.4
        ],
        "lf": [
            0.04,
            0.15
        ],
        "ulf": null,
        "vlf": [
            0.0,
            0.04
        ]
    },
    "ar_interpolation": "cubic",
    "ar_log": [
        7.56186431927944,
        8.230470564526048,
        8.793607443552602
    ],
    "ar_nfft": 4096.0,
    "ar_norm": [
        36.28219575754233,
        63.71780424245766
    ],
    "ar_order": 16.0,
    "ar_peak": [
        0.0,
        0.0400390625,
        0.150390625
    ],
    "ar_ratio": 0.5694200575318332,
    "ar_rel": [
        15.677141546835635,
        30.594184572332423,
        53.728673880831934
    ],
    "ar_resampling_frequency": 4.0,
    "ar_total": 12268.997196307799,
    "dfa_alpha1": 1.505388821222564,
    "dfa_alpha1_beats": [
        4,
        5,
        6,
        7,
        8,
        9,
        10,
        11,
        12,
        13,
        14,
        15,
        16
    ],
    "dfa_alpha2": 1.0879007615544796,
    "dfa_alpha2_beats": [
        17,
        18,
        19,
        20,
        21,
        22,
        23,
        24,
        25,
        26,
        27,
        28,
        29,
        30,
        31,
        32,
        33,
        34,
        35,
        36,
        37,
        38,
        39,
        40,
        41,
        42,
        43,
        44,
        45,
        46,
        47,
        48,
        49,
        50,
        51,
        52,
        53,
        54,
        55,
        56,
        57,
        58,
        59,
        60,
        61,
        62,
        63,
        64
    ],
    "ellipse_area": 164.92271277164073,
    "fft_abs": [
        1.3395045809471835,
        20.074975193202725,
        44.454197480357664
    ],
    "fft_bands": {
        "hf": [
            0.15,
            0.4
        ],
        "lf": [
            0.04,
            0.15
        ],
        "ulf": null,
        "vlf": [
            0.0,
            0.04
        ]
    },
    "fft_interpolation": "cubic",
    "fft_log": [
        0.2922998298900593,
        2.9994740241260955,
        3.7944593890056493
    ],
    "fft_nfft": 4096.0,
    "fft_norm": [
        31.109921856208864,
        68.89007814379111
    ],
    "fft_peak": [
        0.0341796875,
        0.125,
        0.3798828125
    ],
    "fft_ratio": 0.45158784391671825,
    "fft_rel": [
        2.0335987251900027,
        30.4772708819334,
        67.48913039287659
    ],
    "fft_resampling_frequency": 4.0,
    "fft_total": 65.86867725450757,
    "fft_window": "hamming",
    "hr_max": 1071.4285714285713,
    "hr_mean": 841.9136592907,
    "hr_min": 384.61538461538464,
    "hr_std": 89.08675447862726,
    "lomb_abs": [
        183.17936158439065,
        516.6906253066733,
        1044.5990826958125
    ],
    "lomb_bands": {
        "hf": [
            0.15,
            0.4
        ],
        "lf": [
            0.04,
            0.15
        ],
        "ulf": null,
        "vlf": [
            0.0,
            0.04
        ]
    },
    "lomb_log": [
        5.2104657907869285,
        6.247444291731358,
        6.951388437862633
    ],
    "lomb_ma": "n/a",
    "lomb_nfft": 256.0,
    "lomb_norm": [
        33.093834069253376,
        66.90616593074661
    ],
    "lomb_peak": [
        0.017686274509803923,
        0.07878431372549019,
        0.28780392156862744
    ],
    "lomb_ratio": 0.4946305562256881,
    "lomb_rel": [
        10.500579504557853,
        29.618789711704974,
        59.88063078373717
    ],
    "lomb_total": 1744.4690695868765,
    "nn20": 3.0,
    "nn50": 2.0,
    "nni_counter": 434.0,
    "nni_diff_max": 79.0,
    "nni_diff_mean": 2.533487297921478,
    "nni_diff_min": 0.0,
    "nni_max": 156.0,
    "nni_mean": 72.16129032258064,
    "nni_min": 56.0,
    "pnn20": 0.6928406466512702,
    "pnn50": 0.4618937644341801,
    "rmssd": 6.392294726517993,
    "sampen": 0.8186248383773712,
    "sd1": 4.520020493427212,
    "sd2": 11.614223875267998,
    "sd_ratio": 2.5695069064746106,
    "sdann": "n/a",
    "sdnn": 8.814840215851424,
    "sdnn_index": "n/a",
    "sdsd": 5.875593830150146,
    "tinn": 31.25,
    "tinn_m": 85.9375,
    "tinn_n": 54.6875,
    "tri_index": 2.5988023952095807
}