{
    "Comment": "None",
    "Name": "D:\\Users\\jp.botero\\Documents\\Bienestar & Tecnolog\u00eda\\HRV-Bienestar-Tecnologia\\HRV_Reports\\AndreaValderrama-9-12\\HRV_sound.json",
    "ar_abs": [
        1948.0978068559643,
        3777.000114397186,
        6367.279281301658
    ],
    "ar_bands": {
        "hf": [
            0.15,
            0.4
        ],
        "lf": [
            0.04,
            0.15
        ],
        "ulf": null,
        "vlf": [
            0.0,
            0.04
        ]
    },
    "ar_interpolation": "cubic",
    "ar_log": [
        7.574608691800356,
        8.2366853530003,
        8.75892754293153
    ],
    "ar_nfft": 4096.0,
    "ar_norm": [
        37.23280843387089,
        62.76719156612912
    ],
    "ar_order": 16.0,
    "ar_peak": [
        0.0,
        0.0400390625,
        0.150390625
    ],
    "ar_ratio": 0.5931890133182688,
    "ar_rel": [
        16.11013098768025,
        31.23455422478223,
        52.65531478753752
    ],
    "ar_resampling_frequency": 4.0,
    "ar_total": 12092.377202554808,
    "dfa_alpha1": 1.2333427660197864,
    "dfa_alpha1_beats": [
        4,
        5,
        6,
        7,
        8,
        9,
        10,
        11,
        12,
        13,
        14,
        15,
        16
    ],
    "dfa_alpha2": 0.927769435618659,
    "dfa_alpha2_beats": [
        17,
        18,
        19,
        20,
        21,
        22,
        23,
        24,
        25,
        26,
        27,
        28,
        29,
        30,
        31,
        32,
        33,
        34,
        35,
        36,
        37,
        38,
        39,
        40,
        41,
        42,
        43,
        44,
        45,
        46,
        47,
        48,
        49,
        50,
        51,
        52,
        53,
        54,
        55,
        56,
        57,
        58,
        59,
        60,
        61,
        62,
        63,
        64
    ],
    "ellipse_area": 84.42618744525491,
    "fft_abs": [
        8.17438354047245,
        28.021504230305823,
        17.628030736457966
    ],
    "fft_bands": {
        "hf": [
            0.15,
            0.4
        ],
        "lf": [
            0.04,
            0.15
        ],
        "ulf": null,
        "vlf": [
            0.0,
            0.04
        ]
    },
    "fft_interpolation": "cubic",
    "fft_log": [
        2.1010053060467206,
        3.332972223633008,
        2.8694902905939434
    ],
    "fft_nfft": 4096.0,
    "fft_norm": [
        61.383986169207496,
        38.616013830792504
    ],
    "fft_peak": [
        0.0390625,
        0.0576171875,
        0.267578125
    ],
    "fft_ratio": 1.589599238237784,
    "fft_rel": [
        15.18726946529072,
        52.06143478115317,
        32.751295753556114
    ],
    "fft_resampling_frequency": 4.0,
    "fft_total": 53.823918507236236,
    "fft_window": "hamming",
    "hr_max": 983.6065573770492,
    "hr_mean": 783.3829969195451,
    "hr_min": 571.4285714285714,
    "hr_std": 72.53959978098395,
    "lomb_abs": [
        265.5862216525035,
        517.7229909884841,
        1254.4013508705427
    ],
    "lomb_bands": {
        "hf": [
            0.15,
            0.4
        ],
        "lf": [
            0.04,
            0.15
        ],
        "ulf": null,
        "vlf": [
            0.0,
            0.04
        ]
    },
    "lomb_log": [
        5.581939539948311,
        6.24944033278942,
        7.13441372650129
    ],
    "lomb_ma": "n/a",
    "lomb_nfft": 256.0,
    "lomb_norm": [
        29.21482306627382,
        70.78517693372618
    ],
    "lomb_peak": [
        0.003215686274509804,
        0.11094117647058824,
        0.20098039215686275
    ],
    "lomb_ratio": 0.41272515421733974,
    "lomb_rel": [
        13.033559643270737,
        25.407091677255007,
        61.559348679474255
    ],
    "lomb_total": 2037.7105635115304,
    "nn20": 1.0,
    "nn50": 0.0,
    "nni_counter": 406.0,
    "nni_diff_max": 21.0,
    "nni_diff_mean": 2.639506172839506,
    "nni_diff_min": 0.0,
    "nni_max": 105.0,
    "nni_mean": 77.24384236453201,
    "nni_min": 61.0,
    "pnn20": 0.24691358024691357,
    "pnn50": 0.0,
    "rmssd": 3.9192465892261095,
    "sampen": 1.0010382417165529,
    "sd1": 2.7712812921102032,
    "sd2": 9.697207639346992,
    "sd_ratio": 3.499178400602926,
    "sdann": "n/a",
    "sdnn": 7.135870024198184,
    "sdnn_index": "n/a",
    "sdsd": 2.90073731717539,
    "tinn": 39.0625,
    "tinn_m": 93.75,
    "tinn_n": 54.6875,
    "tri_index": 2.431137724550898
}