{
    "Comment": "None",
    "Name": "C:\\Users\\Juan Pablo Botero T\\OneDrive - Universidad de los Andes\\Documentos\\JPB\\Personal\\Bienestar y Tecnolog\u00eda\\Codigo\\HRV-Bienestar-Tecnologia\\HRV_Reports\\test1\\HRV_interactive.json",
    "ar_abs": [
        2044.8488899575318,
        5137.523206623661,
        8888.328446026211
    ],
    "ar_bands": {
        "hf": [
            0.15,
            0.4
        ],
        "lf": [
            0.04,
            0.15
        ],
        "ulf": null,
        "vlf": [
            0.0,
            0.04
        ]
    },
    "ar_interpolation": "cubic",
    "ar_log": [
        7.623079173305417,
        8.54432637589865,
        9.092494284510025
    ],
    "ar_nfft": 4096.0,
    "ar_norm": [
        36.628957255889986,
        63.37104274411002
    ],
    "ar_order": 16.0,
    "ar_peak": [
        0.0390625,
        0.044921875,
        0.150390625
    ],
    "ar_ratio": 0.5780078040343505,
    "ar_rel": [
        12.724080599573934,
        31.96825921186706,
        55.307660188559005
    ],
    "ar_resampling_frequency": 4.0,
    "ar_total": 16070.700542607405,
    "dfa_alpha1": "nan",
    "dfa_alpha1_beats": [
        4,
        5,
        6,
        7,
        8,
        9,
        10,
        11,
        12,
        13,
        14,
        15,
        16
    ],
    "dfa_alpha2": "nan",
    "dfa_alpha2_beats": [
        17,
        18,
        19,
        20,
        21,
        22,
        23,
        24,
        25,
        26,
        27,
        28,
        29,
        30,
        31,
        32,
        33,
        34,
        35,
        36,
        37,
        38,
        39,
        40,
        41,
        42,
        43,
        44,
        45,
        46,
        47,
        48,
        49,
        50,
        51,
        52,
        53,
        54,
        55,
        56,
        57,
        58,
        59,
        60,
        61,
        62,
        63,
        64
    ],
    "ellipse_area": 140.28539605213032,
    "fft_abs": [
        0.1675333448829842,
        0.7059656267083265,
        9.933614185591505
    ],
    "fft_bands": {
        "hf": [
            0.15,
            0.4
        ],
        "lf": [
            0.04,
            0.15
        ],
        "ulf": null,
        "vlf": [
            0.0,
            0.04
        ]
    },
    "fft_interpolation": "cubic",
    "fft_log": [
        -1.786572873601337,
        -0.3481887300561378,
        2.2959243781608207
    ],
    "fft_nfft": 4096.0,
    "fft_norm": [
        6.63527732450673,
        93.36472267549325
    ],
    "fft_peak": [
        0.0390625,
        0.1494140625,
        0.3994140625
    ],
    "fft_ratio": 0.0710683557382684,
    "fft_rel": [
        1.5502136643367632,
        6.532416348755589,
        91.91736998690764
    ],
    "fft_resampling_frequency": 4.0,
    "fft_total": 10.807113157182815,
    "fft_window": "hamming",
    "hr_max": 600.0,
    "hr_mean": 517.4349276749439,
    "hr_min": 451.1278195488722,
    "hr_std": 32.33741234569193,
    "lomb_abs": [
        1723.623470558559,
        3856.3627036159733,
        10903.293295232475
    ],
    "lomb_bands": {
        "hf": [
            0.15,
            0.4
        ],
        "lf": [
            0.04,
            0.15
        ],
        "ulf": null,
        "vlf": [
            0.0,
            0.04
        ]
    },
    "lomb_log": [
        7.452184022821492,
        8.257479713447943,
        9.296820159760282
    ],
    "lomb_ma": "n/a",
    "lomb_nfft": 256.0,
    "lomb_norm": [
        26.127727529129725,
        73.87227247087027
    ],
    "lomb_peak": [
        0.014470588235294117,
        0.14470588235294118,
        0.3907058823529412
    ],
    "lomb_ratio": 0.3536878811929409,
    "lomb_rel": [
        10.45679941153462,
        23.395603470616322,
        66.14759711784906
    ],
    "lomb_total": 16483.279469407007,
    "nn20": 0.0,
    "nn50": 0.0,
    "nni_counter": 46.0,
    "nni_diff_max": 16.0,
    "nni_diff_mean": 6.022222222222222,
    "nni_diff_min": 0.0,
    "nni_max": 133.0,
    "nni_mean": 116.3913043478261,
    "nni_min": 100.0,
    "pnn20": 0.0,
    "pnn50": 0.0,
    "rmssd": 7.2862122456657055,
    "sampen": Infinity,
    "sd1": 5.152106125737725,
    "sd2": 8.66717947200818,
    "sd_ratio": 1.6822594994133848,
    "sdann": "n/a",
    "sdnn": 7.13201938325267,
    "sdnn_index": "n/a",
    "sdsd": 4.147775356024047,
    "tinn": 39.0625,
    "tinn_m": 132.8125,
    "tinn_n": 93.75,
    "tri_index": 2.7058823529411766
}