{
    "Comment": "None",
    "Name": "C:\\Users\\Juan Pablo Botero T\\OneDrive - Universidad de los Andes\\Documentos\\JPB\\Personal\\Bienestar y Tecnolog\u00eda\\Codigo\\HRV-Bienestar-Tecnologia\\HRV_Reports\\test1\\HRV_baseline.json",
    "ar_abs": [
        2028.2601173260948,
        5059.393389953674,
        8907.878458652449
    ],
    "ar_bands": {
        "hf": [
            0.15,
            0.4
        ],
        "lf": [
            0.04,
            0.15
        ],
        "ulf": null,
        "vlf": [
            0.0,
            0.04
        ]
    },
    "ar_interpolation": "cubic",
    "ar_log": [
        7.61493361946739,
        8.529001871686557,
        9.094691384217322
    ],
    "ar_nfft": 4096.0,
    "ar_norm": [
        36.223204107383225,
        63.77679589261677
    ],
    "ar_order": 16.0,
    "ar_peak": [
        0.0390625,
        0.0400390625,
        0.150390625
    ],
    "ar_ratio": 0.5679683903903467,
    "ar_rel": [
        12.680166696837256,
        31.630041443631434,
        55.68979185953131
    ],
    "ar_resampling_frequency": 4.0,
    "ar_total": 15995.531965932218,
    "dfa_alpha1": "nan",
    "dfa_alpha1_beats": [
        4,
        5,
        6,
        7,
        8,
        9,
        10,
        11,
        12,
        13,
        14,
        15,
        16
    ],
    "dfa_alpha2": "nan",
    "dfa_alpha2_beats": [
        17,
        18,
        19,
        20,
        21,
        22,
        23,
        24,
        25,
        26,
        27,
        28,
        29,
        30,
        31,
        32,
        33,
        34,
        35,
        36,
        37,
        38,
        39,
        40,
        41,
        42,
        43,
        44,
        45,
        46,
        47,
        48,
        49,
        50,
        51,
        52,
        53,
        54,
        55,
        56,
        57,
        58,
        59,
        60,
        61,
        62,
        63,
        64
    ],
    "ellipse_area": 85.52563654818819,
    "fft_abs": [
        0.5483396382890765,
        3.9562568235850066,
        9.931864042235267
    ],
    "fft_bands": {
        "hf": [
            0.15,
            0.4
        ],
        "lf": [
            0.04,
            0.15
        ],
        "ulf": null,
        "vlf": [
            0.0,
            0.04
        ]
    },
    "fft_interpolation": "cubic",
    "fft_log": [
        -0.6008604061173489,
        1.375298331669685,
        2.295748178691501
    ],
    "fft_nfft": 4096.0,
    "fft_norm": [
        28.48662437350799,
        71.513375626492
    ],
    "fft_peak": [
        0.0390625,
        0.1494140625,
        0.189453125
    ],
    "fft_ratio": 0.3983398087973233,
    "fft_rel": [
        3.7982969449678556,
        27.404617790204565,
        68.79708526482757
    ],
    "fft_resampling_frequency": 4.0,
    "fft_total": 14.43646050410935,
    "fft_window": "hamming",
    "hr_max": 618.5567010309278,
    "hr_mean": 548.0032181151544,
    "hr_min": 487.8048780487805,
    "hr_std": 31.106564573054833,
    "lomb_abs": [
        1601.2173668413348,
        4389.219454797759,
        8981.279825054135
    ],
    "lomb_bands": {
        "hf": [
            0.15,
            0.4
        ],
        "lf": [
            0.04,
            0.15
        ],
        "ulf": null,
        "vlf": [
            0.0,
            0.04
        ]
    },
    "lomb_log": [
        7.378519473200828,
        8.386906689531354,
        9.102897670635086
    ],
    "lomb_ma": "n/a",
    "lomb_nfft": 256.0,
    "lomb_norm": [
        32.827640635768226,
        67.17235936423177
    ],
    "lomb_peak": [
        0.01607843137254902,
        0.10933333333333334,
        0.2411764705882353
    ],
    "lomb_ratio": 0.4887075717820987,
    "lomb_rel": [
        10.694948379182637,
        29.316741415669235,
        59.988310205148125
    ],
    "lomb_total": 14971.716646693229,
    "nn20": 0.0,
    "nn50": 0.0,
    "nni_counter": 48.0,
    "nni_diff_max": 11.0,
    "nni_diff_mean": 4.042553191489362,
    "nni_diff_min": 0.0,
    "nni_max": 123.0,
    "nni_mean": 109.83333333333333,
    "nni_min": 97.0,
    "pnn20": 0.0,
    "pnn50": 0.0,
    "rmssd": 4.793612771621767,
    "sampen": 1.7346010553881064,
    "sd1": 3.386255605503449,
    "sd2": 8.039456794462087,
    "sd_ratio": 2.3741435175171386,
    "sdann": "n/a",
    "sdnn": 6.220533374317101,
    "sdnn_index": "n/a",
    "sdsd": 2.603988970193954,
    "tinn": 23.4375,
    "tinn_m": 117.1875,
    "tinn_n": 93.75,
    "tri_index": 2.4
}