{
    "Comment": "None",
    "Name": "C:\\Users\\Juan Pablo Botero T\\OneDrive - Universidad de los Andes\\Documentos\\JPB\\Personal\\Bienestar y Tecnolog\u00eda\\Codigo\\HRV-Bienestar-Tecnologia\\HRV_Reports\\JuanPabloSoto-10-12-2021\\HRV_video.json",
    "ar_abs": [
        2422.8130265134223,
        4952.700341347292,
        8735.473393662294
    ],
    "ar_bands": {
        "hf": [
            0.15,
            0.4
        ],
        "lf": [
            0.04,
            0.15
        ],
        "ulf": null,
        "vlf": [
            0.0,
            0.04
        ]
    },
    "ar_interpolation": "cubic",
    "ar_log": [
        7.7926845517282235,
        8.507688230323385,
        9.075147416138273
    ],
    "ar_nfft": 4096.0,
    "ar_norm": [
        36.182331092715515,
        63.81766890728449
    ],
    "ar_order": 16.0,
    "ar_peak": [
        0.0,
        0.0400390625,
        0.150390625
    ],
    "ar_ratio": 0.5669641607449167,
    "ar_rel": [
        15.03826588883863,
        30.74113593821302,
        54.22059817294834
    ],
    "ar_resampling_frequency": 4.0,
    "ar_total": 16110.986761523009,
    "dfa_alpha1": 1.4411638519682437,
    "dfa_alpha1_beats": [
        4,
        5,
        6,
        7,
        8,
        9,
        10,
        11,
        12,
        13,
        14,
        15,
        16
    ],
    "dfa_alpha2": 0.9023618075548965,
    "dfa_alpha2_beats": [
        17,
        18,
        19,
        20,
        21,
        22,
        23,
        24,
        25,
        26,
        27,
        28,
        29,
        30,
        31,
        32,
        33,
        34,
        35,
        36,
        37,
        38,
        39,
        40,
        41,
        42,
        43,
        44,
        45,
        46,
        47,
        48,
        49,
        50,
        51,
        52,
        53,
        54,
        55,
        56,
        57,
        58,
        59,
        60,
        61,
        62,
        63,
        64
    ],
    "ellipse_area": 1803.9793525115533,
    "fft_abs": [
        255.43290216533214,
        379.7490549958054,
        83.80646596292581
    ],
    "fft_bands": {
        "hf": [
            0.15,
            0.4
        ],
        "lf": [
            0.04,
            0.15
        ],
        "ulf": null,
        "vlf": [
            0.0,
            0.04
        ]
    },
    "fft_interpolation": "cubic",
    "fft_log": [
        5.542959761320391,
        5.939510652982477,
        4.428510163973521
    ],
    "fft_nfft": 4096.0,
    "fft_norm": [
        81.92094319368773,
        18.079056806312273
    ],
    "fft_peak": [
        0.0068359375,
        0.1015625,
        0.2783203125
    ],
    "fft_ratio": 4.531262005055771,
    "fft_rel": [
        35.52670584812135,
        52.81713067725969,
        11.656163474618948
    ],
    "fft_resampling_frequency": 4.0,
    "fft_total": 718.9884231240634,
    "fft_window": "hamming",
    "hr_max": 100.0,
    "hr_mean": 86.16963861088628,
    "hr_min": 67.87330316742081,
    "hr_std": 4.235663288911426,
    "lomb_abs": [
        136.60656153295736,
        641.548641246456,
        1535.9976941788877
    ],
    "lomb_bands": {
        "hf": [
            0.15,
            0.4
        ],
        "lf": [
            0.04,
            0.15
        ],
        "ulf": null,
        "vlf": [
            0.0,
            0.04
        ]
    },
    "lomb_log": [
        4.91710498063136,
        6.463885005415717,
        7.33693541252087
    ],
    "lomb_ma": "n/a",
    "lomb_nfft": 256.0,
    "lomb_norm": [
        29.461997240170835,
        70.53800275982915
    ],
    "lomb_peak": [
        0.001607843137254902,
        0.12701960784313726,
        0.2540392156862745
    ],
    "lomb_ratio": 0.41767552365331806,
    "lomb_rel": [
        5.903091438448671,
        27.722828603490328,
        66.374079958061
    ],
    "lomb_total": 2314.152896958301,
    "nn20": 70.0,
    "nn50": 6.0,
    "nni_counter": 345.0,
    "nni_diff_max": 69.0,
    "nni_diff_mean": 12.549418604651162,
    "nni_diff_min": 0.0,
    "nni_max": 884.0,
    "nni_mean": 697.9768115942029,
    "nni_min": 600.0,
    "pnn20": 20.348837209302324,
    "pnn50": 1.744186046511628,
    "rmssd": 17.26562319136053,
    "sampen": 1.9127120796457175,
    "sd1": 12.208600305121866,
    "sd2": 47.0344222944998,
    "sd_ratio": 3.8525646772765163,
    "sdann": "n/a",
    "sdnn": 34.36465761931709,
    "sdnn_index": "n/a",
    "sdsd": 11.8753437739064,
    "tinn": 109.375,
    "tinn_m": 757.8125,
    "tinn_n": 648.4375,
    "tri_index": 8.023255813953488
}