{
    "Comment": "None",
    "Name": "D:\\Users\\jp.botero\\Documents\\Bienestar & Tecnolog\u00eda\\HRV-Bienestar-Tecnologia\\HRV_Reports\\JuanPabloSoto1-10-12-2021\\HRV_baseline.json",
    "ar_abs": [
        1936.510395622216,
        3834.8283788986087,
        6445.631324880193
    ],
    "ar_bands": {
        "hf": [
            0.15,
            0.4
        ],
        "lf": [
            0.04,
            0.15
        ],
        "ulf": null,
        "vlf": [
            0.0,
            0.04
        ]
    },
    "ar_interpolation": "cubic",
    "ar_log": [
        7.568642867193543,
        8.251879961534959,
        8.77115786633702
    ],
    "ar_nfft": 4096.0,
    "ar_norm": [
        37.30210991916087,
        62.69789008083914
    ],
    "ar_order": 16.0,
    "ar_peak": [
        0.0,
        0.0400390625,
        0.150390625
    ],
    "ar_ratio": 0.5949500034381641,
    "ar_rel": [
        15.850987436869973,
        31.38935716218726,
        52.759655400942776
    ],
    "ar_resampling_frequency": 4.0,
    "ar_total": 12216.970099401016,
    "dfa_alpha1": 1.707941132360819,
    "dfa_alpha1_beats": [
        4,
        5,
        6,
        7,
        8,
        9,
        10,
        11,
        12,
        13,
        14,
        15,
        16
    ],
    "dfa_alpha2": 0.8104627709918146,
    "dfa_alpha2_beats": [
        17,
        18,
        19,
        20,
        21,
        22,
        23,
        24,
        25,
        26,
        27,
        28,
        29,
        30,
        31,
        32,
        33,
        34,
        35,
        36,
        37,
        38,
        39,
        40,
        41,
        42,
        43,
        44,
        45,
        46,
        47,
        48,
        49,
        50,
        51,
        52,
        53,
        54,
        55,
        56,
        57,
        58,
        59,
        60,
        61,
        62,
        63,
        64
    ],
    "ellipse_area": 42.05804865176137,
    "fft_abs": [
        0.21635626268727115,
        0.5983369698843455,
        8.170012082523883
    ],
    "fft_bands": {
        "hf": [
            0.15,
            0.4
        ],
        "lf": [
            0.04,
            0.15
        ],
        "ulf": null,
        "vlf": [
            0.0,
            0.04
        ]
    },
    "fft_interpolation": "cubic",
    "fft_log": [
        -1.5308288657125382,
        -0.5136011889452028,
        2.10047038775991
    ],
    "fft_nfft": 4096.0,
    "fft_norm": [
        6.823826997626334,
        93.17617300237367
    ],
    "fft_peak": [
        0.0205078125,
        0.1494140625,
        0.2177734375
    ],
    "fft_ratio": 0.07323575091941688,
    "fft_rel": [
        2.4080507384450756,
        6.659505781219778,
        90.93244348033515
    ],
    "fft_resampling_frequency": 4.0,
    "fft_total": 8.9847053150955,
    "fft_window": "hamming",
    "hr_max": 845.0704225352113,
    "hr_mean": 749.7306077247573,
    "hr_min": 582.5242718446602,
    "hr_std": 48.74504603181471,
    "lomb_abs": [
        328.70898384911055,
        582.8001986939828,
        1778.865815950008
    ],
    "lomb_bands": {
        "hf": [
            0.15,
            0.4
        ],
        "lf": [
            0.04,
            0.15
        ],
        "ulf": null,
        "vlf": [
            0.0,
            0.04
        ]
    },
    "lomb_log": [
        5.795172811751226,
        6.367844415250955,
        7.483731258148818
    ],
    "lomb_ma": "n/a",
    "lomb_nfft": 256.0,
    "lomb_norm": [
        24.677502876368273,
        75.32249712363173
    ],
    "lomb_peak": [
        0.006431372549019608,
        0.13023529411764706,
        0.2492156862745098
    ],
    "lomb_ratio": 0.32762459847638187,
    "lomb_rel": [
        12.21796158651574,
        21.66241505442228,
        66.11962335906198
    ],
    "lomb_total": 2690.3749984931014,
    "nn20": 0.0,
    "nn50": 0.0,
    "nni_counter": 390.0,
    "nni_diff_max": 17.0,
    "nni_diff_mean": 1.5269922879177378,
    "nni_diff_min": 0.0,
    "nni_max": 103.0,
    "nni_mean": 80.3974358974359,
    "nni_min": 71.0,
    "pnn20": 0.0,
    "pnn50": 0.0,
    "rmssd": 2.396441234676878,
    "sampen": 0.5613334450235044,
    "sd1": 1.6945359478906423,
    "sd2": 7.900388714750629,
    "sd_ratio": 4.662272715184963,
    "sdann": "n/a",
    "sdnn": 5.714140993204908,
    "sdnn_index": "n/a",
    "sdsd": 1.8493287866900725,
    "tinn": 31.25,
    "tinn_m": 93.75,
    "tinn_n": 62.5,
    "tri_index": 2.280701754385965
}