{
    "Comment": "None",
    "Name": "D:\\Users\\jp.botero\\Documents\\Bienestar & Tecnolog\u00eda\\HRV-Bienestar-Tecnologia\\HRV_Reports\\JuanPabloSoto1-10-12-2021\\HRV_interactive.json",
    "ar_abs": [
        1954.3960183581405,
        3848.5170668775377,
        6393.971273566816
    ],
    "ar_bands": {
        "hf": [
            0.15,
            0.4
        ],
        "lf": [
            0.04,
            0.15
        ],
        "ulf": null,
        "vlf": [
            0.0,
            0.04
        ]
    },
    "ar_interpolation": "cubic",
    "ar_log": [
        7.577836482670754,
        8.255443175647542,
        8.763110836892587
    ],
    "ar_nfft": 4096.0,
    "ar_norm": [
        37.57404391353768,
        62.42595608646233
    ],
    "ar_order": 16.0,
    "ar_peak": [
        0.0,
        0.0400390625,
        0.150390625
    ],
    "ar_ratio": 0.6018977724825902,
    "ar_rel": [
        16.023731642152143,
        31.553279949727997,
        52.42298840811986
    ],
    "ar_resampling_frequency": 4.0,
    "ar_total": 12196.884358802494,
    "dfa_alpha1": 1.5523479892971428,
    "dfa_alpha1_beats": [
        4,
        5,
        6,
        7,
        8,
        9,
        10,
        11,
        12,
        13,
        14,
        15,
        16
    ],
    "dfa_alpha2": 1.1385645746268795,
    "dfa_alpha2_beats": [
        17,
        18,
        19,
        20,
        21,
        22,
        23,
        24,
        25,
        26,
        27,
        28,
        29,
        30,
        31,
        32,
        33,
        34,
        35,
        36,
        37,
        38,
        39,
        40,
        41,
        42,
        43,
        44,
        45,
        46,
        47,
        48,
        49,
        50,
        51,
        52,
        53,
        54,
        55,
        56,
        57,
        58,
        59,
        60,
        61,
        62,
        63,
        64
    ],
    "ellipse_area": 48.79453216705638,
    "fft_abs": [
        11.53260539453181,
        12.710556548693631,
        4.953149621215953
    ],
    "fft_bands": {
        "hf": [
            0.15,
            0.4
        ],
        "lf": [
            0.04,
            0.15
        ],
        "ulf": null,
        "vlf": [
            0.0,
            0.04
        ]
    },
    "fft_interpolation": "cubic",
    "fft_log": [
        2.445178275322608,
        2.542432872495528,
        1.6000236613501153
    ],
    "fft_nfft": 4096.0,
    "fft_norm": [
        71.95860498600386,
        28.04139501399613
    ],
    "fft_peak": [
        0.0244140625,
        0.107421875,
        0.189453125
    ],
    "fft_ratio": 2.5661563895122765,
    "fft_rel": [
        39.500213474148346,
        43.53480240351319,
        16.96498412233847
    ],
    "fft_resampling_frequency": 4.0,
    "fft_total": 29.196311564441395,
    "fft_window": "hamming",
    "hr_max": 909.0909090909091,
    "hr_mean": 776.642355250143,
    "hr_min": 612.2448979591836,
    "hr_std": 75.23830413938873,
    "lomb_abs": [
        135.05497926455894,
        561.1349186152811,
        1253.3236896267451
    ],
    "lomb_bands": {
        "hf": [
            0.15,
            0.4
        ],
        "lf": [
            0.04,
            0.15
        ],
        "ulf": null,
        "vlf": [
            0.0,
            0.04
        ]
    },
    "lomb_log": [
        4.905681949344652,
        6.3299613732484445,
        7.133554253239482
    ],
    "lomb_ma": "n/a",
    "lomb_nfft": 256.0,
    "lomb_norm": [
        30.925749205100228,
        69.07425079489977
    ],
    "lomb_peak": [
        0.014470588235294117,
        0.12541176470588236,
        0.2492156862745098
    ],
    "lomb_ratio": 0.44771747574833903,
    "lomb_rel": [
        6.927624415139026,
        28.78332945260304,
        64.28904613225794
    ],
    "lomb_total": 1949.5135875065853,
    "nn20": 0.0,
    "nn50": 0.0,
    "nni_counter": 403.0,
    "nni_diff_max": 9.0,
    "nni_diff_mean": 1.355721393034826,
    "nni_diff_min": 0.0,
    "nni_max": 98.0,
    "nni_mean": 78.02977667493796,
    "nni_min": 66.0,
    "pnn20": 0.0,
    "pnn50": 0.0,
    "rmssd": 1.948976003619995,
    "sampen": 0.5777829469381367,
    "sd1": 1.377881557031767,
    "sd2": 11.27221850181782,
    "sd_ratio": 8.180832702413433,
    "sdann": "n/a",
    "sdnn": 8.043359283096027,
    "sdnn_index": "n/a",
    "sdsd": 1.4019329733747834,
    "tinn": 39.0625,
    "tinn_m": 93.75,
    "tinn_n": 54.6875,
    "tri_index": 2.056122448979592
}