{
    "Comment": "None",
    "Name": "D:\\Users\\jp.botero\\Documents\\Bienestar & Tecnolog\u00eda\\HRV-Bienestar-Tecnologia\\HRV_Reports\\JuanPabloSoto1-10-12-2021\\HRV_sound.json",
    "ar_abs": [
        1978.0105174678588,
        3841.2138618866124,
        6404.45255575947
    ],
    "ar_bands": {
        "hf": [
            0.15,
            0.4
        ],
        "lf": [
            0.04,
            0.15
        ],
        "ulf": null,
        "vlf": [
            0.0,
            0.04
        ]
    },
    "ar_interpolation": "cubic",
    "ar_log": [
        7.589846829391908,
        8.253543705495881,
        8.764748739289887
    ],
    "ar_nfft": 4096.0,
    "ar_norm": [
        37.49110799928935,
        62.50889200071066
    ],
    "ar_order": 16.0,
    "ar_peak": [
        0.0,
        0.0400390625,
        0.150390625
    ],
    "ar_ratio": 0.5997723971633206,
    "ar_rel": [
        16.18179642645653,
        31.424373224821384,
        52.393830348722084
    ],
    "ar_resampling_frequency": 4.0,
    "ar_total": 12223.676935113941,
    "dfa_alpha1": 1.7154498340213067,
    "dfa_alpha1_beats": [
        4,
        5,
        6,
        7,
        8,
        9,
        10,
        11,
        12,
        13,
        14,
        15,
        16
    ],
    "dfa_alpha2": 0.8961090073907172,
    "dfa_alpha2_beats": [
        17,
        18,
        19,
        20,
        21,
        22,
        23,
        24,
        25,
        26,
        27,
        28,
        29,
        30,
        31,
        32,
        33,
        34,
        35,
        36,
        37,
        38,
        39,
        40,
        41,
        42,
        43,
        44,
        45,
        46,
        47,
        48,
        49,
        50,
        51,
        52,
        53,
        54,
        55,
        56,
        57,
        58,
        59,
        60,
        61,
        62,
        63,
        64
    ],
    "ellipse_area": 51.571026111476854,
    "fft_abs": [
        1.1385259541494828,
        8.38521260026637,
        11.061219793705911
    ],
    "fft_bands": {
        "hf": [
            0.15,
            0.4
        ],
        "lf": [
            0.04,
            0.15
        ],
        "ulf": null,
        "vlf": [
            0.0,
            0.04
        ]
    },
    "fft_interpolation": "cubic",
    "fft_log": [
        0.12973440305538722,
        2.1264697497857497,
        2.403445278774667
    ],
    "fft_nfft": 4096.0,
    "fft_norm": [
        43.11954208559867,
        56.88045791440134
    ],
    "fft_peak": [
        0.0390625,
        0.1455078125,
        0.150390625
    ],
    "fft_ratio": 0.7580730476974834,
    "fft_rel": [
        5.530863531008142,
        40.73465905764858,
        53.73447741134327
    ],
    "fft_resampling_frequency": 4.0,
    "fft_total": 20.584958348121763,
    "fft_window": "hamming",
    "hr_max": 869.5652173913044,
    "hr_mean": 725.5493605546055,
    "hr_min": 560.7476635514018,
    "hr_std": 55.151005368291514,
    "lomb_abs": [
        158.59304189168,
        588.5785164336196,
        1384.4849428355017
    ],
    "lomb_bands": {
        "hf": [
            0.15,
            0.4
        ],
        "lf": [
            0.04,
            0.15
        ],
        "ulf": null,
        "vlf": [
            0.0,
            0.04
        ]
    },
    "lomb_log": [
        5.066341436180838,
        6.377710335700054,
        7.23308346702678
    ],
    "lomb_ma": "n/a",
    "lomb_nfft": 256.0,
    "lomb_norm": [
        29.830693669206454,
        70.16930633079355
    ],
    "lomb_peak": [
        0.003215686274509804,
        0.14309803921568628,
        0.3360392156862745
    ],
    "lomb_ratio": 0.42512453420271823,
    "lomb_rel": [
        7.439896709686461,
        27.611320872434515,
        64.94878241787903
    ],
    "lomb_total": 2131.6565011608013,
    "nn20": 0.0,
    "nn50": 0.0,
    "nni_counter": 376.0,
    "nni_diff_max": 15.0,
    "nni_diff_mean": 1.7466666666666666,
    "nni_diff_min": 0.0,
    "nni_max": 107.0,
    "nni_mean": 83.18351063829788,
    "nni_min": 69.0,
    "pnn20": 0.0,
    "pnn50": 0.0,
    "rmssd": 2.595894194043098,
    "sampen": 0.832256083011158,
    "sd1": 1.8352247213291828,
    "sd2": 8.944717919904834,
    "sd_ratio": 4.873908800349266,
    "sdann": "n/a",
    "sdnn": 6.475870652601074,
    "sdnn_index": "n/a",
    "sdsd": 1.922935960828497,
    "tinn": 31.25,
    "tinn_m": 93.75,
    "tinn_n": 62.5,
    "tri_index": 2.238095238095238
}