{
    "Comment": "None",
    "Name": "D:\\Users\\jp.botero\\Documents\\Bienestar & Tecnolog\u00eda\\HRV-Bienestar-Tecnologia\\HRV_Reports\\JuanPabloSoto1-10-12-2021\\HRV_video.json",
    "ar_abs": [
        1994.3647389411976,
        3937.447446138653,
        6500.375655838112
    ],
    "ar_bands": {
        "hf": [
            0.15,
            0.4
        ],
        "lf": [
            0.04,
            0.15
        ],
        "ulf": null,
        "vlf": [
            0.0,
            0.04
        ]
    },
    "ar_interpolation": "cubic",
    "ar_log": [
        7.598080852019559,
        8.278287936032411,
        8.77961524741963
    ],
    "ar_nfft": 4096.0,
    "ar_norm": [
        37.72287964329421,
        62.277120356705794
    ],
    "ar_order": 16.0,
    "ar_peak": [
        0.0,
        0.0400390625,
        0.150390625
    ],
    "ar_ratio": 0.6057261387043618,
    "ar_rel": [
        16.041945025775437,
        31.671396028777515,
        52.28665894544705
    ],
    "ar_resampling_frequency": 4.0,
    "ar_total": 12432.187840917963,
    "dfa_alpha1": 1.4443786697576126,
    "dfa_alpha1_beats": [
        4,
        5,
        6,
        7,
        8,
        9,
        10,
        11,
        12,
        13,
        14,
        15,
        16
    ],
    "dfa_alpha2": 0.9021568263289415,
    "dfa_alpha2_beats": [
        17,
        18,
        19,
        20,
        21,
        22,
        23,
        24,
        25,
        26,
        27,
        28,
        29,
        30,
        31,
        32,
        33,
        34,
        35,
        36,
        37,
        38,
        39,
        40,
        41,
        42,
        43,
        44,
        45,
        46,
        47,
        48,
        49,
        50,
        51,
        52,
        53,
        54,
        55,
        56,
        57,
        58,
        59,
        60,
        61,
        62,
        63,
        64
    ],
    "ellipse_area": 30.293141655039953,
    "fft_abs": [
        1.0898494944500159,
        2.147364150707464,
        1.7037691452260377
    ],
    "fft_bands": {
        "hf": [
            0.15,
            0.4
        ],
        "lf": [
            0.04,
            0.15
        ],
        "ulf": null,
        "vlf": [
            0.0,
            0.04
        ]
    },
    "fft_interpolation": "cubic",
    "fft_log": [
        0.08603960822111659,
        0.7642411136005662,
        0.5328429410753962
    ],
    "fft_nfft": 4096.0,
    "fft_norm": [
        55.75927878099971,
        44.240721219000285
    ],
    "fft_peak": [
        0.0390625,
        0.0498046875,
        0.2001953125
    ],
    "fft_ratio": 1.2603609806671165,
    "fft_rel": [
        22.05734244958627,
        43.46026371285511,
        34.48239383755861
    ],
    "fft_resampling_frequency": 4.0,
    "fft_total": 4.940982790383518,
    "fft_window": "hamming",
    "hr_max": 769.2307692307693,
    "hr_mean": 662.3573365597357,
    "hr_min": 521.7391304347826,
    "hr_std": 32.50170590125156,
    "lomb_abs": [
        257.2089075687097,
        594.1262572905281,
        1666.7579310892081
    ],
    "lomb_bands": {
        "hf": [
            0.15,
            0.4
        ],
        "lf": [
            0.04,
            0.15
        ],
        "ulf": null,
        "vlf": [
            0.0,
            0.04
        ]
    },
    "lomb_log": [
        5.549888624612555,
        6.387091851137326,
        7.418635659902452
    ],
    "lomb_ma": "n/a",
    "lomb_nfft": 256.0,
    "lomb_norm": [
        26.27849141252604,
        73.72150858747395
    ],
    "lomb_peak": [
        0.006431372549019608,
        0.06431372549019608,
        0.3296078431372549
    ],
    "lomb_ratio": 0.3564562353108307,
    "lomb_rel": [
        10.214432023285912,
        23.594292770448543,
        66.19127520626554
    ],
    "lomb_total": 2518.093095948446,
    "nn20": 0.0,
    "nn50": 0.0,
    "nni_counter": 345.0,
    "nni_diff_max": 9.0,
    "nni_diff_mean": 1.6162790697674418,
    "nni_diff_min": 0.0,
    "nni_max": 115.0,
    "nni_mean": 90.80289855072463,
    "nni_min": 78.0,
    "pnn20": 0.0,
    "pnn50": 0.0,
    "rmssd": 2.2308617586140365,
    "sampen": 1.9113046198778378,
    "sd1": 1.577452120349671,
    "sd2": 6.11277283663466,
    "sd_ratio": 3.875092472080644,
    "sdann": "n/a",
    "sdnn": 4.464523302455313,
    "sdnn_index": "n/a",
    "sdsd": 1.5398959084215647,
    "tinn": 23.4375,
    "tinn_m": 101.5625,
    "tinn_n": 78.125,
    "tri_index": 1.5333333333333334
}