{
    "Comment": "None",
    "Name": "C:\\Users\\Juan Pablo Botero T\\OneDrive - Universidad de los Andes\\Documentos\\JPB\\Personal\\Bienestar y Tecnolog\u00eda\\Codigo\\HRV-Bienestar-Tecnologia\\HRV_Reports\\JuanPabloSoto-10-12-2021\\HRV_final.json",
    "ar_abs": [
        2397.7395023205395,
        4915.370440566478,
        8824.953941035414
    ],
    "ar_bands": {
        "hf": [
            0.15,
            0.4
        ],
        "lf": [
            0.04,
            0.15
        ],
        "ulf": null,
        "vlf": [
            0.0,
            0.04
        ]
    },
    "ar_interpolation": "cubic",
    "ar_log": [
        7.782281698460864,
        8.500122399134113,
        9.08533866264175
    ],
    "ar_nfft": 4096.0,
    "ar_norm": [
        35.77332167752962,
        64.22667832247038
    ],
    "ar_order": 16.0,
    "ar_peak": [
        0.0,
        0.0400390625,
        0.150390625
    ],
    "ar_ratio": 0.5569853931713288,
    "ar_rel": [
        14.857665204246038,
        30.4582413102443,
        54.68409348550966
    ],
    "ar_resampling_frequency": 4.0,
    "ar_total": 16138.06388392243,
    "dfa_alpha1": 1.4032475437117673,
    "dfa_alpha1_beats": [
        4,
        5,
        6,
        7,
        8,
        9,
        10,
        11,
        12,
        13,
        14,
        15,
        16
    ],
    "dfa_alpha2": 0.6669398758080195,
    "dfa_alpha2_beats": [
        17,
        18,
        19,
        20,
        21,
        22,
        23,
        24,
        25,
        26,
        27,
        28,
        29,
        30,
        31,
        32,
        33,
        34,
        35,
        36,
        37,
        38,
        39,
        40,
        41,
        42,
        43,
        44,
        45,
        46,
        47,
        48,
        49,
        50,
        51,
        52,
        53,
        54,
        55,
        56,
        57,
        58,
        59,
        60,
        61,
        62,
        63,
        64
    ],
    "ellipse_area": 3386.3605301699995,
    "fft_abs": [
        1195.0818300101716,
        491.1707120782009,
        180.24646279111022
    ],
    "fft_bands": {
        "hf": [
            0.15,
            0.4
        ],
        "lf": [
            0.04,
            0.15
        ],
        "ulf": null,
        "vlf": [
            0.0,
            0.04
        ]
    },
    "fft_interpolation": "cubic",
    "fft_log": [
        7.0859699390171285,
        6.196791749807314,
        5.194325152067432
    ],
    "fft_nfft": 4096.0,
    "fft_norm": [
        73.15432646979957,
        26.845673530200433
    ],
    "fft_peak": [
        0.0048828125,
        0.0966796875,
        0.150390625
    ],
    "fft_ratio": 2.7249950122318047,
    "fft_rel": [
        64.02799181172541,
        26.31508030779342,
        9.656927880481163
    ],
    "fft_resampling_frequency": 4.0,
    "fft_total": 1866.4990048794828,
    "fft_window": "hamming",
    "hr_max": 109.89010989010988,
    "hr_mean": 92.89430256730675,
    "hr_min": 69.04487917146145,
    "hr_std": 6.959088200401526,
    "lomb_abs": [
        310.17516342631114,
        545.021282369166,
        1169.7891979523317
    ],
    "lomb_bands": {
        "hf": [
            0.15,
            0.4
        ],
        "lf": [
            0.04,
            0.15
        ],
        "ulf": null,
        "vlf": [
            0.0,
            0.04
        ]
    },
    "lomb_log": [
        5.7371371812130105,
        6.300824844119457,
        7.064578838868438
    ],
    "lomb_ma": "n/a",
    "lomb_nfft": 256.0,
    "lomb_norm": [
        31.783178877410627,
        68.21682112258937
    ],
    "lomb_peak": [
        0.00803921568627451,
        0.10772549019607844,
        0.36498039215686273
    ],
    "lomb_ratio": 0.46591410086809104,
    "lomb_rel": [
        15.317400613875181,
        26.914822040933085,
        57.76777734519174
    ],
    "lomb_total": 2024.9856437478088,
    "nn20": 106.0,
    "nn50": 7.0,
    "nni_counter": 370.0,
    "nni_diff_max": 231.0,
    "nni_diff_mean": 15.661246612466124,
    "nni_diff_min": 0.0,
    "nni_max": 869.0,
    "nni_mean": 649.5027027027027,
    "nni_min": 546.0,
    "pnn20": 28.72628726287263,
    "pnn50": 1.8970189701897018,
    "rmssd": 22.98609217775688,
    "sampen": 1.0861015591340444,
    "sd1": 16.25008224123344,
    "sd2": 66.33271259394415,
    "sd_ratio": 4.081992423744759,
    "sdann": "n/a",
    "sdnn": 48.517437350842705,
    "sdnn_index": "n/a",
    "sdsd": 16.84799818990232,
    "tinn": 226.5625,
    "tinn_m": 750.0,
    "tinn_n": 523.4375,
    "tri_index": 14.23076923076923
}