{
    "Comment": "None",
    "Name": "C:\\Users\\Juan Pablo Botero T\\OneDrive - Universidad de los Andes\\Documentos\\JPB\\Personal\\Bienestar y Tecnolog\u00eda\\Codigo\\HRV-Bienestar-Tecnologia\\HRV_Reports\\CamilaCastro-7-12\\HRV_baseline.json",
    "ar_abs": [
        2439.172313815547,
        4990.640148524231,
        8909.016966871954
    ],
    "ar_bands": {
        "hf": [
            0.15,
            0.4
        ],
        "lf": [
            0.04,
            0.15
        ],
        "ulf": null,
        "vlf": [
            0.0,
            0.04
        ]
    },
    "ar_interpolation": "cubic",
    "ar_log": [
        7.799414045091239,
        8.515319466794985,
        9.094819185183075
    ],
    "ar_nfft": 4096.0,
    "ar_norm": [
        35.90477165797325,
        64.09522834202674
    ],
    "ar_order": 16.0,
    "ar_peak": [
        0.0,
        0.0400390625,
        0.150390625
    ],
    "ar_ratio": 0.5601785435005738,
    "ar_rel": [
        14.928684606099257,
        30.54466153861431,
        54.52665385528643
    ],
    "ar_resampling_frequency": 4.0,
    "ar_total": 16338.829429211732,
    "dfa_alpha1": 1.4812203311696648,
    "dfa_alpha1_beats": [
        4,
        5,
        6,
        7,
        8,
        9,
        10,
        11,
        12,
        13,
        14,
        15,
        16
    ],
    "dfa_alpha2": 1.0875672938589707,
    "dfa_alpha2_beats": [
        17,
        18,
        19,
        20,
        21,
        22,
        23,
        24,
        25,
        26,
        27,
        28,
        29,
        30,
        31,
        32,
        33,
        34,
        35,
        36,
        37,
        38,
        39,
        40,
        41,
        42,
        43,
        44,
        45,
        46,
        47,
        48,
        49,
        50,
        51,
        52,
        53,
        54,
        55,
        56,
        57,
        58,
        59,
        60,
        61,
        62,
        63,
        64
    ],
    "ellipse_area": 1091.122840279085,
    "fft_abs": [
        510.5063205015227,
        274.3233640602947,
        26.694071191235672
    ],
    "fft_bands": {
        "hf": [
            0.15,
            0.4
        ],
        "lf": [
            0.04,
            0.15
        ],
        "ulf": null,
        "vlf": [
            0.0,
            0.04
        ]
    },
    "fft_interpolation": "cubic",
    "fft_log": [
        6.2354030185300795,
        5.614307571349721,
        3.28444148798613
    ],
    "fft_nfft": 4096.0,
    "fft_norm": [
        91.13205148102799,
        8.867948518972028
    ],
    "fft_peak": [
        0.0107421875,
        0.1142578125,
        0.169921875
    ],
    "fft_ratio": 10.276565237840598,
    "fft_rel": [
        62.90713203186499,
        33.80349153251052,
        3.2893764356244777
    ],
    "fft_resampling_frequency": 4.0,
    "fft_total": 811.5237557530531,
    "fft_window": "hamming",
    "hr_max": 97.5609756097561,
    "hr_mean": 82.55094961129554,
    "hr_min": 76.53061224489795,
    "hr_std": 3.167250565268419,
    "lomb_abs": [
        351.97279393135125,
        711.2399138303927,
        1602.986950226539
    ],
    "lomb_bands": {
        "hf": [
            0.15,
            0.4
        ],
        "lf": [
            0.04,
            0.15
        ],
        "ulf": null,
        "vlf": [
            0.0,
            0.04
        ]
    },
    "lomb_log": [
        5.863553882643322,
        6.567009804433688,
        7.379624011732086
    ],
    "lomb_ma": "n/a",
    "lomb_nfft": 256.0,
    "lomb_norm": [
        30.7333703915078,
        69.2666296084922
    ],
    "lomb_peak": [
        0.012862745098039216,
        0.0868235294117647,
        0.36498039215686273
    ],
    "lomb_ratio": 0.4436966337934804,
    "lomb_rel": [
        13.201291691595369,
        26.676168519466458,
        60.12253978893819
    ],
    "lomb_total": 2666.1996579882825,
    "nn20": 52.0,
    "nn50": 0.0,
    "nni_counter": 330.0,
    "nni_diff_max": 47.0,
    "nni_diff_mean": 10.091185410334347,
    "nni_diff_min": 0.0,
    "nni_max": 784.0,
    "nni_mean": 727.8484848484849,
    "nni_min": 615.0,
    "pnn20": 15.80547112462006,
    "pnn50": 0.0,
    "rmssd": 13.412782543615252,
    "sampen": 1.641861099139327,
    "sd1": 9.483754177351939,
    "sd2": 36.622120376252475,
    "sd_ratio": 3.861563647833619,
    "sdann": "n/a",
    "sdnn": 26.84257971662252,
    "sdnn_index": "n/a",
    "sdsd": 8.849222171566138,
    "tinn": 85.9375,
    "tinn_m": 765.625,
    "tinn_n": 679.6875,
    "tri_index": 6.111111111111111
}