{
    "Comment": "None",
    "Name": "C:\\Users\\Juan Pablo Botero T\\OneDrive - Universidad de los Andes\\Documentos\\JPB\\Personal\\Bienestar y Tecnolog\u00eda\\Codigo\\HRV-Bienestar-Tecnologia\\HRV_Reports\\CamilaCastro-7-12\\HRV_sound.json",
    "ar_abs": [
        2451.4125295825106,
        5004.555303178176,
        8887.620901024093
    ],
    "ar_bands": {
        "hf": [
            0.15,
            0.4
        ],
        "lf": [
            0.04,
            0.15
        ],
        "ulf": null,
        "vlf": [
            0.0,
            0.04
        ]
    },
    "ar_interpolation": "cubic",
    "ar_log": [
        7.80441968008863,
        8.51810383728803,
        9.092414677509726
    ],
    "ar_nfft": 4096.0,
    "ar_norm": [
        36.024271716797976,
        63.97572828320203
    ],
    "ar_order": 16.0,
    "ar_peak": [
        0.0,
        0.0400390625,
        0.150390625
    ],
    "ar_ratio": 0.5630927960261577,
    "ar_rel": [
        14.999230398615293,
        30.620908202572238,
        54.379861398812466
    ],
    "ar_resampling_frequency": 4.0,
    "ar_total": 16343.588733784778,
    "dfa_alpha1": 1.4015493412231135,
    "dfa_alpha1_beats": [
        4,
        5,
        6,
        7,
        8,
        9,
        10,
        11,
        12,
        13,
        14,
        15,
        16
    ],
    "dfa_alpha2": 1.1826161446879542,
    "dfa_alpha2_beats": [
        17,
        18,
        19,
        20,
        21,
        22,
        23,
        24,
        25,
        26,
        27,
        28,
        29,
        30,
        31,
        32,
        33,
        34,
        35,
        36,
        37,
        38,
        39,
        40,
        41,
        42,
        43,
        44,
        45,
        46,
        47,
        48,
        49,
        50,
        51,
        52,
        53,
        54,
        55,
        56,
        57,
        58,
        59,
        60,
        61,
        62,
        63,
        64
    ],
    "ellipse_area": 1460.9561492989856,
    "fft_abs": [
        547.4928963712118,
        273.3237419235729,
        77.40739527907418
    ],
    "fft_bands": {
        "hf": [
            0.15,
            0.4
        ],
        "lf": [
            0.04,
            0.15
        ],
        "ulf": null,
        "vlf": [
            0.0,
            0.04
        ]
    },
    "fft_interpolation": "cubic",
    "fft_log": [
        6.305349486942031,
        5.610656960450989,
        4.349082322272698
    ],
    "fft_nfft": 4096.0,
    "fft_norm": [
        77.92970538730658,
        22.070294612693417
    ],
    "fft_peak": [
        0.0146484375,
        0.09765625,
        0.16015625
    ],
    "fft_ratio": 3.5309771235444414,
    "fft_rel": [
        60.95282200286313,
        30.42935077522596,
        8.617827221910906
    ],
    "fft_resampling_frequency": 4.0,
    "fft_total": 898.224033573859,
    "fft_window": "hamming",
    "hr_max": 87.71929824561404,
    "hr_mean": 76.52659252306006,
    "hr_min": 70.33997655334115,
    "hr_std": 3.108462470126443,
    "lomb_abs": [
        317.8210996859522,
        580.8734556913311,
        1885.334076044869
    ],
    "lomb_bands": {
        "hf": [
            0.15,
            0.4
        ],
        "lf": [
            0.04,
            0.15
        ],
        "ulf": null,
        "vlf": [
            0.0,
            0.04
        ]
    },
    "lomb_log": [
        5.7614886448689715,
        6.3645329288112595,
        7.541860312849984
    ],
    "lomb_ma": "n/a",
    "lomb_nfft": 256.0,
    "lomb_norm": [
        23.553307992794853,
        76.44669200720516
    ],
    "lomb_peak": [
        0.00803921568627451,
        0.06270588235294118,
        0.36498039215686273
    ],
    "lomb_ratio": 0.30810107506777323,
    "lomb_rel": [
        11.415870372123335,
        20.86449288399043,
        67.71963674388624
    ],
    "lomb_total": 2784.028631422152,
    "nn20": 57.0,
    "nn50": 0.0,
    "nni_counter": 306.0,
    "nni_diff_max": 46.0,
    "nni_diff_mean": 11.721311475409836,
    "nni_diff_min": 0.0,
    "nni_max": 853.0,
    "nni_mean": 785.3202614379085,
    "nni_min": 684.0,
    "pnn20": 18.688524590163937,
    "pnn50": 0.0,
    "rmssd": 15.19436910368497,
    "sampen": 1.7707060600302227,
    "sd1": 10.743110640289812,
    "sd2": 43.28697722416123,
    "sd_ratio": 4.029277801703203,
    "sdann": "n/a",
    "sdnn": 31.6382531682453,
    "sdnn_index": "n/a",
    "sdsd": 9.684379629108426,
    "tinn": 132.8125,
    "tinn_m": 851.5625,
    "tinn_n": 718.75,
    "tri_index": 9.5625
}