{
    "Comment": "None",
    "Name": "C:\\Users\\Juan Pablo Botero T\\OneDrive - Universidad de los Andes\\Documentos\\JPB\\Personal\\Bienestar y Tecnolog\u00eda\\Codigo\\HRV-Bienestar-Tecnologia\\HRV_Reports\\CamilaCastro-7-12\\HRV_olfative.json",
    "ar_abs": [
        2462.249005794071,
        5070.968117439543,
        9138.205480268609
    ],
    "ar_bands": {
        "hf": [
            0.15,
            0.4
        ],
        "lf": [
            0.04,
            0.15
        ],
        "ulf": null,
        "vlf": [
            0.0,
            0.04
        ]
    },
    "ar_interpolation": "cubic",
    "ar_log": [
        7.808830441270289,
        8.531287028541877,
        9.120219308220655
    ],
    "ar_nfft": 4096.0,
    "ar_norm": [
        35.687987641008604,
        64.3120123589914
    ],
    "ar_order": 16.0,
    "ar_peak": [
        0.0,
        0.0400390625,
        0.150390625
    ],
    "ar_ratio": 0.5549194673274611,
    "ar_rel": [
        14.769279529131593,
        30.417128987986107,
        54.81359148288231
    ],
    "ar_resampling_frequency": 4.0,
    "ar_total": 16671.422603502222,
    "dfa_alpha1": 1.3663839746282411,
    "dfa_alpha1_beats": [
        4,
        5,
        6,
        7,
        8,
        9,
        10,
        11,
        12,
        13,
        14,
        15,
        16
    ],
    "dfa_alpha2": 0.9235260362880173,
    "dfa_alpha2_beats": [
        17,
        18,
        19,
        20,
        21,
        22,
        23,
        24,
        25,
        26,
        27,
        28,
        29,
        30,
        31,
        32,
        33,
        34,
        35,
        36,
        37,
        38,
        39,
        40,
        41,
        42,
        43,
        44,
        45,
        46,
        47,
        48,
        49,
        50,
        51,
        52,
        53,
        54,
        55,
        56,
        57,
        58,
        59,
        60,
        61,
        62,
        63,
        64
    ],
    "ellipse_area": 1803.2158768495347,
    "fft_abs": [
        340.19322754704996,
        351.4542760505705,
        130.75258679954933
    ],
    "fft_bands": {
        "hf": [
            0.15,
            0.4
        ],
        "lf": [
            0.04,
            0.15
        ],
        "ulf": null,
        "vlf": [
            0.0,
            0.04
        ]
    },
    "fft_interpolation": "cubic",
    "fft_log": [
        5.8295137724945025,
        5.86207962042959,
        4.873306887067102
    ],
    "fft_nfft": 4096.0,
    "fft_norm": [
        72.88454460670128,
        27.11545539329871
    ],
    "fft_peak": [
        0.015625,
        0.0400390625,
        0.2138671875
    ],
    "fft_ratio": 2.687933635985104,
    "fft_rel": [
        41.36590347196546,
        42.73519423871163,
        15.89890228932291
    ],
    "fft_resampling_frequency": 4.0,
    "fft_total": 822.4000903971698,
    "fft_window": "hamming",
    "hr_max": 94.04388714733543,
    "hr_mean": 75.36966797772995,
    "hr_min": 69.68641114982579,
    "hr_std": 3.2698816651635245,
    "lomb_abs": [
        357.44815662635085,
        688.5179877408331,
        1808.122536579265
    ],
    "lomb_bands": {
        "hf": [
            0.15,
            0.4
        ],
        "lf": [
            0.04,
            0.15
        ],
        "ulf": null,
        "vlf": [
            0.0,
            0.04
        ]
    },
    "lomb_log": [
        5.878990335188376,
        6.534541443812665,
        7.500044313312197
    ],
    "lomb_ma": "n/a",
    "lomb_nfft": 256.0,
    "lomb_norm": [
        27.57777825978111,
        72.42222174021889
    ],
    "lomb_peak": [
        0.00803921568627451,
        0.06431372549019608,
        0.2765490196078431
    ],
    "lomb_ratio": 0.38079166307136486,
    "lomb_rel": [
        12.52407323614825,
        24.12391711362355,
        63.35200965022819
    ],
    "lomb_total": 2854.088680946449,
    "nn20": 82.0,
    "nn50": 2.0,
    "nni_counter": 302.0,
    "nni_diff_max": 77.0,
    "nni_diff_mean": 14.425249169435215,
    "nni_diff_min": 0.0,
    "nni_max": 861.0,
    "nni_mean": 797.4834437086092,
    "nni_min": 638.0,
    "pnn20": 27.242524916943523,
    "pnn50": 0.6644518272425249,
    "rmssd": 18.37212246097141,
    "sampen": 2.054543990058109,
    "sd1": 12.990998001405696,
    "sd2": 44.18301353465467,
    "sd_ratio": 3.4010484436895325,
    "sdann": "n/a",
    "sdnn": 32.651762567014686,
    "sdnn_index": "n/a",
    "sdsd": 11.396427525956295,
    "tinn": 117.1875,
    "tinn_m": 851.5625,
    "tinn_n": 734.375,
    "tri_index": 8.162162162162161
}