{
    "Comment": "None",
    "Name": "C:\\Users\\facartesvirtual1\\Documents\\HRV-Bienestar-Tecnologia\\HRV_Reports\\Experiencia_Mindfullness\\Experiencia_Mindfullness\\01-03-2022_AlexandraDelgadillo\\HRV_olfative.json",
    "ar_abs": [
        2491.6307393351817,
        5145.887941290378,
        9395.276533342212
    ],
    "ar_bands": {
        "hf": [
            0.15,
            0.4
        ],
        "lf": [
            0.04,
            0.15
        ],
        "ulf": null,
        "vlf": [
            0.0,
            0.04
        ]
    },
    "ar_interpolation": "cubic",
    "ar_log": [
        7.820692690490909,
        8.545953216718539,
        9.147962345511486
    ],
    "ar_nfft": 4096.0,
    "ar_norm": [
        35.3884171399581,
        64.61158286004189
    ],
    "ar_order": 16.0,
    "ar_peak": [
        0.0,
        0.0400390625,
        0.150390625
    ],
    "ar_ratio": 0.5477101097587188,
    "ar_rel": [
        14.628431258845382,
        30.21164686504587,
        55.15992187610874
    ],
    "ar_resampling_frequency": 4.0,
    "ar_total": 17032.795213967773,
    "dfa_alpha1": 0.782942837497255,
    "dfa_alpha1_beats": [
        4,
        5,
        6,
        7,
        8,
        9,
        10,
        11,
        12,
        13,
        14,
        15,
        16
    ],
    "dfa_alpha2": 0.9374581043176053,
    "dfa_alpha2_beats": [
        17,
        18,
        19,
        20,
        21,
        22,
        23,
        24,
        25,
        26,
        27,
        28,
        29,
        30,
        31,
        32,
        33,
        34,
        35,
        36,
        37,
        38,
        39,
        40,
        41,
        42,
        43,
        44,
        45,
        46,
        47,
        48,
        49,
        50,
        51,
        52,
        53,
        54,
        55,
        56,
        57,
        58,
        59,
        60,
        61,
        62,
        63,
        64
    ],
    "ellipse_area": 2104.254469671753,
    "fft_abs": [
        125.65107542553989,
        176.51947473638185,
        348.3349714966289
    ],
    "fft_bands": {
        "hf": [
            0.15,
            0.4
        ],
        "lf": [
            0.04,
            0.15
        ],
        "ulf": null,
        "vlf": [
            0.0,
            0.04
        ]
    },
    "fft_interpolation": "cubic",
    "fft_log": [
        4.833508822851023,
        5.173431208736268,
        5.853164578580879
    ],
    "fft_nfft": 4096.0,
    "fft_norm": [
        33.6320814281557,
        66.36791857184429
    ],
    "fft_peak": [
        0.0029296875,
        0.14453125,
        0.1552734375
    ],
    "fft_ratio": 0.5067520897427038,
    "fft_rel": [
        19.31591220089504,
        27.135738108159618,
        53.54834969094535
    ],
    "fft_resampling_frequency": 4.0,
    "fft_total": 650.5055216585506,
    "fft_window": "hamming",
    "hr_max": 75.75757575757575,
    "hr_mean": 69.97653698833108,
    "hr_min": 63.96588486140725,
    "hr_std": 2.423800219826188,
    "lomb_abs": [
        236.6574133096194,
        851.6274169405145,
        1758.0251233198846
    ],
    "lomb_bands": {
        "hf": [
            0.15,
            0.4
        ],
        "lf": [
            0.04,
            0.15
        ],
        "ulf": null,
        "vlf": [
            0.0,
            0.04
        ]
    },
    "lomb_log": [
        5.466613581911129,
        6.747149127123581,
        7.471946368996186
    ],
    "lomb_ma": "n/a",
    "lomb_nfft": 256.0,
    "lomb_norm": [
        32.633747359161326,
        67.36625264083867
    ],
    "lomb_peak": [
        0.003215686274509804,
        0.10129411764705883,
        0.38266666666666665
    ],
    "lomb_ratio": 0.4844227796541876,
    "lomb_rel": [
        8.314534157209021,
        29.920403288206565,
        61.76506255458442
    ],
    "lomb_total": 2846.3099535700185,
    "nn20": 116.0,
    "nn50": 12.0,
    "nni_counter": 280.0,
    "nni_diff_max": 69.0,
    "nni_diff_mean": 19.584229390681003,
    "nni_diff_min": 0.0,
    "nni_max": 938.0,
    "nni_mean": 858.4607142857143,
    "nni_min": 792.0,
    "pnn20": 41.57706093189964,
    "pnn50": 4.301075268817205,
    "rmssd": 24.660708376573627,
    "sampen": 2.0689702418125404,
    "sd1": 17.43774233445356,
    "sd2": 38.41122250209795,
    "sd_ratio": 2.2027635094828133,
    "sdann": "n/a",
    "sdnn": 29.882180102194855,
    "sdnn_index": "n/a",
    "sdsd": 15.013874950881796,
    "tinn": 148.4375,
    "tinn_m": 921.875,
    "tinn_n": 773.4375,
    "tri_index": 9.655172413793103
}