{
    "Comment": "None",
    "Name": "C:\\Users\\facartesvirtual1\\Documents\\HRV-Bienestar-Tecnologia\\HRV_Reports\\Experiencia_Mindfullness\\Experiencia_Mindfullness\\01-03-2022_AlexandraDelgadillo\\HRV_video.json",
    "ar_abs": [
        2518.032894988893,
        5093.752300132991,
        9752.960983548819
    ],
    "ar_bands": {
        "hf": [
            0.15,
            0.4
        ],
        "lf": [
            0.04,
            0.15
        ],
        "ulf": null,
        "vlf": [
            0.0,
            0.04
        ]
    },
    "ar_interpolation": "cubic",
    "ar_log": [
        7.831233278454183,
        8.535770028548923,
        9.185326208507622
    ],
    "ar_nfft": 4096.0,
    "ar_norm": [
        34.308955812675336,
        65.69104418732466
    ],
    "ar_order": 16.0,
    "ar_peak": [
        0.0,
        0.0400390625,
        0.150390625
    ],
    "ar_ratio": 0.5222775225621299,
    "ar_rel": [
        14.500833292235615,
        29.3338713259725,
        56.16529538179189
    ],
    "ar_resampling_frequency": 4.0,
    "ar_total": 17364.746178670703,
    "dfa_alpha1": 0.5872366409333659,
    "dfa_alpha1_beats": [
        4,
        5,
        6,
        7,
        8,
        9,
        10,
        11,
        12,
        13,
        14,
        15,
        16
    ],
    "dfa_alpha2": 0.40406838509410686,
    "dfa_alpha2_beats": [
        17,
        18,
        19,
        20,
        21,
        22,
        23,
        24,
        25,
        26,
        27,
        28,
        29,
        30,
        31,
        32,
        33,
        34,
        35,
        36,
        37,
        38,
        39,
        40,
        41,
        42,
        43,
        44,
        45,
        46,
        47,
        48,
        49,
        50,
        51,
        52,
        53,
        54,
        55,
        56,
        57,
        58,
        59,
        60,
        61,
        62,
        63,
        64
    ],
    "ellipse_area": 3370.203446143706,
    "fft_abs": [
        155.82547837904457,
        159.17467687686312,
        634.3794110752655
    ],
    "fft_bands": {
        "hf": [
            0.15,
            0.4
        ],
        "lf": [
            0.04,
            0.15
        ],
        "ulf": null,
        "vlf": [
            0.0,
            0.04
        ]
    },
    "fft_interpolation": "cubic",
    "fft_log": [
        5.048736652666422,
        5.070002195914304,
        6.452647215625115
    ],
    "fft_nfft": 4096.0,
    "fft_norm": [
        20.058453392589087,
        79.94154660741091
    ],
    "fft_peak": [
        0.0078125,
        0.0517578125,
        0.28515625
    ],
    "fft_ratio": 0.25091400209074244,
    "fft_rel": [
        16.41340133127405,
        16.766178936416885,
        66.82041973230906
    ],
    "fft_resampling_frequency": 4.0,
    "fft_total": 949.3795663311731,
    "fft_window": "hamming",
    "hr_max": 72.28915662650603,
    "hr_mean": 66.8578232923762,
    "hr_min": 61.47540983606557,
    "hr_std": 2.47905506085146,
    "lomb_abs": [
        350.10198663325855,
        835.7587868566469,
        1829.0873861020157
    ],
    "lomb_bands": {
        "hf": [
            0.15,
            0.4
        ],
        "lf": [
            0.04,
            0.15
        ],
        "ulf": null,
        "vlf": [
            0.0,
            0.04
        ]
    },
    "lomb_log": [
        5.858224502418267,
        6.728340038983075,
        7.511572425326083
    ],
    "lomb_ma": "n/a",
    "lomb_nfft": 256.0,
    "lomb_norm": [
        31.362365127767973,
        68.63763487223204
    ],
    "lomb_peak": [
        0.00803921568627451,
        0.14470588235294118,
        0.3971372549019608
    ],
    "lomb_ratio": 0.4569266581832046,
    "lomb_rel": [
        11.612205852343592,
        27.720502728967926,
        60.667291418688464
    ],
    "lomb_total": 3014.9481595919215,
    "nn20": 195.0,
    "nn50": 64.0,
    "nni_counter": 268.0,
    "nni_diff_max": 108.0,
    "nni_diff_mean": 35.43445692883895,
    "nni_diff_min": 0.0,
    "nni_max": 976.0,
    "nni_mean": 898.6529850746268,
    "nni_min": 830.0,
    "pnn20": 73.03370786516854,
    "pnn50": 23.970037453183522,
    "rmssd": 41.34458285961059,
    "sampen": 1.8687205103641833,
    "sd1": 29.23502902762487,
    "sd2": 36.69464717632185,
    "sd_ratio": 1.2551602785018006,
    "sdann": "n/a",
    "sdnn": 33.219772529866994,
    "sdnn_index": "n/a",
    "sdsd": 21.341970633290536,
    "tinn": 148.4375,
    "tinn_m": 953.125,
    "tinn_n": 804.6875,
    "tri_index": 9.241379310344827
}