{
    "Comment": "None",
    "Name": "C:\\Users\\facartesvirtual1\\Documents\\HRV-Bienestar-Tecnologia\\HRV_Reports\\Grupo_Control\\10-03-222_IsabellaAcosta\\Momento_1.json",
    "ar_abs": [
        2435.888416221072,
        4964.264625477612,
        9409.3907044433
    ],
    "ar_bands": {
        "hf": [
            0.15,
            0.4
        ],
        "lf": [
            0.04,
            0.15
        ],
        "ulf": null,
        "vlf": [
            0.0,
            0.04
        ]
    },
    "ar_interpolation": "cubic",
    "ar_log": [
        7.798066821631669,
        8.510020453823373,
        9.149463480689581
    ],
    "ar_nfft": 4096.0,
    "ar_norm": [
        34.53724547814746,
        65.46275452185253
    ],
    "ar_order": 16.0,
    "ar_peak": [
        0.0,
        0.0400390625,
        0.150390625
    ],
    "ar_ratio": 0.527586193560162,
    "ar_rel": [
        14.491103702800622,
        29.53241741981829,
        55.976478877381076
    ],
    "ar_resampling_frequency": 4.0,
    "ar_total": 16809.543746141986,
    "dfa_alpha1": 1.0271808504992046,
    "dfa_alpha1_beats": [
        4,
        5,
        6,
        7,
        8,
        9,
        10,
        11,
        12,
        13,
        14,
        15,
        16
    ],
    "dfa_alpha2": 0.7721351519539085,
    "dfa_alpha2_beats": [
        17,
        18,
        19,
        20,
        21,
        22,
        23,
        24,
        25,
        26,
        27,
        28,
        29,
        30,
        31,
        32,
        33,
        34,
        35,
        36,
        37,
        38,
        39,
        40,
        41,
        42,
        43,
        44,
        45,
        46,
        47,
        48,
        49,
        50,
        51,
        52,
        53,
        54,
        55,
        56,
        57,
        58,
        59,
        60,
        61,
        62,
        63,
        64
    ],
    "ellipse_area": 3792.483367833285,
    "fft_abs": [
        355.3764926767584,
        574.7509342613846,
        567.7441292189974
    ],
    "fft_bands": {
        "hf": [
            0.15,
            0.4
        ],
        "lf": [
            0.04,
            0.15
        ],
        "ulf": null,
        "vlf": [
            0.0,
            0.04
        ]
    },
    "fft_interpolation": "cubic",
    "fft_log": [
        5.873177770248684,
        6.3539367891511205,
        6.341670840498911
    ],
    "fft_nfft": 4096.0,
    "fft_norm": [
        50.30664487166546,
        49.693355128334545
    ],
    "fft_peak": [
        0.0068359375,
        0.1064453125,
        0.3056640625
    ],
    "fft_ratio": 1.0123414839216849,
    "fft_rel": [
        23.72543167776638,
        38.37117621326191,
        37.903392108971715
    ],
    "fft_resampling_frequency": 4.0,
    "fft_total": 1497.8715561571403,
    "fft_window": "hamming",
    "hr_max": 94.04388714733543,
    "hr_mean": 79.30739195357722,
    "hr_min": 68.4931506849315,
    "hr_std": 4.279704333703366,
    "lomb_abs": [
        293.8720802394736,
        811.6081707762496,
        1488.838658521474
    ],
    "lomb_bands": {
        "hf": [
            0.15,
            0.4
        ],
        "lf": [
            0.04,
            0.15
        ],
        "ulf": null,
        "vlf": [
            0.0,
            0.04
        ]
    },
    "lomb_log": [
        5.683144571428397,
        6.699017675392666,
        7.305751671219749
    ],
    "lomb_ma": "n/a",
    "lomb_nfft": 256.0,
    "lomb_norm": [
        35.28045771107937,
        64.71954228892064
    ],
    "lomb_peak": [
        0.00803921568627451,
        0.04823529411764706,
        0.17847058823529413
    ],
    "lomb_ratio": 0.5451283563406636,
    "lomb_rel": [
        11.327523349544473,
        31.28405562603069,
        57.38842102442483
    ],
    "lomb_total": 2594.318909537197,
    "nn20": 200.0,
    "nn50": 40.0,
    "nni_counter": 318.0,
    "nni_diff_max": 108.0,
    "nni_diff_mean": 27.962145110410095,
    "nni_diff_min": 0.0,
    "nni_max": 876.0,
    "nni_mean": 758.6698113207547,
    "nni_min": 638.0,
    "pnn20": 63.09148264984227,
    "pnn50": 12.618296529968454,
    "rmssd": 33.79825093938315,
    "sampen": 2.0206010416569025,
    "sd1": 23.898945782387525,
    "sd2": 50.5120585719967,
    "sd_ratio": 2.1135684825571626,
    "sdann": "n/a",
    "sdnn": 39.541709408289215,
    "sdnn_index": "n/a",
    "sdsd": 19.01527914477092,
    "tinn": 156.25,
    "tinn_m": 835.9375,
    "tinn_n": 679.6875,
    "tri_index": 10.6
}