{
    "Comment": "None",
    "Name": "C:\\Users\\facartesvirtual1\\Documents\\HRV-Bienestar-Tecnologia\\HRV_Reports\\Grupo_Control\\10-03-222_IsabellaAcosta\\Momento_2.json",
    "ar_abs": [
        2499.062591960932,
        5513.414825518642,
        9491.182506059442
    ],
    "ar_bands": {
        "hf": [
            0.15,
            0.4
        ],
        "lf": [
            0.04,
            0.15
        ],
        "ulf": null,
        "vlf": [
            0.0,
            0.04
        ]
    },
    "ar_interpolation": "cubic",
    "ar_log": [
        7.82367097732438,
        8.614939460728747,
        9.158118489327071
    ],
    "ar_nfft": 4096.0,
    "ar_norm": [
        36.7448369568394,
        63.25516304316061
    ],
    "ar_order": 16.0,
    "ar_peak": [
        0.0,
        0.0400390625,
        0.150390625
    ],
    "ar_ratio": 0.5808986205879741,
    "ar_rel": [
        14.277371720414763,
        31.498639996451093,
        54.22398828313414
    ],
    "ar_resampling_frequency": 4.0,
    "ar_total": 17503.659923539017,
    "dfa_alpha1": 1.1193976336966314,
    "dfa_alpha1_beats": [
        4,
        5,
        6,
        7,
        8,
        9,
        10,
        11,
        12,
        13,
        14,
        15,
        16
    ],
    "dfa_alpha2": 0.39562176204774496,
    "dfa_alpha2_beats": [
        17,
        18,
        19,
        20,
        21,
        22,
        23,
        24,
        25,
        26,
        27,
        28,
        29,
        30,
        31,
        32,
        33,
        34,
        35,
        36,
        37,
        38,
        39,
        40,
        41,
        42,
        43,
        44,
        45,
        46,
        47,
        48,
        49,
        50,
        51,
        52,
        53,
        54,
        55,
        56,
        57,
        58,
        59,
        60,
        61,
        62,
        63,
        64
    ],
    "ellipse_area": 14449.587352017583,
    "fft_abs": [
        561.8939126379639,
        6053.425526575277,
        696.6328582802689
    ],
    "fft_bands": {
        "hf": [
            0.15,
            0.4
        ],
        "lf": [
            0.04,
            0.15
        ],
        "ulf": null,
        "vlf": [
            0.0,
            0.04
        ]
    },
    "fft_interpolation": "cubic",
    "fft_log": [
        6.331313064526748,
        8.70837959353231,
        6.546258526328884
    ],
    "fft_nfft": 4096.0,
    "fft_norm": [
        89.67960247805802,
        10.320397521941983
    ],
    "fft_peak": [
        0.0244140625,
        0.1318359375,
        0.2265625
    ],
    "fft_ratio": 8.689549243368974,
    "fft_rel": [
        7.684594890349292,
        82.7880883283436,
        9.527316781307096
    ],
    "fft_resampling_frequency": 4.0,
    "fft_total": 7311.95229749351,
    "fft_window": "hamming",
    "hr_max": 97.5609756097561,
    "hr_mean": 74.46052804895957,
    "hr_min": 61.47540983606557,
    "hr_std": 8.216173789657041,
    "lomb_abs": [
        352.26035240791555,
        677.9742572546276,
        1723.2656646235712
    ],
    "lomb_bands": {
        "hf": [
            0.15,
            0.4
        ],
        "lf": [
            0.04,
            0.15
        ],
        "ulf": null,
        "vlf": [
            0.0,
            0.04
        ]
    },
    "lomb_log": [
        5.864370539723554,
        6.519109318568576,
        7.451976411887551
    ],
    "lomb_ma": "n/a",
    "lomb_nfft": 256.0,
    "lomb_norm": [
        28.23434056203474,
        71.76565943796525
    ],
    "lomb_peak": [
        0.00803921568627451,
        0.13505882352941176,
        0.27494117647058824
    ],
    "lomb_ratio": 0.3934241081758707,
    "lomb_rel": [
        12.793183850299208,
        24.622269465014032,
        62.58454668468676
    ],
    "lomb_total": 2753.5002742861143,
    "nn20": 205.0,
    "nn50": 107.0,
    "nni_counter": 295.0,
    "nni_diff_max": 185.0,
    "nni_diff_mean": 43.92176870748299,
    "nni_diff_min": 0.0,
    "nni_max": 976.0,
    "nni_mean": 815.271186440678,
    "nni_min": 615.0,
    "pnn20": 69.72789115646259,
    "pnn50": 36.394557823129254,
    "rmssd": 56.330928177935746,
    "sampen": 0.8491659722699239,
    "sd1": 39.829496053081975,
    "sd2": 115.47840071322109,
    "sd_ratio": 2.899318649659025,
    "sdann": "n/a",
    "sdnn": 86.54597113289486,
    "sdnn_index": "n/a",
    "sdsd": 35.33125547221963,
    "tinn": 304.6875,
    "tinn_m": 953.125,
    "tinn_n": 648.4375,
    "tri_index": 15.526315789473685
}