{
    "Comment": "None",
    "Name": "C:\\Users\\facartesvirtual1\\Documents\\HRV-Bienestar-Tecnologia\\HRV_Reports\\Grupo_Control\\10-03-222_IsabellaAcosta\\Momento_3.json",
    "ar_abs": [
        2532.947212012458,
        5597.068548041297,
        9468.893866187658
    ],
    "ar_bands": {
        "hf": [
            0.15,
            0.4
        ],
        "lf": [
            0.04,
            0.15
        ],
        "ulf": null,
        "vlf": [
            0.0,
            0.04
        ]
    },
    "ar_interpolation": "cubic",
    "ar_log": [
        7.837138809678895,
        8.629998266099067,
        9.155767375365151
    ],
    "ar_nfft": 4096.0,
    "ar_norm": [
        37.150421553920644,
        62.849578446079356
    ],
    "ar_order": 16.0,
    "ar_peak": [
        0.0,
        0.0400390625,
        0.150390625
    ],
    "ar_ratio": 0.591100568570928,
    "ar_rel": [
        14.392637190633826,
        31.803496164873817,
        53.80386664449236
    ],
    "ar_resampling_frequency": 4.0,
    "ar_total": 17598.909626241413,
    "dfa_alpha1": 1.3577518141827518,
    "dfa_alpha1_beats": [
        4,
        5,
        6,
        7,
        8,
        9,
        10,
        11,
        12,
        13,
        14,
        15,
        16
    ],
    "dfa_alpha2": 0.11201332257513981,
    "dfa_alpha2_beats": [
        17,
        18,
        19,
        20,
        21,
        22,
        23,
        24,
        25,
        26,
        27,
        28,
        29,
        30,
        31,
        32,
        33,
        34,
        35,
        36,
        37,
        38,
        39,
        40,
        41,
        42,
        43,
        44,
        45,
        46,
        47,
        48,
        49,
        50,
        51,
        52,
        53,
        54,
        55,
        56,
        57,
        58,
        59,
        60,
        61,
        62,
        63,
        64
    ],
    "ellipse_area": 16118.70560989151,
    "fft_abs": [
        154.05909234805617,
        9808.688225057162,
        799.2326540761132
    ],
    "fft_bands": {
        "hf": [
            0.15,
            0.4
        ],
        "lf": [
            0.04,
            0.15
        ],
        "ulf": null,
        "vlf": [
            0.0,
            0.04
        ]
    },
    "fft_interpolation": "cubic",
    "fft_log": [
        5.037336245359082,
        9.191023825479418,
        6.6836520849532555
    ],
    "fft_nfft": 4096.0,
    "fft_norm": [
        92.46569932805329,
        7.534300671946706
    ],
    "fft_peak": [
        0.0390625,
        0.10546875,
        0.212890625
    ],
    "fft_ratio": 12.272631973972189,
    "fft_rel": [
        1.4315125353912987,
        91.14204125123499,
        7.426446213373718
    ],
    "fft_resampling_frequency": 4.0,
    "fft_total": 10761.97997148133,
    "fft_window": "hamming",
    "hr_max": 96.30818619582665,
    "hr_mean": 76.6498078478249,
    "hr_min": 62.43496357960458,
    "hr_std": 9.649085295611869,
    "lomb_abs": [
        257.3214134572212,
        791.8839815745287,
        1800.0997734757675
    ],
    "lomb_bands": {
        "hf": [
            0.15,
            0.4
        ],
        "lf": [
            0.04,
            0.15
        ],
        "ulf": null,
        "vlf": [
            0.0,
            0.04
        ]
    },
    "lomb_log": [
        5.550325939521733,
        6.674414893173076,
        7.495597372056846
    ],
    "lomb_ma": "n/a",
    "lomb_nfft": 256.0,
    "lomb_norm": [
        30.551271011309353,
        69.44872898869065
    ],
    "lomb_peak": [
        0.02411764705882353,
        0.13505882352941176,
        0.2443921568627451
    ],
    "lomb_ratio": 0.4399111611716387,
    "lomb_rel": [
        9.031023293022965,
        27.792178609963425,
        63.176798097013595
    ],
    "lomb_total": 2849.3051685075175,
    "nn20": 220.0,
    "nn50": 112.0,
    "nni_counter": 303.0,
    "nni_diff_max": 154.0,
    "nni_diff_mean": 44.466887417218544,
    "nni_diff_min": 0.0,
    "nni_max": 961.0,
    "nni_mean": 794.7326732673267,
    "nni_min": 623.0,
    "pnn20": 72.84768211920529,
    "pnn50": 37.086092715231786,
    "rmssd": 56.073951880264325,
    "sampen": 0.7182988617891393,
    "sd1": 39.64986173592866,
    "sd2": 129.4012922992208,
    "sd_ratio": 3.263600089227147,
    "sdann": "n/a",
    "sdnn": 95.72545155087052,
    "sdnn_index": "n/a",
    "sdsd": 34.21784660319875,
    "tinn": 328.125,
    "tinn_m": 937.5,
    "tinn_n": 609.375,
    "tri_index": 16.833333333333332
}