{
    "Comment": "None",
    "Name": "C:\\Users\\facartesvirtual1\\Documents\\HRV-Bienestar-Tecnologia\\HRV_Reports\\Grupo_Control\\10-03-222_IsabellaAcosta\\Momento_5.json",
    "ar_abs": [
        2452.6981120999167,
        5275.1786469644885,
        9786.7898133618
    ],
    "ar_bands": {
        "hf": [
            0.15,
            0.4
        ],
        "lf": [
            0.04,
            0.15
        ],
        "ulf": null,
        "vlf": [
            0.0,
            0.04
        ]
    },
    "ar_interpolation": "cubic",
    "ar_log": [
        7.804943967830399,
        8.57076782449393,
        9.188788777090352
    ],
    "ar_nfft": 4096.0,
    "ar_norm": [
        35.02316885644449,
        64.97683114355551
    ],
    "ar_order": 16.0,
    "ar_peak": [
        0.0,
        0.0400390625,
        0.150390625
    ],
    "ar_ratio": 0.5390101092967525,
    "ar_rel": [
        14.003681440109531,
        30.118635859556353,
        55.87768270033412
    ],
    "ar_resampling_frequency": 4.0,
    "ar_total": 17514.666572426206,
    "dfa_alpha1": 1.2558409842427443,
    "dfa_alpha1_beats": [
        4,
        5,
        6,
        7,
        8,
        9,
        10,
        11,
        12,
        13,
        14,
        15,
        16
    ],
    "dfa_alpha2": 0.7143776231913579,
    "dfa_alpha2_beats": [
        17,
        18,
        19,
        20,
        21,
        22,
        23,
        24,
        25,
        26,
        27,
        28,
        29,
        30,
        31,
        32,
        33,
        34,
        35,
        36,
        37,
        38,
        39,
        40,
        41,
        42,
        43,
        44,
        45,
        46,
        47,
        48,
        49,
        50,
        51,
        52,
        53,
        54,
        55,
        56,
        57,
        58,
        59,
        60,
        61,
        62,
        63,
        64
    ],
    "ellipse_area": 10609.604419170339,
    "fft_abs": [
        326.19042248933357,
        3255.164004451642,
        2038.0172665482207
    ],
    "fft_bands": {
        "hf": [
            0.15,
            0.4
        ],
        "lf": [
            0.04,
            0.15
        ],
        "ulf": null,
        "vlf": [
            0.0,
            0.04
        ]
    },
    "fft_interpolation": "cubic",
    "fft_log": [
        5.7874813289015945,
        8.087997938765579,
        7.6197326860471835
    ],
    "fft_nfft": 4096.0,
    "fft_norm": [
        61.49730828766333,
        38.50269171233666
    ],
    "fft_peak": [
        0.0107421875,
        0.1494140625,
        0.150390625
    ],
    "fft_ratio": 1.5972210137183462,
    "fft_rel": [
        5.80474900543186,
        57.92754389646784,
        36.26770709810031
    ],
    "fft_resampling_frequency": 4.0,
    "fft_total": 5619.371693489196,
    "fft_window": "hamming",
    "hr_max": 108.499095840868,
    "hr_mean": 81.12325558461174,
    "hr_min": 62.43496357960458,
    "hr_std": 8.874596439708803,
    "lomb_abs": [
        215.5046880349268,
        743.3778377779728,
        1645.046382752592
    ],
    "lomb_bands": {
        "hf": [
            0.15,
            0.4
        ],
        "lf": [
            0.04,
            0.15
        ],
        "ulf": null,
        "vlf": [
            0.0,
            0.04
        ]
    },
    "lomb_log": [
        5.372982663529581,
        6.611204445444018,
        7.40552385900415
    ],
    "lomb_ma": "n/a",
    "lomb_nfft": 256.0,
    "lomb_norm": [
        31.12419608660804,
        68.87580391339195
    ],
    "lomb_peak": [
        0.036980392156862746,
        0.10450980392156863,
        0.21866666666666668
    ],
    "lomb_ratio": 0.45188867959705037,
    "lomb_rel": [
        8.276135624364978,
        28.548315406487063,
        63.175548969147954
    ],
    "lomb_total": 2603.928908565492,
    "nn20": 204.0,
    "nn50": 77.0,
    "nni_counter": 322.0,
    "nni_diff_max": 231.0,
    "nni_diff_mean": 34.06542056074766,
    "nni_diff_min": 0.0,
    "nni_max": 961.0,
    "nni_mean": 748.1180124223603,
    "nni_min": 553.0,
    "pnn20": 63.55140186915887,
    "pnn50": 23.98753894080997,
    "rmssd": 45.12153888142599,
    "sampen": 1.2139231351791042,
    "sd1": 31.905578140504645,
    "sd2": 105.84801065973531,
    "sd_ratio": 3.3175393404126896,
    "sdann": "n/a",
    "sdnn": 78.63982953826068,
    "sdnn_index": "n/a",
    "sdsd": 29.63505241729295,
    "tinn": 328.125,
    "tinn_m": 898.4375,
    "tinn_n": 570.3125,
    "tri_index": 20.125
}