{
    "Comment": "None",
    "Name": "C:\\Users\\admin\\HRV-Bienestar-Tecnologia\\HRV_Reports\\Grupo_Control\\01-03-2022_CarolinaCastro\\Momento_6.json",
    "ar_abs": [
        2567.4524415760843,
        5476.306608933375,
        11056.374718166846
    ],
    "ar_bands": {
        "hf": [
            0.15,
            0.4
        ],
        "lf": [
            0.04,
            0.15
        ],
        "ulf": null,
        "vlf": [
            0.0,
            0.04
        ]
    },
    "ar_interpolation": "cubic",
    "ar_log": [
        7.850669418389124,
        8.608186176245805,
        9.310762438176127
    ],
    "ar_nfft": 4096.0,
    "ar_norm": [
        33.12412850997535,
        66.87587149002465
    ],
    "ar_order": 16.0,
    "ar_peak": [
        0.0,
        0.0400390625,
        0.150390625
    ],
    "ar_ratio": 0.4953076165133222,
    "ar_rel": [
        13.442065237190304,
        28.671561546413706,
        57.88637321639598
    ],
    "ar_resampling_frequency": 4.0,
    "ar_total": 19100.133768676307,
    "dfa_alpha1": 0.7421094659676765,
    "dfa_alpha1_beats": [
        4,
        5,
        6,
        7,
        8,
        9,
        10,
        11,
        12,
        13,
        14,
        15,
        16
    ],
    "dfa_alpha2": 0.9309661833592305,
    "dfa_alpha2_beats": [
        17,
        18,
        19,
        20,
        21,
        22,
        23,
        24,
        25,
        26,
        27,
        28,
        29,
        30,
        31,
        32,
        33,
        34,
        35,
        36,
        37,
        38,
        39,
        40,
        41,
        42,
        43,
        44,
        45,
        46,
        47,
        48,
        49,
        50,
        51,
        52,
        53,
        54,
        55,
        56,
        57,
        58,
        59,
        60,
        61,
        62,
        63,
        64
    ],
    "ellipse_area": 58400.64892266938,
    "fft_abs": [
        7181.307581009286,
        2468.068231567931,
        5273.734759515779
    ],
    "fft_bands": {
        "hf": [
            0.15,
            0.4
        ],
        "lf": [
            0.04,
            0.15
        ],
        "ulf": null,
        "vlf": [
            0.0,
            0.04
        ]
    },
    "fft_interpolation": "cubic",
    "fft_log": [
        8.879236759808162,
        7.811191031145524,
        8.570494073558246
    ],
    "fft_nfft": 4096.0,
    "fft_norm": [
        31.879760236865014,
        68.12023976313498
    ],
    "fft_peak": [
        0.0087890625,
        0.1171875,
        0.2138671875
    ],
    "fft_ratio": 0.4679924842853763,
    "fft_rel": [
        48.12205569553784,
        16.53856426007691,
        35.33938004438526
    ],
    "fft_resampling_frequency": 4.0,
    "fft_total": 14923.110572092995,
    "fft_window": "hamming",
    "hr_max": 82.1917808219178,
    "hr_mean": 60.14793277371327,
    "hr_min": 41.49377593360996,
    "hr_std": 9.081903077100334,
    "lomb_abs": [
        256.3114734479191,
        845.2510852736403,
        2197.927785719169
    ],
    "lomb_bands": {
        "hf": [
            0.15,
            0.4
        ],
        "lf": [
            0.04,
            0.15
        ],
        "ulf": null,
        "vlf": [
            0.0,
            0.04
        ]
    },
    "lomb_log": [
        5.546393398064206,
        6.7396337255548024,
        7.695270279882975
    ],
    "lomb_ma": "n/a",
    "lomb_nfft": 256.0,
    "lomb_norm": [
        27.775267938748694,
        72.2247320612513
    ],
    "lomb_peak": [
        0.02572549019607843,
        0.0803921568627451,
        0.21866666666666668
    ],
    "lomb_ratio": 0.38456726866350227,
    "lomb_rel": [
        7.7682140782674285,
        25.61762566445432,
        66.61416025727826
    ],
    "lomb_total": 3299.4903444407287,
    "nn20": 202.0,
    "nn50": 156.0,
    "nni_counter": 236.0,
    "nni_diff_max": 662.0,
    "nni_diff_mean": 102.49787234042553,
    "nni_diff_min": 0.0,
    "nni_max": 1446.0,
    "nni_mean": 1020.0974576271186,
    "nni_min": 730.0,
    "pnn20": 85.95744680851064,
    "pnn50": 66.38297872340425,
    "rmssd": 136.98254276102702,
    "sampen": 1.5397579917961106,
    "sd1": 96.85727254526216,
    "sd2": 191.92677455322095,
    "sd_ratio": 1.9815422168070247,
    "sdann": "n/a",
    "sdnn": 152.32248487260227,
    "sdnn_index": "n/a",
    "sdsd": 91.06972882508344,
    "tinn": 539.0625,
    "tinn_m": 1289.0625,
    "tinn_n": 750.0,
    "tri_index": 29.5
}