{
    "Comment": "None",
    "Name": "C:\\Users\\admin\\HRV-Bienestar-Tecnologia\\HRV_Reports\\Grupo_Control\\01-03-2022_CarolinaCastro\\Momento_4.json",
    "ar_abs": [
        2541.2072184640133,
        5562.097780351643,
        10405.527612869508
    ],
    "ar_bands": {
        "hf": [
            0.15,
            0.4
        ],
        "lf": [
            0.04,
            0.15
        ],
        "ulf": null,
        "vlf": [
            0.0,
            0.04
        ]
    },
    "ar_interpolation": "cubic",
    "ar_log": [
        7.840394529961307,
        8.623730614709796,
        9.250092445170162
    ],
    "ar_nfft": 4096.0,
    "ar_norm": [
        34.83359387121494,
        65.16640612878506
    ],
    "ar_order": 16.0,
    "ar_peak": [
        0.0,
        0.0400390625,
        0.150390625
    ],
    "ar_ratio": 0.5345329893192986,
    "ar_rel": [
        13.729700147915732,
        30.05104588195438,
        56.21925397012989
    ],
    "ar_resampling_frequency": 4.0,
    "ar_total": 18508.832611685164,
    "dfa_alpha1": 0.6464609963013056,
    "dfa_alpha1_beats": [
        4,
        5,
        6,
        7,
        8,
        9,
        10,
        11,
        12,
        13,
        14,
        15,
        16
    ],
    "dfa_alpha2": 1.0885887328232595,
    "dfa_alpha2_beats": [
        17,
        18,
        19,
        20,
        21,
        22,
        23,
        24,
        25,
        26,
        27,
        28,
        29,
        30,
        31,
        32,
        33,
        34,
        35,
        36,
        37,
        38,
        39,
        40,
        41,
        42,
        43,
        44,
        45,
        46,
        47,
        48,
        49,
        50,
        51,
        52,
        53,
        54,
        55,
        56,
        57,
        58,
        59,
        60,
        61,
        62,
        63,
        64
    ],
    "ellipse_area": 28217.653957007948,
    "fft_abs": [
        3479.7834990417323,
        1113.0237719014049,
        2845.188341113774
    ],
    "fft_bands": {
        "hf": [
            0.15,
            0.4
        ],
        "lf": [
            0.04,
            0.15
        ],
        "ulf": null,
        "vlf": [
            0.0,
            0.04
        ]
    },
    "fft_interpolation": "cubic",
    "fft_log": [
        8.154725357914174,
        7.0148357094494385,
        7.953384545112238
    ],
    "fft_nfft": 4096.0,
    "fft_norm": [
        28.11935641957186,
        71.88064358042814
    ],
    "fft_peak": [
        0.01171875,
        0.1416015625,
        0.1962890625
    ],
    "fft_ratio": 0.3911951120486111,
    "fft_rel": [
        46.78388749518809,
        14.964028347868414,
        38.252084156943496
    ],
    "fft_resampling_frequency": 4.0,
    "fft_total": 7437.995612056911,
    "fft_window": "hamming",
    "hr_max": 82.98755186721992,
    "hr_mean": 63.88821820472089,
    "hr_min": 42.857142857142854,
    "hr_std": 7.650708628855947,
    "lomb_abs": [
        346.58653367193676,
        822.3125436003047,
        2453.5959766067976
    ],
    "lomb_bands": {
        "hf": [
            0.15,
            0.4
        ],
        "lf": [
            0.04,
            0.15
        ],
        "ulf": null,
        "vlf": [
            0.0,
            0.04
        ]
    },
    "lomb_log": [
        5.848132523877953,
        6.712120546147632,
        7.805309973006881
    ],
    "lomb_ma": "n/a",
    "lomb_nfft": 256.0,
    "lomb_norm": [
        25.101816443528715,
        74.89818355647128
    ],
    "lomb_peak": [
        0.01607843137254902,
        0.09647058823529411,
        0.36498039215686273
    ],
    "lomb_ratio": 0.3351458640462569,
    "lomb_rel": [
        9.567619238038851,
        22.700170224380464,
        67.73221053758068
    ],
    "lomb_total": 3622.495053879039,
    "nn20": 195.0,
    "nn50": 122.0,
    "nni_counter": 251.0,
    "nni_diff_max": 454.0,
    "nni_diff_mean": 62.856,
    "nni_diff_min": 0.0,
    "nni_max": 1400.0,
    "nni_mean": 952.6414342629482,
    "nni_min": 723.0,
    "pnn20": 78.0,
    "pnn50": 48.8,
    "rmssd": 84.96319203043163,
    "sampen": 1.3664129905660616,
    "sd1": 60.07007800893886,
    "sd2": 149.52466381169359,
    "sd_ratio": 2.4891704616971406,
    "sdann": "n/a",
    "sdnn": 115.09654606605126,
    "sdnn_index": "n/a",
    "sdsd": 57.279937403210056,
    "tinn": 93.75,
    "tinn_m": 953.125,
    "tinn_n": 859.375,
    "tri_index": 13.210526315789474
}