{
    "Comment": "None",
    "Name": "C:\\Users\\admin\\HRV-Bienestar-Tecnologia\\HRV_Reports\\Grupo_Control\\01-03-2022_CarolinaCastro\\Momento_1.json",
    "ar_abs": [
        2645.422081636877,
        5914.233667258063,
        10946.307829335241
    ],
    "ar_bands": {
        "hf": [
            0.15,
            0.4
        ],
        "lf": [
            0.04,
            0.15
        ],
        "ulf": null,
        "vlf": [
            0.0,
            0.04
        ]
    },
    "ar_interpolation": "cubic",
    "ar_log": [
        7.88058590873972,
        8.685117210497303,
        9.300757493849565
    ],
    "ar_nfft": 4096.0,
    "ar_norm": [
        35.0773649141283,
        64.92263508587169
    ],
    "ar_order": 16.0,
    "ar_peak": [
        0.0,
        0.0400390625,
        0.150390625
    ],
    "ar_ratio": 0.5402948427421695,
    "ar_rel": [
        13.562119456581605,
        30.32013078225318,
        56.117749761165214
    ],
    "ar_resampling_frequency": 4.0,
    "ar_total": 19505.96357823018,
    "dfa_alpha1": 0.5096774754583521,
    "dfa_alpha1_beats": [
        4,
        5,
        6,
        7,
        8,
        9,
        10,
        11,
        12,
        13,
        14,
        15,
        16
    ],
    "dfa_alpha2": 0.20930860361801928,
    "dfa_alpha2_beats": [
        17,
        18,
        19,
        20,
        21,
        22,
        23,
        24,
        25,
        26,
        27,
        28,
        29,
        30,
        31,
        32,
        33,
        34,
        35,
        36,
        37,
        38,
        39,
        40,
        41,
        42,
        43,
        44,
        45,
        46,
        47,
        48,
        49,
        50,
        51,
        52,
        53,
        54,
        55,
        56,
        57,
        58,
        59,
        60,
        61,
        62,
        63,
        64
    ],
    "ellipse_area": 75023.70479504076,
    "fft_abs": [
        851.6682874848348,
        24966.82711990476,
        4722.445082920689
    ],
    "fft_bands": {
        "hf": [
            0.15,
            0.4
        ],
        "lf": [
            0.04,
            0.15
        ],
        "ulf": null,
        "vlf": [
            0.0,
            0.04
        ]
    },
    "fft_interpolation": "cubic",
    "fft_log": [
        6.7471971170811935,
        10.125303307515004,
        8.460081970492949
    ],
    "fft_nfft": 4096.0,
    "fft_norm": [
        84.09376608945212,
        15.906233910547886
    ],
    "fft_peak": [
        0.0029296875,
        0.107421875,
        0.2158203125
    ],
    "fft_ratio": 5.286843294419749,
    "fft_rel": [
        2.788611856124874,
        81.74871735801973,
        15.462670785855392
    ],
    "fft_resampling_frequency": 4.0,
    "fft_total": 30540.940490310284,
    "fft_window": "hamming",
    "hr_max": 82.1917808219178,
    "hr_mean": 60.704390791363146,
    "hr_min": 41.06776180698152,
    "hr_std": 10.0053779093275,
    "lomb_abs": [
        499.632385078373,
        997.0862617290793,
        2128.4387469628705
    ],
    "lomb_bands": {
        "hf": [
            0.15,
            0.4
        ],
        "lf": [
            0.04,
            0.15
        ],
        "ulf": null,
        "vlf": [
            0.0,
            0.04
        ]
    },
    "lomb_log": [
        6.213872598164924,
        6.904837287512045,
        7.663144007293811
    ],
    "lomb_ma": "n/a",
    "lomb_nfft": 256.0,
    "lomb_norm": [
        31.90140085125621,
        68.09859914874379
    ],
    "lomb_peak": [
        0.00803921568627451,
        0.061098039215686274,
        0.20741176470588235
    ],
    "lomb_ratio": 0.4684589881441737,
    "lomb_rel": [
        13.782363930928069,
        27.504633686871895,
        58.71300238220004
    ],
    "lomb_total": 3625.157393770323,
    "nn20": 213.0,
    "nn50": 176.0,
    "nni_counter": 236.0,
    "nni_diff_max": 623.0,
    "nni_diff_mean": 111.39574468085107,
    "nni_diff_min": 0.0,
    "nni_max": 1461.0,
    "nni_mean": 1016.3262711864406,
    "nni_min": 730.0,
    "pnn20": 90.63829787234042,
    "pnn50": 74.8936170212766,
    "rmssd": 155.49979818007017,
    "sampen": 0.7617032754511781,
    "sd1": 109.95047817322396,
    "sd2": 217.1958442670182,
    "sd_ratio": 1.9753969957714246,
    "sdann": "n/a",
    "sdnn": 172.4857795818301,
    "sdnn_index": "n/a",
    "sdsd": 108.72662723084149,
    "tinn": 15.625,
    "tinn_m": 953.125,
    "tinn_n": 937.5,
    "tri_index": 18.153846153846153
}