{
    "Comment": "None",
    "Name": "C:\\Users\\admin\\HRV-Bienestar-Tecnologia\\HRV_Reports\\Grupo_Control\\01-03-2022_CarolinaCastro\\Momento_5.json",
    "ar_abs": [
        2543.752102563801,
        5437.398226592934,
        10306.105690915381
    ],
    "ar_bands": {
        "hf": [
            0.15,
            0.4
        ],
        "lf": [
            0.04,
            0.15
        ],
        "ulf": null,
        "vlf": [
            0.0,
            0.04
        ]
    },
    "ar_interpolation": "cubic",
    "ar_log": [
        7.841395475751272,
        8.60105595827335,
        9.240491784115555
    ],
    "ar_nfft": 4096.0,
    "ar_norm": [
        34.53740828651248,
        65.46259171348751
    ],
    "ar_order": 16.0,
    "ar_peak": [
        0.0,
        0.0400390625,
        0.150390625
    ],
    "ar_ratio": 0.5275899927346843,
    "ar_rel": [
        13.909971511153863,
        29.733264633167707,
        56.35676385567844
    ],
    "ar_resampling_frequency": 4.0,
    "ar_total": 18287.256020072116,
    "dfa_alpha1": 1.025189749112768,
    "dfa_alpha1_beats": [
        4,
        5,
        6,
        7,
        8,
        9,
        10,
        11,
        12,
        13,
        14,
        15,
        16
    ],
    "dfa_alpha2": 1.107429372683175,
    "dfa_alpha2_beats": [
        17,
        18,
        19,
        20,
        21,
        22,
        23,
        24,
        25,
        26,
        27,
        28,
        29,
        30,
        31,
        32,
        33,
        34,
        35,
        36,
        37,
        38,
        39,
        40,
        41,
        42,
        43,
        44,
        45,
        46,
        47,
        48,
        49,
        50,
        51,
        52,
        53,
        54,
        55,
        56,
        57,
        58,
        59,
        60,
        61,
        62,
        63,
        64
    ],
    "ellipse_area": 24320.144618206607,
    "fft_abs": [
        1490.5023512742137,
        1439.676187754689,
        2727.3139453490544
    ],
    "fft_bands": {
        "hf": [
            0.15,
            0.4
        ],
        "lf": [
            0.04,
            0.15
        ],
        "ulf": null,
        "vlf": [
            0.0,
            0.04
        ]
    },
    "fft_interpolation": "cubic",
    "fft_log": [
        7.306868490623902,
        7.272173497668284,
        7.9110725010263705
    ],
    "fft_nfft": 4096.0,
    "fft_norm": [
        34.54954635763343,
        65.45045364236657
    ],
    "fft_peak": [
        0.001953125,
        0.1396484375,
        0.1826171875
    ],
    "fft_ratio": 0.5278732909388004,
    "fft_rel": [
        26.34563555126127,
        25.447248789637268,
        48.207115659101454
    ],
    "fft_resampling_frequency": 4.0,
    "fft_total": 5657.492484377957,
    "fft_window": "hamming",
    "hr_max": 156.25,
    "hr_mean": 69.11584956924804,
    "hr_min": 41.49377593360996,
    "hr_std": 9.73928314890158,
    "lomb_abs": [
        225.129603846214,
        628.6408119834326,
        1722.8087805639027
    ],
    "lomb_bands": {
        "hf": [
            0.15,
            0.4
        ],
        "lf": [
            0.04,
            0.15
        ],
        "ulf": null,
        "vlf": [
            0.0,
            0.04
        ]
    },
    "lomb_log": [
        5.416676253464537,
        6.443560047460233,
        7.4517112498490565
    ],
    "lomb_ma": "n/a",
    "lomb_nfft": 256.0,
    "lomb_norm": [
        26.734181926580167,
        73.26581807341984
    ],
    "lomb_peak": [
        0.00803921568627451,
        0.13184313725490196,
        0.36498039215686273
    ],
    "lomb_ratio": 0.3648929695944947,
    "lomb_rel": [
        8.737538677690521,
        24.398272440581074,
        66.86418888172841
    ],
    "lomb_total": 2576.5791963935494,
    "nn20": 187.0,
    "nn50": 106.0,
    "nni_counter": 272.0,
    "nni_diff_max": 600.0,
    "nni_diff_mean": 48.291512915129154,
    "nni_diff_min": 0.0,
    "nni_max": 1446.0,
    "nni_mean": 882.1544117647059,
    "nni_min": 384.0,
    "pnn20": 69.00369003690037,
    "pnn50": 39.11439114391143,
    "rmssd": 77.79448277233737,
    "sampen": 1.3708244393477589,
    "sd1": 55.00317363725541,
    "sd2": 140.74355993435287,
    "sd_ratio": 2.5588261663327505,
    "sdann": "n/a",
    "sdnn": 107.41174210526579,
    "sdnn_index": "n/a",
    "sdsd": 61.10391787401576,
    "tinn": 273.4375,
    "tinn_m": 984.375,
    "tinn_n": 710.9375,
    "tri_index": 17.0
}