{
    "Comment": "None",
    "Name": "C:\\Users\\admin\\HRV-Bienestar-Tecnologia\\HRV_Reports\\Grupo_Control\\09-03-2022_EdilmaCortes\\Momento_1.json",
    "ar_abs": [
        2424.5192826378307,
        4969.518346174108,
        8918.355186868042
    ],
    "ar_bands": {
        "hf": [
            0.15,
            0.4
        ],
        "lf": [
            0.04,
            0.15
        ],
        "ulf": null,
        "vlf": [
            0.0,
            0.04
        ]
    },
    "ar_interpolation": "cubic",
    "ar_log": [
        7.793388549756854,
        8.51107820215577,
        9.09586681247998
    ],
    "ar_nfft": 4096.0,
    "ar_norm": [
        35.78314804171125,
        64.21685195828874
    ],
    "ar_order": 16.0,
    "ar_peak": [
        0.0,
        0.0400390625,
        0.150390625
    ],
    "ar_ratio": 0.5572236406878642,
    "ar_rel": [
        14.86305111722976,
        30.464680456917716,
        54.672268425852536
    ],
    "ar_resampling_frequency": 4.0,
    "ar_total": 16312.392815679981,
    "dfa_alpha1": 1.177864273775868,
    "dfa_alpha1_beats": [
        4,
        5,
        6,
        7,
        8,
        9,
        10,
        11,
        12,
        13,
        14,
        15,
        16
    ],
    "dfa_alpha2": 1.0217760120773476,
    "dfa_alpha2_beats": [
        17,
        18,
        19,
        20,
        21,
        22,
        23,
        24,
        25,
        26,
        27,
        28,
        29,
        30,
        31,
        32,
        33,
        34,
        35,
        36,
        37,
        38,
        39,
        40,
        41,
        42,
        43,
        44,
        45,
        46,
        47,
        48,
        49,
        50,
        51,
        52,
        53,
        54,
        55,
        56,
        57,
        58,
        59,
        60,
        61,
        62,
        63,
        64
    ],
    "ellipse_area": 1928.8429445815682,
    "fft_abs": [
        643.2642041069448,
        753.6418513289275,
        87.84565066006162
    ],
    "fft_bands": {
        "hf": [
            0.15,
            0.4
        ],
        "lf": [
            0.04,
            0.15
        ],
        "ulf": null,
        "vlf": [
            0.0,
            0.04
        ]
    },
    "fft_interpolation": "cubic",
    "fft_log": [
        6.4665555327011015,
        6.6249172569230605,
        4.475581304700186
    ],
    "fft_nfft": 4096.0,
    "fft_norm": [
        89.56067078210614,
        10.439329217893848
    ],
    "fft_peak": [
        0.0390625,
        0.0419921875,
        0.17578125
    ],
    "fft_ratio": 8.57915953341063,
    "fft_rel": [
        43.32469876720126,
        50.75877995187382,
        5.91652128092491
    ],
    "fft_resampling_frequency": 4.0,
    "fft_total": 1484.751706095934,
    "fft_window": "hamming",
    "hr_max": 92.87925696594428,
    "hr_mean": 80.77198462107107,
    "hr_min": 69.04487917146145,
    "hr_std": 3.4349099217747034,
    "lomb_abs": [
        347.00120105663945,
        800.8069544452886,
        1466.701604783274
    ],
    "lomb_bands": {
        "hf": [
            0.15,
            0.4
        ],
        "lf": [
            0.04,
            0.15
        ],
        "ulf": null,
        "vlf": [
            0.0,
            0.04
        ]
    },
    "lomb_log": [
        5.849328241199196,
        6.68561991233554,
        7.290771352397658
    ],
    "lomb_ma": "n/a",
    "lomb_nfft": 256.0,
    "lomb_norm": [
        35.316601173833455,
        64.68339882616654
    ],
    "lomb_peak": [
        0.00803921568627451,
        0.04823529411764706,
        0.35854901960784313
    ],
    "lomb_ratio": 0.5459917353561629,
    "lomb_rel": [
        13.272132555312666,
        30.629335052011168,
        56.09853239267616
    ],
    "lomb_total": 2614.509760285202,
    "nn20": 125.0,
    "nn50": 4.0,
    "nni_counter": 322.0,
    "nni_diff_max": 70.0,
    "nni_diff_mean": 16.570093457943926,
    "nni_diff_min": 0.0,
    "nni_max": 869.0,
    "nni_mean": 744.1708074534162,
    "nni_min": 646.0,
    "pnn20": 38.940809968847354,
    "pnn50": 1.2461059190031152,
    "rmssd": 20.519650941630445,
    "sampen": 2.029844600540464,
    "sd1": 14.509546705006578,
    "sd2": 42.31488347904858,
    "sd_ratio": 2.916347721906961,
    "sdann": "n/a",
    "sdnn": 31.685644694716558,
    "sdnn_index": "n/a",
    "sdsd": 12.122122454576111,
    "tinn": 117.1875,
    "tinn_m": 804.6875,
    "tinn_n": 687.5,
    "tri_index": 7.666666666666667
}