{
    "Comment": "None",
    "Name": "C:\\Users\\admin\\HRV-Bienestar-Tecnologia\\HRV_Reports\\Grupo_Control\\09-03-2022_EdilmaCortes\\Momento_3.json",
    "ar_abs": [
        2501.1591617511976,
        5136.203643871278,
        9957.93222707471
    ],
    "ar_bands": {
        "hf": [
            0.15,
            0.4
        ],
        "lf": [
            0.04,
            0.15
        ],
        "ulf": null,
        "vlf": [
            0.0,
            0.04
        ]
    },
    "ar_interpolation": "cubic",
    "ar_log": [
        7.824509568097509,
        8.54406949487021,
        9.206124721301755
    ],
    "ar_nfft": 4096.0,
    "ar_norm": [
        34.02780846671535,
        65.97219153328464
    ],
    "ar_order": 16.0,
    "ar_peak": [
        0.0,
        0.0400390625,
        0.150390625
    ],
    "ar_ratio": 0.5157901787990089,
    "ar_rel": [
        14.214931645666159,
        29.19077875265356,
        56.594289601680295
    ],
    "ar_resampling_frequency": 4.0,
    "ar_total": 17595.295032697184,
    "dfa_alpha1": 0.7776838275717876,
    "dfa_alpha1_beats": [
        4,
        5,
        6,
        7,
        8,
        9,
        10,
        11,
        12,
        13,
        14,
        15,
        16
    ],
    "dfa_alpha2": 1.0055144546122763,
    "dfa_alpha2_beats": [
        17,
        18,
        19,
        20,
        21,
        22,
        23,
        24,
        25,
        26,
        27,
        28,
        29,
        30,
        31,
        32,
        33,
        34,
        35,
        36,
        37,
        38,
        39,
        40,
        41,
        42,
        43,
        44,
        45,
        46,
        47,
        48,
        49,
        50,
        51,
        52,
        53,
        54,
        55,
        56,
        57,
        58,
        59,
        60,
        61,
        62,
        63,
        64
    ],
    "ellipse_area": 9964.999338147176,
    "fft_abs": [
        1097.3273329925546,
        917.1324140098465,
        1578.4598734880979
    ],
    "fft_bands": {
        "hf": [
            0.15,
            0.4
        ],
        "lf": [
            0.04,
            0.15
        ],
        "ulf": null,
        "vlf": [
            0.0,
            0.04
        ]
    },
    "fft_interpolation": "cubic",
    "fft_log": [
        7.00063280500262,
        6.82125186097024,
        7.3642048870148775
    ],
    "fft_nfft": 4096.0,
    "fft_norm": [
        36.75009009301572,
        63.24990990698428
    ],
    "fft_peak": [
        0.0078125,
        0.0419921875,
        0.306640625
    ],
    "fft_ratio": 0.5810299199961018,
    "fft_rel": [
        30.54138274439742,
        25.526104418796912,
        43.932512836805664
    ],
    "fft_resampling_frequency": 4.0,
    "fft_total": 3592.919620490499,
    "fft_window": "hamming",
    "hr_max": 79.6812749003984,
    "hr_mean": 67.41577155311045,
    "hr_min": 54.94505494505494,
    "hr_std": 4.654738805595752,
    "lomb_abs": [
        277.8056741981887,
        743.7428043354547,
        1981.3124701247295
    ],
    "lomb_bands": {
        "hf": [
            0.15,
            0.4
        ],
        "lf": [
            0.04,
            0.15
        ],
        "ulf": null,
        "vlf": [
            0.0,
            0.04
        ]
    },
    "lomb_log": [
        5.626921855591087,
        6.6116952819699515,
        7.591514767790834
    ],
    "lomb_ma": "n/a",
    "lomb_nfft": 256.0,
    "lomb_norm": [
        27.292760308606415,
        72.70723969139358
    ],
    "lomb_peak": [
        0.00803921568627451,
        0.061098039215686274,
        0.36498039215686273
    ],
    "lomb_ratio": 0.37537885394151577,
    "lomb_rel": [
        9.251366578339484,
        24.767807003109695,
        65.98082641855082
    ],
    "lomb_total": 3002.8609486583728,
    "nn20": 214.0,
    "nn50": 122.0,
    "nni_counter": 270.0,
    "nni_diff_max": 154.0,
    "nni_diff_mean": 48.817843866171,
    "nni_diff_min": 0.0,
    "nni_max": 1092.0,
    "nni_mean": 894.237037037037,
    "nni_min": 753.0,
    "pnn20": 79.5539033457249,
    "pnn50": 45.353159851301115,
    "rmssd": 58.22772880240984,
    "sampen": 1.6879095278755956,
    "sd1": 41.173146369010524,
    "sd2": 77.03948045939454,
    "sd_ratio": 1.871109867799155,
    "sdann": "n/a",
    "sdnn": 61.86917573142829,
    "sdnn_index": "n/a",
    "sdsd": 31.79693465638937,
    "tinn": 210.9375,
    "tinn_m": 992.1875,
    "tinn_n": 781.25,
    "tri_index": 12.857142857142858
}