{
    "Comment": "None",
    "Name": "C:\\Users\\admin\\HRV-Bienestar-Tecnologia\\HRV_Reports\\Grupo_Control\\09-03-2022_EdilmaCortes\\Momento_6.json",
    "ar_abs": [
        2499.8536173192147,
        5203.6956500827155,
        9911.58689162775
    ],
    "ar_bands": {
        "hf": [
            0.15,
            0.4
        ],
        "lf": [
            0.04,
            0.15
        ],
        "ulf": null,
        "vlf": [
            0.0,
            0.04
        ]
    },
    "ar_interpolation": "cubic",
    "ar_log": [
        7.82398745606968,
        8.557124354079473,
        9.201459744840337
    ],
    "ar_nfft": 4096.0,
    "ar_norm": [
        34.426717699276686,
        65.57328230072332
    ],
    "ar_order": 16.0,
    "ar_peak": [
        0.0,
        0.0400390625,
        0.150390625
    ],
    "ar_ratio": 0.5250113535783297,
    "ar_rel": [
        14.191508908875319,
        29.541046989950477,
        56.2674441011742
    ],
    "ar_resampling_frequency": 4.0,
    "ar_total": 17615.13615902968,
    "dfa_alpha1": 0.8859541345836711,
    "dfa_alpha1_beats": [
        4,
        5,
        6,
        7,
        8,
        9,
        10,
        11,
        12,
        13,
        14,
        15,
        16
    ],
    "dfa_alpha2": 1.2473723970340596,
    "dfa_alpha2_beats": [
        17,
        18,
        19,
        20,
        21,
        22,
        23,
        24,
        25,
        26,
        27,
        28,
        29,
        30,
        31,
        32,
        33,
        34,
        35,
        36,
        37,
        38,
        39,
        40,
        41,
        42,
        43,
        44,
        45,
        46,
        47,
        48,
        49,
        50,
        51,
        52,
        53,
        54,
        55,
        56,
        57,
        58,
        59,
        60,
        61,
        62,
        63,
        64
    ],
    "ellipse_area": 12485.787252533186,
    "fft_abs": [
        3403.5869588110513,
        692.726940907248,
        443.69467236000435
    ],
    "fft_bands": {
        "hf": [
            0.15,
            0.4
        ],
        "lf": [
            0.04,
            0.15
        ],
        "ulf": null,
        "vlf": [
            0.0,
            0.04
        ]
    },
    "fft_interpolation": "cubic",
    "fft_log": [
        8.132585142381227,
        6.540635896876922,
        6.095136651010554
    ],
    "fft_nfft": 4096.0,
    "fft_norm": [
        60.95686080059967,
        39.04313919940034
    ],
    "fft_peak": [
        0.005859375,
        0.1162109375,
        0.3896484375
    ],
    "fft_ratio": 1.5612694586181197,
    "fft_rel": [
        74.96873419454742,
        15.25827385365783,
        9.77299195179475
    ],
    "fft_resampling_frequency": 4.0,
    "fft_total": 4540.008572078304,
    "fft_window": "hamming",
    "hr_max": 78.02340702210664,
    "hr_mean": 66.14511339642416,
    "hr_min": 54.200542005420054,
    "hr_std": 5.4268167182153855,
    "lomb_abs": [
        300.5852320888621,
        836.9468833518946,
        1974.5507586965482
    ],
    "lomb_bands": {
        "hf": [
            0.15,
            0.4
        ],
        "lf": [
            0.04,
            0.15
        ],
        "ulf": null,
        "vlf": [
            0.0,
            0.04
        ]
    },
    "lomb_log": [
        5.705731347997817,
        6.729760607725332,
        7.588096187510259
    ],
    "lomb_ma": "n/a",
    "lomb_nfft": 256.0,
    "lomb_norm": [
        29.768720799712266,
        70.23127920028774
    ],
    "lomb_peak": [
        0.027333333333333334,
        0.11576470588235294,
        0.36498039215686273
    ],
    "lomb_ratio": 0.42386698830896846,
    "lomb_rel": [
        9.658651271367148,
        26.893463869721117,
        63.44788485891174
    ],
    "lomb_total": 3112.0828741373048,
    "nn20": 198.0,
    "nn50": 107.0,
    "nni_counter": 263.0,
    "nni_diff_max": 177.0,
    "nni_diff_mean": 48.347328244274806,
    "nni_diff_min": 0.0,
    "nni_max": 1107.0,
    "nni_mean": 913.06463878327,
    "nni_min": 769.0,
    "pnn20": 75.57251908396947,
    "pnn50": 40.839694656488554,
    "rmssd": 59.44299341090466,
    "sampen": 2.129972350327052,
    "sd1": 42.031056765496956,
    "sd2": 94.55744930332997,
    "sd_ratio": 2.249704303912521,
    "sdann": "n/a",
    "sdnn": 73.28470834789616,
    "sdnn_index": "n/a",
    "sdsd": 34.64949802148489,
    "tinn": 281.25,
    "tinn_m": 1039.0625,
    "tinn_n": 757.8125,
    "tri_index": 14.61111111111111
}