{
    "Comment": "None",
    "Name": "C:\\Users\\admin\\HRV-Bienestar-Tecnologia\\HRV_Reports\\Grupo_Control\\09-03-2022_EdilmaCortes\\Momento_4.json",
    "ar_abs": [
        2518.6742580711434,
        5180.202971724838,
        9921.590355615444
    ],
    "ar_bands": {
        "hf": [
            0.15,
            0.4
        ],
        "lf": [
            0.04,
            0.15
        ],
        "ulf": null,
        "vlf": [
            0.0,
            0.04
        ]
    },
    "ar_interpolation": "cubic",
    "ar_log": [
        7.831487954005581,
        8.55259951821653,
        9.20246850553574
    ],
    "ar_nfft": 4096.0,
    "ar_norm": [
        34.301906134197985,
        65.69809386580202
    ],
    "ar_order": 16.0,
    "ar_peak": [
        0.0,
        0.0400390625,
        0.150390625
    ],
    "ar_ratio": 0.5221141758582015,
    "ar_rel": [
        14.294026227524395,
        29.398782674834926,
        56.30719109764068
    ],
    "ar_resampling_frequency": 4.0,
    "ar_total": 17620.467585411425,
    "dfa_alpha1": 0.9685761798128665,
    "dfa_alpha1_beats": [
        4,
        5,
        6,
        7,
        8,
        9,
        10,
        11,
        12,
        13,
        14,
        15,
        16
    ],
    "dfa_alpha2": 1.0009651804494304,
    "dfa_alpha2_beats": [
        17,
        18,
        19,
        20,
        21,
        22,
        23,
        24,
        25,
        26,
        27,
        28,
        29,
        30,
        31,
        32,
        33,
        34,
        35,
        36,
        37,
        38,
        39,
        40,
        41,
        42,
        43,
        44,
        45,
        46,
        47,
        48,
        49,
        50,
        51,
        52,
        53,
        54,
        55,
        56,
        57,
        58,
        59,
        60,
        61,
        62,
        63,
        64
    ],
    "ellipse_area": 10538.70948386522,
    "fft_abs": [
        2533.1416955678283,
        827.0409222370408,
        1097.3325503771366
    ],
    "fft_bands": {
        "hf": [
            0.15,
            0.4
        ],
        "lf": [
            0.04,
            0.15
        ],
        "ulf": null,
        "vlf": [
            0.0,
            0.04
        ]
    },
    "fft_interpolation": "cubic",
    "fft_log": [
        7.837215588258589,
        6.717854176552835,
        7.000637559620519
    ],
    "fft_nfft": 4096.0,
    "fft_norm": [
        42.977152512580716,
        57.022847487419284
    ],
    "fft_peak": [
        0.0048828125,
        0.0732421875,
        0.33984375
    ],
    "fft_ratio": 0.7536830306845445,
    "fft_rel": [
        56.82856030753493,
        18.55385547850752,
        24.617584213957542
    ],
    "fft_resampling_frequency": 4.0,
    "fft_total": 4457.515168182006,
    "fft_window": "hamming",
    "hr_max": 80.42895442359249,
    "hr_mean": 67.06837925942789,
    "hr_min": 55.35055350553505,
    "hr_std": 5.1514275182043265,
    "lomb_abs": [
        266.91191191439196,
        687.7204220863496,
        1891.1470216068633
    ],
    "lomb_bands": {
        "hf": [
            0.15,
            0.4
        ],
        "lf": [
            0.04,
            0.15
        ],
        "ulf": null,
        "vlf": [
            0.0,
            0.04
        ]
    },
    "lomb_log": [
        5.586918686041733,
        6.53338239209884,
        7.544938813709667
    ],
    "lomb_ma": "n/a",
    "lomb_nfft": 256.0,
    "lomb_norm": [
        26.66753670368806,
        73.33246329631194
    ],
    "lomb_peak": [
        0.003215686274509804,
        0.07074509803921569,
        0.36498039215686273
    ],
    "lomb_ratio": 0.3636525422026732,
    "lomb_rel": [
        9.379220191067954,
        24.166329716715293,
        66.45445009221676
    ],
    "lomb_total": 2845.779355607605,
    "nn20": 194.0,
    "nn50": 105.0,
    "nni_counter": 268.0,
    "nni_diff_max": 162.0,
    "nni_diff_mean": 43.38576779026217,
    "nni_diff_min": 0.0,
    "nni_max": 1084.0,
    "nni_mean": 899.8283582089553,
    "nni_min": 746.0,
    "pnn20": 72.65917602996255,
    "pnn50": 39.325842696629216,
    "rmssd": 53.09647780273358,
    "sampen": 1.9408850128526403,
    "sd1": 37.544873533559596,
    "sd2": 89.34842764444728,
    "sd_ratio": 2.379777030400247,
    "sdann": "n/a",
    "sdnn": 68.53097674281601,
    "sdnn_index": "n/a",
    "sdsd": 30.6664854607975,
    "tinn": 250.0,
    "tinn_m": 1023.4375,
    "tinn_n": 773.4375,
    "tri_index": 14.88888888888889
}