{
    "Comment": "None",
    "Name": "C:\\Users\\Juan Pablo Botero T\\OneDrive - Universidad de los Andes\\Documentos\\JPB\\Personal\\Bienestar y Tecnolog\u00eda\\Codigo\\HRV-Bienestar-Tecnologia\\HRV_Reports\\Experiencia_Mindfullness\\LauraOcana29-03-2022\\HRV_olfative.json",
    "ar_abs": [
        2493.4819294608287,
        5200.517116827323,
        9134.420220561762
    ],
    "ar_bands": {
        "hf": [
            0.15,
            0.4
        ],
        "lf": [
            0.04,
            0.15
        ],
        "ulf": null,
        "vlf": [
            0.0,
            0.04
        ]
    },
    "ar_interpolation": "cubic",
    "ar_log": [
        7.8214353779018975,
        8.556513345168854,
        9.119804998879134
    ],
    "ar_nfft": 4096.0,
    "ar_norm": [
        36.27861771856567,
        63.72138228143433
    ],
    "ar_order": 16.0,
    "ar_peak": [
        0.0,
        0.0400390625,
        0.150390625
    ],
    "ar_ratio": 0.5693319325424568,
    "ar_rel": [
        14.817089412388878,
        30.903182493627046,
        54.27972809398408
    ],
    "ar_resampling_frequency": 4.0,
    "ar_total": 16828.419266849913,
    "dfa_alpha1": 1.6024370430896402,
    "dfa_alpha1_beats": [
        4,
        5,
        6,
        7,
        8,
        9,
        10,
        11,
        12,
        13,
        14,
        15,
        16
    ],
    "dfa_alpha2": 0.5711319374333391,
    "dfa_alpha2_beats": [
        17,
        18,
        19,
        20,
        21,
        22,
        23,
        24,
        25,
        26,
        27,
        28,
        29,
        30,
        31,
        32,
        33,
        34,
        35,
        36,
        37,
        38,
        39,
        40,
        41,
        42,
        43,
        44,
        45,
        46,
        47,
        48,
        49,
        50,
        51,
        52,
        53,
        54,
        55,
        56,
        57,
        58,
        59,
        60,
        61,
        62,
        63,
        64
    ],
    "ellipse_area": 5808.707322344399,
    "fft_abs": [
        1351.089578663316,
        3095.5529151148107,
        271.74608344407017
    ],
    "fft_bands": {
        "hf": [
            0.15,
            0.4
        ],
        "lf": [
            0.04,
            0.15
        ],
        "ulf": null,
        "vlf": [
            0.0,
            0.04
        ]
    },
    "fft_interpolation": "cubic",
    "fft_log": [
        7.208666641212361,
        8.037721817019227,
        5.604868113548132
    ],
    "fft_nfft": 4096.0,
    "fft_norm": [
        91.92984990164607,
        8.070150098353922
    ],
    "fft_peak": [
        0.0146484375,
        0.080078125,
        0.1513671875
    ],
    "fft_ratio": 11.39134325647761,
    "fft_rel": [
        28.63455513574356,
        65.60614634535294,
        5.759298518903506
    ],
    "fft_resampling_frequency": 4.0,
    "fft_total": 4718.388577222197,
    "fft_window": "hamming",
    "hr_max": 97.5609756097561,
    "hr_mean": 80.81214104960277,
    "hr_min": 65.00541711809318,
    "hr_std": 7.027791461647101,
    "lomb_abs": [
        222.67505283278734,
        766.1954301790183,
        1654.7530382528846
    ],
    "lomb_bands": {
        "hf": [
            0.15,
            0.4
        ],
        "lf": [
            0.04,
            0.15
        ],
        "ulf": null,
        "vlf": [
            0.0,
            0.04
        ]
    },
    "lomb_log": [
        5.405713546582023,
        6.641437267982276,
        7.4114070550770474
    ],
    "lomb_ma": "n/a",
    "lomb_nfft": 256.0,
    "lomb_norm": [
        31.648564195804564,
        68.35143580419542
    ],
    "lomb_peak": [
        0.019294117647058823,
        0.07556862745098039,
        0.21545098039215688
    ],
    "lomb_ratio": 0.46302705749250656,
    "lomb_rel": [
        8.423100000497092,
        28.982773984870434,
        62.59412601463248
    ],
    "lomb_total": 2643.62352126469,
    "nn20": 170.0,
    "nn50": 28.0,
    "nni_counter": 321.0,
    "nni_diff_max": 93.0,
    "nni_diff_mean": 23.0125,
    "nni_diff_min": 0.0,
    "nni_max": 923.0,
    "nni_mean": 748.1152647975077,
    "nni_min": 615.0,
    "pnn20": 53.125,
    "pnn50": 8.75,
    "rmssd": 28.96182832626421,
    "sampen": 1.1214965825016974,
    "sd1": 20.47875757263487,
    "sd2": 90.28716513159553,
    "sd_ratio": 4.408820447791397,
    "sdann": "n/a",
    "sdnn": 65.48365099402895,
    "sdnn_index": "n/a",
    "sdsd": 17.611974944395257,
    "tinn": 296.875,
    "tinn_m": 882.8125,
    "tinn_n": 585.9375,
    "tri_index": 17.833333333333332
}