{
    "Comment": "None",
    "Name": "C:\\Users\\Juan Pablo Botero T\\OneDrive - Universidad de los Andes\\Documentos\\JPB\\Personal\\Bienestar y Tecnolog\u00eda\\Codigo\\HRV-Bienestar-Tecnologia\\HRV_Reports\\Experiencia_Mindfullness\\LauraOcana29-03-2022\\HRV_interactive.json",
    "ar_abs": [
        2451.1968706597722,
        5035.380541311017,
        9003.886228668918
    ],
    "ar_bands": {
        "hf": [
            0.15,
            0.4
        ],
        "lf": [
            0.04,
            0.15
        ],
        "ulf": null,
        "vlf": [
            0.0,
            0.04
        ]
    },
    "ar_interpolation": "cubic",
    "ar_log": [
        7.804331702889033,
        8.524244381504447,
        9.105411566303625
    ],
    "ar_nfft": 4096.0,
    "ar_norm": [
        35.866406870180256,
        64.13359312981974
    ],
    "ar_order": 16.0,
    "ar_peak": [
        0.0,
        0.0400390625,
        0.150390625
    ],
    "ar_ratio": 0.5592452429349963,
    "ar_rel": [
        14.864329615444847,
        30.535105931780105,
        54.600564452775046
    ],
    "ar_resampling_frequency": 4.0,
    "ar_total": 16490.463640639708,
    "dfa_alpha1": 1.5007055692963571,
    "dfa_alpha1_beats": [
        4,
        5,
        6,
        7,
        8,
        9,
        10,
        11,
        12,
        13,
        14,
        15,
        16
    ],
    "dfa_alpha2": 1.0259137939834844,
    "dfa_alpha2_beats": [
        17,
        18,
        19,
        20,
        21,
        22,
        23,
        24,
        25,
        26,
        27,
        28,
        29,
        30,
        31,
        32,
        33,
        34,
        35,
        36,
        37,
        38,
        39,
        40,
        41,
        42,
        43,
        44,
        45,
        46,
        47,
        48,
        49,
        50,
        51,
        52,
        53,
        54,
        55,
        56,
        57,
        58,
        59,
        60,
        61,
        62,
        63,
        64
    ],
    "ellipse_area": 4099.883791759405,
    "fft_abs": [
        1543.2690279990586,
        1276.8582304614174,
        270.4384342399121
    ],
    "fft_bands": {
        "hf": [
            0.15,
            0.4
        ],
        "lf": [
            0.04,
            0.15
        ],
        "ulf": null,
        "vlf": [
            0.0,
            0.04
        ]
    },
    "fft_interpolation": "cubic",
    "fft_log": [
        7.341658191020808,
        7.15215783221999,
        5.600044472529309
    ],
    "fft_nfft": 4096.0,
    "fft_norm": [
        82.52187570687266,
        17.478124293127337
    ],
    "fft_peak": [
        0.02734375,
        0.072265625,
        0.208984375
    ],
    "fft_ratio": 4.721437742568378,
    "fft_rel": [
        49.93483981408673,
        41.31470926106605,
        8.750450924847224
    ],
    "fft_resampling_frequency": 4.0,
    "fft_total": 3090.565692700388,
    "fft_window": "hamming",
    "hr_max": 102.73972602739725,
    "hr_mean": 82.31945975010382,
    "hr_min": 67.87330316742081,
    "hr_std": 6.520905190077395,
    "lomb_abs": [
        276.5471075536052,
        762.3956094523614,
        1676.1868961542498
    ],
    "lomb_bands": {
        "hf": [
            0.15,
            0.4
        ],
        "lf": [
            0.04,
            0.15
        ],
        "ulf": null,
        "vlf": [
            0.0,
            0.04
        ]
    },
    "lomb_log": [
        5.6223811773500305,
        6.636465593472887,
        7.424276788043418
    ],
    "lomb_ma": "n/a",
    "lomb_nfft": 256.0,
    "lomb_norm": [
        31.263884149891048,
        68.73611585010894
    ],
    "lomb_peak": [
        0.01607843137254902,
        0.10290196078431373,
        0.36498039215686273
    ],
    "lomb_ratio": 0.4548392611835587,
    "lomb_rel": [
        10.185410899471725,
        28.07952908608983,
        61.73506001443844
    ],
    "lomb_total": 2715.1296131602166,
    "nn20": 123.0,
    "nn50": 8.0,
    "nni_counter": 327.0,
    "nni_diff_max": 77.0,
    "nni_diff_mean": 17.94478527607362,
    "nni_diff_min": 0.0,
    "nni_max": 884.0,
    "nni_mean": 733.3639143730887,
    "nni_min": 584.0,
    "pnn20": 37.73006134969325,
    "pnn50": 2.4539877300613497,
    "rmssd": 23.260593602140215,
    "sampen": 1.192478424900201,
    "sd1": 16.447516947256418,
    "sd2": 79.34532290233601,
    "sd_ratio": 4.824152068472042,
    "sdann": "n/a",
    "sdnn": 57.31004082813679,
    "sdnn_index": "n/a",
    "sdsd": 14.822748227999924,
    "tinn": 171.875,
    "tinn_m": 820.3125,
    "tinn_n": 648.4375,
    "tri_index": 11.678571428571429
}