{
    "Comment": "None",
    "Name": "C:\\Users\\Juan Pablo Botero T\\OneDrive - Universidad de los Andes\\Documentos\\JPB\\Personal\\Bienestar y Tecnolog\u00eda\\Codigo\\HRV-Bienestar-Tecnologia\\HRV_Reports\\Experiencia_Mindfullness\\MarianaPerez-17-03-2022\\HRV_sound.json",
    "ar_abs": [
        2542.294528110468,
        5608.40749051722,
        9289.925395782335
    ],
    "ar_bands": {
        "hf": [
            0.15,
            0.4
        ],
        "lf": [
            0.04,
            0.15
        ],
        "ulf": null,
        "vlf": [
            0.0,
            0.04
        ]
    },
    "ar_interpolation": "cubic",
    "ar_log": [
        7.840822309754544,
        8.632022088435061,
        9.136685801181702
    ],
    "ar_nfft": 4096.0,
    "ar_norm": [
        37.644530655337206,
        62.355469344662794
    ],
    "ar_order": 16.0,
    "ar_peak": [
        0.0,
        0.0400390625,
        0.150390625
    ],
    "ar_ratio": 0.6037085607881696,
    "ar_rel": [
        14.576852470398743,
        32.15714295853467,
        53.26600457106658
    ],
    "ar_resampling_frequency": 4.0,
    "ar_total": 17440.627414410024,
    "dfa_alpha1": 1.5072772496039017,
    "dfa_alpha1_beats": [
        4,
        5,
        6,
        7,
        8,
        9,
        10,
        11,
        12,
        13,
        14,
        15,
        16
    ],
    "dfa_alpha2": 0.511069138022818,
    "dfa_alpha2_beats": [
        17,
        18,
        19,
        20,
        21,
        22,
        23,
        24,
        25,
        26,
        27,
        28,
        29,
        30,
        31,
        32,
        33,
        34,
        35,
        36,
        37,
        38,
        39,
        40,
        41,
        42,
        43,
        44,
        45,
        46,
        47,
        48,
        49,
        50,
        51,
        52,
        53,
        54,
        55,
        56,
        57,
        58,
        59,
        60,
        61,
        62,
        63,
        64
    ],
    "ellipse_area": 26555.00881660958,
    "fft_abs": [
        5464.201516312798,
        11242.134211960209,
        1389.3218186958336
    ],
    "fft_bands": {
        "hf": [
            0.15,
            0.4
        ],
        "lf": [
            0.04,
            0.15
        ],
        "ulf": null,
        "vlf": [
            0.0,
            0.04
        ]
    },
    "fft_interpolation": "cubic",
    "fft_log": [
        8.605973281301296,
        9.327423981932334,
        7.236571006843873
    ],
    "fft_nfft": 4096.0,
    "fft_norm": [
        89.0010952393453,
        10.998904760654707
    ],
    "fft_peak": [
        0.00390625,
        0.0986328125,
        0.16015625
    ],
    "fft_ratio": 8.091814337525687,
    "fft_rel": [
        30.196203161614832,
        62.12614370481029,
        7.6776531335748865
    ],
    "fft_resampling_frequency": 4.0,
    "fft_total": 18095.65754696884,
    "fft_window": "hamming",
    "hr_max": 118.34319526627219,
    "hr_mean": 78.11838945025744,
    "hr_min": 55.762081784386616,
    "hr_std": 14.303520049189608,
    "lomb_abs": [
        285.0617576052911,
        768.4174285965423,
        1957.125388595787
    ],
    "lomb_bands": {
        "hf": [
            0.15,
            0.4
        ],
        "lf": [
            0.04,
            0.15
        ],
        "ulf": null,
        "vlf": [
            0.0,
            0.04
        ]
    },
    "lomb_log": [
        5.652705850145936,
        6.644333112308887,
        7.57923203718607
    ],
    "lomb_ma": "n/a",
    "lomb_nfft": 256.0,
    "lomb_norm": [
        28.193188665005607,
        71.80681133499438
    ],
    "lomb_peak": [
        0.00803921568627451,
        0.04019607843137255,
        0.1768627450980392
    ],
    "lomb_ratio": 0.3926255482015244,
    "lomb_rel": [
        9.468588468628552,
        25.523691654132197,
        65.00771987723925
    ],
    "lomb_total": 3010.6045747976204,
    "nn20": 200.0,
    "nn50": 108.0,
    "nni_counter": 304.0,
    "nni_diff_max": 231.0,
    "nni_diff_mean": 45.34323432343234,
    "nni_diff_min": 0.0,
    "nni_max": 1076.0,
    "nni_mean": 793.3190789473684,
    "nni_min": 507.0,
    "pnn20": 66.006600660066,
    "pnn50": 35.64356435643564,
    "rmssd": 61.71174875170367,
    "sampen": 0.8621279950586517,
    "sd1": 43.635590326108506,
    "sd2": 193.71164159470607,
    "sd_ratio": 4.439303791859153,
    "sdann": "n/a",
    "sdnn": 140.62472646799483,
    "sdnn_index": "n/a",
    "sdsd": 41.93010202384057,
    "tinn": 484.375,
    "tinn_m": 1023.4375,
    "tinn_n": 539.0625,
    "tri_index": 23.384615384615383
}