{
    "Comment": "None",
    "Name": "C:\\Users\\admin\\HRV-Bienestar-Tecnologia\\HRV_Reports\\Experiencia_Mindfullness\\25-03-2022_StevensGutierrez\\HRV_final.json",
    "ar_abs": [
        2590.8589583274065,
        5459.773800750902,
        10748.773674266546
    ],
    "ar_bands": {
        "hf": [
            0.15,
            0.4
        ],
        "lf": [
            0.04,
            0.15
        ],
        "ulf": null,
        "vlf": [
            0.0,
            0.04
        ]
    },
    "ar_interpolation": "cubic",
    "ar_log": [
        7.8597447438536765,
        8.605162639446869,
        9.28254695023614
    ],
    "ar_nfft": 4096.0,
    "ar_norm": [
        33.68453471334281,
        66.31546528665719
    ],
    "ar_order": 16.0,
    "ar_peak": [
        0.0,
        0.0400390625,
        0.150390625
    ],
    "ar_ratio": 0.5079438795722393,
    "ar_rel": [
        13.781599794193248,
        29.04226694661381,
        57.17613325919294
    ],
    "ar_resampling_frequency": 4.0,
    "ar_total": 18799.406433344855,
    "dfa_alpha1": 1.1196770336946456,
    "dfa_alpha1_beats": [
        4,
        5,
        6,
        7,
        8,
        9,
        10,
        11,
        12,
        13,
        14,
        15,
        16
    ],
    "dfa_alpha2": 0.6319383744286027,
    "dfa_alpha2_beats": [
        17,
        18,
        19,
        20,
        21,
        22,
        23,
        24,
        25,
        26,
        27,
        28,
        29,
        30,
        31,
        32,
        33,
        34,
        35,
        36,
        37,
        38,
        39,
        40,
        41,
        42,
        43,
        44,
        45,
        46,
        47,
        48,
        49,
        50,
        51,
        52,
        53,
        54,
        55,
        56,
        57,
        58,
        59,
        60,
        61,
        62,
        63,
        64
    ],
    "ellipse_area": 37681.89770988102,
    "fft_abs": [
        4189.820783421083,
        8480.888273460965,
        4431.815952027453
    ],
    "fft_bands": {
        "hf": [
            0.15,
            0.4
        ],
        "lf": [
            0.04,
            0.15
        ],
        "ulf": null,
        "vlf": [
            0.0,
            0.04
        ]
    },
    "fft_interpolation": "cubic",
    "fft_log": [
        8.340413239548214,
        9.045570472529018,
        8.39656470049523
    ],
    "fft_nfft": 4096.0,
    "fft_norm": [
        65.67863807118357,
        34.32136192881644
    ],
    "fft_peak": [
        0.0390625,
        0.052734375,
        0.2197265625
    ],
    "fft_ratio": 1.913637291183348,
    "fft_rel": [
        24.49825848077059,
        49.58851554985521,
        25.913225969374192
    ],
    "fft_resampling_frequency": 4.0,
    "fft_total": 17102.525008909503,
    "fft_window": "hamming",
    "hr_max": 89.68609865470852,
    "hr_mean": 63.38936671406199,
    "hr_min": 46.728971962616825,
    "hr_std": 8.544752098540249,
    "lomb_abs": [
        325.36807754023016,
        759.9362611138297,
        1984.2889759336977
    ],
    "lomb_bands": {
        "hf": [
            0.15,
            0.4
        ],
        "lf": [
            0.04,
            0.15
        ],
        "ulf": null,
        "vlf": [
            0.0,
            0.04
        ]
    },
    "lomb_log": [
        5.784957087760647,
        6.63323456280786,
        7.59301593043081
    ],
    "lomb_ma": "n/a",
    "lomb_nfft": 256.0,
    "lomb_norm": [
        27.692197085521823,
        72.30780291447819
    ],
    "lomb_peak": [
        0.02572549019607843,
        0.12862745098039216,
        0.23313725490196077
    ],
    "lomb_ratio": 0.3829766079087575,
    "lomb_rel": [
        10.599712867302967,
        24.75690370780887,
        64.64338342488817
    ],
    "lomb_total": 3069.5933145877575,
    "nn20": 217.0,
    "nn50": 149.0,
    "nni_counter": 250.0,
    "nni_diff_max": 461.0,
    "nni_diff_mean": 82.59036144578313,
    "nni_diff_min": 0.0,
    "nni_max": 1284.0,
    "nni_mean": 963.1,
    "nni_min": 669.0,
    "pnn20": 87.14859437751004,
    "pnn50": 59.83935742971887,
    "rmssd": 106.62076698189348,
    "sampen": 1.6145969952441277,
    "sd1": 75.38722647492747,
    "sd2": 159.10547624683667,
    "sd_ratio": 2.110509746631314,
    "sdann": "n/a",
    "sdnn": 124.9408293688396,
    "sdnn_index": "n/a",
    "sdsd": 67.56592410580984,
    "tinn": 15.625,
    "tinn_m": 976.5625,
    "tinn_n": 960.9375,
    "tri_index": 13.88888888888889
}