{
    "Comment": "None",
    "Name": "C:\\Users\\facartesvirtual1\\Documents\\HRV-Bienestar-Tecnologia\\HRV_Reports\\Experiencia_Mindfullness\\SilviaCaro-29-03-2022\\HRV_olfative.json",
    "ar_abs": [
        2381.194983757726,
        4802.592917121571,
        8579.184076830212
    ],
    "ar_bands": {
        "hf": [
            0.15,
            0.4
        ],
        "lf": [
            0.04,
            0.15
        ],
        "ulf": null,
        "vlf": [
            0.0,
            0.04
        ]
    },
    "ar_interpolation": "cubic",
    "ar_log": [
        7.775357734674348,
        8.476911242112305,
        9.057094092019568
    ],
    "ar_nfft": 4096.0,
    "ar_norm": [
        35.88905209892692,
        64.11094790107309
    ],
    "ar_order": 16.0,
    "ar_peak": [
        0.0,
        0.0400390625,
        0.150390625
    ],
    "ar_ratio": 0.5597959985602741,
    "ar_rel": [
        15.10625653033568,
        30.467559822557195,
        54.42618364710713
    ],
    "ar_resampling_frequency": 4.0,
    "ar_total": 15762.971977709509,
    "dfa_alpha1": 1.6243699965717784,
    "dfa_alpha1_beats": [
        4,
        5,
        6,
        7,
        8,
        9,
        10,
        11,
        12,
        13,
        14,
        15,
        16
    ],
    "dfa_alpha2": 1.1778816003730397,
    "dfa_alpha2_beats": [
        17,
        18,
        19,
        20,
        21,
        22,
        23,
        24,
        25,
        26,
        27,
        28,
        29,
        30,
        31,
        32,
        33,
        34,
        35,
        36,
        37,
        38,
        39,
        40,
        41,
        42,
        43,
        44,
        45,
        46,
        47,
        48,
        49,
        50,
        51,
        52,
        53,
        54,
        55,
        56,
        57,
        58,
        59,
        60,
        61,
        62,
        63,
        64
    ],
    "ellipse_area": 1618.5390205219082,
    "fft_abs": [
        1362.2478282900631,
        321.5467516181271,
        18.727843289117857
    ],
    "fft_bands": {
        "hf": [
            0.15,
            0.4
        ],
        "lf": [
            0.04,
            0.15
        ],
        "ulf": null,
        "vlf": [
            0.0,
            0.04
        ]
    },
    "fft_interpolation": "cubic",
    "fft_log": [
        7.216891429253872,
        5.773142950269316,
        2.9300113624217468
    ],
    "fft_nfft": 4096.0,
    "fft_norm": [
        94.4962557976969,
        5.503744202303102
    ],
    "fft_peak": [
        0.0126953125,
        0.0400390625,
        0.1533203125
    ],
    "fft_ratio": 17.169449073987472,
    "fft_rel": [
        80.01350289012846,
        18.88649143394351,
        1.1000056759280321
    ],
    "fft_resampling_frequency": 4.0,
    "fft_total": 1702.522423197308,
    "fft_window": "hamming",
    "hr_max": 118.34319526627219,
    "hr_mean": 95.95041524590619,
    "hr_min": 79.6812749003984,
    "hr_std": 6.821374290231564,
    "lomb_abs": [
        258.2255450879578,
        674.8054042016911,
        1259.6922143017548
    ],
    "lomb_bands": {
        "hf": [
            0.15,
            0.4
        ],
        "lf": [
            0.04,
            0.15
        ],
        "ulf": null,
        "vlf": [
            0.0,
            0.04
        ]
    },
    "lomb_log": [
        5.5538334087935874,
        6.51442435923739,
        7.138622695741995
    ],
    "lomb_ma": "n/a",
    "lomb_nfft": 256.0,
    "lomb_norm": [
        34.882720854612884,
        65.11727914538712
    ],
    "lomb_peak": [
        0.006431372549019608,
        0.09968627450980393,
        0.22509803921568627
    ],
    "lomb_ratio": 0.5356907001094189,
    "lomb_rel": [
        11.776477276092482,
        30.774765159886623,
        57.4487575640209
    ],
    "lomb_total": 2192.7231635914036,
    "nn20": 29.0,
    "nn50": 0.0,
    "nni_counter": 383.0,
    "nni_diff_max": 39.0,
    "nni_diff_mean": 8.335078534031414,
    "nni_diff_min": 0.0,
    "nni_max": 753.0,
    "nni_mean": 628.5378590078329,
    "nni_min": 507.0,
    "pnn20": 7.591623036649215,
    "pnn50": 0.0,
    "rmssd": 11.397161399142998,
    "sampen": 0.573900714489361,
    "sd1": 8.056883986222344,
    "sd2": 63.94494103270745,
    "sd_ratio": 7.9366838522257925,
    "sdann": "n/a",
    "sdnn": 45.650539213493275,
    "sdnn_index": "n/a",
    "sdsd": 7.783337399209397,
    "tinn": 125.0,
    "tinn_m": 687.5,
    "tinn_n": 562.5,
    "tri_index": 9.119047619047619
}