{
    "Comment": "None",
    "Name": "C:\\Users\\facartesvirtual1\\Documents\\HRV-Bienestar-Tecnologia\\HRV_Reports\\Experiencia_Mindfullness\\SilviaCaro-29-03-2022\\HRV_baseline.json",
    "ar_abs": [
        2424.952807356374,
        4980.604163034291,
        8868.020198292395
    ],
    "ar_bands": {
        "hf": [
            0.15,
            0.4
        ],
        "lf": [
            0.04,
            0.15
        ],
        "ulf": null,
        "vlf": [
            0.0,
            0.04
        ]
    },
    "ar_interpolation": "cubic",
    "ar_log": [
        7.793567342298249,
        8.51330648053865,
        9.090206848394004
    ],
    "ar_nfft": 4096.0,
    "ar_norm": [
        35.96461304086635,
        64.03538695913366
    ],
    "ar_order": 16.0,
    "ar_peak": [
        0.0,
        0.0400390625,
        0.150390625
    ],
    "ar_ratio": 0.5616365379945056,
    "ar_rel": [
        14.9011663644731,
        30.605466219307864,
        54.493367416219044
    ],
    "ar_resampling_frequency": 4.0,
    "ar_total": 16273.57716868306,
    "dfa_alpha1": 1.615618908636829,
    "dfa_alpha1_beats": [
        4,
        5,
        6,
        7,
        8,
        9,
        10,
        11,
        12,
        13,
        14,
        15,
        16
    ],
    "dfa_alpha2": 1.2722917649953374,
    "dfa_alpha2_beats": [
        17,
        18,
        19,
        20,
        21,
        22,
        23,
        24,
        25,
        26,
        27,
        28,
        29,
        30,
        31,
        32,
        33,
        34,
        35,
        36,
        37,
        38,
        39,
        40,
        41,
        42,
        43,
        44,
        45,
        46,
        47,
        48,
        49,
        50,
        51,
        52,
        53,
        54,
        55,
        56,
        57,
        58,
        59,
        60,
        61,
        62,
        63,
        64
    ],
    "ellipse_area": 2365.542978745023,
    "fft_abs": [
        2796.019860156523,
        423.5634774522017,
        29.438463134184165
    ],
    "fft_bands": {
        "hf": [
            0.15,
            0.4
        ],
        "lf": [
            0.04,
            0.15
        ],
        "ulf": null,
        "vlf": [
            0.0,
            0.04
        ]
    },
    "fft_interpolation": "cubic",
    "fft_log": [
        7.935952206388747,
        6.048703390586635,
        3.382302089175486
    ],
    "fft_nfft": 4096.0,
    "fft_norm": [
        93.50147085549396,
        6.498529144506027
    ],
    "fft_peak": [
        0.0029296875,
        0.0986328125,
        0.1513671875
    ],
    "fft_ratio": 14.388097487343238,
    "fft_rel": [
        86.05728221082406,
        13.036646210110112,
        0.9060715790658246
    ],
    "fft_resampling_frequency": 4.0,
    "fft_total": 3249.021800742909,
    "fft_window": "hamming",
    "hr_max": 106.95187165775401,
    "hr_mean": 91.7338528724567,
    "hr_min": 74.34944237918215,
    "hr_std": 8.374100427927214,
    "lomb_abs": [
        216.57526681083328,
        504.89746736795644,
        1458.222793978419
    ],
    "lomb_bands": {
        "hf": [
            0.15,
            0.4
        ],
        "lf": [
            0.04,
            0.15
        ],
        "ulf": null,
        "vlf": [
            0.0,
            0.04
        ]
    },
    "lomb_log": [
        5.377938139731272,
        6.224355373746043,
        7.284973708835961
    ],
    "lomb_ma": "n/a",
    "lomb_nfft": 256.0,
    "lomb_norm": [
        25.719130779164814,
        74.28086922083519
    ],
    "lomb_peak": [
        0.035372549019607846,
        0.06270588235294118,
        0.3135294117647059
    ],
    "lomb_ratio": 0.34624165076343516,
    "lomb_rel": [
        9.936032992366304,
        23.16366945959716,
        66.90029754803652
    ],
    "lomb_total": 2179.695528157209,
    "nn20": 33.0,
    "nn50": 0.0,
    "nni_counter": 365.0,
    "nni_diff_max": 46.0,
    "nni_diff_mean": 8.868131868131869,
    "nni_diff_min": 0.0,
    "nni_max": 807.0,
    "nni_mean": 659.7506849315068,
    "nni_min": 561.0,
    "pnn20": 9.065934065934066,
    "pnn50": 0.0,
    "rmssd": 12.115515436237713,
    "sampen": 0.6131772504418429,
    "sd1": 8.563998963767974,
    "sd2": 87.92337779498054,
    "sd_ratio": 10.266626393459553,
    "sdann": "n/a",
    "sdnn": 62.66087673684976,
    "sdnn_index": "n/a",
    "sdsd": 8.266176282276486,
    "tinn": 140.625,
    "tinn_m": 687.5,
    "tinn_n": 546.875,
    "tri_index": 12.166666666666666
}