{
    "Comment": "None",
    "Name": "C:\\Users\\facartesvirtual1\\Documents\\HRV-Bienestar-Tecnologia\\HRV_Reports\\Experiencia_Mindfullness\\SilviaCaro-29-03-2022\\HRV_interactive.json",
    "ar_abs": [
        2395.263083638151,
        4895.400083151852,
        8647.000012990773
    ],
    "ar_bands": {
        "hf": [
            0.15,
            0.4
        ],
        "lf": [
            0.04,
            0.15
        ],
        "ulf": null,
        "vlf": [
            0.0,
            0.04
        ]
    },
    "ar_interpolation": "cubic",
    "ar_log": [
        7.781248350842816,
        8.496051284648521,
        9.064967720462775
    ],
    "ar_nfft": 4096.0,
    "ar_norm": [
        36.148688920705006,
        63.851311079295
    ],
    "ar_order": 16.0,
    "ar_peak": [
        0.0,
        0.0400390625,
        0.150390625
    ],
    "ar_ratio": 0.5661385539259021,
    "ar_rel": [
        15.028947823899852,
        30.715921323788375,
        54.25513085231177
    ],
    "ar_resampling_frequency": 4.0,
    "ar_total": 15937.663179780777,
    "dfa_alpha1": 1.6185687961758344,
    "dfa_alpha1_beats": [
        4,
        5,
        6,
        7,
        8,
        9,
        10,
        11,
        12,
        13,
        14,
        15,
        16
    ],
    "dfa_alpha2": 0.6984528002434621,
    "dfa_alpha2_beats": [
        17,
        18,
        19,
        20,
        21,
        22,
        23,
        24,
        25,
        26,
        27,
        28,
        29,
        30,
        31,
        32,
        33,
        34,
        35,
        36,
        37,
        38,
        39,
        40,
        41,
        42,
        43,
        44,
        45,
        46,
        47,
        48,
        49,
        50,
        51,
        52,
        53,
        54,
        55,
        56,
        57,
        58,
        59,
        60,
        61,
        62,
        63,
        64
    ],
    "ellipse_area": 1164.0905583854721,
    "fft_abs": [
        233.15546270544152,
        386.0078882139396,
        56.25954558432079
    ],
    "fft_bands": {
        "hf": [
            0.15,
            0.4
        ],
        "lf": [
            0.04,
            0.15
        ],
        "ulf": null,
        "vlf": [
            0.0,
            0.04
        ]
    },
    "fft_interpolation": "cubic",
    "fft_log": [
        5.45170545298389,
        5.955857805043431,
        4.02997572596405
    ],
    "fft_nfft": 4096.0,
    "fft_norm": [
        87.27929273445362,
        12.720707265546368
    ],
    "fft_peak": [
        0.005859375,
        0.060546875,
        0.1826171875
    ],
    "fft_ratio": 6.861198116778209,
    "fft_rel": [
        34.519922838322614,
        57.15054822868652,
        8.329528932990863
    ],
    "fft_resampling_frequency": 4.0,
    "fft_total": 675.422896503702,
    "fft_window": "hamming",
    "hr_max": 106.95187165775401,
    "hr_mean": 95.36376183142939,
    "hr_min": 82.1917808219178,
    "hr_std": 4.488441195331968,
    "lomb_abs": [
        290.1961094201386,
        471.20495595788526,
        1271.7045865546513
    ],
    "lomb_bands": {
        "hf": [
            0.15,
            0.4
        ],
        "lf": [
            0.04,
            0.15
        ],
        "ulf": null,
        "vlf": [
            0.0,
            0.04
        ]
    },
    "lomb_log": [
        5.670556933813487,
        6.155293150019514,
        7.148113473652777
    ],
    "lomb_ma": "n/a",
    "lomb_nfft": 256.0,
    "lomb_norm": [
        27.035537098420352,
        72.96446290157965
    ],
    "lomb_peak": [
        0.00803921568627451,
        0.09647058823529411,
        0.3199607843137255
    ],
    "lomb_ratio": 0.370530200912848,
    "lomb_rel": [
        14.273538079257095,
        23.176609415745645,
        62.54985250499726
    ],
    "lomb_total": 2033.1056519326753,
    "nn20": 42.0,
    "nn50": 1.0,
    "nni_counter": 383.0,
    "nni_diff_max": 54.0,
    "nni_diff_mean": 9.136125654450261,
    "nni_diff_min": 0.0,
    "nni_max": 730.0,
    "nni_mean": 630.5900783289817,
    "nni_min": 561.0,
    "pnn20": 10.99476439790576,
    "pnn50": 0.2617801047120419,
    "rmssd": 12.546666815036545,
    "sampen": 1.5225719794124384,
    "sd1": 8.870198570820252,
    "sd2": 41.773758522864725,
    "sd_ratio": 4.709450210087212,
    "sdann": "n/a",
    "sdnn": 30.32894019488043,
    "sdnn_index": "n/a",
    "sdsd": 8.61069978743388,
    "tinn": 117.1875,
    "tinn_m": 687.5,
    "tinn_n": 570.3125,
    "tri_index": 7.66
}