{
    "Comment": "None",
    "Name": "C:\\Users\\Juan Pablo Botero T\\OneDrive - Universidad de los Andes\\Documentos\\JPB\\Personal\\Bienestar y Tecnolog\u00eda\\Codigo\\HRV-Bienestar-Tecnologia\\HRV_Reports\\GermanCasta\u00f1o-10-12-2021\\HRV_final.json",
    "ar_abs": [
        2410.637761209727,
        4890.103176945473,
        8623.953525463572
    ],
    "ar_bands": {
        "hf": [
            0.15,
            0.4
        ],
        "lf": [
            0.04,
            0.15
        ],
        "ulf": null,
        "vlf": [
            0.0,
            0.04
        ]
    },
    "ar_interpolation": "cubic",
    "ar_log": [
        7.787646622683394,
        8.494968681826176,
        9.0622989041574
    ],
    "ar_nfft": 4096.0,
    "ar_norm": [
        36.18530900550205,
        63.81469099449795
    ],
    "ar_order": 16.0,
    "ar_peak": [
        0.0,
        0.0400390625,
        0.150390625
    ],
    "ar_ratio": 0.5670372831331568,
    "ar_rel": [
        15.137733202461249,
        30.707673469762963,
        54.15459332777579
    ],
    "ar_resampling_frequency": 4.0,
    "ar_total": 15924.694463618773,
    "dfa_alpha1": 1.689825667092367,
    "dfa_alpha1_beats": [
        4,
        5,
        6,
        7,
        8,
        9,
        10,
        11,
        12,
        13,
        14,
        15,
        16
    ],
    "dfa_alpha2": 0.6444677419242137,
    "dfa_alpha2_beats": [
        17,
        18,
        19,
        20,
        21,
        22,
        23,
        24,
        25,
        26,
        27,
        28,
        29,
        30,
        31,
        32,
        33,
        34,
        35,
        36,
        37,
        38,
        39,
        40,
        41,
        42,
        43,
        44,
        45,
        46,
        47,
        48,
        49,
        50,
        51,
        52,
        53,
        54,
        55,
        56,
        57,
        58,
        59,
        60,
        61,
        62,
        63,
        64
    ],
    "ellipse_area": 916.7929360739506,
    "fft_abs": [
        542.7255266866803,
        308.9447802902197,
        22.34981555175867
    ],
    "fft_bands": {
        "hf": [
            0.15,
            0.4
        ],
        "lf": [
            0.04,
            0.15
        ],
        "ulf": null,
        "vlf": [
            0.0,
            0.04
        ]
    },
    "fft_interpolation": "cubic",
    "fft_log": [
        6.296603716422881,
        5.733162556365786,
        3.106818068307791
    ],
    "fft_nfft": 4096.0,
    "fft_norm": [
        93.25379410582985,
        6.746205894170134
    ],
    "fft_peak": [
        0.0048828125,
        0.0654296875,
        0.1533203125
    ],
    "fft_ratio": 13.823146753705952,
    "fft_rel": [
        62.09531253313732,
        35.34755920680643,
        2.557128260056259
    ],
    "fft_resampling_frequency": 4.0,
    "fft_total": 874.0201225286586,
    "fft_window": "hamming",
    "hr_max": 100.1669449081803,
    "hr_mean": 89.76555774121569,
    "hr_min": 78.84362680683311,
    "hr_std": 3.733333176728277,
    "lomb_abs": [
        191.1581605257818,
        486.8404573488304,
        1376.6080133172054
    ],
    "lomb_bands": {
        "hf": [
            0.15,
            0.4
        ],
        "lf": [
            0.04,
            0.15
        ],
        "ulf": null,
        "vlf": [
            0.0,
            0.04
        ]
    },
    "lomb_log": [
        5.253101150969486,
        6.187936466429196,
        7.227377791040744
    ],
    "lomb_ma": "n/a",
    "lomb_nfft": 256.0,
    "lomb_norm": [
        26.125780509231003,
        73.87421949076901
    ],
    "lomb_peak": [
        0.014470588235294117,
        0.0868235294117647,
        0.344078431372549
    ],
    "lomb_ratio": 0.3536522035606152,
    "lomb_rel": [
        9.303881221044074,
        23.69506892258147,
        67.00104985637446
    ],
    "lomb_total": 2054.6066311918175,
    "nn20": 27.0,
    "nn50": 0.0,
    "nni_counter": 359.0,
    "nni_diff_max": 31.0,
    "nni_diff_mean": 7.941340782122905,
    "nni_diff_min": 0.0,
    "nni_max": 761.0,
    "nni_mean": 669.5598885793872,
    "nni_min": 599.0,
    "pnn20": 7.5418994413407825,
    "pnn50": 0.0,
    "rmssd": 10.697334289151422,
    "sampen": 1.580318475540872,
    "sd1": 7.563765374690253,
    "sd2": 38.58187565049281,
    "sd_ratio": 5.100882132012562,
    "sdann": "n/a",
    "sdnn": 27.825998774685157,
    "sdnn_index": "n/a",
    "sdsd": 7.177182986397722,
    "tinn": 117.1875,
    "tinn_m": 718.75,
    "tinn_n": 601.5625,
    "tri_index": 7.638297872340425
}