{
    "Comment": "None",
    "Name": "C:\\Users\\Juan Pablo Botero T\\OneDrive - Universidad de los Andes\\Documentos\\JPB\\Personal\\Bienestar y Tecnolog\u00eda\\Codigo\\HRV-Bienestar-Tecnologia\\HRV_Reports\\GermanCasta\u00f1o-10-12-2021\\HRV_video.json",
    "ar_abs": [
        2395.6107854142865,
        4871.199886109587,
        8600.755439031618
    ],
    "ar_bands": {
        "hf": [
            0.15,
            0.4
        ],
        "lf": [
            0.04,
            0.15
        ],
        "ulf": null,
        "vlf": [
            0.0,
            0.04
        ]
    },
    "ar_interpolation": "cubic",
    "ar_log": [
        7.781393502556782,
        8.491095568914004,
        9.0596053201316
    ],
    "ar_nfft": 4096.0,
    "ar_norm": [
        36.15807630403147,
        63.84192369596853
    ],
    "ar_order": 16.0,
    "ar_peak": [
        0.0,
        0.0400390625,
        0.150390625
    ],
    "ar_ratio": 0.5663688405792001,
    "ar_rel": [
        15.097531459602163,
        30.699099358843355,
        54.203369181554486
    ],
    "ar_resampling_frequency": 4.0,
    "ar_total": 15867.566110555492,
    "dfa_alpha1": 1.677205060590733,
    "dfa_alpha1_beats": [
        4,
        5,
        6,
        7,
        8,
        9,
        10,
        11,
        12,
        13,
        14,
        15,
        16
    ],
    "dfa_alpha2": 0.6685404783542065,
    "dfa_alpha2_beats": [
        17,
        18,
        19,
        20,
        21,
        22,
        23,
        24,
        25,
        26,
        27,
        28,
        29,
        30,
        31,
        32,
        33,
        34,
        35,
        36,
        37,
        38,
        39,
        40,
        41,
        42,
        43,
        44,
        45,
        46,
        47,
        48,
        49,
        50,
        51,
        52,
        53,
        54,
        55,
        56,
        57,
        58,
        59,
        60,
        61,
        62,
        63,
        64
    ],
    "ellipse_area": 1098.1956521632567,
    "fft_abs": [
        357.4702564088797,
        570.423848847965,
        33.54620465309449
    ],
    "fft_bands": {
        "hf": [
            0.15,
            0.4
        ],
        "lf": [
            0.04,
            0.15
        ],
        "ulf": null,
        "vlf": [
            0.0,
            0.04
        ]
    },
    "fft_interpolation": "cubic",
    "fft_log": [
        5.879052159816565,
        6.346379678969318,
        3.512923731924511
    ],
    "fft_nfft": 4096.0,
    "fft_norm": [
        94.44571722411801,
        5.554282775881974
    ],
    "fft_peak": [
        0.0078125,
        0.064453125,
        0.1533203125
    ],
    "fft_ratio": 17.004124751124294,
    "fft_rel": [
        37.18070198683108,
        59.3301365636935,
        3.4891614494754077
    ],
    "fft_resampling_frequency": 4.0,
    "fft_total": 961.4403099099393,
    "fft_window": "hamming",
    "hr_max": 102.73972602739725,
    "hr_mean": 90.7268929184593,
    "hr_min": 78.02340702210664,
    "hr_std": 4.131871495314938,
    "lomb_abs": [
        114.24044840925481,
        560.8816720748395,
        1142.2460559303352
    ],
    "lomb_bands": {
        "hf": [
            0.15,
            0.4
        ],
        "lf": [
            0.04,
            0.15
        ],
        "ulf": null,
        "vlf": [
            0.0,
            0.04
        ]
    },
    "lomb_log": [
        4.7383054237346105,
        6.329509960057511,
        7.040751827542112
    ],
    "lomb_ma": "n/a",
    "lomb_nfft": 256.0,
    "lomb_norm": [
        32.932449096568014,
        67.067550903432
    ],
    "lomb_peak": [
        0.01607843137254902,
        0.07556862745098039,
        0.15756862745098038
    ],
    "lomb_ratio": 0.49103401947666453,
    "lomb_rel": [
        6.286037683054686,
        30.862302936404944,
        62.85165938054037
    ],
    "lomb_total": 1817.3681764144294,
    "nn20": 28.0,
    "nn50": 0.0,
    "nni_counter": 363.0,
    "nni_diff_max": 46.0,
    "nni_diff_mean": 8.660220994475138,
    "nni_diff_min": 0.0,
    "nni_max": 769.0,
    "nni_mean": 662.7079889807162,
    "nni_min": 584.0,
    "pnn20": 7.734806629834254,
    "pnn50": 0.0,
    "rmssd": 11.6719666993114,
    "sampen": 1.405838957192861,
    "sd1": 8.253104664764143,
    "sd2": 42.35576152815093,
    "sd_ratio": 5.132100372964477,
    "sdann": "n/a",
    "sdnn": 30.525736213218416,
    "sdnn_index": "n/a",
    "sdsd": 7.836134636745911,
    "tinn": 117.1875,
    "tinn_m": 718.75,
    "tinn_n": 601.5625,
    "tri_index": 8.066666666666666
}