{
    "Comment": "None",
    "Name": "C:\\Users\\admin\\HRV-Bienestar-Tecnologia\\HRV_Reports\\Experiencia_Mindfullness\\23-03-2022_KarenMartinez\\HRV_sound.json",
    "ar_abs": [
        2456.6257441800462,
        5029.016659104052,
        9169.317899967862
    ],
    "ar_bands": {
        "hf": [
            0.15,
            0.4
        ],
        "lf": [
            0.04,
            0.15
        ],
        "ulf": null,
        "vlf": [
            0.0,
            0.04
        ]
    },
    "ar_interpolation": "cubic",
    "ar_log": [
        7.80654403864792,
        8.522979748774164,
        9.123618178619974
    ],
    "ar_nfft": 4096.0,
    "ar_norm": [
        35.41976446731072,
        64.58023553268927
    ],
    "ar_order": 16.0,
    "ar_peak": [
        0.0,
        0.0400390625,
        0.150390625
    ],
    "ar_ratio": 0.5484613701878173,
    "ar_rel": [
        14.750114677249506,
        30.195308589970722,
        55.05457673277978
    ],
    "ar_resampling_frequency": 4.0,
    "ar_total": 16654.96030325196,
    "dfa_alpha1": 1.456999704375189,
    "dfa_alpha1_beats": [
        4,
        5,
        6,
        7,
        8,
        9,
        10,
        11,
        12,
        13,
        14,
        15,
        16
    ],
    "dfa_alpha2": 1.2364256662580813,
    "dfa_alpha2_beats": [
        17,
        18,
        19,
        20,
        21,
        22,
        23,
        24,
        25,
        26,
        27,
        28,
        29,
        30,
        31,
        32,
        33,
        34,
        35,
        36,
        37,
        38,
        39,
        40,
        41,
        42,
        43,
        44,
        45,
        46,
        47,
        48,
        49,
        50,
        51,
        52,
        53,
        54,
        55,
        56,
        57,
        58,
        59,
        60,
        61,
        62,
        63,
        64
    ],
    "ellipse_area": 7373.133363413044,
    "fft_abs": [
        3829.4339447201255,
        1681.1231854481905,
        371.30672473345163
    ],
    "fft_bands": {
        "hf": [
            0.15,
            0.4
        ],
        "lf": [
            0.04,
            0.15
        ],
        "ulf": null,
        "vlf": [
            0.0,
            0.04
        ]
    },
    "fft_interpolation": "cubic",
    "fft_log": [
        8.250472276139678,
        7.427217411775559,
        5.91702847233993
    ],
    "fft_nfft": 4096.0,
    "fft_norm": [
        81.90892059741077,
        18.091079402589227
    ],
    "fft_peak": [
        0.0068359375,
        0.076171875,
        0.1904296875
    ],
    "fft_ratio": 4.527586153078728,
    "fft_rel": [
        65.10579025947347,
        28.58147054946185,
        6.31273919106468
    ],
    "fft_resampling_frequency": 4.0,
    "fft_total": 5881.863854901768,
    "fft_window": "hamming",
    "hr_max": 88.75739644970415,
    "hr_mean": 72.69359958449661,
    "hr_min": 56.550424128180964,
    "hr_std": 6.822354642852696,
    "lomb_abs": [
        261.5629965328959,
        840.3858939530007,
        1740.17991187271
    ],
    "lomb_bands": {
        "hf": [
            0.15,
            0.4
        ],
        "lf": [
            0.04,
            0.15
        ],
        "ulf": null,
        "vlf": [
            0.0,
            0.04
        ]
    },
    "lomb_log": [
        5.566675159015645,
        6.733861183909702,
        7.461743784491403
    ],
    "lomb_ma": "n/a",
    "lomb_nfft": 256.0,
    "lomb_norm": [
        32.56595480168739,
        67.43404519831262
    ],
    "lomb_peak": [
        0.009647058823529411,
        0.09164705882352941,
        0.3408627450980392
    ],
    "lomb_ratio": 0.4829304649590007,
    "lomb_rel": [
        9.203066247941747,
        29.568888407013326,
        61.228045345044926
    ],
    "lomb_total": 2842.1288023586067,
    "nn20": 125.0,
    "nn50": 26.0,
    "nni_counter": 290.0,
    "nni_diff_max": 138.0,
    "nni_diff_mean": 22.162629757785467,
    "nni_diff_min": 0.0,
    "nni_max": 1061.0,
    "nni_mean": 832.6,
    "nni_min": 676.0,
    "pnn20": 43.25259515570934,
    "pnn50": 8.996539792387544,
    "rmssd": 30.957108401038255,
    "sampen": 1.0181761899588153,
    "sd1": 21.889170523559276,
    "sd2": 107.21928632242629,
    "sd_ratio": 4.898280005952092,
    "sdann": "n/a",
    "sdnn": 77.58249543947343,
    "sdnn_index": "n/a",
    "sdsd": 21.65138534839759,
    "tinn": 335.9375,
    "tinn_m": 976.5625,
    "tinn_n": 640.625,
    "tri_index": 19.333333333333332
}