{
    "Comment": "None",
    "Name": "C:\\Users\\admin\\HRV-Bienestar-Tecnologia\\HRV_Reports\\Experiencia_Mindfullness\\23-03-2022_KarenMartinez\\HRV_final.json",
    "ar_abs": [
        2542.503113060519,
        5328.969239983873,
        10115.249358534053
    ],
    "ar_bands": {
        "hf": [
            0.15,
            0.4
        ],
        "lf": [
            0.04,
            0.15
        ],
        "ulf": null,
        "vlf": [
            0.0,
            0.04
        ]
    },
    "ar_interpolation": "cubic",
    "ar_log": [
        7.840904352331216,
        8.580913110087193,
        9.221799401649346
    ],
    "ar_nfft": 4096.0,
    "ar_norm": [
        34.50462194633309,
        65.49537805366691
    ],
    "ar_order": 16.0,
    "ar_peak": [
        0.0,
        0.0400390625,
        0.150390625
    ],
    "ar_ratio": 0.5268252962531189,
    "ar_rel": [
        14.135444767702468,
        29.627240168804637,
        56.2373150634929
    ],
    "ar_resampling_frequency": 4.0,
    "ar_total": 17986.721711578444,
    "dfa_alpha1": 1.1240104803361697,
    "dfa_alpha1_beats": [
        4,
        5,
        6,
        7,
        8,
        9,
        10,
        11,
        12,
        13,
        14,
        15,
        16
    ],
    "dfa_alpha2": 1.108693926900965,
    "dfa_alpha2_beats": [
        17,
        18,
        19,
        20,
        21,
        22,
        23,
        24,
        25,
        26,
        27,
        28,
        29,
        30,
        31,
        32,
        33,
        34,
        35,
        36,
        37,
        38,
        39,
        40,
        41,
        42,
        43,
        44,
        45,
        46,
        47,
        48,
        49,
        50,
        51,
        52,
        53,
        54,
        55,
        56,
        57,
        58,
        59,
        60,
        61,
        62,
        63,
        64
    ],
    "ellipse_area": 22024.759828652022,
    "fft_abs": [
        5887.865022564186,
        3061.8343850924075,
        1701.5740817849653
    ],
    "fft_bands": {
        "hf": [
            0.15,
            0.4
        ],
        "lf": [
            0.04,
            0.15
        ],
        "ulf": null,
        "vlf": [
            0.0,
            0.04
        ]
    },
    "fft_interpolation": "cubic",
    "fft_log": [
        8.680648735989053,
        8.026769487587135,
        7.439309032096872
    ],
    "fft_nfft": 4096.0,
    "fft_norm": [
        64.27822443494074,
        35.72177556505926
    ],
    "fft_peak": [
        0.01953125,
        0.064453125,
        0.150390625
    ],
    "fft_ratio": 1.799412918819566,
    "fft_rel": [
        55.27850757377261,
        28.746181272385467,
        15.975311153841925
    ],
    "fft_resampling_frequency": 4.0,
    "fft_total": 10651.273489441559,
    "fft_window": "hamming",
    "hr_max": 111.52416356877323,
    "hr_mean": 65.61118031537657,
    "hr_min": 48.154093097913325,
    "hr_std": 7.386697780065454,
    "lomb_abs": [
        332.867530215901,
        722.5620791215358,
        1942.3269365473216
    ],
    "lomb_bands": {
        "hf": [
            0.15,
            0.4
        ],
        "lf": [
            0.04,
            0.15
        ],
        "ulf": null,
        "vlf": [
            0.0,
            0.04
        ]
    },
    "lomb_log": [
        5.8077446036747284,
        6.582803338955012,
        7.57164198511824
    ],
    "lomb_ma": "n/a",
    "lomb_nfft": 256.0,
    "lomb_norm": [
        27.114152779836527,
        72.88584722016347
    ],
    "lomb_peak": [
        0.035372549019607846,
        0.09647058823529411,
        0.36498039215686273
    ],
    "lomb_ratio": 0.3720084737155329,
    "lomb_rel": [
        11.103888028294119,
        24.103427615342884,
        64.792684356363
    ],
    "lomb_total": 2997.7565458847585,
    "nn20": 202.0,
    "nn50": 104.0,
    "nni_counter": 260.0,
    "nni_diff_max": 408.0,
    "nni_diff_mean": 55.447876447876446,
    "nni_diff_min": 0.0,
    "nni_max": 1246.0,
    "nni_mean": 925.376923076923,
    "nni_min": 538.0,
    "pnn20": 77.99227799227799,
    "pnn50": 40.15444015444015,
    "rmssd": 76.63847335676513,
    "sampen": 1.6192259188002631,
    "sd1": 54.19143229384904,
    "sd2": 129.36913636584754,
    "sd_ratio": 2.387261803016258,
    "sdann": "n/a",
    "sdnn": 99.20321683230958,
    "sdnn_index": "n/a",
    "sdsd": 53.00789930646092,
    "tinn": 281.25,
    "tinn_m": 1046.875,
    "tinn_n": 765.625,
    "tri_index": 16.25
}