{
    "Comment": "None",
    "Name": "C:\\Users\\admin\\HRV-Bienestar-Tecnologia\\HRV_Reports\\Experiencia_Mindfullness\\23-03-2022_KarenMartinez\\HRV_interactive.json",
    "ar_abs": [
        2480.246647420123,
        5127.9828854186335,
        9341.556062629652
    ],
    "ar_bands": {
        "hf": [
            0.15,
            0.4
        ],
        "lf": [
            0.04,
            0.15
        ],
        "ulf": null,
        "vlf": [
            0.0,
            0.04
        ]
    },
    "ar_interpolation": "cubic",
    "ar_log": [
        7.816113288818634,
        8.54246766111807,
        9.142228119340926
    ],
    "ar_nfft": 4096.0,
    "ar_norm": [
        35.43984990696831,
        64.5601500930317
    ],
    "ar_order": 16.0,
    "ar_peak": [
        0.0,
        0.0400390625,
        0.150390625
    ],
    "ar_ratio": 0.5489431151553892,
    "ar_rel": [
        14.632908678698723,
        30.25396903421374,
        55.113122287087535
    ],
    "ar_resampling_frequency": 4.0,
    "ar_total": 16949.78559546841,
    "dfa_alpha1": 1.1118829889936515,
    "dfa_alpha1_beats": [
        4,
        5,
        6,
        7,
        8,
        9,
        10,
        11,
        12,
        13,
        14,
        15,
        16
    ],
    "dfa_alpha2": 0.8032878910033243,
    "dfa_alpha2_beats": [
        17,
        18,
        19,
        20,
        21,
        22,
        23,
        24,
        25,
        26,
        27,
        28,
        29,
        30,
        31,
        32,
        33,
        34,
        35,
        36,
        37,
        38,
        39,
        40,
        41,
        42,
        43,
        44,
        45,
        46,
        47,
        48,
        49,
        50,
        51,
        52,
        53,
        54,
        55,
        56,
        57,
        58,
        59,
        60,
        61,
        62,
        63,
        64
    ],
    "ellipse_area": 5182.470955506063,
    "fft_abs": [
        1703.2189609391162,
        1632.6661481348776,
        565.80727168917
    ],
    "fft_bands": {
        "hf": [
            0.15,
            0.4
        ],
        "lf": [
            0.04,
            0.15
        ],
        "ulf": null,
        "vlf": [
            0.0,
            0.04
        ]
    },
    "fft_interpolation": "cubic",
    "fft_log": [
        7.440275246055535,
        7.3979696312458785,
        6.338253510833607
    ],
    "fft_nfft": 4096.0,
    "fft_norm": [
        74.26362918072243,
        25.736370819277575
    ],
    "fft_peak": [
        0.0068359375,
        0.0498046875,
        0.2294921875
    ],
    "fft_ratio": 2.885551723753373,
    "fft_rel": [
        43.65333795500222,
        41.84507615681201,
        14.501585888185762
    ],
    "fft_resampling_frequency": 4.0,
    "fft_total": 3901.692380763164,
    "fft_window": "hamming",
    "hr_max": 80.42895442359249,
    "hr_mean": 70.92713145592974,
    "hr_min": 57.361376673040155,
    "hr_std": 4.132558388776711,
    "lomb_abs": [
        328.3631454869021,
        822.296430839704,
        1889.8023972850021
    ],
    "lomb_bands": {
        "hf": [
            0.15,
            0.4
        ],
        "lf": [
            0.04,
            0.15
        ],
        "ulf": null,
        "vlf": [
            0.0,
            0.04
        ]
    },
    "lomb_log": [
        5.794120146819316,
        6.7121009515073835,
        7.5442275508867205
    ],
    "lomb_ma": "n/a",
    "lomb_nfft": 256.0,
    "lomb_norm": [
        30.319559977402626,
        69.68044002259737
    ],
    "lomb_peak": [
        0.00803921568627451,
        0.09968627450980393,
        0.36498039215686273
    ],
    "lomb_ratio": 0.43512296948139234,
    "lomb_rel": [
        10.799778071121752,
        27.04511478770249,
        62.15510714117576
    ],
    "lomb_total": 3040.4619736116083,
    "nn20": 165.0,
    "nn50": 40.0,
    "nni_counter": 284.0,
    "nni_diff_max": 92.0,
    "nni_diff_mean": 27.42756183745583,
    "nni_diff_min": 0.0,
    "nni_max": 1046.0,
    "nni_mean": 848.919014084507,
    "nni_min": 746.0,
    "pnn20": 58.303886925795055,
    "pnn50": 14.13427561837456,
    "rmssd": 34.02015615388886,
    "sampen": 1.4693544898182775,
    "sd1": 24.0556085365545,
    "sd2": 68.57576425436018,
    "sd_ratio": 2.850718332490055,
    "sdann": "n/a",
    "sdnn": 51.517163674722426,
    "sdnn_index": "n/a",
    "sdsd": 20.16274784774813,
    "tinn": 156.25,
    "tinn_m": 929.6875,
    "tinn_n": 773.4375,
    "tri_index": 10.518518518518519
}