{
    "Comment": "None",
    "Name": "C:\\Users\\Juan Pablo Botero T\\OneDrive - Universidad de los Andes\\Documentos\\JPB\\Personal\\Bienestar y Tecnolog\u00eda\\Codigo\\HRV-Bienestar-Tecnologia\\HRV_Reports\\FedericoDeAngulo_07_12_2021\\HRV_interactive.json",
    "ar_abs": [
        2338.3214535814295,
        4713.323911047527,
        8256.69783313864
    ],
    "ar_bands": {
        "hf": [
            0.15,
            0.4
        ],
        "lf": [
            0.04,
            0.15
        ],
        "ulf": null,
        "vlf": [
            0.0,
            0.04
        ]
    },
    "ar_interpolation": "cubic",
    "ar_log": [
        7.75718862341995,
        8.458148651709918,
        9.018780008512085
    ],
    "ar_nfft": 4096.0,
    "ar_norm": [
        36.340138852583515,
        63.659861147416485
    ],
    "ar_order": 16.0,
    "ar_peak": [
        0.0,
        0.0400390625,
        0.150390625
    ],
    "ar_ratio": 0.5708485409421649,
    "ar_rel": [
        15.274817289975736,
        30.789249039927896,
        53.93593367009636
    ],
    "ar_resampling_frequency": 4.0,
    "ar_total": 15308.343197767597,
    "dfa_alpha1": 1.6543271589101725,
    "dfa_alpha1_beats": [
        4,
        5,
        6,
        7,
        8,
        9,
        10,
        11,
        12,
        13,
        14,
        15,
        16
    ],
    "dfa_alpha2": 0.7569573997806659,
    "dfa_alpha2_beats": [
        17,
        18,
        19,
        20,
        21,
        22,
        23,
        24,
        25,
        26,
        27,
        28,
        29,
        30,
        31,
        32,
        33,
        34,
        35,
        36,
        37,
        38,
        39,
        40,
        41,
        42,
        43,
        44,
        45,
        46,
        47,
        48,
        49,
        50,
        51,
        52,
        53,
        54,
        55,
        56,
        57,
        58,
        59,
        60,
        61,
        62,
        63,
        64
    ],
    "ellipse_area": 984.8202000014774,
    "fft_abs": [
        328.60675463821804,
        388.38786667514483,
        71.95281191920733
    ],
    "fft_bands": {
        "hf": [
            0.15,
            0.4
        ],
        "lf": [
            0.04,
            0.15
        ],
        "ulf": null,
        "vlf": [
            0.0,
            0.04
        ]
    },
    "fft_interpolation": "cubic",
    "fft_log": [
        5.794861761199015,
        5.962004496678815,
        4.276010514143128
    ],
    "fft_nfft": 4096.0,
    "fft_norm": [
        84.3696602831375,
        15.63033971686249
    ],
    "fft_peak": [
        0.00390625,
        0.0732421875,
        0.150390625
    ],
    "fft_ratio": 5.397813599157856,
    "fft_rel": [
        41.651286359068436,
        49.228611478434686,
        9.12010216249689
    ],
    "fft_resampling_frequency": 4.0,
    "fft_total": 788.9474332325701,
    "fft_window": "hamming",
    "hr_max": 121.95121951219512,
    "hr_mean": 108.68329106257008,
    "hr_min": 86.70520231213872,
    "hr_std": 5.547473623637499,
    "lomb_abs": [
        180.41405214954017,
        526.5260149611216,
        1190.9245923035737
    ],
    "lomb_bands": {
        "hf": [
            0.15,
            0.4
        ],
        "lf": [
            0.04,
            0.15
        ],
        "ulf": null,
        "vlf": [
            0.0,
            0.04
        ]
    },
    "lomb_log": [
        5.195254498993694,
        6.266300741485575,
        7.0824852527442745
    ],
    "lomb_ma": "n/a",
    "lomb_nfft": 256.0,
    "lomb_norm": [
        30.65741819496605,
        69.34258180503394
    ],
    "lomb_peak": [
        0.00803921568627451,
        0.04180392156862745,
        0.18007843137254903
    ],
    "lomb_ratio": 0.4421153264982768,
    "lomb_rel": [
        9.506160054912655,
        27.743074952648662,
        62.750764992438675
    ],
    "lomb_total": 1897.8646594142356,
    "nn20": 27.0,
    "nn50": 1.0,
    "nni_counter": 436.0,
    "nni_diff_max": 54.0,
    "nni_diff_mean": 7.629885057471264,
    "nni_diff_min": 0.0,
    "nni_max": 692.0,
    "nni_mean": 553.5321100917431,
    "nni_min": 492.0,
    "pnn20": 6.206896551724138,
    "pnn50": 0.22988505747126436,
    "rmssd": 11.07290365723006,
    "sampen": 1.29425828326999,
    "sd1": 7.828265705480901,
    "sd2": 40.04437477824609,
    "sd_ratio": 5.115357128234587,
    "sdann": "n/a",
    "sdnn": 28.937846612554985,
    "sdnn_index": "n/a",
    "sdsd": 8.033829895997156,
    "tinn": 109.375,
    "tinn_m": 601.5625,
    "tinn_n": 492.1875,
    "tri_index": 6.8125
}