{
    "Comment": "None",
    "Name": "D:\\Users\\jp.botero\\Documents\\Bienestar & Tecnolog\u00eda\\HRV-Bienestar-Tecnologia\\HRV_Reports\\FedericoDeAngulo_07_12_2021\\HRV_final.json",
    "ar_abs": [
        1933.7984802255198,
        3770.102763282536,
        6213.593195193074
    ],
    "ar_bands": {
        "hf": [
            0.15,
            0.4
        ],
        "lf": [
            0.04,
            0.15
        ],
        "ulf": null,
        "vlf": [
            0.0,
            0.04
        ]
    },
    "ar_interpolation": "cubic",
    "ar_log": [
        7.5672414721485906,
        8.234857538235689,
        8.734494621957593
    ],
    "ar_nfft": 4096.0,
    "ar_norm": [
        37.76259592603003,
        62.23740407396996
    ],
    "ar_order": 16.0,
    "ar_peak": [
        0.0,
        0.0400390625,
        0.150390625
    ],
    "ar_ratio": 0.6067508195095782,
    "ar_rel": [
        16.226552403042543,
        31.63502850934356,
        52.13841908761388
    ],
    "ar_resampling_frequency": 4.0,
    "ar_total": 11917.494438701131,
    "dfa_alpha1": 1.6045844453400508,
    "dfa_alpha1_beats": [
        4,
        5,
        6,
        7,
        8,
        9,
        10,
        11,
        12,
        13,
        14,
        15,
        16
    ],
    "dfa_alpha2": 1.0421992265904207,
    "dfa_alpha2_beats": [
        17,
        18,
        19,
        20,
        21,
        22,
        23,
        24,
        25,
        26,
        27,
        28,
        29,
        30,
        31,
        32,
        33,
        34,
        35,
        36,
        37,
        38,
        39,
        40,
        41,
        42,
        43,
        44,
        45,
        46,
        47,
        48,
        49,
        50,
        51,
        52,
        53,
        54,
        55,
        56,
        57,
        58,
        59,
        60,
        61,
        62,
        63,
        64
    ],
    "ellipse_area": 17.008887209232018,
    "fft_abs": [
        1.1081663699837851,
        3.979438931261225,
        2.9969009457481013
    ],
    "fft_bands": {
        "hf": [
            0.15,
            0.4
        ],
        "lf": [
            0.04,
            0.15
        ],
        "ulf": null,
        "vlf": [
            0.0,
            0.04
        ]
    },
    "fft_interpolation": "cubic",
    "fft_log": [
        0.10270673046816493,
        1.3811408373139353,
        1.097578736653224
    ],
    "fft_nfft": 4096.0,
    "fft_norm": [
        57.04193031614685,
        42.95806968385315
    ],
    "fft_peak": [
        0.0380859375,
        0.1025390625,
        0.1669921875
    ],
    "fft_ratio": 1.3278513381989199,
    "fft_rel": [
        13.707285715759673,
        49.22302994992807,
        37.06968433431226
    ],
    "fft_resampling_frequency": 4.0,
    "fft_total": 8.084506246993111,
    "fft_window": "hamming",
    "hr_max": 857.1428571428571,
    "hr_mean": 771.3341585685997,
    "hr_min": 652.1739130434783,
    "hr_std": 38.2402864455621,
    "lomb_abs": [
        172.75943416775053,
        588.622843411204,
        1332.640664400994
    ],
    "lomb_bands": {
        "hf": [
            0.15,
            0.4
        ],
        "lf": [
            0.04,
            0.15
        ],
        "ulf": null,
        "vlf": [
            0.0,
            0.04
        ]
    },
    "lomb_log": [
        5.151900072836792,
        6.377785644783304,
        7.194917714746903
    ],
    "lomb_ma": "n/a",
    "lomb_nfft": 256.0,
    "lomb_norm": [
        30.637278073401134,
        69.36272192659887
    ],
    "lomb_peak": [
        0.028941176470588234,
        0.10450980392156863,
        0.3376470588235294
    ],
    "lomb_ratio": 0.44169659468989936,
    "lomb_rel": [
        8.25012136707549,
        28.109665448777132,
        63.64021318414738
    ],
    "lomb_total": 2094.0229419799484,
    "nn20": 0.0,
    "nn50": 0.0,
    "nni_counter": 403.0,
    "nni_diff_max": 6.0,
    "nni_diff_mean": 0.9950248756218906,
    "nni_diff_min": 0.0,
    "nni_max": 92.0,
    "nni_mean": 77.98263027295286,
    "nni_min": 70.0,
    "pnn20": 0.0,
    "pnn50": 0.0,
    "rmssd": 1.3929459815307579,
    "sampen": 1.3862943611198906,
    "sd1": 0.9847353554153244,
    "sd2": 5.498022308135889,
    "sd_ratio": 5.5832486138542565,
    "sdann": "n/a",
    "sdnn": 3.9609029612494298,
    "sdnn_index": "n/a",
    "sdsd": 0.9760090369855271,
    "tinn": 23.4375,
    "tinn_m": 85.9375,
    "tinn_n": 62.5,
    "tri_index": 1.7296137339055795
}