{
    "Comment": "None",
    "Name": "D:\\Users\\jp.botero\\Documents\\Bienestar & Tecnolog\u00eda\\HRV-Bienestar-Tecnologia\\HRV_Reports\\FedericoDeAngulo_07_12_2021\\HRV_interactive.json",
    "ar_abs": [
        1912.4107025953901,
        3693.82311251842,
        5951.017099704493
    ],
    "ar_bands": {
        "hf": [
            0.15,
            0.4
        ],
        "lf": [
            0.04,
            0.15
        ],
        "ulf": null,
        "vlf": [
            0.0,
            0.04
        ]
    },
    "ar_interpolation": "cubic",
    "ar_log": [
        7.55611987315722,
        8.214417274533725,
        8.691317425057711
    ],
    "ar_nfft": 4096.0,
    "ar_norm": [
        38.298437623022885,
        61.70156237697712
    ],
    "ar_order": 16.0,
    "ar_peak": [
        0.0,
        0.0400390625,
        0.150390625
    ],
    "ar_ratio": 0.6207045032187595,
    "ar_rel": [
        16.54728028915046,
        31.96108780317583,
        51.49163190767371
    ],
    "ar_resampling_frequency": 4.0,
    "ar_total": 11557.250914818303,
    "dfa_alpha1": 1.656565172452911,
    "dfa_alpha1_beats": [
        4,
        5,
        6,
        7,
        8,
        9,
        10,
        11,
        12,
        13,
        14,
        15,
        16
    ],
    "dfa_alpha2": 0.7973308902383309,
    "dfa_alpha2_beats": [
        17,
        18,
        19,
        20,
        21,
        22,
        23,
        24,
        25,
        26,
        27,
        28,
        29,
        30,
        31,
        32,
        33,
        34,
        35,
        36,
        37,
        38,
        39,
        40,
        41,
        42,
        43,
        44,
        45,
        46,
        47,
        48,
        49,
        50,
        51,
        52,
        53,
        54,
        55,
        56,
        57,
        58,
        59,
        60,
        61,
        62,
        63,
        64
    ],
    "ellipse_area": 16.509702219272686,
    "fft_abs": [
        2.3519805622987286,
        1.6818814021464,
        2.6182313716970125
    ],
    "fft_bands": {
        "hf": [
            0.15,
            0.4
        ],
        "lf": [
            0.04,
            0.15
        ],
        "ulf": null,
        "vlf": [
            0.0,
            0.04
        ]
    },
    "fft_interpolation": "cubic",
    "fft_log": [
        0.8552577656734589,
        0.5199130490448317,
        0.9624990408542533
    ],
    "fft_nfft": 4096.0,
    "fft_norm": [
        39.11249519726305,
        60.887504802736935
    ],
    "fft_peak": [
        0.029296875,
        0.0400390625,
        0.1650390625
    ],
    "fft_ratio": 0.6423730997678347,
    "fft_rel": [
        35.35699881900262,
        25.283490732284303,
        39.35951044871308
    ],
    "fft_resampling_frequency": 4.0,
    "fft_total": 6.652093336142141,
    "fft_window": "hamming",
    "hr_max": 937.5,
    "hr_mean": 835.3136267770152,
    "hr_min": 666.6666666666666,
    "hr_std": 42.65694624916488,
    "lomb_abs": [
        193.89824870040067,
        422.72680545587286,
        1123.2520690041583
    ],
    "lomb_bands": {
        "hf": [
            0.15,
            0.4
        ],
        "lf": [
            0.04,
            0.15
        ],
        "ulf": null,
        "vlf": [
            0.0,
            0.04
        ]
    },
    "lomb_log": [
        5.267333530234639,
        6.046726120409216,
        7.0239833899286825
    ],
    "lomb_ma": "n/a",
    "lomb_nfft": 256.0,
    "lomb_norm": [
        27.343634019806384,
        72.65636598019361
    ],
    "lomb_peak": [
        0.038588235294117645,
        0.11094117647058824,
        0.377843137254902
    ],
    "lomb_ratio": 0.37634188898547927,
    "lomb_rel": [
        11.144364513983069,
        24.29635977326968,
        64.55927571274725
    ],
    "lomb_total": 1739.877123160432,
    "nn20": 0.0,
    "nn50": 0.0,
    "nni_counter": 436.0,
    "nni_diff_max": 7.0,
    "nni_diff_mean": 0.9747126436781609,
    "nni_diff_min": 0.0,
    "nni_max": 90.0,
    "nni_mean": 72.02064220183486,
    "nni_min": 64.0,
    "pnn20": 0.0,
    "pnn50": 0.0,
    "rmssd": 1.4255468803396039,
    "sampen": 1.2842451067657203,
    "sd1": 1.007825111126687,
    "sd2": 5.2143981890568005,
    "sd_ratio": 5.173911754617249,
    "sdann": "n/a",
    "sdnn": 3.7664014412319036,
    "sdnn_index": "n/a",
    "sdsd": 1.0414473258131953,
    "tinn": 23.4375,
    "tinn_m": 78.125,
    "tinn_n": 54.6875,
    "tri_index": 1.6704980842911878
}