{
    "Comment": "None",
    "Name": "D:\\Users\\jp.botero\\Documents\\Bienestar & Tecnolog\u00eda\\HRV-Bienestar-Tecnologia\\HRV_Reports\\FedericoDeAngulo_07_12_2021\\HRV_video.json",
    "ar_abs": [
        1898.8164222827982,
        3635.595453291904,
        5954.986411955231
    ],
    "ar_bands": {
        "hf": [
            0.15,
            0.4
        ],
        "lf": [
            0.04,
            0.15
        ],
        "ulf": null,
        "vlf": [
            0.0,
            0.04
        ]
    },
    "ar_interpolation": "cubic",
    "ar_log": [
        7.548986035408879,
        8.19852818763648,
        8.691984199999263
    ],
    "ar_nfft": 4096.0,
    "ar_norm": [
        37.907975807662005,
        62.09202419233799
    ],
    "ar_order": 16.0,
    "ar_peak": [
        0.0,
        0.0400390625,
        0.150390625
    ],
    "ar_ratio": 0.6105128041926481,
    "ar_rel": [
        16.526682901607533,
        31.643044851511615,
        51.83027224688086
    ],
    "ar_resampling_frequency": 4.0,
    "ar_total": 11489.398287529933,
    "dfa_alpha1": 1.5943725698498052,
    "dfa_alpha1_beats": [
        4,
        5,
        6,
        7,
        8,
        9,
        10,
        11,
        12,
        13,
        14,
        15,
        16
    ],
    "dfa_alpha2": 0.8842803813726468,
    "dfa_alpha2_beats": [
        17,
        18,
        19,
        20,
        21,
        22,
        23,
        24,
        25,
        26,
        27,
        28,
        29,
        30,
        31,
        32,
        33,
        34,
        35,
        36,
        37,
        38,
        39,
        40,
        41,
        42,
        43,
        44,
        45,
        46,
        47,
        48,
        49,
        50,
        51,
        52,
        53,
        54,
        55,
        56,
        57,
        58,
        59,
        60,
        61,
        62,
        63,
        64
    ],
    "ellipse_area": 13.65029696777488,
    "fft_abs": [
        0.35375803881419104,
        1.6371901235416626,
        0.9227705440118857
    ],
    "fft_bands": {
        "hf": [
            0.15,
            0.4
        ],
        "lf": [
            0.04,
            0.15
        ],
        "ulf": null,
        "vlf": [
            0.0,
            0.04
        ]
    },
    "fft_interpolation": "cubic",
    "fft_log": [
        -1.0391421057198045,
        0.49298143308777986,
        -0.08037467342185924
    ],
    "fft_nfft": 4096.0,
    "fft_norm": [
        63.95372180097828,
        36.04627819902173
    ],
    "fft_peak": [
        0.025390625,
        0.115234375,
        0.21484375
    ],
    "fft_ratio": 1.7742115135402228,
    "fft_rel": [
        12.141118428524905,
        56.18902469767215,
        31.66985687380295
    ],
    "fft_resampling_frequency": 4.0,
    "fft_total": 2.913718706367739,
    "fft_window": "hamming",
    "hr_max": 952.3809523809524,
    "hr_mean": 875.516669206406,
    "hr_min": 652.1739130434783,
    "hr_std": 39.6836817369957,
    "lomb_abs": [
        124.60083934399579,
        440.1999058794306,
        931.8145037760215
    ],
    "lomb_bands": {
        "hf": [
            0.15,
            0.4
        ],
        "lf": [
            0.04,
            0.15
        ],
        "ulf": null,
        "vlf": [
            0.0,
            0.04
        ]
    },
    "lomb_log": [
        4.825115342638816,
        6.087228955279142,
        6.837133764593197
    ],
    "lomb_ma": "n/a",
    "lomb_nfft": 256.0,
    "lomb_norm": [
        32.084204275228856,
        67.91579572477114
    ],
    "lomb_peak": [
        0.030549019607843137,
        0.05788235294117647,
        0.30227450980392156
    ],
    "lomb_ratio": 0.4724115197773747,
    "lomb_rel": [
        8.325509139860552,
        29.41303091584315,
        62.26145994429629
    ],
    "lomb_total": 1496.6152489994479,
    "nn20": 0.0,
    "nn50": 0.0,
    "nni_counter": 456.0,
    "nni_diff_max": 11.0,
    "nni_diff_mean": 0.8483516483516483,
    "nni_diff_min": 0.0,
    "nni_max": 92.0,
    "nni_mean": 68.6798245614035,
    "nni_min": 63.0,
    "pnn20": 0.0,
    "pnn50": 0.0,
    "rmssd": 1.3408214638057514,
    "sampen": 1.1382594250152405,
    "sd1": 0.9480835702748431,
    "sd2": 4.582955142791654,
    "sd_ratio": 4.833914737561675,
    "sdann": "n/a",
    "sdnn": 3.310739894717242,
    "sdnn_index": "n/a",
    "sdsd": 1.039459644162288,
    "tinn": 23.4375,
    "tinn_m": 78.125,
    "tinn_n": 54.6875,
    "tri_index": 1.2954545454545454
}