{
    "Comment": "None",
    "Name": "D:\\Users\\jp.botero\\Documents\\Bienestar & Tecnolog\u00eda\\HRV-Bienestar-Tecnologia\\HRV_Reports\\FedericoDeAngulo_07_12_2021\\HRV_baseline.json",
    "ar_abs": [
        1893.4851679407182,
        3598.996157592238,
        5846.191783427477
    ],
    "ar_bands": {
        "hf": [
            0.15,
            0.4
        ],
        "lf": [
            0.04,
            0.15
        ],
        "ulf": null,
        "vlf": [
            0.0,
            0.04
        ]
    },
    "ar_interpolation": "cubic",
    "ar_log": [
        7.54617441416658,
        8.188410240446407,
        8.673545751056366
    ],
    "ar_nfft": 4096.0,
    "ar_norm": [
        38.104018470210406,
        61.8959815297896
    ],
    "ar_order": 16.0,
    "ar_peak": [
        0.0,
        0.0400390625,
        0.150390625
    ],
    "ar_ratio": 0.6156137689144087,
    "ar_rel": [
        16.699354057966303,
        31.740893515557094,
        51.559752426476614
    ],
    "ar_resampling_frequency": 4.0,
    "ar_total": 11338.673108960433,
    "dfa_alpha1": 1.5591812831227898,
    "dfa_alpha1_beats": [
        4,
        5,
        6,
        7,
        8,
        9,
        10,
        11,
        12,
        13,
        14,
        15,
        16
    ],
    "dfa_alpha2": 0.7940702057963438,
    "dfa_alpha2_beats": [
        17,
        18,
        19,
        20,
        21,
        22,
        23,
        24,
        25,
        26,
        27,
        28,
        29,
        30,
        31,
        32,
        33,
        34,
        35,
        36,
        37,
        38,
        39,
        40,
        41,
        42,
        43,
        44,
        45,
        46,
        47,
        48,
        49,
        50,
        51,
        52,
        53,
        54,
        55,
        56,
        57,
        58,
        59,
        60,
        61,
        62,
        63,
        64
    ],
    "ellipse_area": 5.64791077201694,
    "fft_abs": [
        0.06355336738945691,
        0.8731790508467783,
        0.42724289460952614
    ],
    "fft_bands": {
        "hf": [
            0.15,
            0.4
        ],
        "lf": [
            0.04,
            0.15
        ],
        "ulf": null,
        "vlf": [
            0.0,
            0.04
        ]
    },
    "fft_interpolation": "cubic",
    "fft_log": [
        -2.7558752947181233,
        -0.13561464583695274,
        -0.8504025876466069
    ],
    "fft_nfft": 4096.0,
    "fft_norm": [
        67.14582554513788,
        32.85417445486212
    ],
    "fft_peak": [
        0.0224609375,
        0.1015625,
        0.1943359375
    ],
    "fft_ratio": 2.0437532416889237,
    "fft_rel": [
        4.6594221164355885,
        64.01721809942448,
        31.323359784139942
    ],
    "fft_resampling_frequency": 4.0,
    "fft_total": 1.3639753128457612,
    "fft_window": "hamming",
    "hr_max": 983.6065573770492,
    "hr_mean": 893.3732207068975,
    "hr_min": 821.917808219178,
    "hr_std": 27.126992121031314,
    "lomb_abs": [
        118.67305906110033,
        364.7863280334742,
        1070.386245114101
    ],
    "lomb_bands": {
        "hf": [
            0.15,
            0.4
        ],
        "lf": [
            0.04,
            0.15
        ],
        "ulf": null,
        "vlf": [
            0.0,
            0.04
        ]
    },
    "lomb_log": [
        4.776372309225484,
        5.8993117795194445,
        6.975774839061673
    ],
    "lomb_ma": "n/a",
    "lomb_nfft": 256.0,
    "lomb_norm": [
        25.417593316560968,
        74.58240668343902
    ],
    "lomb_peak": [
        0.011254901960784314,
        0.06913725490196078,
        0.27172549019607845
    ],
    "lomb_ratio": 0.3407987814665805,
    "lomb_rel": [
        7.637377652013955,
        23.47635572492215,
        68.8862666230639
    ],
    "lomb_total": 1553.8456322086756,
    "nn20": 0.0,
    "nn50": 0.0,
    "nni_counter": 467.0,
    "nni_diff_max": 3.0,
    "nni_diff_mean": 0.6523605150214592,
    "nni_diff_min": 0.0,
    "nni_max": 73.0,
    "nni_mean": 67.22269807280514,
    "nni_min": 61.0,
    "pnn20": 0.0,
    "pnn50": 0.0,
    "rmssd": 0.9077633693666806,
    "sampen": 1.0895847345398884,
    "sd1": 0.641878460000882,
    "sd2": 2.8008196988171985,
    "sd_ratio": 4.3634735753764815,
    "sdann": "n/a",
    "sdnn": 2.0323770942616775,
    "sdnn_index": "n/a",
    "sdsd": 0.6319153397656462,
    "tinn": 15.625,
    "tinn_m": 70.3125,
    "tinn_n": 54.6875,
    "tri_index": 1.0735632183908046
}