{
    "Comment": "None",
    "Name": "C:\\Users\\facartesvirtual1\\Documents\\HRV-Bienestar-Tecnologia\\HRV_Reports\\Grupo_Control\\10-03-222_MartinManrique\\Momento_1.json",
    "ar_abs": [
        2487.0103152270426,
        5137.42390996034,
        9153.094874063496
    ],
    "ar_bands": {
        "hf": [
            0.15,
            0.4
        ],
        "lf": [
            0.04,
            0.15
        ],
        "ulf": null,
        "vlf": [
            0.0,
            0.04
        ]
    },
    "ar_interpolation": "cubic",
    "ar_log": [
        7.8188365914534455,
        8.544307047981494,
        9.121847338682691
    ],
    "ar_nfft": 4096.0,
    "ar_norm": [
        35.94987689112974,
        64.05012310887027
    ],
    "ar_order": 16.0,
    "ar_peak": [
        0.0,
        0.0400390625,
        0.150390625
    ],
    "ar_ratio": 0.5612772489136881,
    "ar_rel": [
        14.823460001258995,
        30.620861269671273,
        54.55567872906973
    ],
    "ar_resampling_frequency": 4.0,
    "ar_total": 16777.529099250878,
    "dfa_alpha1": 1.5963007956787598,
    "dfa_alpha1_beats": [
        4,
        5,
        6,
        7,
        8,
        9,
        10,
        11,
        12,
        13,
        14,
        15,
        16
    ],
    "dfa_alpha2": 1.312419190020999,
    "dfa_alpha2_beats": [
        17,
        18,
        19,
        20,
        21,
        22,
        23,
        24,
        25,
        26,
        27,
        28,
        29,
        30,
        31,
        32,
        33,
        34,
        35,
        36,
        37,
        38,
        39,
        40,
        41,
        42,
        43,
        44,
        45,
        46,
        47,
        48,
        49,
        50,
        51,
        52,
        53,
        54,
        55,
        56,
        57,
        58,
        59,
        60,
        61,
        62,
        63,
        64
    ],
    "ellipse_area": 5142.417326432289,
    "fft_abs": [
        6145.99276363279,
        1607.751772924661,
        175.2086653893178
    ],
    "fft_bands": {
        "hf": [
            0.15,
            0.4
        ],
        "lf": [
            0.04,
            0.15
        ],
        "ulf": null,
        "vlf": [
            0.0,
            0.04
        ]
    },
    "fft_interpolation": "cubic",
    "fft_log": [
        8.723555565278867,
        7.382592067750897,
        5.165977637263877
    ],
    "fft_nfft": 4096.0,
    "fft_norm": [
        90.17316023259606,
        9.826839767403948
    ],
    "fft_peak": [
        0.0126953125,
        0.05859375,
        0.1669921875
    ],
    "fft_ratio": 9.176211515293486,
    "fft_rel": [
        77.51329345876056,
        20.276973920465508,
        2.2097326207739427
    ],
    "fft_resampling_frequency": 4.0,
    "fft_total": 7928.953201946769,
    "fft_window": "hamming",
    "hr_max": 104.16666666666667,
    "hr_mean": 77.84494980138152,
    "hr_min": 63.96588486140725,
    "hr_std": 7.9593440649297085,
    "lomb_abs": [
        168.00166234118055,
        735.2124834857332,
        1639.3115633522157
    ],
    "lomb_bands": {
        "hf": [
            0.15,
            0.4
        ],
        "lf": [
            0.04,
            0.15
        ],
        "ulf": null,
        "vlf": [
            0.0,
            0.04
        ]
    },
    "lomb_log": [
        5.123973874242284,
        6.600159550611324,
        7.402031654242838
    ],
    "lomb_ma": "n/a",
    "lomb_nfft": 256.0,
    "lomb_norm": [
        30.962520024372203,
        69.0374799756278
    ],
    "lomb_peak": [
        0.02411764705882353,
        0.10450980392156863,
        0.3955294117647059
    ],
    "lomb_ratio": 0.44848856063840775,
    "lomb_rel": [
        6.607668183438781,
        28.9166194399309,
        64.47571237663031
    ],
    "lomb_total": 2542.5257091791295,
    "nn20": 107.0,
    "nn50": 11.0,
    "nni_counter": 309.0,
    "nni_diff_max": 92.0,
    "nni_diff_mean": 17.12012987012987,
    "nni_diff_min": 0.0,
    "nni_max": 938.0,
    "nni_mean": 778.1877022653722,
    "nni_min": 576.0,
    "pnn20": 34.74025974025974,
    "pnn50": 3.571428571428571,
    "rmssd": 22.587420358278155,
    "sampen": 1.037664259054728,
    "sd1": 15.970739783140267,
    "sd2": 102.49257680688109,
    "sd_ratio": 6.417522181100139,
    "sdann": "n/a",
    "sdnn": 73.42425006512053,
    "sdnn_index": "n/a",
    "sdsd": 14.758043706898963,
    "tinn": 195.3125,
    "tinn_m": 890.625,
    "tinn_n": 695.3125,
    "tri_index": 13.434782608695652
}