{
    "Comment": "None",
    "Name": "C:\\Users\\facartesvirtual1\\Documents\\HRV-Bienestar-Tecnologia\\HRV_Reports\\Grupo_Control\\10-03-222_MartinManrique\\Momento_6.json",
    "ar_abs": [
        2553.133478359753,
        5365.73583440437,
        9903.227015396986
    ],
    "ar_bands": {
        "hf": [
            0.15,
            0.4
        ],
        "lf": [
            0.04,
            0.15
        ],
        "ulf": null,
        "vlf": [
            0.0,
            0.04
        ]
    },
    "ar_interpolation": "cubic",
    "ar_log": [
        7.845076698820236,
        8.587788800255376,
        9.200615944160097
    ],
    "ar_nfft": 4096.0,
    "ar_norm": [
        35.14145582241807,
        64.85854417758193
    ],
    "ar_order": 16.0,
    "ar_peak": [
        0.0,
        0.0400390625,
        0.150390625
    ],
    "ar_ratio": 0.5418169073638343,
    "ar_rel": [
        14.325663105778908,
        30.10720925083233,
        55.56712764338877
    ],
    "ar_resampling_frequency": 4.0,
    "ar_total": 17822.096328161108,
    "dfa_alpha1": 1.180139071577522,
    "dfa_alpha1_beats": [
        4,
        5,
        6,
        7,
        8,
        9,
        10,
        11,
        12,
        13,
        14,
        15,
        16
    ],
    "dfa_alpha2": 0.6368744358880966,
    "dfa_alpha2_beats": [
        17,
        18,
        19,
        20,
        21,
        22,
        23,
        24,
        25,
        26,
        27,
        28,
        29,
        30,
        31,
        32,
        33,
        34,
        35,
        36,
        37,
        38,
        39,
        40,
        41,
        42,
        43,
        44,
        45,
        46,
        47,
        48,
        49,
        50,
        51,
        52,
        53,
        54,
        55,
        56,
        57,
        58,
        59,
        60,
        61,
        62,
        63,
        64
    ],
    "ellipse_area": 14032.4716700122,
    "fft_abs": [
        1921.8736987256834,
        1686.8001873685794,
        1088.9710553702093
    ],
    "fft_bands": {
        "hf": [
            0.15,
            0.4
        ],
        "lf": [
            0.04,
            0.15
        ],
        "ulf": null,
        "vlf": [
            0.0,
            0.04
        ]
    },
    "fft_interpolation": "cubic",
    "fft_log": [
        7.56105587390883,
        7.430588632951708,
        6.992988543489013
    ],
    "fft_nfft": 4096.0,
    "fft_norm": [
        60.76870317686025,
        39.23129682313976
    ],
    "fft_peak": [
        0.00390625,
        0.095703125,
        0.1904296875
    ],
    "fft_ratio": 1.5489853279848016,
    "fft_rel": [
        40.91142950719785,
        35.90735801422076,
        23.181212478581383
    ],
    "fft_resampling_frequency": 4.0,
    "fft_total": 4697.644941464472,
    "fft_window": "hamming",
    "hr_max": 75.75757575757575,
    "hr_mean": 58.961915015320955,
    "hr_min": 50.67567567567568,
    "hr_std": 4.905531321972021,
    "lomb_abs": [
        225.68248026853632,
        848.4176124452899,
        2090.228524203687
    ],
    "lomb_bands": {
        "hf": [
            0.15,
            0.4
        ],
        "lf": [
            0.04,
            0.15
        ],
        "ulf": null,
        "vlf": [
            0.0,
            0.04
        ]
    },
    "lomb_log": [
        5.419129056834237,
        6.743372982075816,
        7.645028680705738
    ],
    "lomb_ma": "n/a",
    "lomb_nfft": 256.0,
    "lomb_norm": [
        28.871036967137705,
        71.1289630328623
    ],
    "lomb_peak": [
        0.00803921568627451,
        0.07074509803921569,
        0.18650980392156863
    ],
    "lomb_ratio": 0.40589705987698693,
    "lomb_rel": [
        7.132081006440531,
        26.81193122324205,
        66.05598777031743
    ],
    "lomb_total": 3164.328616917513,
    "nn20": 175.0,
    "nn50": 95.0,
    "nni_counter": 235.0,
    "nni_diff_max": 185.0,
    "nni_diff_mean": 48.363247863247864,
    "nni_diff_min": 0.0,
    "nni_max": 1184.0,
    "nni_mean": 1024.1702127659576,
    "nni_min": 792.0,
    "pnn20": 74.78632478632478,
    "pnn50": 40.598290598290596,
    "rmssd": 60.86130372082322,
    "sampen": 1.784933504157655,
    "sd1": 43.03361989202199,
    "sd2": 103.79499729203418,
    "sd_ratio": 2.411951342984204,
    "sdann": "n/a",
    "sdnn": 79.6399266219382,
    "sdnn_index": "n/a",
    "sdsd": 37.02638682878675,
    "tinn": 179.6875,
    "tinn_m": 1171.875,
    "tinn_n": 992.1875,
    "tri_index": 14.6875
}