{
    "Comment": "None",
    "Name": "C:\\Users\\facartesvirtual1\\Documents\\HRV-Bienestar-Tecnologia\\HRV_Reports\\Grupo_Control\\10-03-222_MartinManrique\\Momento_5.json",
    "ar_abs": [
        2478.466230762084,
        5086.823554780482,
        9146.30703886777
    ],
    "ar_bands": {
        "hf": [
            0.15,
            0.4
        ],
        "lf": [
            0.04,
            0.15
        ],
        "ulf": null,
        "vlf": [
            0.0,
            0.04
        ]
    },
    "ar_interpolation": "cubic",
    "ar_log": [
        7.815395192498769,
        8.534408858705282,
        9.1211054744907
    ],
    "ar_nfft": 4096.0,
    "ar_norm": [
        35.73931624747793,
        64.26068375252207
    ],
    "ar_order": 16.0,
    "ar_peak": [
        0.0,
        0.0400390625,
        0.150390625
    ],
    "ar_ratio": 0.5561614685756476,
    "ar_rel": [
        14.830816329543278,
        30.43888389737986,
        54.730299773076865
    ],
    "ar_resampling_frequency": 4.0,
    "ar_total": 16711.596824410335,
    "dfa_alpha1": 1.6212484848522373,
    "dfa_alpha1_beats": [
        4,
        5,
        6,
        7,
        8,
        9,
        10,
        11,
        12,
        13,
        14,
        15,
        16
    ],
    "dfa_alpha2": 1.009025098591816,
    "dfa_alpha2_beats": [
        17,
        18,
        19,
        20,
        21,
        22,
        23,
        24,
        25,
        26,
        27,
        28,
        29,
        30,
        31,
        32,
        33,
        34,
        35,
        36,
        37,
        38,
        39,
        40,
        41,
        42,
        43,
        44,
        45,
        46,
        47,
        48,
        49,
        50,
        51,
        52,
        53,
        54,
        55,
        56,
        57,
        58,
        59,
        60,
        61,
        62,
        63,
        64
    ],
    "ellipse_area": 3826.4957734857358,
    "fft_abs": [
        2470.949447879914,
        1319.0756614259,
        151.36676715706938
    ],
    "fft_bands": {
        "hf": [
            0.15,
            0.4
        ],
        "lf": [
            0.04,
            0.15
        ],
        "ulf": null,
        "vlf": [
            0.0,
            0.04
        ]
    },
    "fft_interpolation": "cubic",
    "fft_log": [
        7.812357747616617,
        7.184686513790787,
        5.019705813322843
    ],
    "fft_nfft": 4096.0,
    "fft_norm": [
        89.7060392018926,
        10.293960798107406
    ],
    "fft_peak": [
        0.0126953125,
        0.0419921875,
        0.1728515625
    ],
    "fft_ratio": 8.714433730735157,
    "fft_rel": [
        62.6923057977532,
        33.467254786389724,
        3.8404394158570754
    ],
    "fft_resampling_frequency": 4.0,
    "fft_total": 3941.3918764628834,
    "fft_window": "hamming",
    "hr_max": 95.23809523809524,
    "hr_mean": 78.15713016853206,
    "hr_min": 63.96588486140725,
    "hr_std": 6.218740690835315,
    "lomb_abs": [
        372.95852047165926,
        786.6246581856179,
        1680.803537480027
    ],
    "lomb_bands": {
        "hf": [
            0.15,
            0.4
        ],
        "lf": [
            0.04,
            0.15
        ],
        "ulf": null,
        "vlf": [
            0.0,
            0.04
        ]
    },
    "lomb_log": [
        5.921467208290248,
        6.66775120731418,
        7.427027254169239
    ],
    "lomb_ma": "n/a",
    "lomb_nfft": 256.0,
    "lomb_norm": [
        31.880346490626366,
        68.11965350937363
    ],
    "lomb_peak": [
        0.00803921568627451,
        0.09486274509803921,
        0.36498039215686273
    ],
    "lomb_ratio": 0.46800511817400037,
    "lomb_rel": [
        13.130554313352535,
        27.694280279389694,
        59.175165407257765
    ],
    "lomb_total": 2840.386716137304,
    "nn20": 90.0,
    "nn50": 8.0,
    "nni_counter": 312.0,
    "nni_diff_max": 85.0,
    "nni_diff_mean": 15.19935691318328,
    "nni_diff_min": 0.0,
    "nni_max": 938.0,
    "nni_mean": 772.525641025641,
    "nni_min": 630.0,
    "pnn20": 28.938906752411576,
    "pnn50": 2.572347266881029,
    "rmssd": 20.19351715398364,
    "sampen": 1.0193112832351396,
    "sd1": 14.2750607572089,
    "sd2": 85.32443082779211,
    "sd_ratio": 5.977167612733509,
    "sdann": "n/a",
    "sdnn": 61.390893332429044,
    "sdnn_index": "n/a",
    "sdsd": 13.316451124561949,
    "tinn": 242.1875,
    "tinn_m": 859.375,
    "tinn_n": 617.1875,
    "tri_index": 15.6
}