{
    "Comment": "None",
    "Name": "C:\\Users\\facartesvirtual1\\Documents\\HRV-Bienestar-Tecnologia\\HRV_Reports\\Grupo_Control\\10-03-222_MartinManrique\\Momento_4.json",
    "ar_abs": [
        2510.2821165656696,
        5204.6427675326495,
        9383.790154264676
    ],
    "ar_bands": {
        "hf": [
            0.15,
            0.4
        ],
        "lf": [
            0.04,
            0.15
        ],
        "ulf": null,
        "vlf": [
            0.0,
            0.04
        ]
    },
    "ar_interpolation": "cubic",
    "ar_log": [
        7.828150422847871,
        8.557306346135178,
        9.14673902800577
    ],
    "ar_nfft": 4096.0,
    "ar_norm": [
        35.676503401240076,
        64.32349659875993
    ],
    "ar_order": 16.0,
    "ar_peak": [
        0.0,
        0.0400390625,
        0.150390625
    ],
    "ar_ratio": 0.5546418538747141,
    "ar_rel": [
        14.681115574670692,
        30.438794703902694,
        54.88008972142661
    ],
    "ar_resampling_frequency": 4.0,
    "ar_total": 17098.715038362996,
    "dfa_alpha1": 1.4398430651679812,
    "dfa_alpha1_beats": [
        4,
        5,
        6,
        7,
        8,
        9,
        10,
        11,
        12,
        13,
        14,
        15,
        16
    ],
    "dfa_alpha2": 0.8550433750912512,
    "dfa_alpha2_beats": [
        17,
        18,
        19,
        20,
        21,
        22,
        23,
        24,
        25,
        26,
        27,
        28,
        29,
        30,
        31,
        32,
        33,
        34,
        35,
        36,
        37,
        38,
        39,
        40,
        41,
        42,
        43,
        44,
        45,
        46,
        47,
        48,
        49,
        50,
        51,
        52,
        53,
        54,
        55,
        56,
        57,
        58,
        59,
        60,
        61,
        62,
        63,
        64
    ],
    "ellipse_area": 5064.465988330232,
    "fft_abs": [
        1488.0456431912214,
        1287.7135537435465,
        357.4971743038331
    ],
    "fft_bands": {
        "hf": [
            0.15,
            0.4
        ],
        "lf": [
            0.04,
            0.15
        ],
        "ulf": null,
        "vlf": [
            0.0,
            0.04
        ]
    },
    "fft_interpolation": "cubic",
    "fft_log": [
        7.305218889110242,
        7.160623485768762,
        5.879127458057603
    ],
    "fft_nfft": 4096.0,
    "fft_norm": [
        78.2704325829355,
        21.7295674170645
    ],
    "fft_peak": [
        0.005859375,
        0.0771484375,
        0.154296875
    ],
    "fft_ratio": 3.60202442509135,
    "fft_rel": [
        47.49198491545667,
        41.09825054738509,
        11.409764537158242
    ],
    "fft_resampling_frequency": 4.0,
    "fft_total": 3133.256371238601,
    "fft_window": "hamming",
    "hr_max": 88.75739644970415,
    "hr_mean": 69.03569523886019,
    "hr_min": 60.0,
    "hr_std": 4.914259927450604,
    "lomb_abs": [
        317.51569278133525,
        715.835535403731,
        1775.7576365315106
    ],
    "lomb_bands": {
        "hf": [
            0.15,
            0.4
        ],
        "lf": [
            0.04,
            0.15
        ],
        "ulf": null,
        "vlf": [
            0.0,
            0.04
        ]
    },
    "lomb_log": [
        5.760527243194264,
        6.573450441418953,
        7.481982448322853
    ],
    "lomb_ma": "n/a",
    "lomb_nfft": 256.0,
    "lomb_norm": [
        28.7300327945487,
        71.2699672054513
    ],
    "lomb_peak": [
        0.00803921568627451,
        0.11415686274509804,
        0.35533333333333333
    ],
    "lomb_ratio": 0.40311556074844374,
    "lomb_rel": [
        11.303075390542785,
        25.48265552805319,
        63.21426908140402
    ],
    "lomb_total": 2809.108864716577,
    "nn20": 129.0,
    "nn50": 21.0,
    "nni_counter": 275.0,
    "nni_diff_max": 100.0,
    "nni_diff_mean": 21.82116788321168,
    "nni_diff_min": 0.0,
    "nni_max": 1000.0,
    "nni_mean": 873.2618181818182,
    "nni_min": 676.0,
    "pnn20": 47.08029197080292,
    "pnn50": 7.664233576642336,
    "rmssd": 28.27581825182463,
    "sampen": 1.2830173768531703,
    "sd1": 19.99322988003065,
    "sd2": 80.63077361688414,
    "sd_ratio": 4.0329038429863004,
    "sdann": "n/a",
    "sdnn": 58.77990461427419,
    "sdnn_index": "n/a",
    "sdsd": 18.015076838660654,
    "tinn": 210.9375,
    "tinn_m": 992.1875,
    "tinn_n": 781.25,
    "tri_index": 13.095238095238095
}