{
    "Comment": "None",
    "Name": "C:\\Users\\admin\\HRV-Bienestar-Tecnologia\\HRV_Reports\\Grupo_Control\\08-03-2022_FelipeLosada\\Momento_4.json",
    "ar_abs": [
        2483.697362844232,
        5261.867632371471,
        9457.990627424308
    ],
    "ar_bands": {
        "hf": [
            0.15,
            0.4
        ],
        "lf": [
            0.04,
            0.15
        ],
        "ulf": null,
        "vlf": [
            0.0,
            0.04
        ]
    },
    "ar_interpolation": "cubic",
    "ar_log": [
        7.81750360102716,
        8.568241305900232,
        9.154615232235294
    ],
    "ar_nfft": 4096.0,
    "ar_norm": [
        35.74672758054447,
        64.25327241945553
    ],
    "ar_order": 16.0,
    "ar_peak": [
        0.0,
        0.0400390625,
        0.150390625
    ],
    "ar_ratio": 0.5563409649734907,
    "ar_rel": [
        14.437116473618206,
        30.58593088423426,
        54.97695264214752
    ],
    "ar_resampling_frequency": 4.0,
    "ar_total": 17203.55562264001,
    "dfa_alpha1": 1.190281872929416,
    "dfa_alpha1_beats": [
        4,
        5,
        6,
        7,
        8,
        9,
        10,
        11,
        12,
        13,
        14,
        15,
        16
    ],
    "dfa_alpha2": 0.6651259651869633,
    "dfa_alpha2_beats": [
        17,
        18,
        19,
        20,
        21,
        22,
        23,
        24,
        25,
        26,
        27,
        28,
        29,
        30,
        31,
        32,
        33,
        34,
        35,
        36,
        37,
        38,
        39,
        40,
        41,
        42,
        43,
        44,
        45,
        46,
        47,
        48,
        49,
        50,
        51,
        52,
        53,
        54,
        55,
        56,
        57,
        58,
        59,
        60,
        61,
        62,
        63,
        64
    ],
    "ellipse_area": 6742.2532468744275,
    "fft_abs": [
        632.8189009340491,
        1508.8550917015348,
        755.1636476919691
    ],
    "fft_bands": {
        "hf": [
            0.15,
            0.4
        ],
        "lf": [
            0.04,
            0.15
        ],
        "ulf": null,
        "vlf": [
            0.0,
            0.04
        ]
    },
    "fft_interpolation": "cubic",
    "fft_log": [
        6.450184284740077,
        7.319106424800562,
        6.626934477671616
    ],
    "fft_nfft": 4096.0,
    "fft_norm": [
        66.64499129127059,
        33.355008708729414
    ],
    "fft_peak": [
        0.0078125,
        0.0859375,
        0.2177734375
    ],
    "fft_ratio": 1.998050483909146,
    "fft_rel": [
        21.845162881220176,
        52.08628439151751,
        26.068552727262293
    ],
    "fft_resampling_frequency": 4.0,
    "fft_total": 2896.8376403275533,
    "fft_window": "hamming",
    "hr_max": 83.91608391608392,
    "hr_mean": 74.9622464832442,
    "hr_min": 61.47540983606557,
    "hr_std": 5.239129333904882,
    "lomb_abs": [
        332.83515386149196,
        758.7250629235938,
        1807.1298718328053
    ],
    "lomb_bands": {
        "hf": [
            0.15,
            0.4
        ],
        "lf": [
            0.04,
            0.15
        ],
        "ulf": null,
        "vlf": [
            0.0,
            0.04
        ]
    },
    "lomb_log": [
        5.8076473339619605,
        6.631639475835051,
        7.499495159527473
    ],
    "lomb_ma": "n/a",
    "lomb_nfft": 256.0,
    "lomb_norm": [
        29.57006854308491,
        70.42993145691509
    ],
    "lomb_peak": [
        0.00803921568627451,
        0.10129411764705883,
        0.34890196078431374
    ],
    "lomb_ratio": 0.41985087776457863,
    "lomb_rel": [
        11.48226073454404,
        26.174756173584512,
        62.34298309187145
    ],
    "lomb_total": 2898.690088617891,
    "nn20": 161.0,
    "nn50": 51.0,
    "nni_counter": 298.0,
    "nni_diff_max": 154.0,
    "nni_diff_mean": 29.074074074074073,
    "nni_diff_min": 0.0,
    "nni_max": 976.0,
    "nni_mean": 804.489932885906,
    "nni_min": 715.0,
    "pnn20": 54.20875420875421,
    "pnn50": 17.17171717171717,
    "rmssd": 38.91132109156548,
    "sampen": 1.2887693409860128,
    "sd1": 27.509336103912997,
    "sd2": 78.01445500277347,
    "sd_ratio": 2.8359264908496464,
    "sdann": "n/a",
    "sdnn": 58.86549382242914,
    "sdnn_index": "n/a",
    "sdsd": 25.904604774992197,
    "tinn": 164.0625,
    "tinn_m": 867.1875,
    "tinn_n": 703.125,
    "tri_index": 11.92
}