{
    "Comment": "None",
    "Name": "C:\\Users\\admin\\HRV-Bienestar-Tecnologia\\HRV_Reports\\Grupo_Control\\08-03-2022_FelipeLosada\\Momento_2.json",
    "ar_abs": [
        2479.7060750542073,
        5270.695628719465,
        9311.295679603576
    ],
    "ar_bands": {
        "hf": [
            0.15,
            0.4
        ],
        "lf": [
            0.04,
            0.15
        ],
        "ulf": null,
        "vlf": [
            0.0,
            0.04
        ]
    },
    "ar_interpolation": "cubic",
    "ar_log": [
        7.815895314011897,
        8.569917630683937,
        9.138983531329286
    ],
    "ar_nfft": 4096.0,
    "ar_norm": [
        36.14523913281365,
        63.85476086718635
    ],
    "ar_order": 16.0,
    "ar_peak": [
        0.0,
        0.0400390625,
        0.150390625
    ],
    "ar_ratio": 0.5660539424459414,
    "ar_rel": [
        14.53375956292671,
        30.89197698380562,
        54.57426345326767
    ],
    "ar_resampling_frequency": 4.0,
    "ar_total": 17061.69738337725,
    "dfa_alpha1": 1.2318884153001388,
    "dfa_alpha1_beats": [
        4,
        5,
        6,
        7,
        8,
        9,
        10,
        11,
        12,
        13,
        14,
        15,
        16
    ],
    "dfa_alpha2": 0.5697986071164789,
    "dfa_alpha2_beats": [
        17,
        18,
        19,
        20,
        21,
        22,
        23,
        24,
        25,
        26,
        27,
        28,
        29,
        30,
        31,
        32,
        33,
        34,
        35,
        36,
        37,
        38,
        39,
        40,
        41,
        42,
        43,
        44,
        45,
        46,
        47,
        48,
        49,
        50,
        51,
        52,
        53,
        54,
        55,
        56,
        57,
        58,
        59,
        60,
        61,
        62,
        63,
        64
    ],
    "ellipse_area": 9062.183155091283,
    "fft_abs": [
        625.4183136108435,
        2752.321887398213,
        774.4266064445544
    ],
    "fft_bands": {
        "hf": [
            0.15,
            0.4
        ],
        "lf": [
            0.04,
            0.15
        ],
        "ulf": null,
        "vlf": [
            0.0,
            0.04
        ]
    },
    "fft_interpolation": "cubic",
    "fft_log": [
        6.4384207276312075,
        7.920200157110981,
        6.6521228928677125
    ],
    "fft_nfft": 4096.0,
    "fft_norm": [
        78.04134295948236,
        21.95865704051763
    ],
    "fft_peak": [
        0.00390625,
        0.091796875,
        0.1533203125
    ],
    "fft_ratio": 3.5540125616736122,
    "fft_rel": [
        15.062456365870142,
        66.28639972887127,
        18.65114390525859
    ],
    "fft_resampling_frequency": 4.0,
    "fft_total": 4152.166807453611,
    "fft_window": "hamming",
    "hr_max": 88.75739644970415,
    "hr_mean": 75.18452131931247,
    "hr_min": 53.097345132743364,
    "hr_std": 6.000677369273659,
    "lomb_abs": [
        359.88525137489654,
        804.6767832208362,
        1819.88423718848
    ],
    "lomb_bands": {
        "hf": [
            0.15,
            0.4
        ],
        "lf": [
            0.04,
            0.15
        ],
        "ulf": null,
        "vlf": [
            0.0,
            0.04
        ]
    },
    "lomb_log": [
        5.885785234458951,
        6.690440685264316,
        7.506528172107502
    ],
    "lomb_ma": "n/a",
    "lomb_nfft": 256.0,
    "lomb_norm": [
        30.659480841308156,
        69.34051915869183
    ],
    "lomb_peak": [
        0.00803921568627451,
        0.04984313725490196,
        0.21705882352941178
    ],
    "lomb_ratio": 0.44215822456046594,
    "lomb_rel": [
        12.058694263567487,
        26.96234778385776,
        60.97895795257477
    ],
    "lomb_total": 2984.4462717842125,
    "nn20": 180.0,
    "nn50": 51.0,
    "nni_counter": 299.0,
    "nni_diff_max": 292.0,
    "nni_diff_mean": 31.288590604026847,
    "nni_diff_min": 0.0,
    "nni_max": 1130.0,
    "nni_mean": 803.5050167224081,
    "nni_min": 676.0,
    "pnn20": 60.40268456375839,
    "pnn50": 17.114093959731544,
    "rmssd": 43.93925031359554,
    "sampen": 1.2067544472878127,
    "sd1": 31.069741856996536,
    "sd2": 92.84217750989127,
    "sd_ratio": 2.988186317646676,
    "sdann": "n/a",
    "sdnn": 69.30824888864086,
    "sdnn_index": "n/a",
    "sdsd": 30.90123188505029,
    "tinn": 156.25,
    "tinn_m": 875.0,
    "tinn_n": 718.75,
    "tri_index": 10.310344827586206
}