{
    "Comment": "None",
    "Name": "C:\\Users\\admin\\HRV-Bienestar-Tecnologia\\HRV_Reports\\Grupo_Control\\08-03-2022_FelipeLosada\\Momento_3.json",
    "ar_abs": [
        2475.4396006812317,
        5317.681586646341,
        9302.669113393678
    ],
    "ar_bands": {
        "hf": [
            0.15,
            0.4
        ],
        "lf": [
            0.04,
            0.15
        ],
        "ulf": null,
        "vlf": [
            0.0,
            0.04
        ]
    },
    "ar_interpolation": "cubic",
    "ar_log": [
        7.81417327566772,
        8.578792695366996,
        9.138056639404493
    ],
    "ar_nfft": 4096.0,
    "ar_norm": [
        36.371778596472275,
        63.62822140352772
    ],
    "ar_order": 16.0,
    "ar_peak": [
        0.0,
        0.0400390625,
        0.150390625
    ],
    "ar_ratio": 0.5716296604584288,
    "ar_rel": [
        14.479819634760002,
        31.10521065774885,
        54.414969707491146
    ],
    "ar_resampling_frequency": 4.0,
    "ar_total": 17095.79030072125,
    "dfa_alpha1": 1.3687609248077086,
    "dfa_alpha1_beats": [
        4,
        5,
        6,
        7,
        8,
        9,
        10,
        11,
        12,
        13,
        14,
        15,
        16
    ],
    "dfa_alpha2": 0.9127467465366041,
    "dfa_alpha2_beats": [
        17,
        18,
        19,
        20,
        21,
        22,
        23,
        24,
        25,
        26,
        27,
        28,
        29,
        30,
        31,
        32,
        33,
        34,
        35,
        36,
        37,
        38,
        39,
        40,
        41,
        42,
        43,
        44,
        45,
        46,
        47,
        48,
        49,
        50,
        51,
        52,
        53,
        54,
        55,
        56,
        57,
        58,
        59,
        60,
        61,
        62,
        63,
        64
    ],
    "ellipse_area": 11755.733484368775,
    "fft_abs": [
        6262.067799935249,
        4112.032463622843,
        765.1630005006391
    ],
    "fft_bands": {
        "hf": [
            0.15,
            0.4
        ],
        "lf": [
            0.04,
            0.15
        ],
        "ulf": null,
        "vlf": [
            0.0,
            0.04
        ]
    },
    "fft_interpolation": "cubic",
    "fft_log": [
        8.74226572902915,
        8.32167270195375,
        6.640088883679659
    ],
    "fft_nfft": 4096.0,
    "fft_norm": [
        84.31141408768303,
        15.688585912316972
    ],
    "fft_peak": [
        0.0107421875,
        0.119140625,
        0.1650390625
    ],
    "fft_ratio": 5.374060769969769,
    "fft_rel": [
        56.21617562572613,
        36.91476147161794,
        6.869062902655937
    ],
    "fft_resampling_frequency": 4.0,
    "fft_total": 11139.26326405873,
    "fft_window": "hamming",
    "hr_max": 102.73972602739725,
    "hr_mean": 76.47304517037982,
    "hr_min": 53.097345132743364,
    "hr_std": 8.293472273892215,
    "lomb_abs": [
        254.20774478516122,
        693.34297623327,
        1958.9138879532582
    ],
    "lomb_bands": {
        "hf": [
            0.15,
            0.4
        ],
        "lf": [
            0.04,
            0.15
        ],
        "ulf": null,
        "vlf": [
            0.0,
            0.04
        ]
    },
    "lomb_log": [
        5.538151825581405,
        6.541524791959293,
        7.580145459833557
    ],
    "lomb_ma": "n/a",
    "lomb_nfft": 256.0,
    "lomb_norm": [
        26.14162246483335,
        73.85837753516665
    ],
    "lomb_peak": [
        0.038588235294117645,
        0.12862745098039216,
        0.1607843137254902
    ],
    "lomb_ratio": 0.35394254974510336,
    "lomb_rel": [
        8.746287293520503,
        23.85520106087153,
        67.39851164560797
    ],
    "lomb_total": 2906.4646089716894,
    "nn20": 180.0,
    "nn50": 59.0,
    "nni_counter": 303.0,
    "nni_diff_max": 215.0,
    "nni_diff_mean": 32.629139072847686,
    "nni_diff_min": 0.0,
    "nni_max": 1130.0,
    "nni_mean": 793.8283828382838,
    "nni_min": 584.0,
    "pnn20": 59.60264900662252,
    "pnn50": 19.5364238410596,
    "rmssd": 44.76768583883065,
    "sampen": 0.854824409773554,
    "sd1": 31.65535100601025,
    "sd2": 118.2095939073913,
    "sd_ratio": 3.734268935604202,
    "sdann": "n/a",
    "sdnn": 86.5422049146085,
    "sdnn_index": "n/a",
    "sdsd": 30.701892307851644,
    "tinn": 257.8125,
    "tinn_m": 929.6875,
    "tinn_n": 671.875,
    "tri_index": 15.947368421052632
}