{
    "Comment": "None",
    "Name": "C:\\Users\\admin\\HRV-Bienestar-Tecnologia\\HRV_Reports\\Grupo_Control\\08-03-2022_FelipeLosada\\Momento_5.json",
    "ar_abs": [
        2479.190927712099,
        5284.007668402548,
        11491.678665519756
    ],
    "ar_bands": {
        "hf": [
            0.15,
            0.4
        ],
        "lf": [
            0.04,
            0.15
        ],
        "ulf": null,
        "vlf": [
            0.0,
            0.04
        ]
    },
    "ar_interpolation": "cubic",
    "ar_log": [
        7.8156875471057985,
        8.572440116890698,
        9.349378458127998
    ],
    "ar_nfft": 4096.0,
    "ar_norm": [
        31.49801184418724,
        68.50198815581274
    ],
    "ar_order": 16.0,
    "ar_peak": [
        0.0,
        0.0400390625,
        0.3994140625
    ],
    "ar_ratio": 0.4598116447736192,
    "ar_rel": [
        12.87565168048056,
        27.442437552853182,
        59.681910766666256
    ],
    "ar_resampling_frequency": 4.0,
    "ar_total": 19254.877261634403,
    "dfa_alpha1": 1.278320763702348,
    "dfa_alpha1_beats": [
        4,
        5,
        6,
        7,
        8,
        9,
        10,
        11,
        12,
        13,
        14,
        15,
        16
    ],
    "dfa_alpha2": 0.9048026817764614,
    "dfa_alpha2_beats": [
        17,
        18,
        19,
        20,
        21,
        22,
        23,
        24,
        25,
        26,
        27,
        28,
        29,
        30,
        31,
        32,
        33,
        34,
        35,
        36,
        37,
        38,
        39,
        40,
        41,
        42,
        43,
        44,
        45,
        46,
        47,
        48,
        49,
        50,
        51,
        52,
        53,
        54,
        55,
        56,
        57,
        58,
        59,
        60,
        61,
        62,
        63,
        64
    ],
    "ellipse_area": 35410.48612384037,
    "fft_abs": [
        1198.9092225350748,
        981.7885553356102,
        1441.9443990534533
    ],
    "fft_bands": {
        "hf": [
            0.15,
            0.4
        ],
        "lf": [
            0.04,
            0.15
        ],
        "ulf": null,
        "vlf": [
            0.0,
            0.04
        ]
    },
    "fft_interpolation": "cubic",
    "fft_log": [
        7.089167441181372,
        6.889375964737525,
        7.273747758886149
    ],
    "fft_nfft": 4096.0,
    "fft_norm": [
        40.507290770533096,
        59.4927092294669
    ],
    "fft_peak": [
        0.0009765625,
        0.0810546875,
        0.3486328125
    ],
    "fft_ratio": 0.6808782335713452,
    "fft_rel": [
        33.0948838991608,
        27.10144991932969,
        39.80366618150951
    ],
    "fft_resampling_frequency": 4.0,
    "fft_total": 3622.6421769241383,
    "fft_window": "hamming",
    "hr_max": 410.958904109589,
    "hr_mean": 93.37683009606151,
    "hr_min": 34.68208092485549,
    "hr_std": 19.316214500062046,
    "lomb_abs": [
        254.39489107181848,
        504.70402699695455,
        1275.2165805796385
    ],
    "lomb_bands": {
        "hf": [
            0.15,
            0.4
        ],
        "lf": [
            0.04,
            0.15
        ],
        "ulf": null,
        "vlf": [
            0.0,
            0.04
        ]
    },
    "lomb_log": [
        5.538887748999451,
        6.223972172305775,
        7.150871310288026
    ],
    "lomb_ma": "n/a",
    "lomb_nfft": 256.0,
    "lomb_norm": [
        28.35542354240855,
        71.64457645759146
    ],
    "lomb_peak": [
        0.00803921568627451,
        0.12380392156862745,
        0.3360392156862745
    ],
    "lomb_ratio": 0.3957790658333079,
    "lomb_rel": [
        12.50518374563027,
        24.809525726578656,
        62.68529052779108
    ],
    "lomb_total": 2034.3154986484114,
    "nn20": 62.0,
    "nn50": 14.0,
    "nni_counter": 366.0,
    "nni_diff_max": 1584.0,
    "nni_diff_mean": 32.38356164383562,
    "nni_diff_min": 0.0,
    "nni_max": 1730.0,
    "nni_mean": 656.9508196721312,
    "nni_min": 146.0,
    "pnn20": 16.986301369863014,
    "pnn50": 3.8356164383561646,
    "rmssd": 151.3973453016385,
    "sampen": 0.42068261521445965,
    "sd1": 107.05403840257436,
    "sd2": 105.28802066677831,
    "sd_ratio": 0.9835034926085181,
    "sdann": "n/a",
    "sdnn": 106.37981983355418,
    "sdnn_index": "n/a",
    "sdsd": 148.0964222339238,
    "tinn": 195.3125,
    "tinn_m": 734.375,
    "tinn_n": 539.0625,
    "tri_index": 13.555555555555555
}