{
    "Comment": "None",
    "Name": "C:\\Users\\Juan Pablo Botero T\\OneDrive - Universidad de los Andes\\Documentos\\JPB\\Personal\\Bienestar y Tecnolog\u00eda\\Codigo\\HRV-Bienestar-Tecnologia\\HRV_Reports\\AndresMorales-02-12\\HRV_final.json",
    "ar_abs": [
        2502.5314856559,
        5067.00528334399,
        9395.365157426062
    ],
    "ar_bands": {
        "hf": [
            0.15,
            0.4
        ],
        "lf": [
            0.04,
            0.15
        ],
        "ulf": null,
        "vlf": [
            0.0,
            0.04
        ]
    },
    "ar_interpolation": "cubic",
    "ar_log": [
        7.825058092790906,
        8.530505248172028,
        9.14797177830099
    ],
    "ar_nfft": 4096.0,
    "ar_norm": [
        35.03578686561562,
        64.96421313438438
    ],
    "ar_order": 16.0,
    "ar_peak": [
        0.0,
        0.0400390625,
        0.150390625
    ],
    "ar_ratio": 0.5393090314684628,
    "ar_rel": [
        14.751228722152218,
        29.867577810462898,
        55.38119346738489
    ],
    "ar_resampling_frequency": 4.0,
    "ar_total": 16964.90192642595,
    "dfa_alpha1": 1.1355925964340956,
    "dfa_alpha1_beats": [
        4,
        5,
        6,
        7,
        8,
        9,
        10,
        11,
        12,
        13,
        14,
        15,
        16
    ],
    "dfa_alpha2": 1.0569450976875234,
    "dfa_alpha2_beats": [
        17,
        18,
        19,
        20,
        21,
        22,
        23,
        24,
        25,
        26,
        27,
        28,
        29,
        30,
        31,
        32,
        33,
        34,
        35,
        36,
        37,
        38,
        39,
        40,
        41,
        42,
        43,
        44,
        45,
        46,
        47,
        48,
        49,
        50,
        51,
        52,
        53,
        54,
        55,
        56,
        57,
        58,
        59,
        60,
        61,
        62,
        63,
        64
    ],
    "ellipse_area": 3796.1073031301726,
    "fft_abs": [
        1039.1636001645384,
        448.81449847706705,
        336.12327409476086
    ],
    "fft_bands": {
        "hf": [
            0.15,
            0.4
        ],
        "lf": [
            0.04,
            0.15
        ],
        "ulf": null,
        "vlf": [
            0.0,
            0.04
        ]
    },
    "fft_interpolation": "cubic",
    "fft_log": [
        6.946171437957466,
        6.106609658671244,
        5.817477979863346
    ],
    "fft_nfft": 4096.0,
    "fft_norm": [
        57.17835402499973,
        42.82164597500026
    ],
    "fft_peak": [
        0.0048828125,
        0.08984375,
        0.3544921875
    ],
    "fft_ratio": 1.3352675433910475,
    "fft_rel": [
        56.968522456932924,
        24.60469057176316,
        18.42678697130393
    ],
    "fft_resampling_frequency": 4.0,
    "fft_total": 1824.101372736366,
    "fft_window": "hamming",
    "hr_max": 80.42895442359249,
    "hr_mean": 69.22447529392977,
    "hr_min": 61.919504643962846,
    "hr_std": 3.2805717922030833,
    "lomb_abs": [
        290.6655332939926,
        934.6172210174394,
        1777.8527184614163
    ],
    "lomb_bands": {
        "hf": [
            0.15,
            0.4
        ],
        "lf": [
            0.04,
            0.15
        ],
        "ulf": null,
        "vlf": [
            0.0,
            0.04
        ]
    },
    "lomb_log": [
        5.672173236015353,
        6.840137056179854,
        7.483161577131785
    ],
    "lomb_ma": "n/a",
    "lomb_nfft": 256.0,
    "lomb_norm": [
        34.456316267859044,
        65.54368373214095
    ],
    "lomb_peak": [
        0.020901960784313726,
        0.11576470588235294,
        0.36498039215686273
    ],
    "lomb_ratio": 0.5257000263926659,
    "lomb_rel": [
        9.678735306123768,
        31.121380620052104,
        59.19988407382413
    ],
    "lomb_total": 3003.1354727728485,
    "nn20": 161.0,
    "nn50": 32.0,
    "nni_counter": 276.0,
    "nni_diff_max": 85.0,
    "nni_diff_mean": 26.77090909090909,
    "nni_diff_min": 0.0,
    "nni_max": 969.0,
    "nni_mean": 868.6702898550725,
    "nni_min": 746.0,
    "pnn20": 58.54545454545455,
    "pnn50": 11.636363636363637,
    "rmssd": 32.28419258567714,
    "sampen": 1.4122698475231512,
    "sd1": 22.828065081646773,
    "sd2": 52.93214642936591,
    "sd_ratio": 2.3187311863729576,
    "sdann": "n/a",
    "sdnn": 40.85161603020516,
    "sdnn_index": "n/a",
    "sdsd": 18.076940918367743,
    "tinn": 140.625,
    "tinn_m": 929.6875,
    "tinn_n": 789.0625,
    "tri_index": 9.2
}