{
    "Comment": "None",
    "Name": "C:\\Users\\facartesvirtual1\\Documents\\HRV-Bienestar-Tecnologia\\HRV_Reports\\Grupo_Control\\08-03-2022_NicolasRodriguez\\Momento_2.json",
    "ar_abs": [
        2433.7543909287056,
        5086.429286200065,
        9618.42495427181
    ],
    "ar_bands": {
        "hf": [
            0.15,
            0.4
        ],
        "lf": [
            0.04,
            0.15
        ],
        "ulf": null,
        "vlf": [
            0.0,
            0.04
        ]
    },
    "ar_interpolation": "cubic",
    "ar_log": [
        7.797190360867096,
        8.534331347886122,
        9.171435804087988
    ],
    "ar_nfft": 4096.0,
    "ar_norm": [
        34.59013739966757,
        65.40986260033243
    ],
    "ar_order": 16.0,
    "ar_peak": [
        0.0,
        0.0400390625,
        0.150390625
    ],
    "ar_ratio": 0.528821434942011,
    "ar_rel": [
        14.200419901471415,
        29.67819264441887,
        56.121387454109716
    ],
    "ar_resampling_frequency": 4.0,
    "ar_total": 17138.60863140058,
    "dfa_alpha1": 1.0658323572629582,
    "dfa_alpha1_beats": [
        4,
        5,
        6,
        7,
        8,
        9,
        10,
        11,
        12,
        13,
        14,
        15,
        16
    ],
    "dfa_alpha2": 0.8536939244601223,
    "dfa_alpha2_beats": [
        17,
        18,
        19,
        20,
        21,
        22,
        23,
        24,
        25,
        26,
        27,
        28,
        29,
        30,
        31,
        32,
        33,
        34,
        35,
        36,
        37,
        38,
        39,
        40,
        41,
        42,
        43,
        44,
        45,
        46,
        47,
        48,
        49,
        50,
        51,
        52,
        53,
        54,
        55,
        56,
        57,
        58,
        59,
        60,
        61,
        62,
        63,
        64
    ],
    "ellipse_area": 6581.601166344151,
    "fft_abs": [
        550.2644464317345,
        633.9027992349495,
        1216.0492145016872
    ],
    "fft_bands": {
        "hf": [
            0.15,
            0.4
        ],
        "lf": [
            0.04,
            0.15
        ],
        "ulf": null,
        "vlf": [
            0.0,
            0.04
        ]
    },
    "fft_interpolation": "cubic",
    "fft_log": [
        6.310398974367675,
        6.451895629173965,
        7.10336253415917
    ],
    "fft_nfft": 4096.0,
    "fft_norm": [
        34.265904981749074,
        65.73409501825093
    ],
    "fft_peak": [
        0.0205078125,
        0.0908203125,
        0.224609375
    ],
    "fft_ratio": 0.5212805466057641,
    "fft_rel": [
        22.925617566722895,
        26.410234649856633,
        50.664147783420475
    ],
    "fft_resampling_frequency": 4.0,
    "fft_total": 2400.216460168371,
    "fft_window": "hamming",
    "hr_max": 98.84678747940691,
    "hr_mean": 80.49015450617038,
    "hr_min": 55.35055350553505,
    "hr_std": 5.452467862470541,
    "lomb_abs": [
        224.99396627520989,
        667.3908483426655,
        1410.5693056752964
    ],
    "lomb_bands": {
        "hf": [
            0.15,
            0.4
        ],
        "lf": [
            0.04,
            0.15
        ],
        "ulf": null,
        "vlf": [
            0.0,
            0.04
        ]
    },
    "lomb_log": [
        5.416073585290227,
        6.5033758538208986,
        7.251748664772194
    ],
    "lomb_ma": "n/a",
    "lomb_nfft": 256.0,
    "lomb_norm": [
        32.1175960497699,
        67.8824039502301
    ],
    "lomb_peak": [
        0.036980392156862746,
        0.12058823529411765,
        0.1720392156862745
    ],
    "lomb_ratio": 0.47313580811483674,
    "lomb_rel": [
        9.76979802995674,
        28.97977178363002,
        61.25043018641324
    ],
    "lomb_total": 2302.954120293172,
    "nn20": 170.0,
    "nn50": 42.0,
    "nni_counter": 321.0,
    "nni_diff_max": 385.0,
    "nni_diff_mean": 28.5125,
    "nni_diff_min": 0.0,
    "nni_max": 1084.0,
    "nni_mean": 748.9096573208723,
    "nni_min": 607.0,
    "pnn20": 53.125,
    "pnn50": 13.125,
    "rmssd": 44.73938421569971,
    "sampen": 1.514794177172936,
    "sd1": 31.63475022621484,
    "sd2": 66.22428510372912,
    "sd_ratio": 2.0934031288431316,
    "sdann": "n/a",
    "sdnn": 52.03839868495863,
    "sdnn_index": "n/a",
    "sdsd": 34.53079812006634,
    "tinn": 148.4375,
    "tinn_m": 804.6875,
    "tinn_n": 656.25,
    "tri_index": 9.727272727272727
}