{
    "Comment": "None",
    "Name": "C:\\Users\\facartesvirtual1\\Documents\\HRV-Bienestar-Tecnologia\\HRV_Reports\\Grupo_Control\\08-03-2022_NicolasRodriguez\\Momento_3.json",
    "ar_abs": [
        2431.104605481177,
        5193.161353602202,
        9938.57879727241
    ],
    "ar_bands": {
        "hf": [
            0.15,
            0.4
        ],
        "lf": [
            0.04,
            0.15
        ],
        "ulf": null,
        "vlf": [
            0.0,
            0.04
        ]
    },
    "ar_interpolation": "cubic",
    "ar_log": [
        7.7961010032057425,
        8.555097914727337,
        9.204179311286662
    ],
    "ar_nfft": 4096.0,
    "ar_norm": [
        34.31965723586681,
        65.68034276413319
    ],
    "ar_order": 16.0,
    "ar_peak": [
        0.0,
        0.0400390625,
        0.150390625
    ],
    "ar_ratio": 0.5225255501347373,
    "ar_rel": [
        13.842316772750543,
        29.56902156595592,
        56.588661661293536
    ],
    "ar_resampling_frequency": 4.0,
    "ar_total": 17562.84475635579,
    "dfa_alpha1": 1.0807946112673148,
    "dfa_alpha1_beats": [
        4,
        5,
        6,
        7,
        8,
        9,
        10,
        11,
        12,
        13,
        14,
        15,
        16
    ],
    "dfa_alpha2": 1.0263033294615975,
    "dfa_alpha2_beats": [
        17,
        18,
        19,
        20,
        21,
        22,
        23,
        24,
        25,
        26,
        27,
        28,
        29,
        30,
        31,
        32,
        33,
        34,
        35,
        36,
        37,
        38,
        39,
        40,
        41,
        42,
        43,
        44,
        45,
        46,
        47,
        48,
        49,
        50,
        51,
        52,
        53,
        54,
        55,
        56,
        57,
        58,
        59,
        60,
        61,
        62,
        63,
        64
    ],
    "ellipse_area": 14855.870989899277,
    "fft_abs": [
        5704.714609278648,
        2948.381870078903,
        2823.412495961032
    ],
    "fft_bands": {
        "hf": [
            0.15,
            0.4
        ],
        "lf": [
            0.04,
            0.15
        ],
        "ulf": null,
        "vlf": [
            0.0,
            0.04
        ]
    },
    "fft_interpolation": "cubic",
    "fft_log": [
        8.649048236378581,
        7.989011780225174,
        7.9457015372960225
    ],
    "fft_nfft": 4096.0,
    "fft_norm": [
        51.082586854212664,
        48.917413145787336
    ],
    "fft_peak": [
        0.005859375,
        0.103515625,
        0.173828125
    ],
    "fft_ratio": 1.0442618194460225,
    "fft_rel": [
        49.70775190911474,
        25.690581311962568,
        24.601666778922684
    ],
    "fft_resampling_frequency": 4.0,
    "fft_total": 11476.508975318584,
    "fft_window": "hamming",
    "hr_max": 100.1669449081803,
    "hr_mean": 80.03941781453106,
    "hr_min": 57.80346820809248,
    "hr_std": 9.130520110178633,
    "lomb_abs": [
        223.37443570349447,
        622.9396256686742,
        1442.980464888986
    ],
    "lomb_bands": {
        "hf": [
            0.15,
            0.4
        ],
        "lf": [
            0.04,
            0.15
        ],
        "ulf": null,
        "vlf": [
            0.0,
            0.04
        ]
    },
    "lomb_log": [
        5.408849447246942,
        6.434449605052422,
        7.274466020836763
    ],
    "lomb_ma": "n/a",
    "lomb_nfft": 256.0,
    "lomb_norm": [
        30.15313266548089,
        69.8468673345191
    ],
    "lomb_peak": [
        0.00803921568627451,
        0.11415686274509804,
        0.36498039215686273
    ],
    "lomb_ratio": 0.4317034366203976,
    "lomb_rel": [
        9.757348088727866,
        27.21098655165401,
        63.03166535961812
    ],
    "lomb_total": 2289.2945262611547,
    "nn20": 208.0,
    "nn50": 86.0,
    "nni_counter": 317.0,
    "nni_diff_max": 223.0,
    "nni_diff_mean": 40.58227848101266,
    "nni_diff_min": 0.0,
    "nni_max": 1038.0,
    "nni_mean": 759.7192429022082,
    "nni_min": 599.0,
    "pnn20": 65.82278481012658,
    "pnn50": 27.21518987341772,
    "rmssd": 55.53787623057378,
    "sampen": 1.2807989927884058,
    "sd1": 39.27111683781698,
    "sd2": 120.41344847626648,
    "sd_ratio": 3.066208913119367,
    "sdann": "n/a",
    "sdnn": 89.61196257977879,
    "sdnn_index": "n/a",
    "sdsd": 37.97496505153177,
    "tinn": 304.6875,
    "tinn_m": 914.0625,
    "tinn_n": 609.375,
    "tri_index": 17.61111111111111
}