{
    "Comment": "None",
    "Name": "C:\\Users\\facartesvirtual1\\Documents\\HRV-Bienestar-Tecnologia\\HRV_Reports\\Grupo_Control\\08-03-2022_NicolasRodriguez\\Momento_4.json",
    "ar_abs": [
        2476.6297453368607,
        5098.082562579544,
        9525.06348801366
    ],
    "ar_bands": {
        "hf": [
            0.15,
            0.4
        ],
        "lf": [
            0.04,
            0.15
        ],
        "ulf": null,
        "vlf": [
            0.0,
            0.04
        ]
    },
    "ar_interpolation": "cubic",
    "ar_log": [
        7.814653941262398,
        8.536619779897025,
        9.161681865380947
    ],
    "ar_nfft": 4096.0,
    "ar_norm": [
        34.86310363680416,
        65.13689636319583
    ],
    "ar_order": 16.0,
    "ar_peak": [
        0.0,
        0.0400390625,
        0.150390625
    ],
    "ar_ratio": 0.5352281975857663,
    "ar_rel": [
        14.48340478198741,
        29.813739217522045,
        55.70285600049054
    ],
    "ar_resampling_frequency": 4.0,
    "ar_total": 17099.775795930065,
    "dfa_alpha1": 1.3667372011122594,
    "dfa_alpha1_beats": [
        4,
        5,
        6,
        7,
        8,
        9,
        10,
        11,
        12,
        13,
        14,
        15,
        16
    ],
    "dfa_alpha2": 0.7832009989306826,
    "dfa_alpha2_beats": [
        17,
        18,
        19,
        20,
        21,
        22,
        23,
        24,
        25,
        26,
        27,
        28,
        29,
        30,
        31,
        32,
        33,
        34,
        35,
        36,
        37,
        38,
        39,
        40,
        41,
        42,
        43,
        44,
        45,
        46,
        47,
        48,
        49,
        50,
        51,
        52,
        53,
        54,
        55,
        56,
        57,
        58,
        59,
        60,
        61,
        62,
        63,
        64
    ],
    "ellipse_area": 9672.26061078693,
    "fft_abs": [
        1614.4598562839644,
        2775.4945294157533,
        881.6271265099718
    ],
    "fft_bands": {
        "hf": [
            0.15,
            0.4
        ],
        "lf": [
            0.04,
            0.15
        ],
        "ulf": null,
        "vlf": [
            0.0,
            0.04
        ]
    },
    "fft_interpolation": "cubic",
    "fft_log": [
        7.3867557254011045,
        7.928584219101703,
        6.781769207559997
    ],
    "fft_nfft": 4096.0,
    "fft_norm": [
        75.892868505442,
        24.10713149455801
    ],
    "fft_peak": [
        0.021484375,
        0.0830078125,
        0.2724609375
    ],
    "fft_ratio": 3.1481501033241637,
    "fft_rel": [
        30.625721190968193,
        52.650130193137215,
        16.72414861589459
    ],
    "fft_resampling_frequency": 4.0,
    "fft_total": 5271.58151220969,
    "fft_window": "hamming",
    "hr_max": 104.16666666666667,
    "hr_mean": 82.03976045178099,
    "hr_min": 58.25242718446602,
    "hr_std": 7.820849148618291,
    "lomb_abs": [
        291.52583569544646,
        610.2929444881677,
        1323.6681362107715
    ],
    "lomb_bands": {
        "hf": [
            0.15,
            0.4
        ],
        "lf": [
            0.04,
            0.15
        ],
        "ulf": null,
        "vlf": [
            0.0,
            0.04
        ]
    },
    "lomb_log": [
        5.675128632036183,
        6.413939078756387,
        7.188162052669606
    ],
    "lomb_ma": "n/a",
    "lomb_nfft": 256.0,
    "lomb_norm": [
        31.556630098657728,
        68.44336990134228
    ],
    "lomb_peak": [
        0.035372549019607846,
        0.10611764705882352,
        0.3167450980392157
    ],
    "lomb_ratio": 0.46106189897056565,
    "lomb_rel": [
        13.099418089042775,
        27.422895187221837,
        59.47768672373538
    ],
    "lomb_total": 2225.486916394386,
    "nn20": 180.0,
    "nn50": 57.0,
    "nni_counter": 326.0,
    "nni_diff_max": 292.0,
    "nni_diff_mean": 31.584615384615386,
    "nni_diff_min": 0.0,
    "nni_max": 1030.0,
    "nni_mean": 737.9570552147239,
    "nni_min": 576.0,
    "pnn20": 55.38461538461539,
    "pnn50": 17.53846153846154,
    "rmssd": 46.58514124284035,
    "sampen": 1.6787444602096966,
    "sd1": 32.94024326011426,
    "sd2": 93.46549598458765,
    "sd_ratio": 2.8374257969661225,
    "sdann": "n/a",
    "sdnn": 70.10834250310249,
    "sdnn_index": "n/a",
    "sdsd": 34.29586786635603,
    "tinn": 273.4375,
    "tinn_m": 882.8125,
    "tinn_n": 609.375,
    "tri_index": 16.3
}