{
    "Comment": "None",
    "Name": "C:\\Users\\facartesvirtual1\\Documents\\HRV-Bienestar-Tecnologia\\HRV_Reports\\Grupo_Control\\08-03-2022_NicolasRodriguez\\Momento_5.json",
    "ar_abs": [
        2411.4896572621337,
        5006.857172740725,
        9048.113379563958
    ],
    "ar_bands": {
        "hf": [
            0.15,
            0.4
        ],
        "lf": [
            0.04,
            0.15
        ],
        "ulf": null,
        "vlf": [
            0.0,
            0.04
        ]
    },
    "ar_interpolation": "cubic",
    "ar_log": [
        7.787999950576808,
        8.518563686406953,
        9.110311548615318
    ],
    "ar_nfft": 4096.0,
    "ar_norm": [
        35.623391412369195,
        64.37660858763081
    ],
    "ar_order": 16.0,
    "ar_peak": [
        0.0,
        0.0400390625,
        0.150390625
    ],
    "ar_ratio": 0.5533592432704477,
    "ar_rel": [
        14.644857647432246,
        30.406396450840123,
        54.948745901727634
    ],
    "ar_resampling_frequency": 4.0,
    "ar_total": 16466.460209566816,
    "dfa_alpha1": 1.431123171593372,
    "dfa_alpha1_beats": [
        4,
        5,
        6,
        7,
        8,
        9,
        10,
        11,
        12,
        13,
        14,
        15,
        16
    ],
    "dfa_alpha2": 0.8380303922219777,
    "dfa_alpha2_beats": [
        17,
        18,
        19,
        20,
        21,
        22,
        23,
        24,
        25,
        26,
        27,
        28,
        29,
        30,
        31,
        32,
        33,
        34,
        35,
        36,
        37,
        38,
        39,
        40,
        41,
        42,
        43,
        44,
        45,
        46,
        47,
        48,
        49,
        50,
        51,
        52,
        53,
        54,
        55,
        56,
        57,
        58,
        59,
        60,
        61,
        62,
        63,
        64
    ],
    "ellipse_area": 3970.501771475257,
    "fft_abs": [
        800.5760324195942,
        1099.2606043829558,
        177.0353261574729
    ],
    "fft_bands": {
        "hf": [
            0.15,
            0.4
        ],
        "lf": [
            0.04,
            0.15
        ],
        "ulf": null,
        "vlf": [
            0.0,
            0.04
        ]
    },
    "fft_interpolation": "cubic",
    "fft_log": [
        6.685331509087612,
        7.002393054939979,
        5.176349295470411
    ],
    "fft_nfft": 4096.0,
    "fft_norm": [
        86.12897511296539,
        13.871024887034617
    ],
    "fft_peak": [
        0.0087890625,
        0.0966796875,
        0.150390625
    ],
    "fft_ratio": 6.209272625087061,
    "fft_rel": [
        38.54720207588475,
        52.92866503028214,
        8.52413289383312
    ],
    "fft_resampling_frequency": 4.0,
    "fft_total": 2076.8719629600228,
    "fft_window": "hamming",
    "hr_max": 109.89010989010988,
    "hr_mean": 92.12824486771896,
    "hr_min": 69.04487917146145,
    "hr_std": 6.646569085956126,
    "lomb_abs": [
        180.0844130255266,
        512.8034820280137,
        1035.5088208752538
    ],
    "lomb_bands": {
        "hf": [
            0.15,
            0.4
        ],
        "lf": [
            0.04,
            0.15
        ],
        "ulf": null,
        "vlf": [
            0.0,
            0.04
        ]
    },
    "lomb_log": [
        5.193425702215174,
        6.239892695809643,
        6.94264819926894
    ],
    "lomb_ma": "n/a",
    "lomb_nfft": 256.0,
    "lomb_norm": [
        33.12015806284345,
        66.87984193715654
    ],
    "lomb_peak": [
        0.036980392156862746,
        0.11415686274509804,
        0.3103137254901961
    ],
    "lomb_ratio": 0.49521884477485334,
    "lomb_rel": [
        10.41915963886532,
        29.669315921631274,
        59.91152443950342
    ],
    "lomb_total": 1728.396715928794,
    "nn20": 126.0,
    "nn50": 28.0,
    "nni_counter": 369.0,
    "nni_diff_max": 123.0,
    "nni_diff_mean": 18.70923913043478,
    "nni_diff_min": 0.0,
    "nni_max": 869.0,
    "nni_mean": 654.7669376693767,
    "nni_min": 546.0,
    "pnn20": 34.23913043478261,
    "pnn50": 7.608695652173914,
    "rmssd": 26.782588844571976,
    "sampen": 0.93888032563481,
    "sd1": 18.938001925039693,
    "sd2": 66.73618325594184,
    "sd_ratio": 3.523929478943802,
    "sdann": "n/a",
    "sdnn": 49.07215064707534,
    "sdnn_index": "n/a",
    "sdsd": 19.190418859062394,
    "tinn": 117.1875,
    "tinn_m": 710.9375,
    "tinn_n": 593.75,
    "tri_index": 8.386363636363637
}