{
    "Comment": "None",
    "Name": "C:\\Users\\facartesvirtual1\\Documents\\HRV-Bienestar-Tecnologia\\HRV_Reports\\Grupo_Control\\08-03-2022_NicolasRodriguez\\Momento_6.json",
    "ar_abs": [
        2484.571718340599,
        5145.40871470034,
        9458.629630572406
    ],
    "ar_bands": {
        "hf": [
            0.15,
            0.4
        ],
        "lf": [
            0.04,
            0.15
        ],
        "ulf": null,
        "vlf": [
            0.0,
            0.04
        ]
    },
    "ar_interpolation": "cubic",
    "ar_log": [
        7.817855576933097,
        8.5458600843162,
        9.15468279220527
    ],
    "ar_nfft": 4096.0,
    "ar_norm": [
        35.23278009171951,
        64.76721990828048
    ],
    "ar_order": 16.0,
    "ar_peak": [
        0.0,
        0.0400390625,
        0.150390625
    ],
    "ar_ratio": 0.5439909284606332,
    "ar_rel": [
        14.539343510628635,
        30.110165165840037,
        55.35049132353132
    ],
    "ar_resampling_frequency": 4.0,
    "ar_total": 17088.610063613345,
    "dfa_alpha1": 1.2622441295060058,
    "dfa_alpha1_beats": [
        4,
        5,
        6,
        7,
        8,
        9,
        10,
        11,
        12,
        13,
        14,
        15,
        16
    ],
    "dfa_alpha2": 0.781950658089348,
    "dfa_alpha2_beats": [
        17,
        18,
        19,
        20,
        21,
        22,
        23,
        24,
        25,
        26,
        27,
        28,
        29,
        30,
        31,
        32,
        33,
        34,
        35,
        36,
        37,
        38,
        39,
        40,
        41,
        42,
        43,
        44,
        45,
        46,
        47,
        48,
        49,
        50,
        51,
        52,
        53,
        54,
        55,
        56,
        57,
        58,
        59,
        60,
        61,
        62,
        63,
        64
    ],
    "ellipse_area": 10939.58360444434,
    "fft_abs": [
        1883.4434530905874,
        800.8217380770619,
        559.4574521278711
    ],
    "fft_bands": {
        "hf": [
            0.15,
            0.4
        ],
        "lf": [
            0.04,
            0.15
        ],
        "ulf": null,
        "vlf": [
            0.0,
            0.04
        ]
    },
    "fft_interpolation": "cubic",
    "fft_log": [
        7.5408570044306025,
        6.6856383730834565,
        6.3269674786188
    ],
    "fft_nfft": 4096.0,
    "fft_norm": [
        58.87186570548168,
        41.12813429451832
    ],
    "fft_peak": [
        0.0048828125,
        0.0673828125,
        0.3798828125
    ],
    "fft_ratio": 1.4314256339444094,
    "fft_rel": [
        58.06425703453696,
        24.688354281223386,
        17.247388684239656
    ],
    "fft_resampling_frequency": 4.0,
    "fft_total": 3243.7226432955204,
    "fft_window": "hamming",
    "hr_max": 102.73972602739725,
    "hr_mean": 80.86390084661019,
    "hr_min": 60.0,
    "hr_std": 8.781398498253132,
    "lomb_abs": [
        324.9033759098672,
        746.8446502085731,
        1767.3811775360632
    ],
    "lomb_bands": {
        "hf": [
            0.15,
            0.4
        ],
        "lf": [
            0.04,
            0.15
        ],
        "ulf": null,
        "vlf": [
            0.0,
            0.04
        ]
    },
    "lomb_log": [
        5.78352783323316,
        6.61585719859022,
        7.477254169222998
    ],
    "lomb_ma": "n/a",
    "lomb_nfft": 256.0,
    "lomb_norm": [
        29.704756110890933,
        70.29524388910906
    ],
    "lomb_peak": [
        0.00803921568627451,
        0.14792156862745098,
        0.3296078431372549
    ],
    "lomb_ratio": 0.4225713500297441,
    "lomb_rel": [
        11.443768585510453,
        26.3054125626703,
        62.25081885181923
    ],
    "lomb_total": 2839.1292036545037,
    "nn20": 181.0,
    "nn50": 74.0,
    "nni_counter": 321.0,
    "nni_diff_max": 239.0,
    "nni_diff_mean": 33.184375,
    "nni_diff_min": 0.0,
    "nni_max": 1000.0,
    "nni_mean": 750.5545171339564,
    "nni_min": 584.0,
    "pnn20": 56.56250000000001,
    "pnn50": 23.125,
    "rmssd": 45.79604922916386,
    "sampen": 1.2457007922510814,
    "sd1": 32.37756075478336,
    "sd2": 107.54910286174955,
    "sd_ratio": 3.321717274389195,
    "sdann": "n/a",
    "sdnn": 79.76875359339795,
    "sdnn_index": "n/a",
    "sdsd": 31.610091335146453,
    "tinn": 343.75,
    "tinn_m": 898.4375,
    "tinn_n": 554.6875,
    "tri_index": 21.4
}