{
    "Comment": "None",
    "Name": "C:\\Users\\facartesvirtual1\\Documents\\HRV-Bienestar-Tecnologia\\HRV_Reports\\Grupo_Control\\08-03-2022_NicolasRodriguez\\Momento_1.json",
    "ar_abs": [
        2445.4804259804714,
        5011.360900525664,
        9126.190509859181
    ],
    "ar_bands": {
        "hf": [
            0.15,
            0.4
        ],
        "lf": [
            0.04,
            0.15
        ],
        "ulf": null,
        "vlf": [
            0.0,
            0.04
        ]
    },
    "ar_interpolation": "cubic",
    "ar_log": [
        7.80199687585025,
        8.519462794023775,
        9.118903636774517
    ],
    "ar_nfft": 4096.0,
    "ar_norm": [
        35.44716305572216,
        64.55283694427784
    ],
    "ar_order": 16.0,
    "ar_peak": [
        0.0,
        0.0400390625,
        0.150390625
    ],
    "ar_ratio": 0.5491185939096718,
    "ar_rel": [
        14.746883743042213,
        30.2198111296882,
        55.033305127269585
    ],
    "ar_resampling_frequency": 4.0,
    "ar_total": 16583.031836365317,
    "dfa_alpha1": 1.360377861396057,
    "dfa_alpha1_beats": [
        4,
        5,
        6,
        7,
        8,
        9,
        10,
        11,
        12,
        13,
        14,
        15,
        16
    ],
    "dfa_alpha2": 0.8441117961010676,
    "dfa_alpha2_beats": [
        17,
        18,
        19,
        20,
        21,
        22,
        23,
        24,
        25,
        26,
        27,
        28,
        29,
        30,
        31,
        32,
        33,
        34,
        35,
        36,
        37,
        38,
        39,
        40,
        41,
        42,
        43,
        44,
        45,
        46,
        47,
        48,
        49,
        50,
        51,
        52,
        53,
        54,
        55,
        56,
        57,
        58,
        59,
        60,
        61,
        62,
        63,
        64
    ],
    "ellipse_area": 5679.859063490861,
    "fft_abs": [
        699.3971800232175,
        1295.6103476119197,
        272.5696259891948
    ],
    "fft_bands": {
        "hf": [
            0.15,
            0.4
        ],
        "lf": [
            0.04,
            0.15
        ],
        "ulf": null,
        "vlf": [
            0.0,
            0.04
        ]
    },
    "fft_interpolation": "cubic",
    "fft_log": [
        6.550218792626891,
        7.166737173998778,
        5.607894089683862
    ],
    "fft_nfft": 4096.0,
    "fft_norm": [
        82.6187280428486,
        17.381271957151405
    ],
    "fft_peak": [
        0.0146484375,
        0.1083984375,
        0.3935546875
    ],
    "fft_ratio": 4.7533188737004775,
    "fft_rel": [
        30.8433686106491,
        57.136329211163094,
        12.020302178187812
    ],
    "fft_resampling_frequency": 4.0,
    "fft_total": 2267.577153624332,
    "fft_window": "hamming",
    "hr_max": 105.4481546572935,
    "hr_mean": 87.1016115075141,
    "hr_min": 73.61963190184049,
    "hr_std": 6.985541893431831,
    "lomb_abs": [
        258.6184044394933,
        541.8518161367666,
        1448.513073095519
    ],
    "lomb_bands": {
        "hf": [
            0.15,
            0.4
        ],
        "lf": [
            0.04,
            0.15
        ],
        "ulf": null,
        "vlf": [
            0.0,
            0.04
        ]
    },
    "lomb_log": [
        5.555353633331596,
        6.294992562096831,
        7.278292842433102
    ],
    "lomb_ma": "n/a",
    "lomb_nfft": 256.0,
    "lomb_norm": [
        27.223742695027504,
        72.7762573049725
    ],
    "lomb_peak": [
        0.009647058823529411,
        0.07556862745098039,
        0.36498039215686273
    ],
    "lomb_ratio": 0.3740745086813831,
    "lomb_rel": [
        11.499347512593689,
        24.093189916591953,
        64.40746257081436
    ],
    "lomb_total": 2248.983293671779,
    "nn20": 187.0,
    "nn50": 55.0,
    "nni_counter": 348.0,
    "nni_diff_max": 131.0,
    "nni_diff_mean": 27.213256484149856,
    "nni_diff_min": 0.0,
    "nni_max": 815.0,
    "nni_mean": 693.1321839080459,
    "nni_min": 569.0,
    "pnn20": 53.89048991354467,
    "pnn50": 15.85014409221902,
    "rmssd": 35.7636735504244,
    "sampen": 1.4198496609681075,
    "sd1": 25.28779608394953,
    "sd2": 71.4951704781928,
    "sd_ratio": 2.8272598466408723,
    "sdann": "n/a",
    "sdnn": 53.761934390915584,
    "sdnn_index": "n/a",
    "sdsd": 23.238659924513826,
    "tinn": 257.8125,
    "tinn_m": 812.5,
    "tinn_n": 554.6875,
    "tri_index": 16.571428571428573
}