{
    "Comment": "None",
    "Name": "C:\\Users\\facartesvirtual1\\Documents\\HRV-Bienestar-Tecnologia\\HRV_Reports\\Experiencia_Mindfullness\\ElianaMedina_05-04-2022\\HRV_sound.json",
    "ar_abs": [
        2525.131383992481,
        5314.214667516769,
        9686.456018570276
    ],
    "ar_bands": {
        "hf": [
            0.15,
            0.4
        ],
        "lf": [
            0.04,
            0.15
        ],
        "ulf": null,
        "vlf": [
            0.0,
            0.04
        ]
    },
    "ar_interpolation": "cubic",
    "ar_log": [
        7.834048373620126,
        8.578140522100897,
        9.178483902029445
    ],
    "ar_nfft": 4096.0,
    "ar_norm": [
        35.426513778784866,
        64.57348622121515
    ],
    "ar_order": 16.0,
    "ar_peak": [
        0.0,
        0.0400390625,
        0.150390625
    ],
    "ar_ratio": 0.5486232175450634,
    "ar_rel": [
        14.408078865066306,
        30.32223373439396,
        55.26968740053974
    ],
    "ar_resampling_frequency": 4.0,
    "ar_total": 17525.802070079524,
    "dfa_alpha1": 1.2839199436463777,
    "dfa_alpha1_beats": [
        4,
        5,
        6,
        7,
        8,
        9,
        10,
        11,
        12,
        13,
        14,
        15,
        16
    ],
    "dfa_alpha2": 1.280434338107557,
    "dfa_alpha2_beats": [
        17,
        18,
        19,
        20,
        21,
        22,
        23,
        24,
        25,
        26,
        27,
        28,
        29,
        30,
        31,
        32,
        33,
        34,
        35,
        36,
        37,
        38,
        39,
        40,
        41,
        42,
        43,
        44,
        45,
        46,
        47,
        48,
        49,
        50,
        51,
        52,
        53,
        54,
        55,
        56,
        57,
        58,
        59,
        60,
        61,
        62,
        63,
        64
    ],
    "ellipse_area": 16331.374549646061,
    "fft_abs": [
        13798.901824664292,
        1700.2078512228702,
        513.1602565955676
    ],
    "fft_bands": {
        "hf": [
            0.15,
            0.4
        ],
        "lf": [
            0.04,
            0.15
        ],
        "ulf": null,
        "vlf": [
            0.0,
            0.04
        ]
    },
    "fft_interpolation": "cubic",
    "fft_log": [
        9.532344290055928,
        7.438505787995718,
        6.240588187411351
    ],
    "fft_nfft": 4096.0,
    "fft_norm": [
        76.81541290927184,
        23.184587090728158
    ],
    "fft_peak": [
        0.0048828125,
        0.044921875,
        0.1611328125
    ],
    "fft_ratio": 3.3132103068590517,
    "fft_rel": [
        86.17704974278277,
        10.618156316324665,
        3.2047939408925594
    ],
    "fft_resampling_frequency": 4.0,
    "fft_total": 16012.26993248273,
    "fft_window": "hamming",
    "hr_max": 114.72275334608031,
    "hr_mean": 74.16317012982971,
    "hr_min": 59.58291956305859,
    "hr_std": 11.73737427251544,
    "lomb_abs": [
        457.38688423234873,
        847.3720792685887,
        2145.809674169912
    ],
    "lomb_bands": {
        "hf": [
            0.15,
            0.4
        ],
        "lf": [
            0.04,
            0.15
        ],
        "ulf": null,
        "vlf": [
            0.0,
            0.04
        ]
    },
    "lomb_log": [
        6.125529606565289,
        6.7421398889460615,
        7.6712722306135435
    ],
    "lomb_ma": "n/a",
    "lomb_nfft": 256.0,
    "lomb_norm": [
        28.310077672201047,
        71.68992232779895
    ],
    "lomb_peak": [
        0.00803921568627451,
        0.04180392156862745,
        0.15435294117647058
    ],
    "lomb_ratio": 0.3948961967451225,
    "lomb_rel": [
        13.255406057973307,
        24.557461921423158,
        62.18713202060354
    ],
    "lomb_total": 3450.568637670849,
    "nn20": 164.0,
    "nn50": 47.0,
    "nni_counter": 291.0,
    "nni_diff_max": 392.0,
    "nni_diff_mean": 30.989655172413794,
    "nni_diff_min": 0.0,
    "nni_max": 1007.0,
    "nni_mean": 826.9243986254296,
    "nni_min": 523.0,
    "pnn20": 56.55172413793104,
    "pnn50": 16.206896551724135,
    "rmssd": 46.14224633187817,
    "sampen": 1.0919064798009184,
    "sd1": 32.626452159243506,
    "sd2": 159.3320030247269,
    "sd_ratio": 4.883522187673294,
    "sdann": "n/a",
    "sdnn": 115.18288810843029,
    "sdnn_index": "n/a",
    "sdsd": 34.24605495757868,
    "tinn": 164.0625,
    "tinn_m": 953.125,
    "tinn_n": 789.0625,
    "tri_index": 15.31578947368421
}