{
    "Comment": "None",
    "Name": "C:\\Users\\facartesvirtual1\\Documents\\HRV-Bienestar-Tecnologia\\HRV_Reports\\Experiencia_Mindfullness\\ElianaMedina_05-04-2022\\HRV_interactive.json",
    "ar_abs": [
        2489.4856003109444,
        5198.238028668002,
        9650.514080354524
    ],
    "ar_bands": {
        "hf": [
            0.15,
            0.4
        ],
        "lf": [
            0.04,
            0.15
        ],
        "ulf": null,
        "vlf": [
            0.0,
            0.04
        ]
    },
    "ar_interpolation": "cubic",
    "ar_log": [
        7.8198313818963765,
        8.556075006509289,
        9.174766465489697
    ],
    "ar_nfft": 4096.0,
    "ar_norm": [
        35.00791171205157,
        64.99208828794842
    ],
    "ar_order": 16.0,
    "ar_peak": [
        0.0,
        0.0400390625,
        0.150390625
    ],
    "ar_ratio": 0.5386488207141228,
    "ar_rel": [
        14.358354303625747,
        29.981351714134718,
        55.66029398223954
    ],
    "ar_resampling_frequency": 4.0,
    "ar_total": 17338.23770933347,
    "dfa_alpha1": 1.1597953441009266,
    "dfa_alpha1_beats": [
        4,
        5,
        6,
        7,
        8,
        9,
        10,
        11,
        12,
        13,
        14,
        15,
        16
    ],
    "dfa_alpha2": 0.7986841872440146,
    "dfa_alpha2_beats": [
        17,
        18,
        19,
        20,
        21,
        22,
        23,
        24,
        25,
        26,
        27,
        28,
        29,
        30,
        31,
        32,
        33,
        34,
        35,
        36,
        37,
        38,
        39,
        40,
        41,
        42,
        43,
        44,
        45,
        46,
        47,
        48,
        49,
        50,
        51,
        52,
        53,
        54,
        55,
        56,
        57,
        58,
        59,
        60,
        61,
        62,
        63,
        64
    ],
    "ellipse_area": 6042.005825781585,
    "fft_abs": [
        1238.3970979376604,
        942.6735273917783,
        739.95043525997
    ],
    "fft_bands": {
        "hf": [
            0.15,
            0.4
        ],
        "lf": [
            0.04,
            0.15
        ],
        "ulf": null,
        "vlf": [
            0.0,
            0.04
        ]
    },
    "fft_interpolation": "cubic",
    "fft_log": [
        7.1215731594361245,
        6.848720016318805,
        6.6065832045765776
    ],
    "fft_nfft": 4096.0,
    "fft_norm": [
        56.02401655484345,
        43.97598344515656
    ],
    "fft_peak": [
        0.0068359375,
        0.0869140625,
        0.2353515625
    ],
    "fft_ratio": 1.2739684747405882,
    "fft_rel": [
        42.39603454580278,
        32.27205514230575,
        25.33191031189147
    ],
    "fft_resampling_frequency": 4.0,
    "fft_total": 2921.021060589409,
    "fft_window": "hamming",
    "hr_max": 79.6812749003984,
    "hr_mean": 67.79026264418223,
    "hr_min": 58.25242718446602,
    "hr_std": 4.17057951504554,
    "lomb_abs": [
        330.02117939401785,
        823.5302683253389,
        1958.0936286237359
    ],
    "lomb_bands": {
        "hf": [
            0.15,
            0.4
        ],
        "lf": [
            0.04,
            0.15
        ],
        "ulf": null,
        "vlf": [
            0.0,
            0.04
        ]
    },
    "lomb_log": [
        5.799156832382951,
        6.713600304649979,
        7.579726640447563
    ],
    "lomb_ma": "n/a",
    "lomb_nfft": 256.0,
    "lomb_norm": [
        29.606096971937824,
        70.39390302806218
    ],
    "lomb_peak": [
        0.035372549019607846,
        0.059490196078431375,
        0.36498039215686273
    ],
    "lomb_ratio": 0.42057757417052866,
    "lomb_rel": [
        10.606003297197043,
        26.46607335092274,
        62.92792335188021
    ],
    "lomb_total": 3111.6450763430926,
    "nn20": 167.0,
    "nn50": 47.0,
    "nni_counter": 270.0,
    "nni_diff_max": 146.0,
    "nni_diff_mean": 30.063197026022305,
    "nni_diff_min": 0.0,
    "nni_max": 1030.0,
    "nni_mean": 888.425925925926,
    "nni_min": 753.0,
    "pnn20": 62.0817843866171,
    "pnn50": 17.472118959107807,
    "rmssd": 37.45287001177559,
    "sampen": 1.4541630053945611,
    "sd1": 26.482692927563527,
    "sd2": 72.62215334319774,
    "sd_ratio": 2.7422495718934865,
    "sdann": "n/a",
    "sdnn": 54.69537194283217,
    "sdnn_index": "n/a",
    "sdsd": 22.37818814529585,
    "tinn": 250.0,
    "tinn_m": 1023.4375,
    "tinn_n": 773.4375,
    "tri_index": 15.882352941176471
}