{
    "Comment": "None",
    "Name": "C:\\Users\\facartesvirtual1\\Documents\\HRV-Bienestar-Tecnologia\\HRV_Reports\\Experiencia_Mindfullness\\ElianaMedina_05-04-2022\\HRV_video.json",
    "ar_abs": [
        2504.5695888254068,
        5304.845421783431,
        9541.55245446902
    ],
    "ar_bands": {
        "hf": [
            0.15,
            0.4
        ],
        "lf": [
            0.04,
            0.15
        ],
        "ulf": null,
        "vlf": [
            0.0,
            0.04
        ]
    },
    "ar_interpolation": "cubic",
    "ar_log": [
        7.825872177927895,
        8.576375912411198,
        9.163411482279484
    ],
    "ar_nfft": 4096.0,
    "ar_norm": [
        35.73153209283711,
        64.2684679071629
    ],
    "ar_order": 16.0,
    "ar_peak": [
        0.0,
        0.0400390625,
        0.150390625
    ],
    "ar_ratio": 0.55597298732019,
    "ar_rel": [
        14.434754683658605,
        30.573773090523325,
        54.99147222581807
    ],
    "ar_resampling_frequency": 4.0,
    "ar_total": 17350.967465077858,
    "dfa_alpha1": 1.1328135978110525,
    "dfa_alpha1_beats": [
        4,
        5,
        6,
        7,
        8,
        9,
        10,
        11,
        12,
        13,
        14,
        15,
        16
    ],
    "dfa_alpha2": 0.5941810916588387,
    "dfa_alpha2_beats": [
        17,
        18,
        19,
        20,
        21,
        22,
        23,
        24,
        25,
        26,
        27,
        28,
        29,
        30,
        31,
        32,
        33,
        34,
        35,
        36,
        37,
        38,
        39,
        40,
        41,
        42,
        43,
        44,
        45,
        46,
        47,
        48,
        49,
        50,
        51,
        52,
        53,
        54,
        55,
        56,
        57,
        58,
        59,
        60,
        61,
        62,
        63,
        64
    ],
    "ellipse_area": 8053.6386071946035,
    "fft_abs": [
        787.2794693198598,
        2107.629576457864,
        750.3360261287294
    ],
    "fft_bands": {
        "hf": [
            0.15,
            0.4
        ],
        "lf": [
            0.04,
            0.15
        ],
        "ulf": null,
        "vlf": [
            0.0,
            0.04
        ]
    },
    "fft_interpolation": "cubic",
    "fft_log": [
        6.668583292522649,
        7.653319171477254,
        6.6205211410310225
    ],
    "fft_nfft": 4096.0,
    "fft_norm": [
        73.74579926890513,
        26.254200731094873
    ],
    "fft_peak": [
        0.0390625,
        0.041015625,
        0.1962890625
    ],
    "fft_ratio": 2.8089142771565045,
    "fft_rel": [
        21.597435941614616,
        57.81859751217164,
        20.58396654621374
    ],
    "fft_resampling_frequency": 4.0,
    "fft_total": 3645.245071906453,
    "fft_window": "hamming",
    "hr_max": 84.86562942008487,
    "hr_mean": 67.17466596659945,
    "hr_min": 56.98005698005698,
    "hr_std": 4.998904532302594,
    "lomb_abs": [
        415.34926677748155,
        973.6066264702076,
        2221.4240470469363
    ],
    "lomb_bands": {
        "hf": [
            0.15,
            0.4
        ],
        "lf": [
            0.04,
            0.15
        ],
        "ulf": null,
        "vlf": [
            0.0,
            0.04
        ]
    },
    "lomb_log": [
        6.029119772971091,
        6.881007347802793,
        7.7059037318508645
    ],
    "lomb_ma": "n/a",
    "lomb_nfft": 256.0,
    "lomb_norm": [
        30.472528309045778,
        69.52747169095421
    ],
    "lomb_peak": [
        0.00803921568627451,
        0.09003921568627452,
        0.36498039215686273
    ],
    "lomb_ratio": 0.4382804029534467,
    "lomb_rel": [
        11.50430906569869,
        26.966874472240626,
        61.52881646206069
    ],
    "lomb_total": 3610.379940294625,
    "nn20": 185.0,
    "nn50": 72.0,
    "nni_counter": 268.0,
    "nni_diff_max": 108.0,
    "nni_diff_mean": 34.72659176029963,
    "nni_diff_min": 0.0,
    "nni_max": 1053.0,
    "nni_mean": 897.9402985074627,
    "nni_min": 707.0,
    "pnn20": 69.28838951310861,
    "pnn50": 26.96629213483146,
    "rmssd": 42.428437216614455,
    "sampen": 1.5933804755382417,
    "sd1": 29.998367866500228,
    "sd2": 85.45640882297023,
    "sd_ratio": 2.8487019428280664,
    "sdann": "n/a",
    "sdnn": 64.32557185068819,
    "sdnn_index": "n/a",
    "sdsd": 24.422736941088647,
    "tinn": 265.625,
    "tinn_m": 1007.8125,
    "tinn_n": 742.1875,
    "tri_index": 16.75
}