{
    "Comment": "None",
    "Name": "C:\\Users\\facartesvirtual1\\Documents\\HRV-Bienestar-Tecnologia\\HRV_Reports\\Experiencia_Mindfullness\\ElianaMedina_05-04-2022\\HRV_baseline.json",
    "ar_abs": [
        2454.1680747648043,
        5019.59282389,
        9065.380711698603
    ],
    "ar_bands": {
        "hf": [
            0.15,
            0.4
        ],
        "lf": [
            0.04,
            0.15
        ],
        "ulf": null,
        "vlf": [
            0.0,
            0.04
        ]
    },
    "ar_interpolation": "cubic",
    "ar_log": [
        7.805543113049723,
        8.521104098617233,
        9.112218120288153
    ],
    "ar_nfft": 4096.0,
    "ar_norm": [
        35.63792868482826,
        64.36207131517175
    ],
    "ar_order": 16.0,
    "ar_peak": [
        0.0,
        0.0400390625,
        0.150390625
    ],
    "ar_ratio": 0.553710095971189,
    "ar_rel": [
        14.838545630617912,
        30.34977837512295,
        54.81167599425913
    ],
    "ar_resampling_frequency": 4.0,
    "ar_total": 16539.141610353407,
    "dfa_alpha1": 1.2422721694276926,
    "dfa_alpha1_beats": [
        4,
        5,
        6,
        7,
        8,
        9,
        10,
        11,
        12,
        13,
        14,
        15,
        16
    ],
    "dfa_alpha2": 1.1235634331812054,
    "dfa_alpha2_beats": [
        17,
        18,
        19,
        20,
        21,
        22,
        23,
        24,
        25,
        26,
        27,
        28,
        29,
        30,
        31,
        32,
        33,
        34,
        35,
        36,
        37,
        38,
        39,
        40,
        41,
        42,
        43,
        44,
        45,
        46,
        47,
        48,
        49,
        50,
        51,
        52,
        53,
        54,
        55,
        56,
        57,
        58,
        59,
        60,
        61,
        62,
        63,
        64
    ],
    "ellipse_area": 5050.490154672797,
    "fft_abs": [
        3552.7560426299706,
        634.2754307860582,
        381.474181810745
    ],
    "fft_bands": {
        "hf": [
            0.15,
            0.4
        ],
        "lf": [
            0.04,
            0.15
        ],
        "ulf": null,
        "vlf": [
            0.0,
            0.04
        ]
    },
    "fft_interpolation": "cubic",
    "fft_log": [
        8.175478931302266,
        6.452483293514846,
        5.944043172971108
    ],
    "fft_nfft": 4096.0,
    "fft_norm": [
        62.44407311803039,
        37.55592688196961
    ],
    "fft_peak": [
        0.0048828125,
        0.0400390625,
        0.15234375
    ],
    "fft_ratio": 1.6626955663823448,
    "fft_rel": [
        77.7662612404847,
        13.88365208786359,
        8.350086671651699
    ],
    "fft_resampling_frequency": 4.0,
    "fft_total": 4568.505655226774,
    "fft_window": "hamming",
    "hr_max": 100.1669449081803,
    "hr_mean": 78.6244714513246,
    "hr_min": 64.51612903225806,
    "hr_std": 7.216879099851833,
    "lomb_abs": [
        258.7105739342412,
        720.2290660781995,
        1434.9005980652962
    ],
    "lomb_bands": {
        "hf": [
            0.15,
            0.4
        ],
        "lf": [
            0.04,
            0.15
        ],
        "ulf": null,
        "vlf": [
            0.0,
            0.04
        ]
    },
    "lomb_log": [
        5.555709961701265,
        6.579569308742803,
        7.268850856153561
    ],
    "lomb_ma": "n/a",
    "lomb_nfft": 256.0,
    "lomb_norm": [
        33.41929156566258,
        66.58070843433742
    ],
    "lomb_peak": [
        0.00803921568627451,
        0.10450980392156863,
        0.3971372549019608
    ],
    "lomb_ratio": 0.5019365571728788,
    "lomb_rel": [
        10.717800202894352,
        29.837478666432137,
        59.44472113067351
    ],
    "lomb_total": 2413.840238077737,
    "nn20": 142.0,
    "nn50": 7.0,
    "nni_counter": 311.0,
    "nni_diff_max": 85.0,
    "nni_diff_mean": 19.587096774193547,
    "nni_diff_min": 0.0,
    "nni_max": 930.0,
    "nni_mean": 769.2700964630225,
    "nni_min": 599.0,
    "pnn20": 45.806451612903224,
    "pnn50": 2.258064516129032,
    "rmssd": 24.189840576092564,
    "sampen": 1.2937669300800867,
    "sd1": 17.10447848322604,
    "sd2": 93.98830533668767,
    "sd_ratio": 5.4949529989388335,
    "sdann": "n/a",
    "sdnn": 67.65680262622206,
    "sdnn_index": "n/a",
    "sdsd": 14.217809651458372,
    "tinn": 289.0625,
    "tinn_m": 898.4375,
    "tinn_n": 609.375,
    "tri_index": 18.294117647058822
}