{
    "Comment": "None",
    "Name": "C:\\Users\\facartesvirtual1\\Documents\\HRV-Bienestar-Tecnologia\\HRV_Reports\\Experiencia_Mindfullness\\ElianaMedina_05-04-2022\\HRV_final.json",
    "ar_abs": [
        2498.905909218047,
        5168.237686274637,
        9458.64423960208
    ],
    "ar_bands": {
        "hf": [
            0.15,
            0.4
        ],
        "lf": [
            0.04,
            0.15
        ],
        "ulf": null,
        "vlf": [
            0.0,
            0.04
        ]
    },
    "ar_interpolation": "cubic",
    "ar_log": [
        7.823608278752791,
        8.55028703633105,
        9.154684336722706
    ],
    "ar_nfft": 4096.0,
    "ar_norm": [
        35.333830630924844,
        64.66616936907516
    ],
    "ar_order": 16.0,
    "ar_peak": [
        0.0,
        0.0400390625,
        0.150390625
    ],
    "ar_ratio": 0.5464036446825979,
    "ar_rel": [
        14.591480014117664,
        30.178101796191253,
        55.230418189691065
    ],
    "ar_resampling_frequency": 4.0,
    "ar_total": 17125.787835094765,
    "dfa_alpha1": 1.1884247424092445,
    "dfa_alpha1_beats": [
        4,
        5,
        6,
        7,
        8,
        9,
        10,
        11,
        12,
        13,
        14,
        15,
        16
    ],
    "dfa_alpha2": 0.9792573226975612,
    "dfa_alpha2_beats": [
        17,
        18,
        19,
        20,
        21,
        22,
        23,
        24,
        25,
        26,
        27,
        28,
        29,
        30,
        31,
        32,
        33,
        34,
        35,
        36,
        37,
        38,
        39,
        40,
        41,
        42,
        43,
        44,
        45,
        46,
        47,
        48,
        49,
        50,
        51,
        52,
        53,
        54,
        55,
        56,
        57,
        58,
        59,
        60,
        61,
        62,
        63,
        64
    ],
    "ellipse_area": 5154.363516004127,
    "fft_abs": [
        1883.5351832993765,
        1152.896948091433,
        341.52591988971903
    ],
    "fft_bands": {
        "hf": [
            0.15,
            0.4
        ],
        "lf": [
            0.04,
            0.15
        ],
        "ulf": null,
        "vlf": [
            0.0,
            0.04
        ]
    },
    "fft_interpolation": "cubic",
    "fft_log": [
        7.540905706702456,
        7.05003313907731,
        5.833423576246885
    ],
    "fft_nfft": 4096.0,
    "fft_norm": [
        77.14663451643418,
        22.85336548356582
    ],
    "fft_peak": [
        0.0048828125,
        0.0966796875,
        0.265625
    ],
    "fft_ratio": 3.37572313241616,
    "fft_rel": [
        55.75957885520098,
        34.12999600910936,
        10.110425135689656
    ],
    "fft_resampling_frequency": 4.0,
    "fft_total": 3377.9580512805287,
    "fft_window": "hamming",
    "hr_max": 82.98755186721992,
    "hr_mean": 66.37154839088151,
    "hr_min": 58.25242718446602,
    "hr_std": 4.186216009176792,
    "lomb_abs": [
        364.2272445842235,
        828.6354675489465,
        1889.5338678354512
    ],
    "lomb_bands": {
        "hf": [
            0.15,
            0.4
        ],
        "lf": [
            0.04,
            0.15
        ],
        "ulf": null,
        "vlf": [
            0.0,
            0.04
        ]
    },
    "lomb_log": [
        5.8977779711519265,
        6.719780332913744,
        7.544085446860423
    ],
    "lomb_ma": "n/a",
    "lomb_nfft": 256.0,
    "lomb_norm": [
        30.485056863897064,
        69.51494313610294
    ],
    "lomb_peak": [
        0.00803921568627451,
        0.14631372549019608,
        0.3746274509803922
    ],
    "lomb_ratio": 0.43853962167832794,
    "lomb_rel": [
        11.816365452492533,
        26.88283113645883,
        61.30080341104864
    ],
    "lomb_total": 3082.396579968621,
    "nn20": 155.0,
    "nn50": 30.0,
    "nni_counter": 265.0,
    "nni_diff_max": 115.0,
    "nni_diff_mean": 26.143939393939394,
    "nni_diff_min": 0.0,
    "nni_max": 1030.0,
    "nni_mean": 907.3056603773584,
    "nni_min": 723.0,
    "pnn20": 58.71212121212122,
    "pnn50": 11.363636363636363,
    "rmssd": 32.6325966425653,
    "sampen": 1.4685324593568627,
    "sd1": 23.074277072027506,
    "sd2": 71.10449696897012,
    "sd_ratio": 3.081548199625665,
    "sdann": "n/a",
    "sdnn": 52.886465069389295,
    "sdnn_index": "n/a",
    "sdsd": 19.56606536071407,
    "tinn": 156.25,
    "tinn_m": 1000.0,
    "tinn_n": 843.75,
    "tri_index": 10.6
}