{
    "Comment": "None",
    "Name": "C:\\Users\\facartesvirtual1\\Documents\\HRV-Bienestar-Tecnologia\\HRV_Reports\\Experiencia_Mindfullness\\ElianaMedina_05-04-2022\\HRV_olfative.json",
    "ar_abs": [
        2505.69915097897,
        5302.140704065623,
        9370.654446932247
    ],
    "ar_bands": {
        "hf": [
            0.15,
            0.4
        ],
        "lf": [
            0.04,
            0.15
        ],
        "ulf": null,
        "vlf": [
            0.0,
            0.04
        ]
    },
    "ar_interpolation": "cubic",
    "ar_log": [
        7.8263230767644085,
        8.575865924419446,
        9.145338217716823
    ],
    "ar_nfft": 4096.0,
    "ar_norm": [
        36.135859933306804,
        63.864140066693196
    ],
    "ar_order": 16.0,
    "ar_peak": [
        0.0,
        0.0400390625,
        0.150390625
    ],
    "ar_ratio": 0.5658239490200635,
    "ar_rel": [
        14.586255971750814,
        30.86499090584133,
        54.54875312240786
    ],
    "ar_resampling_frequency": 4.0,
    "ar_total": 17178.49430197684,
    "dfa_alpha1": 1.2982532850307122,
    "dfa_alpha1_beats": [
        4,
        5,
        6,
        7,
        8,
        9,
        10,
        11,
        12,
        13,
        14,
        15,
        16
    ],
    "dfa_alpha2": 0.9443488573807649,
    "dfa_alpha2_beats": [
        17,
        18,
        19,
        20,
        21,
        22,
        23,
        24,
        25,
        26,
        27,
        28,
        29,
        30,
        31,
        32,
        33,
        34,
        35,
        36,
        37,
        38,
        39,
        40,
        41,
        42,
        43,
        44,
        45,
        46,
        47,
        48,
        49,
        50,
        51,
        52,
        53,
        54,
        55,
        56,
        57,
        58,
        59,
        60,
        61,
        62,
        63,
        64
    ],
    "ellipse_area": 9717.645979368428,
    "fft_abs": [
        1501.3534699462875,
        2307.22061464138,
        368.44621388467476
    ],
    "fft_bands": {
        "hf": [
            0.15,
            0.4
        ],
        "lf": [
            0.04,
            0.15
        ],
        "ulf": null,
        "vlf": [
            0.0,
            0.04
        ]
    },
    "fft_interpolation": "cubic",
    "fft_log": [
        7.3141222935478964,
        7.743798881968094,
        5.909294741368855
    ],
    "fft_nfft": 4096.0,
    "fft_norm": [
        86.22974243442556,
        13.770257565574441
    ],
    "fft_peak": [
        0.001953125,
        0.0478515625,
        0.197265625
    ],
    "fft_ratio": 6.2620282898701465,
    "fft_rel": [
        35.94316911735804,
        55.23604028175774,
        8.82079060088423
    ],
    "fft_resampling_frequency": 4.0,
    "fft_total": 4177.020298472342,
    "fft_window": "hamming",
    "hr_max": 89.68609865470852,
    "hr_mean": 74.2717312807261,
    "hr_min": 55.35055350553505,
    "hr_std": 6.833963956738527,
    "lomb_abs": [
        315.71993266864513,
        675.0612599773373,
        1572.3510422624906
    ],
    "lomb_bands": {
        "hf": [
            0.15,
            0.4
        ],
        "lf": [
            0.04,
            0.15
        ],
        "ulf": null,
        "vlf": [
            0.0,
            0.04
        ]
    },
    "lomb_log": [
        5.754855531577304,
        6.514803442276477,
        7.360327257386619
    ],
    "lomb_ma": "n/a",
    "lomb_nfft": 256.0,
    "lomb_norm": [
        30.0372681641261,
        69.9627318358739
    ],
    "lomb_peak": [
        0.020901960784313726,
        0.07074509803921569,
        0.36498039215686273
    ],
    "lomb_ratio": 0.4293324084970089,
    "lomb_rel": [
        12.317738756070039,
        26.337355942208852,
        61.344905301721106
    ],
    "lomb_total": 2563.132234908473,
    "nn20": 153.0,
    "nn50": 40.0,
    "nni_counter": 295.0,
    "nni_diff_max": 247.0,
    "nni_diff_mean": 27.785714285714285,
    "nni_diff_min": 0.0,
    "nni_max": 1084.0,
    "nni_mean": 815.1084745762712,
    "nni_min": 669.0,
    "pnn20": 52.04081632653062,
    "pnn50": 13.60544217687075,
    "rmssd": 39.95843929319937,
    "sampen": 1.0997435105081985,
    "sd1": 28.25352957924087,
    "sd2": 109.48093324027964,
    "sd_ratio": 3.8749471259236996,
    "sdann": "n/a",
    "sdnn": 80.02181949071105,
    "sdnn_index": "n/a",
    "sdsd": 28.76535055394715,
    "tinn": 218.75,
    "tinn_m": 898.4375,
    "tinn_n": 679.6875,
    "tri_index": 14.75
}