{
    "Comment": "None",
    "Name": "C:\\Users\\admin\\HRV-Bienestar-Tecnologia\\HRV_Reports\\Grupo_Control\\08-03-2022_ValentinaLosada\\Momento_2.json",
    "ar_abs": [
        2481.487189893022,
        5460.798745119113,
        9672.303392566293
    ],
    "ar_bands": {
        "hf": [
            0.15,
            0.4
        ],
        "lf": [
            0.04,
            0.15
        ],
        "ulf": null,
        "vlf": [
            0.0,
            0.04
        ]
    },
    "ar_interpolation": "cubic",
    "ar_log": [
        7.816613332770778,
        8.605350348354422,
        9.177021759933996
    ],
    "ar_nfft": 4096.0,
    "ar_norm": [
        36.08512448693707,
        63.91487551306294
    ],
    "ar_order": 16.0,
    "ar_peak": [
        0.0,
        0.0400390625,
        0.150390625
    ],
    "ar_ratio": 0.5645810024234809,
    "ar_rel": [
        14.08768120417012,
        31.001567187089446,
        54.91075160874045
    ],
    "ar_resampling_frequency": 4.0,
    "ar_total": 17614.589327578426,
    "dfa_alpha1": 0.465691341597897,
    "dfa_alpha1_beats": [
        4,
        5,
        6,
        7,
        8,
        9,
        10,
        11,
        12,
        13,
        14,
        15,
        16
    ],
    "dfa_alpha2": 0.46120022686269896,
    "dfa_alpha2_beats": [
        17,
        18,
        19,
        20,
        21,
        22,
        23,
        24,
        25,
        26,
        27,
        28,
        29,
        30,
        31,
        32,
        33,
        34,
        35,
        36,
        37,
        38,
        39,
        40,
        41,
        42,
        43,
        44,
        45,
        46,
        47,
        48,
        49,
        50,
        51,
        52,
        53,
        54,
        55,
        56,
        57,
        58,
        59,
        60,
        61,
        62,
        63,
        64
    ],
    "ellipse_area": 11008.136097239236,
    "fft_abs": [
        638.4812826404913,
        4370.733761516061,
        439.5193411130675
    ],
    "fft_bands": {
        "hf": [
            0.15,
            0.4
        ],
        "lf": [
            0.04,
            0.15
        ],
        "ulf": null,
        "vlf": [
            0.0,
            0.04
        ]
    },
    "fft_interpolation": "cubic",
    "fft_log": [
        6.459092360462633,
        8.382686182808273,
        6.0856817232401506
    ],
    "fft_nfft": 4096.0,
    "fft_norm": [
        90.86286455752526,
        9.13713544247475
    ],
    "fft_peak": [
        0.0224609375,
        0.1376953125,
        0.150390625
    ],
    "fft_ratio": 9.94434909382447,
    "fft_rel": [
        11.717974074247284,
        80.21557764555601,
        8.0664482801967
    ],
    "fft_resampling_frequency": 4.0,
    "fft_total": 5448.73438526962,
    "fft_window": "hamming",
    "hr_max": 77.31958762886597,
    "hr_mean": 65.5066499481609,
    "hr_min": 56.550424128180964,
    "hr_std": 4.948118694821582,
    "lomb_abs": [
        466.40021746805166,
        789.8377380835173,
        1989.0473043905647
    ],
    "lomb_bands": {
        "hf": [
            0.15,
            0.4
        ],
        "lf": [
            0.04,
            0.15
        ],
        "ulf": null,
        "vlf": [
            0.0,
            0.04
        ]
    },
    "lomb_log": [
        6.145044101305581,
        6.671827529533669,
        7.595411061572953
    ],
    "lomb_ma": "n/a",
    "lomb_nfft": 256.0,
    "lomb_norm": [
        28.42282879684411,
        71.57717120315587
    ],
    "lomb_peak": [
        0.00803921568627451,
        0.09164705882352941,
        0.3971372549019608
    ],
    "lomb_ratio": 0.3970934911100669,
    "lomb_rel": [
        14.371624683506804,
        24.338006517725987,
        61.290368798767204
    ],
    "lomb_total": 3245.285259942134,
    "nn20": 187.0,
    "nn50": 101.0,
    "nni_counter": 261.0,
    "nni_diff_max": 170.0,
    "nni_diff_mean": 44.034615384615385,
    "nni_diff_min": 0.0,
    "nni_max": 1061.0,
    "nni_mean": 921.1417624521073,
    "nni_min": 776.0,
    "pnn20": 71.92307692307692,
    "pnn50": 38.84615384615385,
    "rmssd": 55.10092139394348,
    "sampen": 1.2294518896269209,
    "sd1": 38.962213810685675,
    "sd2": 89.93325084743776,
    "sd_ratio": 2.3082171686756903,
    "sdann": "n/a",
    "sdnn": 69.32192889780683,
    "sdnn_index": "n/a",
    "sdsd": 33.18583968276161,
    "tinn": 265.625,
    "tinn_m": 1031.25,
    "tinn_n": 765.625,
    "tri_index": 13.736842105263158
}