{
    "Comment": "None",
    "Name": "C:\\Users\\admin\\HRV-Bienestar-Tecnologia\\HRV_Reports\\Grupo_Control\\08-03-2022_ValentinaLosada\\Momento_5.json",
    "ar_abs": [
        2535.2133248405353,
        5316.02984327293,
        9769.602125117653
    ],
    "ar_bands": {
        "hf": [
            0.15,
            0.4
        ],
        "lf": [
            0.04,
            0.15
        ],
        "ulf": null,
        "vlf": [
            0.0,
            0.04
        ]
    },
    "ar_interpolation": "cubic",
    "ar_log": [
        7.838033064295581,
        8.578482033676094,
        9.187031020064042
    ],
    "ar_nfft": 4096.0,
    "ar_norm": [
        35.239026475070986,
        64.76097352492901
    ],
    "ar_order": 16.0,
    "ar_peak": [
        0.0,
        0.0400390625,
        0.150390625
    ],
    "ar_ratio": 0.5441398508548688,
    "ar_rel": [
        14.387580633344607,
        30.16898312656449,
        55.44343624009089
    ],
    "ar_resampling_frequency": 4.0,
    "ar_total": 17620.84529323112,
    "dfa_alpha1": 1.4429733543056662,
    "dfa_alpha1_beats": [
        4,
        5,
        6,
        7,
        8,
        9,
        10,
        11,
        12,
        13,
        14,
        15,
        16
    ],
    "dfa_alpha2": 0.683428974719843,
    "dfa_alpha2_beats": [
        17,
        18,
        19,
        20,
        21,
        22,
        23,
        24,
        25,
        26,
        27,
        28,
        29,
        30,
        31,
        32,
        33,
        34,
        35,
        36,
        37,
        38,
        39,
        40,
        41,
        42,
        43,
        44,
        45,
        46,
        47,
        48,
        49,
        50,
        51,
        52,
        53,
        54,
        55,
        56,
        57,
        58,
        59,
        60,
        61,
        62,
        63,
        64
    ],
    "ellipse_area": 9447.060045582282,
    "fft_abs": [
        1030.0630781577318,
        2567.6204850048975,
        500.3340526643777
    ],
    "fft_bands": {
        "hf": [
            0.15,
            0.4
        ],
        "lf": [
            0.04,
            0.15
        ],
        "ulf": null,
        "vlf": [
            0.0,
            0.04
        ]
    },
    "fft_interpolation": "cubic",
    "fft_log": [
        6.937375320278369,
        7.850734867675348,
        6.215275980667938
    ],
    "fft_nfft": 4096.0,
    "fft_norm": [
        83.69160799089019,
        16.308392009109802
    ],
    "fft_peak": [
        0.0029296875,
        0.0927734375,
        0.2021484375
    ],
    "fft_ratio": 5.131812378813337,
    "fft_rel": [
        25.135643004059126,
        62.65518418194341,
        12.209172813997457
    ],
    "fft_resampling_frequency": 4.0,
    "fft_total": 4098.017615827007,
    "fft_window": "hamming",
    "hr_max": 94.04388714733543,
    "hr_mean": 73.64270128815957,
    "hr_min": 59.11330049261084,
    "hr_std": 7.165137031078568,
    "lomb_abs": [
        264.9229089670154,
        593.7941772830267,
        1767.4566284831822
    ],
    "lomb_bands": {
        "hf": [
            0.15,
            0.4
        ],
        "lf": [
            0.04,
            0.15
        ],
        "ulf": null,
        "vlf": [
            0.0,
            0.04
        ]
    },
    "lomb_log": [
        5.579438874105396,
        6.38653275642612,
        7.477296859129167
    ],
    "lomb_ma": "n/a",
    "lomb_nfft": 256.0,
    "lomb_norm": [
        25.147442018144478,
        74.85255798185553
    ],
    "lomb_peak": [
        0.00803921568627451,
        0.13988235294117646,
        0.31192156862745096
    ],
    "lomb_ratio": 0.33595968790058306,
    "lomb_rel": [
        10.08779074593423,
        22.610620689398925,
        67.30158856466684
    ],
    "lomb_total": 2626.173714733224,
    "nn20": 163.0,
    "nn50": 60.0,
    "nni_counter": 293.0,
    "nni_diff_max": 162.0,
    "nni_diff_mean": 30.267123287671232,
    "nni_diff_min": 0.0,
    "nni_max": 1015.0,
    "nni_mean": 822.2901023890785,
    "nni_min": 638.0,
    "pnn20": 55.821917808219176,
    "pnn50": 20.54794520547945,
    "rmssd": 39.920468880217804,
    "sampen": 1.144647338241121,
    "sd1": 28.227155076814434,
    "sd2": 106.53190517066082,
    "sd_ratio": 3.7740928861146656,
    "sdann": "n/a",
    "sdnn": 78.44835883842016,
    "sdnn_index": "n/a",
    "sdsd": 26.074382392026877,
    "tinn": 320.3125,
    "tinn_m": 984.375,
    "tinn_n": 664.0625,
    "tri_index": 19.533333333333335
}