{
    "Comment": "None",
    "Name": "C:\\Users\\admin\\HRV-Bienestar-Tecnologia\\HRV_Reports\\Grupo_Control\\08-03-2022_ValentinaLosada\\Momento_4.json",
    "ar_abs": [
        2487.0791968879544,
        5383.782676949752,
        9711.57730309328
    ],
    "ar_bands": {
        "hf": [
            0.15,
            0.4
        ],
        "lf": [
            0.04,
            0.15
        ],
        "ulf": null,
        "vlf": [
            0.0,
            0.04
        ]
    },
    "ar_interpolation": "cubic",
    "ar_log": [
        7.818864287642164,
        8.591146505901747,
        9.181073989194509
    ],
    "ar_nfft": 4096.0,
    "ar_norm": [
        35.66514931785287,
        64.33485068214713
    ],
    "ar_order": 16.0,
    "ar_peak": [
        0.0,
        0.0400390625,
        0.150390625
    ],
    "ar_ratio": 0.5543674841814767,
    "ar_rel": [
        14.145245559280095,
        30.62022636775867,
        55.23452807296123
    ],
    "ar_resampling_frequency": 4.0,
    "ar_total": 17582.439176930988,
    "dfa_alpha1": 0.4771218655670873,
    "dfa_alpha1_beats": [
        4,
        5,
        6,
        7,
        8,
        9,
        10,
        11,
        12,
        13,
        14,
        15,
        16
    ],
    "dfa_alpha2": 0.5955611843390226,
    "dfa_alpha2_beats": [
        17,
        18,
        19,
        20,
        21,
        22,
        23,
        24,
        25,
        26,
        27,
        28,
        29,
        30,
        31,
        32,
        33,
        34,
        35,
        36,
        37,
        38,
        39,
        40,
        41,
        42,
        43,
        44,
        45,
        46,
        47,
        48,
        49,
        50,
        51,
        52,
        53,
        54,
        55,
        56,
        57,
        58,
        59,
        60,
        61,
        62,
        63,
        64
    ],
    "ellipse_area": 8977.76080854539,
    "fft_abs": [
        690.2200290309135,
        2447.8838995774026,
        984.0439784854724
    ],
    "fft_bands": {
        "hf": [
            0.15,
            0.4
        ],
        "lf": [
            0.04,
            0.15
        ],
        "ulf": null,
        "vlf": [
            0.0,
            0.04
        ]
    },
    "fft_interpolation": "cubic",
    "fft_log": [
        6.537010429412535,
        7.80297921586432,
        6.891670589636322
    ],
    "fft_nfft": 4096.0,
    "fft_norm": [
        71.3267873495958,
        28.67321265040419
    ],
    "fft_peak": [
        0.0107421875,
        0.1337890625,
        0.1552734375
    ],
    "fft_ratio": 2.4875757111434234,
    "fft_rel": [
        16.744183968826455,
        59.38369885672585,
        23.872117174447695
    ],
    "fft_resampling_frequency": 4.0,
    "fft_total": 4122.1479070937885,
    "fft_window": "hamming",
    "hr_max": 79.6812749003984,
    "hr_mean": 66.14152988337605,
    "hr_min": 57.361376673040155,
    "hr_std": 4.712339072889463,
    "lomb_abs": [
        323.9627358567969,
        853.7338032213611,
        2045.524624447899
    ],
    "lomb_bands": {
        "hf": [
            0.15,
            0.4
        ],
        "lf": [
            0.04,
            0.15
        ],
        "ulf": null,
        "vlf": [
            0.0,
            0.04
        ]
    },
    "lomb_log": [
        5.780628496390188,
        6.749619439368423,
        7.623409575648447
    ],
    "lomb_ma": "n/a",
    "lomb_nfft": 256.0,
    "lomb_norm": [
        29.446626595052628,
        70.55337340494738
    ],
    "lomb_peak": [
        0.03215686274509804,
        0.10450980392156863,
        0.15435294117647058
    ],
    "lomb_ratio": 0.4173666711305368,
    "lomb_rel": [
        10.050899997888957,
        26.486975603232114,
        63.46212439887893
    ],
    "lomb_total": 3223.221163526057,
    "nn20": 195.0,
    "nn50": 84.0,
    "nni_counter": 264.0,
    "nni_diff_max": 138.0,
    "nni_diff_mean": 40.22813688212928,
    "nni_diff_min": 0.0,
    "nni_max": 1046.0,
    "nni_mean": 911.655303030303,
    "nni_min": 753.0,
    "pnn20": 74.1444866920152,
    "pnn50": 31.93916349809886,
    "rmssd": 48.68647269595677,
    "sampen": 1.1194296937516321,
    "sd1": 34.426508118702515,
    "sd2": 83.00900025352566,
    "sd_ratio": 2.411194303160542,
    "sdann": "n/a",
    "sdnn": 63.70289977270698,
    "sdnn_index": "n/a",
    "sdsd": 27.476173702404473,
    "tinn": 234.375,
    "tinn_m": 1007.8125,
    "tinn_n": 773.4375,
    "tri_index": 12.571428571428571
}