{
    "Comment": "None",
    "Name": "C:\\Users\\admin\\HRV-Bienestar-Tecnologia\\HRV_Reports\\Grupo_Control\\08-03-2022_ValentinaLosada\\Momento_3.json",
    "ar_abs": [
        2500.522800895339,
        5342.466744785765,
        9534.656289884962
    ],
    "ar_bands": {
        "hf": [
            0.15,
            0.4
        ],
        "lf": [
            0.04,
            0.15
        ],
        "ulf": null,
        "vlf": [
            0.0,
            0.04
        ]
    },
    "ar_interpolation": "cubic",
    "ar_log": [
        7.824255109351814,
        8.583442762519885,
        9.162688470178193
    ],
    "ar_nfft": 4096.0,
    "ar_norm": [
        35.910617478495624,
        64.08938252150438
    ],
    "ar_order": 16.0,
    "ar_peak": [
        0.0,
        0.0400390625,
        0.150390625
    ],
    "ar_ratio": 0.5603208529345133,
    "ar_rel": [
        14.389306955362324,
        30.743328499948895,
        54.86736454468879
    ],
    "ar_resampling_frequency": 4.0,
    "ar_total": 17377.645835566065,
    "dfa_alpha1": 0.574526599718242,
    "dfa_alpha1_beats": [
        4,
        5,
        6,
        7,
        8,
        9,
        10,
        11,
        12,
        13,
        14,
        15,
        16
    ],
    "dfa_alpha2": 0.3563757003951314,
    "dfa_alpha2_beats": [
        17,
        18,
        19,
        20,
        21,
        22,
        23,
        24,
        25,
        26,
        27,
        28,
        29,
        30,
        31,
        32,
        33,
        34,
        35,
        36,
        37,
        38,
        39,
        40,
        41,
        42,
        43,
        44,
        45,
        46,
        47,
        48,
        49,
        50,
        51,
        52,
        53,
        54,
        55,
        56,
        57,
        58,
        59,
        60,
        61,
        62,
        63,
        64
    ],
    "ellipse_area": 8212.827939983768,
    "fft_abs": [
        288.96225188626124,
        1411.485994309891,
        1278.9461864882503
    ],
    "fft_bands": {
        "hf": [
            0.15,
            0.4
        ],
        "lf": [
            0.04,
            0.15
        ],
        "ulf": null,
        "vlf": [
            0.0,
            0.04
        ]
    },
    "fft_interpolation": "cubic",
    "fft_log": [
        5.666296063270864,
        7.252398325086675,
        7.153791726016783
    ],
    "fft_nfft": 4096.0,
    "fft_norm": [
        52.4631694633968,
        47.5368305366032
    ],
    "fft_peak": [
        0.0029296875,
        0.13671875,
        0.1552734375
    ],
    "fft_ratio": 1.1036320442735519,
    "fft_rel": [
        9.698690737832564,
        47.37492890587693,
        42.9263803562905
    ],
    "fft_resampling_frequency": 4.0,
    "fft_total": 2979.394432684403,
    "fft_window": "hamming",
    "hr_max": 78.84362680683311,
    "hr_mean": 67.15203369257267,
    "hr_min": 57.361376673040155,
    "hr_std": 4.670312000740115,
    "lomb_abs": [
        343.125862942945,
        676.0702395253614,
        1959.0529212407353
    ],
    "lomb_bands": {
        "hf": [
            0.15,
            0.4
        ],
        "lf": [
            0.04,
            0.15
        ],
        "ulf": null,
        "vlf": [
            0.0,
            0.04
        ]
    },
    "lomb_log": [
        5.838097327212749,
        6.516296975268569,
        7.580216431995551
    ],
    "lomb_ma": "n/a",
    "lomb_nfft": 256.0,
    "lomb_norm": [
        25.656115417725324,
        74.34388458227467
    ],
    "lomb_peak": [
        0.035372549019607846,
        0.082,
        0.1607843137254902
    ],
    "lomb_ratio": 0.34510054945181523,
    "lomb_rel": [
        11.521060200520912,
        22.700258915334064,
        65.77868088414503
    ],
    "lomb_total": 2978.2490237090415,
    "nn20": 184.0,
    "nn50": 77.0,
    "nni_counter": 269.0,
    "nni_diff_max": 108.0,
    "nni_diff_mean": 36.55223880597015,
    "nni_diff_min": 0.0,
    "nni_max": 1046.0,
    "nni_mean": 897.7806691449814,
    "nni_min": 761.0,
    "pnn20": 68.65671641791045,
    "pnn50": 28.73134328358209,
    "rmssd": 45.28837945249129,
    "sampen": 1.3931672404076527,
    "sd1": 32.02340327159375,
    "sd2": 81.63480641491431,
    "sd_ratio": 2.549223320287391,
    "sdann": "n/a",
    "sdnn": 62.02912350047469,
    "sdnn_index": "n/a",
    "sdsd": 26.788970608812814,
    "tinn": 242.1875,
    "tinn_m": 1031.25,
    "tinn_n": 789.0625,
    "tri_index": 14.157894736842104
}