{
    "Comment": "None",
    "Name": "C:\\Users\\admin\\HRV-Bienestar-Tecnologia\\HRV_Reports\\Grupo_Control\\08-03-2022_ValentinaLosada\\Momento_1.json",
    "ar_abs": [
        2448.056698432836,
        5001.342394558292,
        9105.123857748606
    ],
    "ar_bands": {
        "hf": [
            0.15,
            0.4
        ],
        "lf": [
            0.04,
            0.15
        ],
        "ulf": null,
        "vlf": [
            0.0,
            0.04
        ]
    },
    "ar_interpolation": "cubic",
    "ar_log": [
        7.803049804488526,
        8.517461634293882,
        9.116592595336467
    ],
    "ar_nfft": 4096.0,
    "ar_norm": [
        35.454254134981525,
        64.54574586501846
    ],
    "ar_order": 16.0,
    "ar_peak": [
        0.0,
        0.0400390625,
        0.150390625
    ],
    "ar_ratio": 0.5492887820852728,
    "ar_rel": [
        14.78784200376759,
        30.211335049886216,
        55.00082294634618
    ],
    "ar_resampling_frequency": 4.0,
    "ar_total": 16554.522950739734,
    "dfa_alpha1": 1.223014836437119,
    "dfa_alpha1_beats": [
        4,
        5,
        6,
        7,
        8,
        9,
        10,
        11,
        12,
        13,
        14,
        15,
        16
    ],
    "dfa_alpha2": 1.0087792614912618,
    "dfa_alpha2_beats": [
        17,
        18,
        19,
        20,
        21,
        22,
        23,
        24,
        25,
        26,
        27,
        28,
        29,
        30,
        31,
        32,
        33,
        34,
        35,
        36,
        37,
        38,
        39,
        40,
        41,
        42,
        43,
        44,
        45,
        46,
        47,
        48,
        49,
        50,
        51,
        52,
        53,
        54,
        55,
        56,
        57,
        58,
        59,
        60,
        61,
        62,
        63,
        64
    ],
    "ellipse_area": 2749.01392781407,
    "fft_abs": [
        937.9296019308034,
        460.68913218307733,
        204.03520093467083
    ],
    "fft_bands": {
        "hf": [
            0.15,
            0.4
        ],
        "lf": [
            0.04,
            0.15
        ],
        "ulf": null,
        "vlf": [
            0.0,
            0.04
        ]
    },
    "fft_interpolation": "cubic",
    "fft_log": [
        6.843674894943261,
        6.1327234818721745,
        5.318292532559884
    ],
    "fft_nfft": 4096.0,
    "fft_norm": [
        69.3052908146619,
        30.69470918533809
    ],
    "fft_peak": [
        0.015625,
        0.0830078125,
        0.3505859375
    ],
    "fft_ratio": 2.2578904525919694,
    "fft_rel": [
        58.52352659667537,
        28.745390511840036,
        12.731082891484597
    ],
    "fft_resampling_frequency": 4.0,
    "fft_total": 1602.6539350485516,
    "fft_window": "hamming",
    "hr_max": 94.04388714733543,
    "hr_mean": 79.70747509887677,
    "hr_min": 69.04487917146145,
    "hr_std": 4.304951673080008,
    "lomb_abs": [
        201.53316645460052,
        600.7711873827608,
        1563.2243067715915
    ],
    "lomb_bands": {
        "hf": [
            0.15,
            0.4
        ],
        "lf": [
            0.04,
            0.15
        ],
        "ulf": null,
        "vlf": [
            0.0,
            0.04
        ]
    },
    "lomb_log": [
        5.305953965631589,
        6.398214142213996,
        7.35450583053533
    ],
    "lomb_ma": "n/a",
    "lomb_nfft": 256.0,
    "lomb_norm": [
        27.76212746309486,
        72.23787253690513
    ],
    "lomb_peak": [
        0.00803921568627451,
        0.10450980392156863,
        0.21705882352941178
    ],
    "lomb_ratio": 0.3843154080833658,
    "lomb_rel": [
        8.519582527599571,
        25.39691010245911,
        66.0835073699413
    ],
    "lomb_total": 2365.528660608953,
    "nn20": 136.0,
    "nn50": 9.0,
    "nni_counter": 318.0,
    "nni_diff_max": 93.0,
    "nni_diff_mean": 18.157728706624606,
    "nni_diff_min": 0.0,
    "nni_max": 869.0,
    "nni_mean": 754.87106918239,
    "nni_min": 638.0,
    "pnn20": 42.90220820189275,
    "pnn50": 2.8391167192429023,
    "rmssd": 23.302834205712564,
    "sampen": 1.6817585740137264,
    "sd1": 16.47556033668313,
    "sd2": 53.11129288464098,
    "sd_ratio": 3.2236410658754795,
    "sdann": "n/a",
    "sdnn": 39.46006701811419,
    "sdnn_index": "n/a",
    "sdsd": 14.628534795663548,
    "tinn": 140.625,
    "tinn_m": 812.5,
    "tinn_n": 671.875,
    "tri_index": 9.085714285714285
}