{
    "Comment": "None",
    "Name": "D:\\Users\\jp.botero\\Documents\\Bienestar & Tecnolog\u00eda\\HRV-Bienestar-Tecnologia\\HRV_Reports\\Alba_test_2911\\HRV_video.json",
    "ar_abs": [
        2076.7822051874828,
        4185.81064957537,
        6935.041405508078
    ],
    "ar_bands": {
        "hf": [
            0.15,
            0.4
        ],
        "lf": [
            0.04,
            0.15
        ],
        "ulf": null,
        "vlf": [
            0.0,
            0.04
        ]
    },
    "ar_interpolation": "cubic",
    "ar_log": [
        7.6385749580926126,
        8.339455667767695,
        8.84434230324417
    ],
    "ar_nfft": 4096.0,
    "ar_norm": [
        37.63929803977561,
        62.3607019602244
    ],
    "ar_order": 16.0,
    "ar_peak": [
        0.0,
        0.0400390625,
        0.150390625
    ],
    "ar_ratio": 0.6035739954271704,
    "ar_rel": [
        15.73601877602607,
        31.71637103307211,
        52.54761019090183
    ],
    "ar_resampling_frequency": 4.0,
    "ar_total": 13197.63426027093,
    "dfa_alpha1": 1.4371659360312126,
    "dfa_alpha1_beats": [
        4,
        5,
        6,
        7,
        8,
        9,
        10,
        11,
        12,
        13,
        14,
        15,
        16
    ],
    "dfa_alpha2": 1.3063009271025348,
    "dfa_alpha2_beats": [
        17,
        18,
        19,
        20,
        21,
        22,
        23,
        24,
        25,
        26,
        27,
        28,
        29,
        30,
        31,
        32,
        33,
        34,
        35,
        36,
        37,
        38,
        39,
        40,
        41,
        42,
        43,
        44,
        45,
        46,
        47,
        48,
        49,
        50,
        51,
        52,
        53,
        54,
        55,
        56,
        57,
        58,
        59,
        60,
        61,
        62,
        63,
        64
    ],
    "ellipse_area": 228.8965987480849,
    "fft_abs": [
        74.96974241755771,
        155.8084177987955,
        44.51351369688172
    ],
    "fft_bands": {
        "hf": [
            0.15,
            0.4
        ],
        "lf": [
            0.04,
            0.15
        ],
        "ulf": null,
        "vlf": [
            0.0,
            0.04
        ]
    },
    "fft_interpolation": "cubic",
    "fft_log": [
        4.3170845977021814,
        5.048627161494407,
        3.7957928216527987
    ],
    "fft_nfft": 4096.0,
    "fft_norm": [
        77.77901133214549,
        22.22098866785452
    ],
    "fft_peak": [
        0.0390625,
        0.048828125,
        0.2587890625
    ],
    "fft_ratio": 3.500249808626324,
    "fft_rel": [
        27.23284048219573,
        56.597577247433364,
        16.169582270370906
    ],
    "fft_resampling_frequency": 4.0,
    "fft_total": 275.29167391323494,
    "fft_window": "hamming",
    "hr_max": 821.917808219178,
    "hr_mean": 572.1365493109383,
    "hr_min": 458.01526717557255,
    "hr_std": 88.94354289887265,
    "lomb_abs": [
        259.1180762447747,
        670.2245065590962,
        1517.328203772245
    ],
    "lomb_bands": {
        "hf": [
            0.15,
            0.4
        ],
        "lf": [
            0.04,
            0.15
        ],
        "ulf": null,
        "vlf": [
            0.0,
            0.04
        ]
    },
    "lomb_log": [
        5.55728385064894,
        6.507612740673328,
        7.324706306490149
    ],
    "lomb_ma": "n/a",
    "lomb_nfft": 256.0,
    "lomb_norm": [
        30.63809632534887,
        69.36190367465113
    ],
    "lomb_peak": [
        0.028941176470588234,
        0.04984313725490196,
        0.19615686274509803
    ],
    "lomb_ratio": 0.44171360216783967,
    "lomb_rel": [
        10.590639233788618,
        27.39332607543052,
        62.01603469078086
    ],
    "lomb_total": 2446.670786576116,
    "nn20": 0.0,
    "nn50": 0.0,
    "nni_counter": 291.0,
    "nni_diff_max": 15.0,
    "nni_diff_mean": 3.8620689655172415,
    "nni_diff_min": 0.0,
    "nni_max": 131.0,
    "nni_mean": 107.12714776632302,
    "nni_min": 73.0,
    "pnn20": 0.0,
    "pnn50": 0.0,
    "rmssd": 5.023393550043704,
    "sampen": 0.991968608702433,
    "sd1": 3.5519919550851036,
    "sd2": 20.51244800570333,
    "sd_ratio": 5.774913982093145,
    "sdann": "n/a",
    "sdnn": 14.723696070438345,
    "sdnn_index": "n/a",
    "sdsd": 3.2178582351503424,
    "tinn": 62.5,
    "tinn_m": 125.0,
    "tinn_n": 62.5,
    "tri_index": 4.098591549295775
}