{
    "Comment": "None",
    "Name": "D:\\Users\\jp.botero\\Documents\\Bienestar & Tecnolog\u00eda\\HRV-Bienestar-Tecnologia\\HRV_Reports\\Alba_test_2911\\HRV_olfative.json",
    "ar_abs": [
        2070.36184591581,
        4035.158426427242,
        6746.877618624114
    ],
    "ar_bands": {
        "hf": [
            0.15,
            0.4
        ],
        "lf": [
            0.04,
            0.15
        ],
        "ulf": null,
        "vlf": [
            0.0,
            0.04
        ]
    },
    "ar_interpolation": "cubic",
    "ar_log": [
        7.635478675773084,
        8.302800842988354,
        8.816835101827097
    ],
    "ar_nfft": 4096.0,
    "ar_norm": [
        37.424827829983585,
        62.57517217001641
    ],
    "ar_order": 16.0,
    "ar_peak": [
        0.0,
        0.0400390625,
        0.150390625
    ],
    "ar_ratio": 0.5980779042573072,
    "ar_rel": [
        16.1087593418726,
        31.39615238074137,
        52.495088277386024
    ],
    "ar_resampling_frequency": 4.0,
    "ar_total": 12852.397890967166,
    "dfa_alpha1": 1.4099486368103518,
    "dfa_alpha1_beats": [
        4,
        5,
        6,
        7,
        8,
        9,
        10,
        11,
        12,
        13,
        14,
        15,
        16
    ],
    "dfa_alpha2": 1.0121066829733993,
    "dfa_alpha2_beats": [
        17,
        18,
        19,
        20,
        21,
        22,
        23,
        24,
        25,
        26,
        27,
        28,
        29,
        30,
        31,
        32,
        33,
        34,
        35,
        36,
        37,
        38,
        39,
        40,
        41,
        42,
        43,
        44,
        45,
        46,
        47,
        48,
        49,
        50,
        51,
        52,
        53,
        54,
        55,
        56,
        57,
        58,
        59,
        60,
        61,
        62,
        63,
        64
    ],
    "ellipse_area": 204.75280403541015,
    "fft_abs": [
        7.746690115932143,
        53.54771572508979,
        29.068994987343626
    ],
    "fft_bands": {
        "hf": [
            0.15,
            0.4
        ],
        "lf": [
            0.04,
            0.15
        ],
        "ulf": null,
        "vlf": [
            0.0,
            0.04
        ]
    },
    "fft_interpolation": "cubic",
    "fft_log": [
        2.0472656703246352,
        3.9805731391228596,
        3.369672141814352
    ],
    "fft_nfft": 4096.0,
    "fft_norm": [
        64.81463043412005,
        35.185369565879945
    ],
    "fft_peak": [
        0.0390625,
        0.0654296875,
        0.375
    ],
    "fft_ratio": 1.8420903697704023,
    "fft_rel": [
        8.57281824822646,
        59.25818996874327,
        32.16899178303027
    ],
    "fft_resampling_frequency": 4.0,
    "fft_total": 90.36340082836556,
    "fft_window": "hamming",
    "hr_max": 722.8915662650602,
    "hr_mean": 567.2637816527565,
    "hr_min": 447.76119402985074,
    "hr_std": 57.33213868898263,
    "lomb_abs": [
        295.3291952207087,
        616.5536916974061,
        1479.7363686800097
    ],
    "lomb_bands": {
        "hf": [
            0.15,
            0.4
        ],
        "lf": [
            0.04,
            0.15
        ],
        "ulf": null,
        "vlf": [
            0.0,
            0.04
        ]
    },
    "lomb_log": [
        5.6880906501707775,
        6.42414540996775,
        7.299619221620994
    ],
    "lomb_ma": "n/a",
    "lomb_nfft": 256.0,
    "lomb_norm": [
        29.41165935721709,
        70.5883406427829
    ],
    "lomb_peak": [
        0.036980392156862746,
        0.06592156862745098,
        0.22188235294117648
    ],
    "lomb_ratio": 0.4166645523806374,
    "lomb_rel": [
        12.348503823483782,
        25.779759476941116,
        61.87173669957511
    ],
    "lomb_total": 2391.6192555981243,
    "nn20": 2.0,
    "nn50": 0.0,
    "nni_counter": 293.0,
    "nni_diff_max": 27.0,
    "nni_diff_mean": 4.72945205479452,
    "nni_diff_min": 0.0,
    "nni_max": 134.0,
    "nni_mean": 106.8566552901024,
    "nni_min": 83.0,
    "pnn20": 0.684931506849315,
    "pnn50": 0.0,
    "rmssd": 6.312902638725501,
    "sampen": 1.3237520297387315,
    "sd1": 4.462791978607507,
    "sd2": 14.60405102024483,
    "sd_ratio": 3.2724023638676583,
    "sdann": "n/a",
    "sdnn": 10.86498389671948,
    "sdnn_index": "n/a",
    "sdsd": 4.1886882167421815,
    "tinn": 54.6875,
    "tinn_m": 132.8125,
    "tinn_n": 78.125,
    "tri_index": 3.7088607594936707
}