{
    "Comment": "None",
    "Name": "D:\\Users\\jp.botero\\Documents\\Bienestar & Tecnolog\u00eda\\HRV-Bienestar-Tecnologia\\HRV_Reports\\Alba_test_2911\\HRV_baseline.json",
    "ar_abs": [
        2066.7970107644246,
        4081.3393007597097,
        6978.607897234964
    ],
    "ar_bands": {
        "hf": [
            0.15,
            0.4
        ],
        "lf": [
            0.04,
            0.15
        ],
        "ulf": null,
        "vlf": [
            0.0,
            0.04
        ]
    },
    "ar_interpolation": "cubic",
    "ar_log": [
        7.633755350100984,
        8.314180473522809,
        8.850604734208405
    ],
    "ar_nfft": 4096.0,
    "ar_norm": [
        36.90197817128561,
        63.09802182871439
    ],
    "ar_order": 16.0,
    "ar_peak": [
        0.0,
        0.0400390625,
        0.150390625
    ],
    "ar_ratio": 0.5848357381386625,
    "ar_rel": [
        15.744932466843608,
        31.091786629287327,
        53.16328090386906
    ],
    "ar_resampling_frequency": 4.0,
    "ar_total": 13126.744208759099,
    "dfa_alpha1": 1.62068467185435,
    "dfa_alpha1_beats": [
        4,
        5,
        6,
        7,
        8,
        9,
        10,
        11,
        12,
        13,
        14,
        15,
        16
    ],
    "dfa_alpha2": 1.0417562568557532,
    "dfa_alpha2_beats": [
        17,
        18,
        19,
        20,
        21,
        22,
        23,
        24,
        25,
        26,
        27,
        28,
        29,
        30,
        31,
        32,
        33,
        34,
        35,
        36,
        37,
        38,
        39,
        40,
        41,
        42,
        43,
        44,
        45,
        46,
        47,
        48,
        49,
        50,
        51,
        52,
        53,
        54,
        55,
        56,
        57,
        58,
        59,
        60,
        61,
        62,
        63,
        64
    ],
    "ellipse_area": 223.33426773417455,
    "fft_abs": [
        14.469868529023179,
        55.48833422601989,
        33.566664363063154
    ],
    "fft_bands": {
        "hf": [
            0.15,
            0.4
        ],
        "lf": [
            0.04,
            0.15
        ],
        "ulf": null,
        "vlf": [
            0.0,
            0.04
        ]
    },
    "fft_interpolation": "cubic",
    "fft_log": [
        2.6720684548400695,
        4.01617280453274,
        3.513533442428693
    ],
    "fft_nfft": 4096.0,
    "fft_norm": [
        62.307939032208374,
        37.692060967791626
    ],
    "fft_peak": [
        0.0390625,
        0.099609375,
        0.3115234375
    ],
    "fft_ratio": 1.6530785908855274,
    "fft_rel": [
        13.977191115362888,
        53.59903931363282,
        32.42376957100429
    ],
    "fft_resampling_frequency": 4.0,
    "fft_total": 103.52486711810622,
    "fft_window": "hamming",
    "hr_max": 779.2207792207793,
    "hr_mean": 599.2628097075288,
    "hr_min": 434.7826086956522,
    "hr_std": 83.75314058148251,
    "lomb_abs": [
        275.04979302677265,
        749.4586424205983,
        1612.0793857348315
    ],
    "lomb_bands": {
        "hf": [
            0.15,
            0.4
        ],
        "lf": [
            0.04,
            0.15
        ],
        "ulf": null,
        "vlf": [
            0.0,
            0.04
        ]
    },
    "lomb_log": [
        5.616952146828083,
        6.619351135794148,
        7.38528016858776
    ],
    "lomb_ma": "n/a",
    "lomb_nfft": 256.0,
    "lomb_norm": [
        31.73603954224662,
        68.26396045775337
    ],
    "lomb_peak": [
        0.027333333333333334,
        0.14952941176470588,
        0.21384313725490195
    ],
    "lomb_ratio": 0.46490182124559193,
    "lomb_rel": [
        10.43203608910872,
        28.425324443945637,
        61.142639466945646
    ],
    "lomb_total": 2636.5878211822023,
    "nn20": 2.0,
    "nn50": 0.0,
    "nni_counter": 306.0,
    "nni_diff_max": 24.0,
    "nni_diff_mean": 3.698360655737705,
    "nni_diff_min": 0.0,
    "nni_max": 138.0,
    "nni_mean": 102.06209150326798,
    "nni_min": 77.0,
    "pnn20": 0.6557377049180327,
    "pnn50": 0.0,
    "rmssd": 5.150202924539423,
    "sampen": 0.8544153281560676,
    "sd1": 3.6414482177121443,
    "sd2": 19.522316697412652,
    "sd_ratio": 5.361140823712761,
    "sdann": "n/a",
    "sdnn": 14.06376815180289,
    "sdnn_index": "n/a",
    "sdsd": 3.590122221717248,
    "tinn": 78.125,
    "tinn_m": 132.8125,
    "tinn_n": 54.6875,
    "tri_index": 5.275862068965517
}