{
    "Comment": "None",
    "Name": "C:\\Users\\admin\\HRV-Bienestar-Tecnologia\\HRV_Reports\\Experiencia_Mindfullness\\23-03-2022_SandraBenitez\\HRV_final.json",
    "ar_abs": [
        2563.1477942365354,
        5299.4361535531325,
        9642.459117682627
    ],
    "ar_bands": {
        "hf": [
            0.15,
            0.4
        ],
        "lf": [
            0.04,
            0.15
        ],
        "ulf": null,
        "vlf": [
            0.0,
            0.04
        ]
    },
    "ar_interpolation": "cubic",
    "ar_log": [
        7.848991389249539,
        8.575355707758758,
        9.173931450268638
    ],
    "ar_nfft": 4096.0,
    "ar_norm": [
        35.46696089989959,
        64.53303910010041
    ],
    "ar_order": 16.0,
    "ar_peak": [
        0.0,
        0.0400390625,
        0.150390625
    ],
    "ar_ratio": 0.5495938420765373,
    "ar_rel": [
        14.642339265603974,
        30.273768157737184,
        55.08389257665884
    ],
    "ar_resampling_frequency": 4.0,
    "ar_total": 17505.043065472295,
    "dfa_alpha1": 1.4006801804992626,
    "dfa_alpha1_beats": [
        4,
        5,
        6,
        7,
        8,
        9,
        10,
        11,
        12,
        13,
        14,
        15,
        16
    ],
    "dfa_alpha2": 0.7493453317807216,
    "dfa_alpha2_beats": [
        17,
        18,
        19,
        20,
        21,
        22,
        23,
        24,
        25,
        26,
        27,
        28,
        29,
        30,
        31,
        32,
        33,
        34,
        35,
        36,
        37,
        38,
        39,
        40,
        41,
        42,
        43,
        44,
        45,
        46,
        47,
        48,
        49,
        50,
        51,
        52,
        53,
        54,
        55,
        56,
        57,
        58,
        59,
        60,
        61,
        62,
        63,
        64
    ],
    "ellipse_area": 9837.301820041423,
    "fft_abs": [
        1833.2024889646061,
        2282.0544933265583,
        356.31466190152116
    ],
    "fft_bands": {
        "hf": [
            0.15,
            0.4
        ],
        "lf": [
            0.04,
            0.15
        ],
        "ulf": null,
        "vlf": [
            0.0,
            0.04
        ]
    },
    "fft_interpolation": "cubic",
    "fft_log": [
        7.513819710349848,
        7.732831409771682,
        5.87581422220443
    ],
    "fft_nfft": 4096.0,
    "fft_norm": [
        86.49488979980443,
        13.505110200195576
    ],
    "fft_peak": [
        0.025390625,
        0.0517578125,
        0.15234375
    ],
    "fft_ratio": 6.404604517670048,
    "fft_rel": [
        40.99682695111059,
        51.03472950702479,
        7.968443541864607
    ],
    "fft_resampling_frequency": 4.0,
    "fft_total": 4471.571644192686,
    "fft_window": "hamming",
    "hr_max": 80.42895442359249,
    "hr_mean": 61.80480414053749,
    "hr_min": 54.200542005420054,
    "hr_std": 5.562533547340543,
    "lomb_abs": [
        347.53468384690314,
        1127.3349400250713,
        3052.157227731379
    ],
    "lomb_bands": {
        "hf": [
            0.15,
            0.4
        ],
        "lf": [
            0.04,
            0.15
        ],
        "ulf": null,
        "vlf": [
            0.0,
            0.04
        ]
    },
    "lomb_log": [
        5.850864469655573,
        7.027611666003834,
        8.023603907372115
    ],
    "lomb_ma": "n/a",
    "lomb_nfft": 256.0,
    "lomb_norm": [
        26.97301238466548,
        73.0269876153345
    ],
    "lomb_peak": [
        0.030549019607843137,
        0.059490196078431375,
        0.36498039215686273
    ],
    "lomb_ratio": 0.36935677159167907,
    "lomb_rel": [
        7.6768858511147435,
        24.902325013287673,
        67.42078913559757
    ],
    "lomb_total": 4527.026851603354,
    "nn20": 147.0,
    "nn50": 44.0,
    "nni_counter": 245.0,
    "nni_diff_max": 131.0,
    "nni_diff_mean": 30.91393442622951,
    "nni_diff_min": 0.0,
    "nni_max": 1107.0,
    "nni_mean": 978.0816326530612,
    "nni_min": 746.0,
    "pnn20": 60.245901639344254,
    "pnn50": 18.0327868852459,
    "rmssd": 39.54448625842322,
    "sampen": 1.144320286393991,
    "sd1": 27.959902345013713,
    "sd2": 111.99289554211948,
    "sd_ratio": 4.005482356847072,
    "sdann": "n/a",
    "sdnn": 81.71693363817049,
    "sdnn_index": "n/a",
    "sdsd": 24.710271154035734,
    "tinn": 218.75,
    "tinn_m": 1101.5625,
    "tinn_n": 882.8125,
    "tri_index": 12.894736842105264
}