{
    "Comment": "None",
    "Name": "C:\\Users\\admin\\HRV-Bienestar-Tecnologia\\HRV_Reports\\Experiencia_Mindfullness\\28-03-2022_TomasGiraldo\\HRV_interactive.json",
    "ar_abs": [
        2563.627601696501,
        5287.183449395626,
        10205.463141054433
    ],
    "ar_bands": {
        "hf": [
            0.15,
            0.4
        ],
        "lf": [
            0.04,
            0.15
        ],
        "ulf": null,
        "vlf": [
            0.0,
            0.04
        ]
    },
    "ar_interpolation": "cubic",
    "ar_log": [
        7.849178566344033,
        8.573040953835793,
        9.230678457952932
    ],
    "ar_nfft": 4096.0,
    "ar_norm": [
        34.127051298354274,
        65.87294870164573
    ],
    "ar_order": 16.0,
    "ar_peak": [
        0.0,
        0.0400390625,
        0.150390625
    ],
    "ar_ratio": 0.5180738371516328,
    "ar_rel": [
        14.197987770985065,
        29.281696728416133,
        56.520315500598805
    ],
    "ar_resampling_frequency": 4.0,
    "ar_total": 18056.27419214656,
    "dfa_alpha1": 1.2757019819976445,
    "dfa_alpha1_beats": [
        4,
        5,
        6,
        7,
        8,
        9,
        10,
        11,
        12,
        13,
        14,
        15,
        16
    ],
    "dfa_alpha2": 0.9523015708525064,
    "dfa_alpha2_beats": [
        17,
        18,
        19,
        20,
        21,
        22,
        23,
        24,
        25,
        26,
        27,
        28,
        29,
        30,
        31,
        32,
        33,
        34,
        35,
        36,
        37,
        38,
        39,
        40,
        41,
        42,
        43,
        44,
        45,
        46,
        47,
        48,
        49,
        50,
        51,
        52,
        53,
        54,
        55,
        56,
        57,
        58,
        59,
        60,
        61,
        62,
        63,
        64
    ],
    "ellipse_area": 25789.269162060184,
    "fft_abs": [
        5325.424167615489,
        6105.520948900441,
        2186.353677992395
    ],
    "fft_bands": {
        "hf": [
            0.15,
            0.4
        ],
        "lf": [
            0.04,
            0.15
        ],
        "ulf": null,
        "vlf": [
            0.0,
            0.04
        ]
    },
    "fft_interpolation": "cubic",
    "fft_log": [
        8.580247643295497,
        8.716948714419502,
        7.689990447960771
    ],
    "fft_nfft": 4096.0,
    "fft_norm": [
        73.63257675289195,
        26.367423247108043
    ],
    "fft_peak": [
        0.01953125,
        0.041015625,
        0.1826171875
    ],
    "fft_ratio": 2.7925586836009053,
    "fft_rel": [
        39.10778670556279,
        44.836505690561154,
        16.05570760387605
    ],
    "fft_resampling_frequency": 4.0,
    "fft_total": 13617.298794508326,
    "fft_window": "hamming",
    "hr_max": 87.71929824561404,
    "hr_mean": 67.16302068230506,
    "hr_min": 47.28132387706856,
    "hr_std": 7.565928322633915,
    "lomb_abs": [
        371.8990682651327,
        912.9216920159585,
        2324.735355183077
    ],
    "lomb_bands": {
        "hf": [
            0.15,
            0.4
        ],
        "lf": [
            0.04,
            0.15
        ],
        "ulf": null,
        "vlf": [
            0.0,
            0.04
        ]
    },
    "lomb_log": [
        5.918622495590786,
        6.816650106944946,
        7.751361485815108
    ],
    "lomb_ma": "n/a",
    "lomb_nfft": 256.0,
    "lomb_norm": [
        28.196985619763094,
        71.8030143802369
    ],
    "lomb_peak": [
        0.006431372549019608,
        0.11415686274509804,
        0.36498039215686273
    ],
    "lomb_ratio": 0.39269919046078444,
    "lomb_rel": [
        10.303180124332508,
        25.291799401726767,
        64.40502047394072
    ],
    "lomb_total": 3609.556115464168,
    "nn20": 195.0,
    "nn50": 117.0,
    "nni_counter": 267.0,
    "nni_diff_max": 423.0,
    "nni_diff_mean": 60.04887218045113,
    "nni_diff_min": 0.0,
    "nni_max": 1269.0,
    "nni_mean": 905.1086142322098,
    "nni_min": 684.0,
    "pnn20": 73.30827067669173,
    "pnn50": 43.984962406015036,
    "rmssd": 84.37458994609354,
    "sampen": 1.6512006407960755,
    "sd1": 59.66178779874259,
    "sd2": 137.59190990772706,
    "sd_ratio": 2.30619823817326,
    "sdann": "n/a",
    "sdnn": 106.1482126359968,
    "sdnn_index": "n/a",
    "sdsd": 59.384019343929594,
    "tinn": 312.5,
    "tinn_m": 1046.875,
    "tinn_n": 734.375,
    "tri_index": 19.071428571428573
}