{
    "Comment": "None",
    "Name": "C:\\Users\\admin\\HRV-Bienestar-Tecnologia\\HRV_Reports\\Experiencia_Mindfullness\\28-03-2022_TomasGiraldo\\HRV_video.json",
    "ar_abs": [
        2573.7264418273035,
        5383.872320019762,
        10189.982586473352
    ],
    "ar_bands": {
        "hf": [
            0.15,
            0.4
        ],
        "lf": [
            0.04,
            0.15
        ],
        "ulf": null,
        "vlf": [
            0.0,
            0.04
        ]
    },
    "ar_interpolation": "cubic",
    "ar_log": [
        7.853110105051853,
        8.591163156336783,
        9.229160417331439
    ],
    "ar_nfft": 4096.0,
    "ar_norm": [
        34.569940148698166,
        65.43005985130183
    ],
    "ar_order": 16.0,
    "ar_peak": [
        0.0,
        0.0400390625,
        0.150390625
    ],
    "ar_ratio": 0.5283495113295443,
    "ar_rel": [
        14.182200880810516,
        29.66716179243382,
        56.15063732675566
    ],
    "ar_resampling_frequency": 4.0,
    "ar_total": 18147.58134832042,
    "dfa_alpha1": 1.3292575444609451,
    "dfa_alpha1_beats": [
        4,
        5,
        6,
        7,
        8,
        9,
        10,
        11,
        12,
        13,
        14,
        15,
        16
    ],
    "dfa_alpha2": 1.1272882499725372,
    "dfa_alpha2_beats": [
        17,
        18,
        19,
        20,
        21,
        22,
        23,
        24,
        25,
        26,
        27,
        28,
        29,
        30,
        31,
        32,
        33,
        34,
        35,
        36,
        37,
        38,
        39,
        40,
        41,
        42,
        43,
        44,
        45,
        46,
        47,
        48,
        49,
        50,
        51,
        52,
        53,
        54,
        55,
        56,
        57,
        58,
        59,
        60,
        61,
        62,
        63,
        64
    ],
    "ellipse_area": 31149.25582975223,
    "fft_abs": [
        3724.631745903244,
        5593.896200228841,
        3192.1187206534196
    ],
    "fft_bands": {
        "hf": [
            0.15,
            0.4
        ],
        "lf": [
            0.04,
            0.15
        ],
        "ulf": null,
        "vlf": [
            0.0,
            0.04
        ]
    },
    "fft_interpolation": "cubic",
    "fft_log": [
        8.222723265766469,
        8.629431318035376,
        8.06844015106521
    ],
    "fft_nfft": 4096.0,
    "fft_norm": [
        63.66818461613905,
        36.33181538386095
    ],
    "fft_peak": [
        0.00390625,
        0.0634765625,
        0.169921875
    ],
    "fft_ratio": 1.7524085692789593,
    "fft_rel": [
        29.771696420711514,
        44.713085975643985,
        25.51521760364451
    ],
    "fft_resampling_frequency": 4.0,
    "fft_total": 12510.646666785504,
    "fft_window": "hamming",
    "hr_max": 94.04388714733543,
    "hr_mean": 66.4784405992208,
    "hr_min": 48.46526655896607,
    "hr_std": 9.648580736062646,
    "lomb_abs": [
        448.6172109390915,
        781.6197175622873,
        2118.210150246707
    ],
    "lomb_bands": {
        "hf": [
            0.15,
            0.4
        ],
        "lf": [
            0.04,
            0.15
        ],
        "ulf": null,
        "vlf": [
            0.0,
            0.04
        ]
    },
    "lomb_log": [
        6.106169987242023,
        6.661368327588325,
        7.65832674231892
    ],
    "lomb_ma": "n/a",
    "lomb_nfft": 256.0,
    "lomb_norm": [
        26.95398534372813,
        73.04601465627186
    ],
    "lomb_peak": [
        0.00803921568627451,
        0.06592156862745098,
        0.1672156862745098
    ],
    "lomb_ratio": 0.3690000812578735,
    "lomb_rel": [
        13.397769186390128,
        23.342752600842015,
        63.25947821276786
    ],
    "lomb_total": 3348.447078748086,
    "nn20": 198.0,
    "nn50": 110.0,
    "nni_counter": 262.0,
    "nni_diff_max": 362.0,
    "nni_diff_mean": 57.22605363984675,
    "nni_diff_min": 0.0,
    "nni_max": 1238.0,
    "nni_mean": 921.1870229007634,
    "nni_min": 638.0,
    "pnn20": 75.86206896551724,
    "pnn50": 42.1455938697318,
    "rmssd": 79.62916926416568,
    "sampen": 1.0946002471781489,
    "sd1": 56.30544852337539,
    "sd2": 176.09514421613954,
    "sd_ratio": 3.127497406277353,
    "sdann": "n/a",
    "sdnn": 130.87000124392787,
    "sdnn_index": "n/a",
    "sdsd": 55.47770386641303,
    "tinn": 453.125,
    "tinn_m": 1140.625,
    "tinn_n": 687.5,
    "tri_index": 26.2
}