{
    "Comment": "None",
    "Name": "C:\\Users\\admin\\HRV-Bienestar-Tecnologia\\HRV_Reports\\Experiencia_Mindfullness\\28-03-2022_TomasGiraldo\\HRV_sound.json",
    "ar_abs": [
        2571.521407761477,
        5396.082470588208,
        9758.68014426095
    ],
    "ar_bands": {
        "hf": [
            0.15,
            0.4
        ],
        "lf": [
            0.04,
            0.15
        ],
        "ulf": null,
        "vlf": [
            0.0,
            0.04
        ]
    },
    "ar_interpolation": "cubic",
    "ar_log": [
        7.852252990189642,
        8.593428500863226,
        9.18591243914178
    ],
    "ar_nfft": 4096.0,
    "ar_norm": [
        35.60651267015519,
        64.39348732984482
    ],
    "ar_order": 16.0,
    "ar_peak": [
        0.0,
        0.0400390625,
        0.150390625
    ],
    "ar_ratio": 0.5529520786437115,
    "ar_rel": [
        14.506827288118544,
        30.441137373773735,
        55.05203533810773
    ],
    "ar_resampling_frequency": 4.0,
    "ar_total": 17726.284022610635,
    "dfa_alpha1": 1.4925797265138212,
    "dfa_alpha1_beats": [
        4,
        5,
        6,
        7,
        8,
        9,
        10,
        11,
        12,
        13,
        14,
        15,
        16
    ],
    "dfa_alpha2": 0.752569619871857,
    "dfa_alpha2_beats": [
        17,
        18,
        19,
        20,
        21,
        22,
        23,
        24,
        25,
        26,
        27,
        28,
        29,
        30,
        31,
        32,
        33,
        34,
        35,
        36,
        37,
        38,
        39,
        40,
        41,
        42,
        43,
        44,
        45,
        46,
        47,
        48,
        49,
        50,
        51,
        52,
        53,
        54,
        55,
        56,
        57,
        58,
        59,
        60,
        61,
        62,
        63,
        64
    ],
    "ellipse_area": 18467.499000046173,
    "fft_abs": [
        1890.8459250147985,
        6571.83403117455,
        892.948869468167
    ],
    "fft_bands": {
        "hf": [
            0.15,
            0.4
        ],
        "lf": [
            0.04,
            0.15
        ],
        "ulf": null,
        "vlf": [
            0.0,
            0.04
        ]
    },
    "fft_interpolation": "cubic",
    "fft_log": [
        7.544779587292827,
        8.790548224908655,
        6.794529322202725
    ],
    "fft_nfft": 4096.0,
    "fft_norm": [
        88.03784542225222,
        11.96215457774779
    ],
    "fft_peak": [
        0.00390625,
        0.068359375,
        0.181640625
    ],
    "fft_ratio": 7.3596980251385276,
    "fft_rel": [
        20.21078390614657,
        70.24470672833345,
        9.544509365519964
    ],
    "fft_resampling_frequency": 4.0,
    "fft_total": 9355.628825657515,
    "fft_window": "hamming",
    "hr_max": 90.77155824508321,
    "hr_mean": 68.12107794529427,
    "hr_min": 52.038161318300084,
    "hr_std": 8.017732874327242,
    "lomb_abs": [
        225.92322866105835,
        908.5927310458569,
        1835.0111623501334
    ],
    "lomb_bands": {
        "hf": [
            0.15,
            0.4
        ],
        "lf": [
            0.04,
            0.15
        ],
        "ulf": null,
        "vlf": [
            0.0,
            0.04
        ]
    },
    "lomb_log": [
        5.420195245372458,
        6.811896953123652,
        7.514805843494765
    ],
    "lomb_ma": "n/a",
    "lomb_nfft": 256.0,
    "lomb_norm": [
        33.11676052191393,
        66.88323947808607
    ],
    "lomb_peak": [
        0.01607843137254902,
        0.14470588235294118,
        0.36498039215686273
    ],
    "lomb_ratio": 0.49514289051092475,
    "lomb_rel": [
        7.608054056248423,
        30.597219479728384,
        61.7947264640232
    ],
    "lomb_total": 2969.5271220570485,
    "nn20": 173.0,
    "nn50": 74.0,
    "nni_counter": 269.0,
    "nni_diff_max": 270.0,
    "nni_diff_mean": 42.75373134328358,
    "nni_diff_min": 0.0,
    "nni_max": 1153.0,
    "nni_mean": 892.6579925650558,
    "nni_min": 661.0,
    "pnn20": 64.55223880597015,
    "pnn50": 27.611940298507463,
    "rmssd": 60.39910793054786,
    "sampen": 1.3134570371676244,
    "sd1": 42.70336045046725,
    "sd2": 137.6563212542128,
    "sd_ratio": 3.223547744301856,
    "sdann": "n/a",
    "sdnn": 102.21265758496857,
    "sdnn_index": "n/a",
    "sdsd": 42.74327799479454,
    "tinn": 328.125,
    "tinn_m": 1031.25,
    "tinn_n": 703.125,
    "tri_index": 19.214285714285715
}